Codigo interno,CODIGO VARIANTE,Chemical Name,CAS Number,Signal Word,Emergencia,H-Statements,Consejos,Pictogram 1,Pictogram 2,Pictogram 3,Pictogram 4
IFF-QB00007,F0101001,DSM 1024 LAVANDA,Mezcla,ATENCION,1 800 002 1400,"H227, H315, H317,
H319, H411
","P210, P261, P264, P272, P273, P280, P302 + P352, P305 + P351 + P338, P333 + P313, P337 + P313, P362 + P364, P370 + P378, P391, P403 + P235, P501

",G,I,1,1
IFF-QB00133,F0101003,CITRUS SPLASH 690 ,Mezcla,ATENCION,1 800 002 1400,"H315, H317, H319, H411","P261, P264, P272, P273, P280, P302+P352, P305+P351+P338, P333+P313, P337+P313, P362+P364, P391, P501",G,I,1,1
IFF-QB00008,F0102001,DSM 1034 MAR FRESCO,Mezcla,ATENCION,1 800 002 1400,"H227, H303, H315,
H317, H319, H400,
H411","P210, P261, P264, P272, P273, P280, P302 + P352, P305 + P351 + P338, P312, P333 + P313, P337 + P313 P362 + P364, P370 + P378, P391 P403 + P235, P501",G,I,1,1
IFF-QB00009,F0102003,DSM 1068 (EUCALIPTO),Mezcla,PELIGRO,1 800 002 1400,"H226, H302, H304,
H315, H317, H319,
H371, H410","P210, P233, P240, P241, P242, P243, P260, P264, P270, P272, P273, P280, P301 + P310, P303 + P361 + P353,  P305 + P351 + P338, P308 + P311, P331, P333 + P313,  337 + P313, P362 + P364, P370 + P378, P391, P403 + P235, P405, P501",B,I,H,G
,F0104001,DSM 1023 LIMON,Mezcla, - , - , - , - ,1,1,1,1
IFF-QB00044,F0201001,DSM 1007 TERSO BEBE,Mezcla,ATENCION,1 800 002 1400,"H316, H317, H411","P261, P272, P273, P280, P302 + P352, P333 + P313, P362 + P364, P391, P501",G,I,1,1
IFF-QB00045,F0201002,DSM 1020 EXIT PRADE ,Mezcla,ATENCION,1 800 002 1400,"H227, H315, H317, H319, H411.","P210, P261, P264, P272, P273, P280, P302+P252, P305+P351+P338, P333+P313, P362+P364, P370+P378, P391, P403+P235, P501.",G,I,1,1
,F0201003,MAGIC SUN,Mezcla, - , - , - , - ,1,1,1,1
IFF-QB00201,F0201004,LITTLE BABY CAP 420,Mezcla,ATENCION,1 800 002 1400,"H315, H317, H319, H411","P261, P264, P272, P273, P280, P302 + P352, P305 + P351 + P338, P333 + P313,   337 + P313,  P362 + P364, P391,  P501",G,I,1,1
IFF-QB00040,F0201005,CATERPILLAR 054,Mezcla,ATENCION,1 800 002 1400,"H227, H315, H317 H361, H410","P201, P202, P210, P261, P264, P272, P273, P280, P302 + P352, P308 + P313, P333 + P313, P362 + P364, P370 + P378, P391, P403 + P235, P405, P501",G,H,1,1
IFF-QB00055,F0201006,HAPPY 360,Mezcla,ATENCION,1 800 002 1400,"H315, H317, H410","P261, P264, P272, P273, P280, P302 + P352, P333 + P313, P362 + P364, P391, P501",G,I,1,1
IFF-QB00038,F0201007,BLUE SKY 270,Mezcla,ATENCION,1 800 002 1400,"H227, H303, H 315, H317, H319, H361, H411, ","P201, P202, P210, P261, P264, P272, P273, P280, P302 + P352, P305 + P351 + P338, P312, P333 + P313, P337 + P313, P362 + P364, P370 + P378, P391, P403 + P235, P405, P501",G,I,H,1
,F0301001,DSM 1017 (CARRO NUEVO) ,Mezcla, - , - , - , - ,1,i,h,e
,F0301003,DSM 1039 MENTA ,Mezcla, - , - , - , - ,1,1,1,1
IFF-QB00073,F0301004,BAMBOO BOO 664,Mezcla,PELIGRO,1 800 002 1400,"H227, H303, H304, H315, H317, H319,  H361, H400, H411","P201, P202, P210, P261, P264, P272, P273, P280, P301 + P310, P302 + P352, P305 + P351 + P338, P312, P331, P333 + P313, P337 + P313, P362 + P364, P370 + P378, 391, P403 + P235, P405, P501",G,I,H,1
,F0401003,DSM 1037 (PALMOLIVE),Mezcla, - , - , - , - ,1,1,1,1
IFF-QB00207,F0401004,DSM 1063 (ACE),Mezcla,ATENCION,1 800 002 1400,"H315, H317, H319, H361, H410
","P201, P202, P261, P264, P272, P273, P280, P302 + P352, P305 + P351 + P338, P308 + P313 P333 + P313, P337 + P313 P362 + P364, P391, P405, P501",G,I,H,1
IFF-QB00290,F0401007,DSM 1082 FAB PASION FRUTAL,Mezcla,ATENCION,1 800 002 1400,"H316, H317, H411","P261, P272, P273, P280 P302 + P352, P333 + P313 P362 + P364, P391, P501",G,I,1,1
IFF-QB00173,P0101002,FF-SMT 1023 MEN,Mezcla,ATENCION,1 800 002 1400,"H227, H315, H317, H319, H361, H411","P201, P202, P210, P261, P264, P272, P273, P280, P302 + P352, P305 + P351 + P338, P333 + P313, P337 + P313, P362 + P364, P370 + P378, P391, P403 + P235, P501",G,I,H,1
,P0101003,SUSPIRO 991 ,Mezcla, - , - , - , - ,1,1,1,1
IFF-QB00182,P0101004,CALVAN 1-150 ,Mezcla,PELIGRO,1 800 002 1400,"H227, H304, H315, H317, H411","P210, P261, P264, P272, P273, P280, P301 + P310, P302 + P352, P331, P333 + P313,  P362 + P364, P370 + P378, P391, P403 + P235, P405, P501
",G,I,H,1
IFF-QB00180,P0101032,BOSS 3023 (ACQUA DI GIO) ,Mezcla, - , - , - , - ,1,1,1,1
IFF-QB00189,P0101040,FF SMT 1059 KA,Mezcla,ATENCION,1 800 002 1400,"H315, H317, H319,  H361, H410","P201, P202, P261, P264, P272, P273, P280, P302 + P352, P305 + P351 + P338, P308 + P313, P333 + P313, P337 + P313, P362 + P364, P391, P405, P501",G,I,H,1
IFF-QB00185,P0101041,FF SMT1055 DEUPHORIA BLOSS,Mezcla,ATENCION,1 800 002 1400,"H316, H317, H319, H411","P261, P264, P272, P273, P280, P302 + P352, P305 + P351 + P338, P333 + P313, P337 + P313, P362 + P364, P391, P501",G,I,1,1
IFF-QB00190,P0101042,FF SMT 1047 DKENZO F.,Mezcla,ATENCION,1 800 002 1400,"H316, H317, H410","P261, P272, P273, P280, P302 + P352, P333 + P313, P362 + P364, P391, P501",G,I,1,1
IFF-QB00175,P0101043,DAMOR DAMOR FFSMT1057,Mezcla,ATENCION,1 800 002 1400,"H315, H317, H411","P261, P264, P272, P273, P280, P302 + P352, P333 + P313, P362 + P364, P391, P501",G,I,1,1
,P0101048,COOL WATER FFSMT1034 ,Mezcla, - , - , - , - ,1,1,1,1
IFF-QB00192,P0101049,FFSMT1052  DPACIFIC P.,Mezcla,ATENCION,1 800 002 1400,"H227, H315, H317,
H361, H411","P201, P202, P210, P261, P264, P272, P273, P280, P302 + P352, P308 + P313, P333 + P313, P362 + P364, P370 + P378, P391, P403 + P235, P405, P501",G,I,H,1
IFF-QB00184,P0102022,CIC 0441 HB,Mezcla,ATENCION,1 800 002 1400,"H227, H315, H317,
H319, H411","P210, P261, P264, P272, P273, P280, P302 + P352, P305 + P351 + P338, P333 + P313, P337 + P313, P362 + P364, P370 + P378, P391, P403 + P235, P501",G,I,1,1
,P0102030,COM 2047 CAROLINA HERRERA MUJER ,Mezcla, - , - , - , - ,1,1,1,1
IFF-QB00177,P0102032,FF SMT 1028 HARMANY,Mezcla,ATENCION,1 800 002 1400,"H227, H315, H317,
H319, H411","P210, P261, P264, P272, P273, P280, P302 + P352, P305 + P351 + P338, P333 + P313, P337 + P313, P362 + P364, P370 + P378, P391, P403 + P235, P501",G,I,1,1
,P0102036,L`EAU PAR KENZO FFSMT1018 ,Mezcla, - , - , - , - ,1,1,1,1
,P0103001,HUGO BOSS DAMA,Mezcla, - , - , - , - ,1,1,1,1
,P0103006,AMARIGE DAMA,Mezcla, - , - , - , - ,1,1,1,1
,P0103014,CK ONE DAMA,Mezcla, - , - , - , - ,1,1,1,1
IFF-QB00194,P0104020,SPORTIVO 971 ,Mezcla, - , - , - , - ,1,1,1,1
IFF-QB00191,P0104021,MEN 500,Mezcla, - , - , - , - ,1,1,1,1
IFF-QB00186,P0104022,FITNESS 248,Mezcla, - , - , - , - ,1,1,1,1
,P0105999,PERFUME 60 ML ,Mezcla, - , - , - , - ,1,1,1,1
IFF-QB00021,P0201001,LEMON 926,Mezcla,PELIGRO,1 800 002 1400,"H226, H304, H315,
H317, H319, H411","P210, P233, P240, P241, P242, P243, P261, P264, P272, P273, P280, P301 + P310,
P303 + P361 + P353,  P305 + P351 + P338, P331,  P333 + P313, P337 + P313, P362 + P364, P370 + P378, P391, P403 + P235, P405, P501",B ,G,H,1
IFF-QB00022,P0201002,LIME 146,Mezcla,PELIGRO,1 800 002 1400,"H227, H304, H315, H317, H318, H410","P210, P261, P264, P272, P273, P280, P301 + P310, P302 + P352, P305 + P351 + P338, P331, P333 + P313, P337 + P313, P362 + P364, P370 + P378, P391, P403 + P235, P405, P501",G,H,I,E
IFF-QB00023,P0201003,LIME 223,Mezcla,PELIGRO,1 800 002 1400,"H226, H304, H315,
H317, H318, H400,
H411","P210, P233, P240, P241, P242, P243, P261, P264, P272, P273, P280, P301 + P310, P303 + P361 + P353,  P305 + P351 + P338 + P310, P331, P333 + P313, P362 + P364,
P370 + P378, P391, P403 + P235, P405, P501 ",G,H,1,1
IFF-QB00014,P0201004,FRUITY MIX 327,Mezcla,ATENCION,1 800 002 1400,"H303, H315, H317, H319, H411","P261, P264, P272, P273, P280, P302 + P352, P305 + P351 + P338, P312, P333 + P313, P337 + P313, P362 + P364, P391, P501",G,I,1,1
IFF-QB00024,P0201006,LIMON 990,Mezcla,PELIGRO,1 800 002 1400,"H226, H304, H315, H317, H319, H411","P210, P233, P240, P241, P242, P243, P261, P264, P272, P273, P280, P301 + P310, P303 + P361 + P353,  P305 + P351 + P338, P331, P333 + P313,  P337 + P313, P362 + P364, P370 + P378, P391, P403 + P235, P405, P501",B,G,H,1
IFF-QB00004,P0201007,CITRUS BLEND 144 EXPPLOSION FRUTAL,Mezcla,PELIGRO,1 800 002 1400,"H303, H304, H315, H317, H318, H410","P261, P264, P272, P273, P280, P301 + P310, P302 + P352, P305 + P351 + P338 + P310, P312, P331, P333 + P313, P362 + P364, P391, P405, P501",G,I,H,E
IFF-QB00005,P0201008,CITRUS FRESH 140,Mezcla,PELIGRO,1 800 002 1400,"H226, H304, H315, H317, H318, H410","P210, P233, P240, P241, P242, P243, P261, P264, P272, P273, P280, P301 + P310, P303 + P361 + P353, P305 + P351 + P338 + P310, P331, P333 + P313, P362 + P364,
P370 + P378, P391, P403 + P235, P405, P501",B,G,H,E
IFF-QB00026,P0201009,NARANJA 336,Mezcla,PELIGRO,1 800 002 1400,"H226, H304, H315, H317, H319, H410","P210, P233, P240, P241, P242, 243, P261, P264, P272, P273, P280, P301 + P310, P303 + P361 + P353, P305 + P351 + P338, P331, P333 + P313, P337 + P313, P362 + P364, P370 + P378, P391, P403 + P235, P405, P501",B,G,H,E
,P0201014,SPARK CITRUS 319 ,Mezcla, - , - , - , - ,1,1,1,1
IFF-QB00003,P0201015,CITRIC TWIST 592 ,Mezcla,ATENCION,1 800 002 1400,"H227, H315, H317, H411","P210, P261, P264, P272, P273, P280, P302 + P352, P333 + P313, P362 + P364, P370 + P378, P391 P403 + P235, P501",G,H,1,1
IFF-QB00018,P0202001,LAVANDA 347,Mezcla,PELIGRO,1 800 002 1400,"H227, H304, H315, H317, H319, H411","P210, P261, P264, P272, P273, P280, P301 + P310, P302 + P352, P305 + P351 + P338, P331,  P333 + P313, P337 + P313, P362 + P364, P370 + P378, P391, P403 + P235, P405, P501",G,I,H,1
,P0202004,LAVENDER SCORE 854,Mezcla,PELIGRO,1 800 002 1400,"H315, H317, H318, H401, H412","P261, P264, P272, P273, P280, P302 + P352, P305 + P351 + P338 + P310, P333 + P313, P362 + P364, P501",E,G,1,1
,P0202005,FRESCURA DE DURAZNO 708 ,Mezcla, - , - , - , - ,1,1,1,1
IFF-QB00302,P0202007,SER 1011 (LAVANDA) ,Mezcla, -  , -  , -  , -  ,1,1,1,1
IFF-QB00019,P0202008,LAVENDER SKY 099 MOD,Mezcla,ATENCION,1 800 002 1400,"H227, H303, H315, H317, H319, H411","P210, P261, P264, P272, P273, P280, P302 + P352,  P305 + P351 + P338, P312,  P333 + P313, P337 + P313, P362 + P364, P370 + P378, P391, P403 + P235, P405, P501",G,I,1,1
IFF-QB00020,P0202009,LAVENDER TOUCH 830,Mezcla,ATENCION,1 800 002 1400,"H227, H315, H317, H319, H411","P210, P261, P264, P272, P273, P280, P302 + P352, P305 + P351 + P338, P333 + P313, P337 + P313, P362 + P364, P370 + P378, P391, P403 + P235, P405, P501",G,I,1,1
IFF-QB00030,P0203001,SEA FRESH 652,Mezcla,ATENCION,1 800 002 1400,"H227, H315, H317,
H319, H411","P210, P261, P264, P272, P273, P280, P302 + P352,  P305 + P351 + P338, P333 + P313, P337 + P313, P362 + P364, P370 + P378, P391, P403 + P235, P501",G,I,1,1
IFF-QB00032,P0203003,SEA FRESH 820 (MARINE 667-W),Mezcla,ATENCION,1 800 002 1400,"H227, H315, H317,
H411","P210, P261, P264, P272, P273, P280, P302 + P352, P333 + P313, P362 + P364, P370 + P378, P391, P403 + P235, P501",G,I,1,1
IFF-QB00031,P0203004,SEA FRESH 704,Mezcla,ATENCION,1 800 002 1400,"H227, H315, H317,
H319, H411","P210, P261, P264, P272, P273, P280, P302 + P352,  P305 + P351 + P338, P333 + P313, P337 + P313, P362 + P364, P370 + P378, P391, P403 + P235, P501",G,I,1,1
IFF-QB00033,P0203006,SER 1002 (PINO),Mezcla,PELIGRO,1 800 002 1400,"H226, H304, H315, H317,
H319, H410","P210, P233, P240, P241, P242, P243, P261, P264, P272, P273, P280, P301 + P310,
P303 + P361 + P353, P305 + P351 + P338, P331, P333 + P313, P337 + P313, P362 + P364, P370 + P378, P391, P403 + P235, P405, P501",G,I,H,B
,P0203010,TROPICAL SPLASH ,Mezcla, - , - , - , - ,1,1,1,1
IFF-QB00025,P0203014,MARINE LOVE 818,Mezcla,ATENCION,1 800 002 1400,"H226, H316, H317,
H411","P210, P233, P240, P241, P242, P243, P261, P272, P273, P280, P303 + P361 + P353, P333 + P313, P362 + P364, P370 + P378, P391, P403 + P235, P501",B,G,H,1
IFF-QB00011,P0204001,FLORAL 001-E MOD,Mezcla,PELIGRO,1 800 002 1400,"H226, H315, H317,
H318, H361, H410","P201, P202, P210, P233, P240, P241, P242, P243, P261, P264, P272, P273, P280, P303 + P361 + P353, P305 + P351 + P338 + P310, P333 + P313,  P362 + P364, P391, P403 + P235, P405, P501
",E,I,H,B
IFF-QB00012,P0204002,FLORAL 841,Mezcla,PELIGRO,1 800 002 1400,"H227, H315, H317,
H318, H361, H411","P201, P202, P261, P264, P272, P273, P280, P302 + P352, P305 + P351 + P338 + P310, P308 + P313, P333 + P313, P362 + P364, P370 + P378, P391, P403 + P235, P405, P501",G,E,H,I
IFF-QB00010,P0204004,FLORAL (PICCOLO 727),Mezcla,ATENCION,1 800 002 1400,"H303, H315, H317,
H319, H351, H411","P201, P202, P261, P264, P272, P273, P280, P302 + P352, P305 + P351 + P338, P312, P333 + P313, P337 + P313, P362 + P364, P391, P405, P501",G,H,I,1
IFF-QB00013,P0209005,FLORAL P 0830,Mezcla,ATENCION,1 800 002 1400,"H315, H317, H319,
H411","P261, P264, P272, P273, P280, P302 + P352, P305 + P351 + P338, P333 + P313,  337 + P313,  P362 + P364, P391, P501",G,I,1,1
IFF-QB00214,P0209007,SER 1054 (DETERG. LIQ.),Mezcla,PELIGRO,1 800 002 1400,"H227, H304, H315, H317, H319, H411","P210, P261, P264, P272, P273, P280, P301 + P310, P302 + P352, P305 + P351 + P338, P333 + P313, P337 + P313, P362 + P364,  P370 + P378, P391, P403 + P235, P405, P501",G,I,H,1
IFF-QB00209,P0209008,MAX FRESCURA 777 ,Mezcla,ATENCION,1 800 002 1400,"H227, H315, H317,
H361, H411","P201, P202, P210, P261, P264, P272, P273, P280, P302 + P352, P308 + P313, P333 + P313, P362 + P364, P370 + P378, P391, P403 + P235, P405, P501
",G,I ,H,1
IFF-QB00116,P0301001,TE VERDE SMT 1039,Mezcla,ATENCION,1 800 002 1400,"H227, H316, H317,
H319, H411","P210, P261, P264, P272, P273, P280, P302 + P352, P333 + P313, P337 + P313, P362 + P364,  P370 + P378, P391, P403 + P235, P501",G,I,1,1
IFF-QB00109,P0301002,SPICY LOVE 456 ,Mezcla,ATENCION,1 800 002 1400,"H227, H315, H317, H319, H411","P210, P261, P264, P272, P273, P280, P302 + P352, P305 + P351 + P338, P333 + P313, P337 + P313, P337 + P313, P362 + P364, P370 + P378, P391, P403 + P235, P501",G,I,1,1
,P0301003,OCEAN FRESH 862 ,Mezcla,ATENCION,1 800 002 1400,"H226, H315, H317,
H318, H361, H411","P210, P233, P240, P241, P242, P243, P261, P264, P272, P273, P280, P303 + P361 +P353, P305 + P351 + P338, P333 + P313, P337 + P313, P362 + P364, P370 + P378, P391, P403 + P235, P501",B,G,I,1
IFF-QB00075,P0301004,BOSQUE 904-A,Mezcla,ATENCION,1 800 002 1400,"H227, H316, H317,
H411","P210, P261, P272, P273, P280, P302 + P352, P333 + P313 , P362 + P364, P370 + P378, P391, P403 + P235, P501",G,I,1,1
,P0301008,FOUGERE 009-B ,Mezcla, - , - , - , - ,1,1,1,1
IFF-QB00091,P0301009,FOUGERE 087 (DRAKKAR),Mezcla,ATENCION,1 800 002 1400,"H227, H315, H317,
H319, H411","P210, P261, P264, P272, P273, P280, P302 + P352 P305 + P351 + P338, P333 + P313, P337 + P313, P362 + P364, P370 + P378, P391, P403 + P235, P501",G,I,1,1
IFF-QB00092,P0301010,FOUGERE 959-A (DRAKKAR),Mezcla,ATENCION,1 800 002 1400,"H227, H315, H317,
H319, H411","P210, P261, P264, P272, P273, P280, P302 + P352, P305 + P351 + P338, P333 + P313, P337 + P313, P362 + P364, P370 + P378,P391, P403 + P235, P501",G,I,1,1
IFF-QB00076,P0301014,BOSS 3117 (NATURAL COCONUT),Mezcla,ATENCION,1 800 002 1400,"H316, H317, H402","P261, P272, P273, P280, P302 + P352, P333 + P313, P362 + P364, P501",G,I,H,1
IFF-QB00077,P0301017,BOSS 3156 (TALK),Mezcla,PELIGRO,1 800 002 1400,"H316, H317, H318,
H411","P261, P272, P273, P280, P302 + P352, P305 + P351 + P338 + P310, P333 + P313,
P362 + P364, P391, P501",G,I,E,1
IFF-QB00079,P0301018,CHA 251,Mezcla,ATENCION,1 800 002 1400,"H227, H315, H317,
H319, H411","P210, P261, P264, P272, P273, P280, P302 + P352,  P305 + P351 + P338, P333 + P313,  P337 + P313,  P362 + P364,  P370 + P378, P391, P403 + P235, P501  ",G,I,1,1
IFF-QB00089,P0301019,ETERN 0021,Mezcla,ATENCION,1 800 002 1400,"H315, H317, H411","P261, P264, P272, P273, P280, P302 + P352, P333 + P313, P362 + P364, P391, P501",G,I,1,1
,P0301021,RAB 015-K ,Mezcla, - , - , - , - ,1,1,1,1
IFF-QB00072,P0301022,APPLE 930,Mezcla,ATENCION,1 800 002 1400,"H227, H316, H317,
H411","P210, P261, P272, P273, P280, P302 + P352, P333 + P313, P362 + P364, P370 + P378, P391, P403 + P235, P501
",G,I,1,1
IFF-QB00081,P0301023,CHERRY 697,Mezcla,ATENCION,1 800 002 1400,"H226, H316, H317,
H319, H410","P210, P233, P240, P241, P242, P243, P261, P264, P272, P273, P280, P303 + P361 + P353, P305 + P351 + P338, P333 + P313, P337 + P313, P362 + P364, P370 + P378, P391, P403 + P235, P501",B,G,I,1
IFF-QB00103,P0301024,PEACH 299 MOD,Mezcla,ATENCION,1 800 002 1400,"H227, H316, H317,
H411","P210, P261, P272, P273, P280, P302 + P352, P333 + P313, P362 + P364, P370 + P378, P391, P403 + P235, P501",G,I,1,1
IFF-QB00093,P0301025,FRESA 80,Mezcla,ATENCION,1 800 002 1400,"H227, H316, H317,
H411","P210, P261, P272, P273, P280, P302 + P352, P333 + P313, P362 + P364, P370 + P378, P391, P403 + P235, P501",G,I,1,1
IFF-QB00117,P0301026,TROPIC ICE M1210 ,Mezcla, - , - , - , - ,1,1,1,1
,P0301027,ROSAS VEL5020 ,Mezcla, - , - , - , - ,1,1,1,1
IFF-QB00071,P0301028,SOFT BABY 611,Mezcla,PELIGRO,1 800 002 1400,"H226, H316, H317,
H318, H411","P210, P233, P240, P241, P242, P243, P261, P272, P273, P280, P303 + P361 + P353,
P305 + P351 + P338 + P310, P333 + P313, P362 + P364, P370 + P378, P391, P403 + P235, P501",G,I,H,B
,P0301037,GREEN TEA FRESH 691 ,Mezcla, - , - , - , - ,1,1,1,1
,P0301105,BOSS 3115 FV (VAINILLA CHOCOLATE) ,Mezcla, - , - , - , - ,1,1,1,1
IFF-QB00101,P0301111,MNO-015G (CAR. HERR.),Mezcla,ATENCION,1 800 002 1400,"H316, H317, H411","P261, P272, P273, P280, P302+P352, P333+P313,
P362+ P364, P391, P501",G,I,1,1
IFF-QB00087,P0301112,COCO 120-A,Mezcla,ATENCION,1 800 002 1400,"H316, H317","P261, P272, P280, P302+P352, 
P333+P313, P362+ P364, P501",G,1,1,1
IFF-QB00119,P0301113,UVA AIR 814 ,Mezcla, - , - , - , - ,1,1,1,1
IFF-QB00084,P0301117,CHOCOLAT MOD ,Mezcla, - , - , - , - ,1,1,1,1
,P0301118,COCO PARADISE 444 ,Mezcla, - , - , - , - ,1,1,1,1
,P0302001,CHIRSTMAS APPLEDELICE 583 FV ,Mezcla, - , - , - , - ,1,1,1,1
IFF-QB00074,P0302003,BELL CINNAMOND 575 FV,Mezcla,ATENCION,1 800 002 1400,"H227, H316, H317
H401, H412
","P210, P261, P272, P273, P280
P302 + P352, P333 + P313
P362 + P364, P370 + P378
P403 + P235, P501",G,1,1,1
,P0302004,CHIRSTMAS BAKERY LOVE 014 FV ,Mezcla, - , - , - , - ,1,1,1,1
,P0302006,CHIRSTMAS FRUITY RED 400 FV ,Mezcla, - , - , - , - ,1,1,1,1
,P0302007,MINT FRESH M 811 ,Mezcla, - , - , - , - ,1,1,1,1
IFF-QB00082,P0302009,CHIRSTMAS GINGERAPPLE 712 FV ,Mezcla, - , - , - , - ,1,1,1,1
,P0302010,CHIRSTMAS GARDEN 711 FV ,Mezcla, - , - , - , - ,1,1,1,1
IFF-QB00120,P0302011,VELAQUIM 4 (CANELA) FV,Mezcla,PELIGRO,1 800 002 1400,"H227, H303, H316,
H317, H319, H350,
H411","P201, P202, P210, P261, P264, P272, P273, P280,
P302 + P352, P305 + P351 + P338, P312, P333 + P313,
P337 + P313,  P362 + P364, P370 + P378, P391, P403 + P235, P405, P501

",G,I,H,1
IFF-QB00083,P0302014,CHIRSTMAS VELAQUIM 53 (VAINILLA) FV,Mezcla, - , - , - , - ,1,1,1,1
IFF-QB00108,P0302015,SPICY AMBER 973 ,Mezcla,PELIGRO,1 800 002 1400,"H303, H316, H317, H319, H350, H411","P201, P202, P261, P264, P272, P273, P280, P302 + P352, P305 + P351 + P338, P312, P333 + P313, P337 + P313, P362 + P364, P391, P405, P501",H,G,I,1
,P0303002,POTPOURRI 105,Mezcla, - ,1 800 002 1400, - , - ,1,1,1,1
IFF-QB00095,P0303003,HERBAL 550,Mezcla,PELIGRO,1 800 002 1400,"H227, H304, H315,
H317, H318, H400,
H411","P210, P261, P264,
P272, P273, P280, 
P301 + P310, 
P302 + P352,
P305 + P351 + P338 + P310, P331, 
P333 + P313,
P362 + P364,
P370 + P378, P391,
P403 + P235, P405,
P501",G,I,H,E
,P0303016,FLYING METHOD 555,Mezcla,ATENCION,1 800 002 1400,"H227, H316, H317, H319, H411","P210, P261, P264, P272, P273, P280, P302+P352, P305+P351+P338, P333+P313, P337+P313, P362+P364, P370+P378, P391, P403+P235, P501",G,I,1,1
,P0304002,POTPURRY FLORAL (MILENIUM) ,Mezcla, -  ,1 800 002 1400, -  , -  ,1,1,1,1
,P0304003,POTPURRI FLORAL  (mexico) ,Mezcla,ATENCION,1 800 002 1400,"H227, H315, H317, H410","P210, P261, P264, P272, P273, P280, P302 + P352, P333 + P313, P362 + P364, P370 + P378, P391, P403 + P235, P501",G,I,1,1
,P0306020,HENO DE PRAVIA 216 ,Mezcla, - ,1 800 002 1400, - , - ,1,1,1,1
IFF-QB00099,P0311018,MC QUEEN 557,Mezcla,ATENCION,1 800 002 1400,"H227, H303, H315, H317, H319, H361, H411","P201, P202, P210, P261, P264, P272, P273, P280, P302 + P352, P305 + P351 + P338, P312, P333 + P313, P337 + P313, P362 + P364, P370 + P378, P391, P403 + P235, P405, P501",H,G,I,1
IFF-QB00088,P0311019,DRAK BLACK 558 ,Mezcla,ATENCION,1 800 002 1400,"H227, H315, H317,
H319, H410","P210, P261, P264, P272, P273, P280, P302 + P352,  P305 + P351 + P338, P333 + P313,  P337 + P313, P362 + P364,  P370 + P378, P391, P403 + P235, P501 ",G,1,1,1
IFF-QB00094,P0311021,GREEN TEA & CHAI 202,Mezcla,PELIGRO,1 800 002 1400,"H227, H304, H315, H317, H318, H400, H411","P210, P261, P264, P272, P273, P280, P301 + P310, P302 + P352, P305 + P351 + P338 + P310, P331, P333 + P313, P362 + P364, P370 + P378, P391, P403 + P235, P405, P501",G,E,H,I
IFF-QB00090,P0311022,FLORAL HOME 413,Mezcla,ATENCION,1 800 002 1400,"H227, H315, H317,
H319, H410","P261, P264, P272, P273, P280, P310, P302 + P352, P305 + P351 + P338, P312, P333 + P313, P337 + P313, P362 + P364, P392, P501",G,I,1,1
IFF-QB00113,P0311023,SWEET ANIS 972,Mezcla,ATENCION,1 800 002 1400,"H316, H317, H411","P261, P272, P273, P302 + P352, P333 + P313, P362 + P364, P391, P501",G,I,1,1
IFF-QB00039,P0401003,BOSS 86,Mezcla,ATENCION,1 800 002 1400,"H303, H315, H317, H319, H361, H411","P201, P202, P261, P264, P272, P273, P280, P302 + P352, P305 + P351 + P338, P312, P333 + P313, P337 + P313, P362 + P364, P391, P405, P501",H,G,I,1
IFF-QB00050,P0401005,FLORAL ROSS FS 6596,Mezcla,PELIGRO,1 800 002 1400,"H315, H317, H318,
H411","P261, P264, P272, P273, P280,
P302 + P352,
P305 + P351 + P338 + P310,
P333 + P313, P362 + P364, P391,
P501
",E,G,I,1
IFF-QB00067,P0401007,VCA BLUE 629 FLOR DE LUNA,Mezcla,ATENCION,1 800 002 1400,"H315, H317, H318,
H411","P261, P264, P272, P273, P280,
P302 + P352,
P305 + P351 + P338 + P310,
P333 + P313, P362 + P364, P391,
P501
",G,I,1,1
,P0401009,ROSSO VERLO 739 ,Mezcla,ATENCION,1 800 002 1400,"H303, H315, H317, H319, H361, H400, H411","P201, P202, P261, P264, P272, P273, P280, P302 + P352, P305 + P351 + P338, P312, P333 + P313, P337 + P313, P362 + P364, P391, P405, P501",H,G,I,1
IFF-QB00068,P0401010,VCB BLUE 231,Mezcla,ATENCION,1 800 002 1400,"H227, H315, H317, H319, H361, H411","P201, P202, P210, P261, P264,
P272, P273, P280, P302 + P352,
P305 + P351 + P338, P308 + P313, 
P333 + P313, P337 + P313
P362 + P364, P370 + P378, P391
P403 + P235, P405, P501",G,I,H,1
IFF-QB00041,P0401011,CELESTIAL DREAMS 958,Mezcla,ATENCION,1 800 002 1400,"H227, H315, H317, H361, H411","P201, P202, P210, P261, P364, P272, P273, P280, P302 + P352, P308 + P313, P333 + P313, P362 + P364, P370 + P378, P391, P403 + P235, P405, P501",H,G,I,1
IFF-QB00061,P0401012,QUIM 1147 FS,Mezcla,ATENCION,1 800 002 1400,"H227, H315, H317, H319, H361, H410","P201, P202, P210, P261, P264,
P272, P273, P280, P302 + P352,
P305 + P351 + P338, P308 + P313, 
P333 + P313, P337 + P313
P362 + P364, P370 + P378, P391
P403 + P235, P405, P501",G,I,H,1
IFF-QB00059,P0401013,QUIM 1074 FS BLUE,Mezcla,ATENCION,1 800 002 1400,"H227, H303, H315,
H317, H319, H361,
H411","P201, P202, P210,
P261, P264, P272,
P273, P280,
P302 + P352,
P305 + P351 + P338,
P312, P333 + P313,
P337 + P313,
P362 + P364,
P370 + P378,
P391, P403 + P235,
P405, P501
",G,I,H,1
IFF-QB00060,P0401014,QUIM 1075 FSE F,Mezcla,ATENCION,1 800 002 1400,"H315, H317, H361,
H410","P201, P202, P261, P264, P272, P273, P280, P302 + P352,
P308 + P313, P333 + P313, 
P362 + P364, P391, P405, P501",G,I,H,1
IFF-QB00062,P0401015,SIMPLY BLUE 607,Mezcla,ATENCION,1 800 002 1400,"H227, H315, H317, H319, H361, H410","P201, P202, P210, P261, P264,
P272, P273, P280, P302 + P352,
P305 + P351 + P338, P308 + P313,
P333 + P313, P337 + P313,
P362 + P364, P370 + P378, P391
P403 + P235, P405, P501",G,I,H,1
IFF-QB00046,P0401016,DURAMAX 640,Mezcla,ATENCION,1 800 002 1400,"H227, H303, H315,
H317, H319, H411","P210, P261, P264,
P272, P273, P280, P302 + P352, 
P305 + P351 + P338, P312, P333 + P313, P337 + P313, 
P362 + P364, 
P370 + P378, P391,
P403 + P235, P501 ",G,I,1,1
IFF-QB00052,P0401017,FREEDOM 639,Mezcla,PELIGRO,1 800 002 1400,"H227, H303, H315
H317, H318, H361
H411","P201, P202, P210, P261, P264,
P272, P273, P280, P302 + P352,
P305 + P351 + P338 + P310, P312,
P333 + P313, P362 + P364,
P370 + P378, P391, P403 + P235,
P501",G,E,G,I
IFF-QB00047,P0401018,ELEGANT 957 (ELEGANCY),Mezcla,ATENCION,1 800 002 1400,"H227, H303, H315, H317, H319, H361
H400, H411","P201, P202, P210, P261, P264,
P272, P273, P280, P302 + P352,
P305 + P351 + P338, P312,
P333 + P313, P337 + P313
P362 + P364, P370 + P378, P391
P403 + P235, P405, P501",G,I,H,1
IFF-QB00056,P0401019,MAGIC DELIGHT 759 ,Mezcla,ATENCION,1 800 002 1400,"H227, H315, H317,
H319, H411","P210, P261, P264, P272, P273, P280, P302 + P352, P305 + P351 + P338, P333 + P313, P337 + P313, P362 + P364, P370 + P378, P391, P403 + P235, P501",G,I,1,1
,P0401020,CLOUD FLOWER 432,Mezcla,ATENCION,1 800 002 1400,"H227, H315, H317,
H319, H411","P210, P261, P264, P272, P273,
P280, P302 + P352,
P305 + P351 + P338, P333 + P313,
P337 + P313, P362 + P364,
P370 + P378, P391, P403 + P235, 
P501",G,I,1,1
IFF-QB00053,P0401021,GLAM 359 GLAMUR,Mezcla,ATENCION,1 800 002 1400,"H227, H303, H315
H317, H319, H361
H410","P201, P202, P210, P261, P264
P272, P273, P280, P302 + P352, P305 + P351 + P338, P312, 
P333 + P313, P337 + P313
P362 + P364, P370 + P378, P391
P403 + P235, P405, P501",H,G,I,1
,P0401022,SOFT DELIGH 607,Mezcla,ATENCION,1 800 002 1400,"P316, P317, P411","P261, P272, P273, P280, P302 + P352, P333 + P313, P362 + P364, P391, P501",G,I,1,1
,P0401025,QUIM HIDRA 743 ,Mezcla, - ,1 800 002 1400, - , - ,1,1,1,1
IFF-QB00063,P0401027,SUAVE PRIMAVERA 958,Mezcla,ATENCION,1 800 002 1400,"H227, H315, H317
H361, H411","P201, P202, P210, P261, P264, P272, P273, P280, P302 + P352,
P308 + P313, P333 + P313,
P362 + P364, P370 + P378, P391, P403 + P235, P405, P501",G,I,H,1
IFF-QB00051,P0402001,FOUGERE FRESH 003-H,Mezcla,ATENCION,1 800 002 1400,"H227, H315, H317
H319, H410","P210, P261, P264, P272, P273,
P280, P302 + P352,
P305 + P351 + P338, P333 + P313,
P337 + P313, P362 + P364,
P370 + P378, P391, P403 + P235,
P501",G,I,1,1
IFF-QB00289,P0402007,COUNTRY SOFT 239 NO USAR,Mezcla, - ,1 800 002 1400, - , - ,1,1,1,1
IFF-QB00049,P0403001,FLORAL ROSE 001-B,Mezcla,ATENCION,1 800 002 1400,"H315, H317, H319
H351, H410","P201, P202, P261, P264, P272, P273, P280, P302 + P352,
P305 + P351 + P338, P308 + P313,
P333 + P313, P337 + P313,
P362 + P364, P391, P405, P501",G,H,I,1
,P0403003,BEBE AMOR (BABY LOVE 722) ,Mezcla, - ,1 800 002 1400, - , - ,1,1,1,1
IFF-QB00066,P0403013,TUBEROSE 946,Mezcla,ATENCION,1 800 002 1400,"H227, H315, H317, H411","P210, P261, P264, P272, P273, P280, P302 + P352, P333 + P313,  P362 + P364, P370 + P378, P391, P403 + P235, P501",G,I,1,1
,P0404007,VANILLE DOUCE VS5303 ,Mezcla, - ,1 800 002 1400, - , - ,1,1,1,1
IFF-QB00204,P0404008,SPARK PETAL 318 MICROCAPSULAS,Mezcla,ATENCION,1 800 002 1400,"H315, H317, H411","P261, P264, P272, P273, P280, P302 + P352, P333 + P313, P362 + P364, P391, P501",G,I,1,1
IFF-QB00054,P0404010,GREEN SENSE 842,Mezcla,ATENCION,1 800 002 1400,"H227, H315, H317, H319, H351, H361
H411","P201, P202, P210, P261, P264,P272, P273, P280, P302 + P352, P305 + P351 + P338, P308 + P313, P333 + P313, P337 + P313, P362 + P364, P370 + P378, P391, P403 + P235, P405, P501",H,G,I,1
IFF-QB00037,P0404011,BLUE COTTON 824,Mezcla,ATENCION,1 800 002 1400,"H315, H317, H411","P261, P264, P272, P273, P280,
P302 + P352, P333 + P313,
P362 + P364, P391, P501",G,I,1,1
IFF-QB00064,P0404012,SUEÑOS DE ALGODON 707,Mezcla,ATENCION,1 800 002 1400,"H315, H317, H319, H351, H410","P201, P202, P261, P264, P272, P273, P280, P302 + P352, P305 + P351 + P338, P308 + P313, P333 + P313, P337 + P313, P362 + P364, P391, P405, P501",G,I,H,1
IFF-QB00042,P0404013,CLEAR WHITE 709,Mezcla, - ,1 800 002 1400, - , - ,1,1,1,1
IFF-QB00131,P0501004,CHAMOMILLE 398 (MANZANILLA),Mezcla,ATENCION,1 800 002 1400,"H316, H317, H412","P261, P272, P273, P280, P302 + P352, P333 + P313, P362 + P364, P391, P501",G,1,1,1
IFF-QB00125,P0501007,APPLE 872 (MANZANA VERDE),Mezcla,ATENCION,1 800 002 1400,"H316, H317, H411","P261, P272, P273, P280, P302 + P352, P333 + P313, P362 + P364, P391, P501",1,1,1,1
IFF-QB00167,P0501008,SER 1100 GRAPEFRUIT,Mezcla,PELIGRO,1 800 002 1400,"H226, H304, H315
H317, H319, H410","P210, P233, P240, P241, P242, P243, P261, P264, P272, P273, P280, P301 + P310, P303 + P361 + P353,  P305 + P351 + P338, P331, P333 + P313, P362 + P364, P370 + P378, P391, P403 + P235, P405, P501",G,I,H,B
,P0501010,SER 1102 ALOE VERA ,Mezcla, - ,1 800 002 1400, - , - ,1,1,1,1
IFF-QB00171,P0501012,SER 1114 TORONJA,Mezcla,PELIGRO,1 800 002 1400,"H226, H304, H315
H317, H319, H410","P210, P233, P240, P241, P242, P243, P261, P264, P272, P273, P280, P301 + P310, P303 + P361 + P353, P305 + P351 + P338, P331, P333 + P313, P337 + P313, P362 + P364, P370 + P378, P391, P403 + P235, P405, P501",G,I,H,B
IFF-QB00124,P0501015,ALOE VERA GAV 1171 SH,Mezcla,ATENCION,1 800 002 1400,"H303, H315, H317, H319, H361, H411.","P201, P202, P261, P264, P272, P273,
P280, P302 + P352,
P305 + P351 + P338,
P312, P333 + P313,
P337 + P313, P362 + P364, P391, P405, P501
",G,I,H,1
IFF-QB00170,P0501020,SER 1110 PERA,Mezcla,ATENCION,1 800 002 1400,"H227, H315, H317, H319, H400, H411","P210, P261, P264, P272, P273, P280, P302 + P352, P305 + P351 + P338, P333 + P313, P362 + P364, P370 + P378, P391, P403 + P235, P501",G,I,1,1
IFF-QB00146,P0501025,FRUITY SOFT 624,Mezcla,PELIGRO,1 800 002 1400,"H226, H304, H315, H317, H410","P210, P233, P240, P241, P242,P243, P261, P264, P272, P273, P280, P301, P333, P362+P364, P370+P378, P391, P403+P235, P405, P501",B,H,G,I
IFF-QB00151,P0501026,KIWI FRESH 625,Mezcla,PELIGRO,1 800 002 1400,"H227, H304, H315
H317, H319, H411","P210, P261, P264, P272, P273, P280, P301 + P310, P302 + P352, P305 + P351 + P338, P331, P333 + P313, P337 + P313, P362 + P364, P370 + P378, P391, P403 + P235, P405, P501",G,H,I,1
IFF-QB00165,P0501028,SER 1057 UVA MORADA,Mezcla,ATENCION,1 800 002 1400,"H227, H303, H316, H317, H400, H411","P210, P261, P272, P273, P280, P302+P352, P312, P333+P313, P362+P364, P370+P378, P391, P403+P235, P501",G,I,1,1
IFF-QB00158,P0501105,QUIM 1300(PASION FRUIT),Mezcla,ATENCION,1 800 002 1400,"H227, H315, H317,
H411","P210, P261, P264, P272, P273, P280, P302 + P352, P333 + P313, P362 + P364, P370 + P378, P391, P403 + P235, P501
",G,I,1,1
IFF-QB00164,P0501106,SER 1013 (SHAMPOO PANTENE FLORAL FRUTAL),Mezcla,ATENCION,1 800 002 1400,"H227, H303, H315, H317, H319, H400, H411","P210, P261, P264, P272, P273, P280,  P302 + P352,  P305 + P351 + P338, P312,  P333 + P313, P337 + P313, P362 + P364, P370 + P378, P391, P403 + P235, P501",G,I,1,1
IFF-QB00122,P0501107,1181-D (MENTA),Mezcla,PELIGRO,1 800 002 1400,"H227, H304, H315, 
H317, H410","P210, P261, P264, P272, P273, P280, P301 + P310, P302 + P352, P331, P333 + P313, P362 + P364, P370 + P378, P391, P403 + P235, P405, P501 ",G,I,H,1
IFF-QB00122,P0501107,ABRILLANTADOR OPTICO(LIQUIDO),16470-24-9,ATENCION, -  , - , - ,1,1,1,1
IFF-QB00123,P0502004,ALMOND 339,Mezcla,ATENCION,1 800 002 1400,"H227, H316, H317,
H319, H411","P210, P261, P264, P272, P273,
P280, P302 + P352, 
P305 + P351 + P338, P333 + P313,
P337 + P313, P362 + P364,
P370 + P378, P391, P403 + P235, P501
",G,I,1,1
IFF-QB00130,P0502005,BOSS 3152,Mezcla,PELIGRO,1 800 002 1400,"H227, H303, H315, H317, H318, H411","P210, P261, P264, P272, P273
P280, P302 + P352,
P305 + P351 + P338 + P310, P312
P333 + P313, P362 + P364
P370 + P378, P391, P403 + P235
P501
",E,G,I,1
,P0502008,FLORAL 386 , - , - ,1 800 002 1400, - , - ,1,1,1,1
,P0502023,FLORIENTAL M969 , - , - , -  , - , - ,1,1,1,1
,P0503001,BOSS 3157 (POT) ,Mezcla,PELIGRO,1 800 002 1400,"H226, H304, H315, H317, H411, ","P210, P233, P240, P241, P242, P243, P261, P264, P272, P273, P280, P301 + P310, P303 + P361 + P353, P331, P333 + P313, P362 + P364, P370 + P378, P391, P403 + P235, P405, P501",B,H,G,I
,P0503016,CEREZA 2080GEL, - , - , -  , - , - ,1,1,1,1
IFF-QB00142,P0503017,FASHION 180, - , - , -  , - , - ,1,1,1,1
,P0503018,EXTREME 188 , - , - , -  , - , - ,1,1,1,1
IFF-QB00152,P0503025,MANGIFF 188,,ATENCION,01 800 002 1400,"H316, H317, H411","P261, P272, P273, P280, P302+P352, P333+P313,
P362+ P364, P391, P501",G,I,1,1
,P0504001,BOSS 3148 EP, - , - , -  , - , - ,1,1,1,1
,P0601001,LOLO 996-L (POLO AROMATIZANTE), - , - , -  , - , - ,1,1,1,1
IFF-QB00166,P0601002,SER 1098 ORQUIDEA JAZMIN,,ATENCION,01 800 002 1400,"H227, H303, H315, H317, H319, H361, H411","P201, P202, P210, P261, P264,
P272, P273, P280, P302 + P352, P305 + P351 + P338, P312, 
P333 + P313, P337 + P313, 
P362 + P364, P370 + P378, P391, P403 + P235, P405, P501",G,I,H,1
IFF-QB00168,P0601006,SER 1104 AGUACATE,Mezcla,ATENCION,1 800 002 1400,"H315, H317, H411","P261, P264, P272, P273, P280,
P302 + P352, P333 + P313,
P362 + P364, P391, P501",G,H,1,1
IFF-QB00126,P0601008,AVEIA PLUS PONS CR,,ATENCION,01 800 002 1400,"H316, H317, H411","P261, P272, P273,
P280, P302 + P352,
P333 + P313,
P362 + P364, P391, P501",G,I,1,1
IFF-QB00128,P0601011,BLAZING 185,,ATENCION,01 800 002 1400,"H315, H317, H319
H361, H411","P201, P202, P261, P264, P272,
P273, P280, P302 + P352,
P305 + P351 + P338, P308 + P313,
P333 + P313, P337 + P313,
P362 + P364, P391, P405, P501",H,G,I,1
IFF-QB00160,P0601012,RAINY WASH 530, - , - , -  , - , - ,1,1,1,1
IFF-QB00043,P0601013,COCONUT DELICE 733,Mezcla,ATENCION,01 800 002 1400,"H227, H303, H315, H317, H361, H400, H411"," P201, P202, P210, P261, P264, P272, P273, P280, P302 + P352, P312, P333 + P313, P362 + P364, P370 + P378, P391, P403 + P235, P405, P501.",H,G,I,1
IFF-QB00323,P0602002,CESCO LV40 , - , - , -  , - , - ,1,1,1,1
IFF-QB00208,P0602003,FLOWER CLEAN 384,Mezcla,ATENCION,01 800 002 1400,"H227, H315, H317, H319, H411","P210, P261, P264, P272, P273, P280, P302+P352, P305+P351+P338, P333+P313, P337+P313, P362+P364, P370+P378, P391, P403+P235, P501",G,I,1,1
IFF-QB00139,P0602004,DELIRIOUS JABOTICABA 335,Mezcla,ATENCION,01 800 002 1400,"H227, H315, H317,
H319, H361, H411","P201, P202, P210, P261, P264, P272,
P273, P280,
P302 + P352,
P305 + P351 + P338, P308 + P313, P333 + P313,
P337 + P313, P362 + P364,
P370 + P378, P391, P403 + P235, P405
P501

",G,I,H,1
IFF-QB00129,P0602005,BLUE BREEZE 929, - , - , -  , - , - ,1,1,1,1
IFF-QB00143,P0602006,FLORAL BOUQUET 981,Mezcla,PELIGRO,01 800 002 1400,"H227, H303, H304,
H315, H317, H319,
H361, H400, H411","P201, P202, P210, P261, P264,
P272, P273, P280, P301 + P310,
P302 + P352, P305 + P351 + P338,
P312, P331, P333 + P313,
P337 + P313, P362 + P364,
P370 + P378, P391, P403 + P235,
P405, P501",G,H,I,1
IFF-QB00198,P0701001,BLUE MICRO MEMORIES 320 (AZUL),Mezcla,ATENCION,01 800 002 1400,"H315, H317, H319,
H411","P261, P264, P272, P273, P280,
P302 + P352, P305 + P351 + P338,
P333 + P313, P337 + P313,
P362 + P364, P391, P501",G,I,1,1
IFF-QB00200,P0701002,HAPPY MICRO SUNSHINE 312 (AZUL),Mezcla,ATENCION,01 800 002 1400,"H315, H317, H411","P261, P264, P272, P273, P280, P302 + P352, P333 + P313, P362 + P364, P391, P501",G,I,1,1
IFF-QB00199,P0701003,ELEGANT MICRO SOFTNESS 957 ( AMARILLO),Mezcla,ATENCION,01 800 002 1400,"H315, H317, H361,
H411","P201, P202, P261, P264, P272, P273, P280, P302 + P352, 
P308 + P313, P333 + P313,
P362 + P364, P391, P405, P501",G,I,H,1
IFF-QB00118,P1001007,TUTTI 001,Mezcla,PELIGRO,01 800 002 1400,"H226, H304, H315, H317, H411","P210, P233, P240, P241, P242, P243, P261, P264, P272,P273,
P280, P301 + P310,
P303 + P361 + P353, P331,
P333 + P313, P362 + P364,
P370 + P378, P391, P403 + P235,
P405, P501",G,I,H,B
,P1001021,HERBAL P 853 , - , - , -  , - , - ,1,1,1,1
IFF-QB00080,P1001024,CHAN 001-C,Mezcla,ATENCION,01 800 002 1400,"H227, H315, H317,
H319, H411","P210, P261, P264, P272,P273,
P280, P302 + P352,
P305 + P351 + P338, P333 + P313,
P337 + P313, P362 + P364,
P370 + P378, P391, P403 + P235,
P501",G,I,1,1
,P1001027,MULBERRY 773, - , - , -  , - , - ,G,1,1,1
IFF-QB00236,P1101002,CK ONE GL 8020 M, - , - , -  , - , - ,G,1,1,1
IFF-QB00269,P1101004,SER 1050 ENSUENO, - , - , -  , - , - ,G,1,1,1
IFF-QB00286,P1101005,VCA MOMENTOS 2321, - , - , -  , - , - ,G,1,1,1
IFF-QB00284,P1101006,VCA FIESTA 4325 , - , - , -  , - , - ,G,1,1,1
IFF-QB00260,P1101007,PETALOS DE ROSA, - , - , -  , - , - ,G,1,1,1
IFF-QB00238,P1101008,PALOMA 5052 CR, - , - , -  , - , - ,G,1,1,1
IFF-QB00228,P1101009,BOSQUE DE BAMBU , - , - , -  , - , - ,G,1,1,1
IFF-QB00261,P1101010,QUIM BLUE 629 , - , - , -  , - , - ,G,1,1,1
IFF-QB00282,P1101013,TROPIC FRUIT M 957,Mezcla,PELIGRO,01 800 002 1400,"H226, H304, H315, H317, H319, H410, H411","P210, P233, P240, P241, P242, P243, P261, P264, P272, P273, P280, P301 + P310, P303 + P361 + P353, P305 + P351 + P338, P331, P333 + P313, P337 + P313, P362 + P364, P370 + P378, P391, P403 + P235, P405, P501",H,G,I,B
IFF-QB00256,P1101014,MINT MINT M BRM11,Mezcla,PELIGRO,01 800 002 1400,"H227, P261, P264, P272, P273, P280","P301 + P310, P302 + P352, P331, P333 + P313, P362 + P364, P370 + P378, P391, P403 + P235, P405, P501",G,H,I,1
IFF-QB00229,P1101015,BOSS 1363 FQ(TANGO), - , - , -  , - , - ,1,1,1,1
IFF-QB00240,P1101016,EXPELL FRESH M 820,Mezcla,PELIGRO,01 800 002 1400,"H226, H227, H302, H304, H315, H317, H319, H410, ","P210, P233, P240, P241, P242, P243, P260, P264, P270, P272, P273, P280, P301 + P310, P303 + P364, P370 + P378, P391, P403 + P235, P405, P501",H,B,G,I
IFF-QB00234,P1101017,CITRIC FRESH ,Mezcla, - , -  , - , - ,G,1,1,1
IFF-QB00262,P1101019,QUIM HIDRA 759 , - , - , -  , - , - ,G,1,1,1
IFF-QB00273,P1101020,SOFT LILY, - , - , -  , - , - ,G,1,1,1
,P1101022,LAVANDA FABULADA M , - , - , -  , - , - ,G,1,1,1
IFF-QB00276,P1101023,SUAVIAZUL M 75 , - , - , -  , - , - ,G,1,1,1
IFF-QB00272,P1101024,SOFT BLUE M 68 , - , - , -  , - , - ,G,1,1,1
IFF-QB00246,P1101025,GREEN APPLE 1082 , - , - , -  , - , - ,G,1,1,1
,P1101026,COUNTRY SOFT D 937 INOVA, - , - , -  , - , - ,G,1,1,1
IFF-QB00257,P1101027,NEW MAXI COLOR D7754, - , - , -  , - , - ,G,1,1,1
IFF-QB00233,P1101028,CHICLE 001D , - , - , -  , - , - ,G,1,1,1
IFF-QB00288,P1101039,WAIKIKI 204 , - , - , -  , - , - ,G,1,1,1
IFF-QB00264,P1101041,REVIVAL 006 A NATTURA ,,ATENCION,1 800 002 1400,"H227, H303, H315,
H317, H319, H411","P210, P261, P264,
P272, P273, P280, 
P302 + P352, 
P305 + P351 + P338,
P312, P333 + P313,
P337 + P313, P362 + P364, P370 + P378,
P391, P403 + P235,
P501",G,I,1,1
IFF-QB00223,P1101042,BERRY PUNCH 867 FV , - , - , -  , - , - ,G,1,1,1
IFF-QB00250,P1101043,LAVENDER FRESH, - , - , -  , - , - ,g,1,1,1
IFF-QB00227,P1101044,BLUE MOON, - , - , -  , - , - ,G,1,1,1
IFF-QB00268,P1101045,SEA BREEZE, - , - , -  , - , - ,G,1,1,1
IFF-QB00259,P1101046,FLORALIS 830 , - , - , -  , - , - ,G,1,1,1
IFF-QB00249,P1101047,JUNGLE FRESH , - , - , -  , - , - ,G,1,1,1
IFF-QB00230,P1101048,CANELLE, - , - , -  , - , - ,G,1,1,1
IFF-QB00287,P1101049,VIOLET FLOWER, - , - , - , - , - ,G,1,1,1
,P1101050,BOSS 3148 AMENI , - , - , -  , - , - ,G,1,1,1
IFF-QB00251,P1101051,LAVENDER MISTICA , - , - , -  , - , - ,G,1,1,1
IFF-QB00244,P1101053,FRESH BREEZE  , - , - , -  , - , - ,G,1,1,1
KAO-QB00001,Q0101001,ASFIER 100 ,61791-55-7,PELIGRO,+34 93 739 9445,,,1,1,1,1
KAO-QB00002,Q0101003,ASFIER 121,"61791-55-7,61788-45-2",PELIGRO,+34 93 739 9445, Nocivo en caso de ingestión. Provoca quemaduras graves en la piel y lesiones oculares graves. Provoca daños en los órganos tras exposiciones prolongadas o repetidas. ," Llevar guantes de protección: > 8 horas (tiempo de detección): goma de butilo.  Llevar gafas o máscara de protección: Recomendado: gafas anti-salpicaduras, máscara. Llevar prendas de protección: Recomendado: Traje de protección.  No respirar el polvo. No comer, beber ni fumar durante su utilización.  Lavarse las manos concienzudamente tras la manipulación.  EN CASO DE INHALACIÓN:  Transportar a la víctima al exterior y mantenerla en reposo en una posición confortable para respirar.  Llamar inmediatamente a un centro de información toxicológica o a un médico.  EN CASO DE INGESTIÓN:  Llamar inmediatamente a un centro de información toxicológica o a un médico.  Enjuagarse la boca.  NO provocar el vómito.  EN CASO DE CONTACTO CON LA PIEL (o el pelo): Quitar inmediatamente todas las prendas contaminadas.  Lave la piel contaminada con el de 3% de ácido acético o el agente que contiene Diphoterin (por ejemplo, Previn ®). Lavar las prendas contaminadas antes de volver a usarlas. Llamar  ediatamente a un centro de información toxicológica o a un médico. EN CASO DE CONTACTO CON LOS OJOS:  Lavar inmediatamente con un agente que contenga Diphoterin (por ejemplo, Previn ®), levantando ocasionalmente los párpados superior e inferior.  Quitar las lentes de contacto, si lleva y resulta fácil. Seguir aclarando.  Llamar inmediatamente a un centro de información toxicológica o a un médico. Guardar cerrado. Eliminar el contenido y el recipiente de acuerdo con las normativas locales, regionales, nacionales e internacionales. ",1,1,1,e
,Q0101014,KAOAMIN 14 ,"151661-99-3, 61790-33-8, 68783-24-4",PELIGRO,+34 93 739 9445,"Nocivo en caso de ingestión. Provoca quemaduras graves en la piel y lesiones oculares graves. Puede provocar daños en los órganos tras exposiciones prolongadas o repetidas. (tracto gastrointestinal, sistema inmunológico, hígado)","Llevar guantes de protección: > 8 horas (tiempo de detección): goma de butilo. Llevar gafas o máscara de protección: Recomendado: gafas de seguridad con protección lateral máscara. Llevar prendas de protección: Recomendado: Traje de protección. No respirar los vapores. No comer, beber ni fumar durante su utilización. Lavarse las manos concienzudamente tras la manipulación.
EN CASO DE INHALACIÓN: Transportar a la víctima al exterior y mantenerla en
reposo en una posición confortable para respirar. Llamar inmediatamente a un centro de información toxicológica o a un médico. EN CASO DE INGESTIÓN: Llamar inmediatamente a un centro de información toxicológica o a un médico. Enjuagarse la boca. NO provocar el vómito. EN CASO DE CONTACTO CON LA PIEL (o el pelo): Quitar inmediatamente todas las prendas contaminadas. Lave la piel contaminada con el de 3% de ácido acético o el agente que contiene Diphoterin (por ejemplo, Previn ®). Lavar las prendas contaminadas antes de volver a usarlas. Llamar inmediatamente a un centro de información toxicológica o a un médico. EN CASO DE CONTACTO CON LOS OJOS: Lavar inmediatamente con un agente que contenga Diphoterin (por ejemplo, Previn ®), levantando ocasionalmente los párpados superior e inferior.  Quitar las lentes de contacto, si lleva y resulta fácil. Seguir aclarando. Llamar inmediatamente a un centro de información toxicológica o a un médico. Guardar cerrado. Eliminar el contenido y el recipiente de acuerdo con las normativas locales, regionales, nacionales e internacionales. No se conoce ninguno.",e,h,g,1
,Q0101020,KAOAMIN 16 ,"72230-78-5, 151661-99-3",PELIGRO,+34 93 739 9445,Provoca graves quemaduras en la piel y lesiones oculares.,"Usar guantes de protección: > 8 horas (tiempo de saturación): caucho nitrílico. Usar protección para los ojos o la cara: Recomendado: lentes anti-salpicaduras , gafas de seguridad con protección lateral. Usar ropa protectora: Recomendado: Ropa de protección completa.. Lavarse cuidadosamente las manos después de la manipulación. EN CASO DE INHALACIÓN: Transportar la víctima al aire libre y mantenerla en reposo en una posición que le facilite la respiración. Llamar inmediatamente a un CENTRO DE CONTROL DE ENVENENAMIENTO o a un médico. EN CASO DE INGESTIÓN: Llamar inmediatamente a un CENTRO DE CONTROL DE ENVENENAMIENTO o a un médico. Enjuagarse la boca. NO provocar el vómito. EN CASO DE CONTACTO CON LA PIEL (o el pelo): Quitar inmediatamente toda la ropa contaminada. Lave la piel contaminada con el de 3% de ácido acético o el agente que contiene Diphoterin (por ejemplo, Previn ®). Lavar la ropa contaminada antes de volverla a usar. Llamar inmediatamente a un CENTRO DE CONTROL DE ENVENENAMIENTO o a un médico. EN CASO DE CONTACTO CON LOS OJOS: Enjuagar con agua cuidadosamente durante varios minutos. Quitar las lentes de contacto, cuando estén presentes y pueda hacerse con facilidad. Proseguir con el lavado. Llamar inmediatamente a un CENTRO DE CONTROL DE ENVENENAMIENTO o a un médico. ",1,i,h,e
,Q0102003,KAOAMIN KW ,No aplicable,PELIGRO,+34 93 739 9445,Provoca graves quemaduras en la piel y lesiones oculares.,"Usar guantes de protección: > 8 horas (tiempo de saturación): caucho nitrílico. Usar protección para los ojos o la cara: Recomendado: lentes anti-salpicaduras , gafas de seguridad con protección lateral. Usar ropa protectora: Recomendado: Ropa de protección completa.. Lavarse cuidadosamente las manos después de la manipulación. : EN CASO DE INHALACIÓN: Transportar la víctima al aire libre y mantenerla en reposo en una posición que le facilite la respiración. Llamar inmediatamente a un CENTRO DE CONTROL DE ENVENENAMIENTO o a un médico. EN CASO DE INGESTIÓN: Llamar  nmediatamente a un CENTRO DE CONTROL DE ENVENENAMIENTO o a un médico. Enjuagarse la boca. NO provocar el vómito. EN CASO DE CONTACTO CON LA PIEL (o el pelo): Quitar inmediatamente toda la ropa contaminada. Lave la pielcontaminada con el de 3% de ácido acético o el agente que contiene Diphoterin (porejemplo, Previn ®). Lavar la ropa contaminada antes de volverla a usar. Llamar inmediatamente a un CENTRO DE CONTROL DE ENVENENAMIENTO o a un médico. EN CASO DE CONTACTO CON LOS OJOS: Enjuagar con agua cuidadosamente durante varios minutos. Quitar las lentes de contacto, cuando estén presentes y pueda hacerse con facilidad. Proseguir con el lavado. Llamar inmediatamente a un CENTRO DE CONTROL DE  NVENENAMIENTO o a un médico. : Guardar bajo llave. Eliminar el contenido y recipiente conforme a todas las reglamentaciones locales, regionales, nacionales e internacionales.",e,1,1,1
,Q0102004,DANOX AP ,No Aplicable,PELIGRO,+34 93 739 9445,"Nocivo en caso de ingestión. Provoca quemaduras graves en la piel y lesiones oculares graves. Puede ser mortal en caso de ingestión y penetración en las vías respiratorias. Puede provocar daños en los órganos tras exposiciones prolongadas o repetidas. (tracto gastrointestinal, sistema inmunológico, hígado)","Llevar guantes de protección: > 8 horas (tiempo de detección): goma de butilo. Llevar gafas o máscara de protección: Recomendado: Gafas anti-salpicaduras. , máscara. Llevar prendas de protección: Recomendado: Bata de laboratorio.,Traje de protección. No  espirar el polvo. No comer, beber ni fumar durante su utilización. Lavarse las manos concienzudamente tras la manipulación.  Consultar a un médico en caso de malestar. EN CASO DE INHALACIÓN: Transportar a la persona al aire libre y mantenerla en una posición que le facilite la respiración. Llamar inmediatamente a un centro de información toxicológica o a un médico. EN CASO DE INGESTIÓN: Llamar  nmediatamente a un centro de información toxicológica o a un médico. Enjuagarse la boca. NO provocar el vómito. EN CASO DE CONTACTO CON LA PIEL (o el pelo): Quitar inmediatamente todas las prendas contaminadas. Lave la piel contaminada con el de 3% de ácido acético o el agente que contiene Diphoterin (por ejemplo, Previn ®). Lavar las prendas contaminadas antes de volver a usarlas. Llamar inmediatamente a un centro de información toxicológica o a un médico. EN CASO DE CONTACTO CON LOS OJOS: Lavar inmediatamente con un agente que contenga  iphoterin (por ejemplo, Previn ®), levantando ocasionalmente los párpados superior e inferior.  Quitar las lentes de contacto, si lleva y resulta fácil. Seguir aclarando. Llamar inmediatamente a un centro de información toxicológica o a un médico.",e,g,h,1
KAO-QB00004,Q0103002,ASFIER 211 (GRANEL PIPA) ,-,-,-,-,-,1,1,1,1
KAO-QB00005,Q0103003,ASFIER 211 (TAMBOR),No Aplicable,PELIGRO,+34 93 739 9445,Provoca quemaduras graves en la piel y lesiones oculares graves. Puede provocar daños en los órganos tras exposiciones  rolongadas o repetidas. (tracto gastrointestinal),"Llevar guantes de protección: > 8 horas (tiempo de detección): caucho nitrílico. Llevar gafas o máscara de protección: Recomendado: máscara. Llevar prendas de protección: Recomendado: Traje de protección. No respirar los vapores. Lavarse las manos concienzudamente tras la manipulación. Consultar a un médico en caso de malestar. EN CASO DE INHALACIÓN: Transportar a la persona al aire libre y mantenerla en una posición que le facilite la respiración. Llamar inmediatamente a un centro de información toxicológica o a un médico. EN CASO DE INGESTIÓN: Llamar inmediatamente a un centro de información toxicológica o a un médico. Enjuagarse la boca. NO provocar el vómito. EN CASO DE CONTACTO CON LA PIEL (o el pelo): Quitar inmediatamente todas las prendas contaminadas. Aclararse la piel con agua o ducharse. Lavar las prendas contaminadas antes de volver a usarlas. Llamar inmediatamente a un centro de información toxicológica o a un médico. EN CASO DE CONTACTO CON LOS OJOS: Aclarar cuidadosamente con agua durante varios minutos. Quitar las lentes de contacto, si lleva y resulta fácil. Seguir aclarando. Llamar inmediatamente a un centro de información toxicológica o a un médico. ",e,h,1,1
KAO-QB00069,Q0201001,QUARTAMIN D86P,No Aplicable,PELIGRO,+34 93 739 9445,"Nocivo en caso de ingestión. Provoca quemaduras graves en la piel y lesiones oculares graves. Puede ser  ortal en caso de ingestión y penetración en las vías respiratorias. Puede provocar daños en los órganos tras exposiciones prolongadas o repetidas. (tracto gastrointestinal, sistema inmunológico, hígado)","Llevar guantes de protección: > 8 horas (tiempo de detección): goma de butilo. Llevar gafas o máscara de protección: Recomendado: Gafas anti-salpicaduras. , máscara. Llevar prendas de protección: Recomendado: Bata de  laboratorio. Traje de protección. No respirar el polvo. No comer, beber ni fumar durante su utilización. Lavarse las manos concienzudamente tras la manipulación. : Consultar a un médico en caso de malestar. EN CASO DE INHALACIÓN: Transportar a la persona al aire libre y mantenerla en una posición que le facilite la respiración. Llamar inmediatamente a un centro de información toxicológica o a un médico. EN CASO DE INGESTIÓN: Llamar inmediatamente a un centro de información toxicológica o a un médico. Enjuagarse la boca. NO provocar el vómito. EN CASO DE CONTACTO CON LA PIEL (o el pelo): Quitar inmediatamente todas las prendas contaminadas. Lave la piel contaminada con el de 3% de ácido acético o el agente que contiene Diphoterin (por ejemplo, Previn ®). Lavar las prendas contaminadas antes de volver a usarlas. Llamar inmediatamente a un centro de información toxicológica o a un médico. EN CASO DE CONTACTO CON LOS  JOS: Lavar inmediatamente con un agente que contenga Diphoterin (por ejemplo,  revin ®), levantando ocasionalmente los párpados superior e inferior.  Quitar las lentes de contacto, si lleva y resulta fácil. Seguir aclarando. Llamar  nmediatamente a un centro de información toxicológica o a un médico. Guardar cerrado. Eliminar el contenido y el recipiente de acuerdo con las normativas locales, regionales, nacionales e internacionales.",e,b,1,1
,Q0201002,TETRANYL FAV,No Aplicable,ATENCION,+34 93 739 9445,Líquido y vapores inflamables.,"Usar guantes de protección: > 8 horas (tiempo de saturación): caucho butílico , neopreno. Usar protección para los ojos o la cara:  ecomendado: lentes antisalpicaduras. Mantener alejado del calor, superficies calientes, chispas, llamas abiertas y otras fuentes de ignición. No fumar. Todos los equipos eléctricos, de ventilación, de iluminación y para la manipulación de materiales deben ser antideflagrantes. No utilizar herramientas que produzcan chispas. Tomar medidas de precaución contra las descargas  lectrostáticas. Mantener el recipiente herméticamente cerrado. EN CASO DE CONTACTO CON LA PIEL (o el pelo): Quitar inmediatamente toda la ropa contaminada. Lavar la piel con agua o tomar una ducha. Almacenar en un lugar bien ventilado. Mantener fresco. Eliminar el contenido y recipiente conforme a todas las reglamentaciones locales, regionales, nacionales e internacionales. ",b,1,1,1
KAO-QB00061,Q0201012,POIZ 88,No Aplicable,No Aplicable,+34 93 739 9445,No Aplicable,No Aplicable,1,1,1,1
KAO-QB00072,Q0201014,TETRANYL AT7590E,No Aplicable,PELIGRO,+34 93 739 9445,Líquido y vapores muy inflamables.,"Usar guantes de protección: > 8 horas (tiempo de saturación): caucho butílico ,
neopreno. Usar protección para los ojos o la cara: Recomendado: lentes antisalpicaduras. Mantener alejado del calor, superficies calientes, chispas, llamas abiertas y otras fuentes de ignición. No fumar. Todos los equipos eléctricos, de ventilación, de iluminación y para la manipulación de materiales deben ser antideflagrantes. No utilizar herramientas que produzcan chispas. Tomar medidas de precaución contra las descargas electrostáticas. Mantener el recipiente herméticamente cerrado. EN CASO DE CONTACTO CON LA PIEL (o el pelo): Quitar inmediatamente toda la ropa contaminada. Lavar la piel con agua o tomar una ducha. Almacenar en un lugar bien ventilado. Mantener fresco. Eliminar el contenido y recipiente conforme a todas las  glamentaciones locales, regionales, nacionales e internacionales.",b,1,1,1
KAO-QB00054,Q0201019,KAOSOFT AGL85,"157905-74-3, 64-17-5",ATENCION,+34 93 739 9445,Líquidos y vapores inflamables.,"Llevar guantes de protección: > 8 horas (tiempo de detección): goma de butilo , neopreno. Llevar gafas o máscara de protección: Recomendado: gafas antisalpicaduras. Mantener alejado del calor, de superficies calientes, de chispas, de llamas abiertas y de cualquier otra fuente de ignición. No fumar. Utilizar un material eléctrico, de ventilación, de iluminación y todos los equipos de manipulación de materiales  ntideflagrantes. Utilizar únicamente herramientas que no produzcan chispas. Tomar  edidas de precaución contra descargas electrostáticas. Mantener el recipiente herméticamente cerrado. EN CASO DE CONTACTO CON LA PIEL (o el pelo): Quitar inmediatamente todas las prendas contaminadas. Aclararse la piel con agua o ducharse. Almacenar en un lugar bien ventilado. Mantener en lugar fresco. Eliminar el contenido y el recipiente de acuerdo con las normativas locales, regionales, nacionales e internacionales.",b,1,1,1
KAO-QB00057,Q0201024,KAO SOFCARE GP1,29117-02-0,ATENCION,+34 93 739 9445,No Aplicable,No Aplicable,1,1,1,1
KAO-QB00062,Q0202001,QUARTAMIN 60,112-02-7,PELIGRO,+34 93 739 9445,Provoca lesiones oculares graves. Provoca irritación cutánea,"Llevar guantes de protección: > 8 horas (tiempo de detección): goma de butilo, neopreno. Llevar gafas o máscara de protección: Recomendado: gafas antisalpicaduras. Lavarse las manos concienzudamente tras la manipulación. EN CASO DE CONTACTO CON LA PIEL: Lavar con agua y jabón abundantes. Quitar las prendas contaminadas y lavarlas antes de volver a usarlas. En caso de irritación cutánea: Consultar a un médico. EN CASO DE CONTACTO CON LOS OJOS: Aclarar cuidadosamente con agua durante varios minutos. Quitar las lentes de contacto, si lleva y resulta fácil. Seguir aclarando. Llamar inmediatamente a un centro de información toxicológica o a un médico.",e,1,1,1
,Q0202002,QUARTAMIN S60,"61789-72-8, 112-02-7",PELIGRO,+34 93 739 9445,Provoca lesiones oculares graves. Provoca irritación cutánea.,"Llevar guantes de protección. Llevar gafas o máscara de protección. Lavarse las manos concienzudamente tras la manipulación. EN CASO DE CONTACTO CON LA PIEL: Lavar con agua y jabón abundantes. Quitar las prendas contaminadas y lavarlas antes de volver a usarlas. En caso de irritación cutánea: Consultar a un médico. EN CASO DE CONTACTO CON LOS OJOS: Aclarar cuidadosamente con agua durante varios minutos. Quitar las lentes de contacto, si lleva y resulta fácil. Seguir aclarando. Llamar inmediatamente a un centro de información toxicológica o a un médico.",e,1,1,1
,Q0202004,BETADET HRG ,61789-40-0,PELIGRO,+34 93 739 9445,Provoca lesiones oculares graves.,"Llevar gafas o máscara de protección: Recomendado: gafas anti-salpicaduras. EN CASO DE CONTACTO CON LOS OJOS: Aclarar cuidadosamente con agua durante varios minutos. Quitar las lentes de contacto, si lleva y resulta fácil. Seguir aclarando. Llamar inmediatamente a un centro de información toxicológica o a un médico. ",e,1,1,1
KAO-QB00025,Q0202011,BETADET HR2,61789-40-0,PELIGRO,+34 93 739 9445,Provoca lesiones oculares graves.,"Llevar gafas o máscara de protección: Recomendado: gafas anti-salpicaduras. EN CASO DE CONTACTO CON LOS OJOS: Aclarar cuidadosamente con agua durante varios minutos. Quitar las lentes de contacto, si lleva y resulta fácil. Seguir aclarando. Llamar inmediatamente a un centro de información toxicológica o a un médico. ",e,1,1,1
KAO-QB00027,Q0202009,CETILICO KALKOL 6098,36653-82-4,No Aplicable,+34 93 739 9445,No Aplicable,No Aplicable,1,1,1,1
KAO-QB00018,Q0202012,ALCOHOL ESTEARILICO KALKOL 8098 ,112-92-5,No Aplicable,+34 93 739 9445,No Aplicable,No Aplicable,1,1,1,1
KAO-QB00021,Q0202013,AMIDET N  ,No Aplicable,ATENCION,+34 93 739 9445,"Provoca irritación cutánea. Nocivo para los organismos acuáticos, con efectos nocivos duraderos.","Llevar guantes de protección: 1 - 4 horas (tiempo de detección): goma de butilo,
Viton®?<1hora(tiempodedetección):neopreno,cauchonitrílico.Evitar su liberación al medio ambiente. Lavarse las manos concienzudamente tras la manipulación. EN CASO DE CONTACTO CON LA PIEL: Lavar con agua y jabón abundantes. En caso de irritación cutánea: Consultar a un médico. Eliminar el contenido y el recipiente de acuerdo con las normativas locales, regionales, nacionales e internacionales. ",g,1,1,1
KAO-QB00075,Q0203001,TETRANYL BC- 50T,61789-71-7,PELIGRO,+34 93 739 9445,Nocivo en caso de ingestión. Provoca quemaduras graves en la piel y lesiones oculares graves.,"Llevar guantes de protección: > 8 horas (tiempo de detección): goma de butilo,
neopreno. Llevar gafas o máscara de protección: Recomendado: gafas de seguridad con protección lateral. Llevar prendas de protección: Recomendado: Traje de protección , bata de laboratorio. No comer, beber ni fumar durante su utilización. Lavarse las manos concienzudamente tras la manipulación. EN CASO DE INHALACIÓN: Transportar a la persona al aire libre y mantenerla en una
posición que le facilite la respiración. Llamar inmediatamente a un centro de
información toxicológica o a un médico. EN CASO DE INGESTIÓN: Llamar
inmediatamente a un centro de información toxicológica o a un médico. Enjuagarse la boca. NO provocar el vómito. EN CASO DE CONTACTO CON LA PIEL (o el pelo): Quitar inmediatamente todas las prendas contaminadas. Aclararse la piel con agua o ducharse. Lavar las prendas contaminadas antes de volver a usarlas. Llamar inmediatamente a un centro de información toxicológica o a un médico. EN CASO DE CONTACTO CON LOS OJOS: Aclarar cuidadosamente con agua durante varios minutos. Quitar las lentes de contacto, si lleva y resulta fácil. Seguir aclarando. Llamar inmediatamente a un centro de información toxicológica o a un médico. Guardar cerrado. Eliminar el contenido y el recipiente de acuerdo con las normativas locales, regionales, nacionales e internacionales.",e,g,1,1
KAO-QB00078,Q0203002,TETRANYL BC-80E,"61789-71-7, 67-63-0",PELIGRO,+34 93 739 9445,Líquidos y vapores inflamables. Nocivo en caso de ingestión o en contacto con la piel. Provoca quemaduras graves en la piel y lesiones oculares graves.,"Llevar guantes de protección: > 8 horas (tiempo de detección): goma de butilo,
neopreno. Llevar gafas o máscara de protección: Recomendado: gafas de seguridad con protección lateral. Llevar prendas de protección: Recomendado: Traje de protección , bata de laboratorio. Mantener alejado del calor, de superficies calientes, de chispas, de llamas abiertas y de cualquier otra fuente de ignición. No fumar. Utilizar un material eléctrico, de ventilación, de iluminación y todos los equipos de manipulación de materiales antideflagrantes. Utilizar únicamente herramientas que no produzcan chispas. Tomar medidas de precaución contra descargas electrostáticas. Mantener el recipiente herméticamente cerrado. No comer, beber ni fumar durante su utilización. Lavarse las manos concienzudamente tras la manipulación. EN CASO DE INHALACIÓN: Transportar a la persona al aire libre y mantenerla en una posición que le facilite la respiración. Llamar inmediatamente a un centro de información toxicológica o a un médico. EN CASO DE INGESTIÓN: Llamar inmediatamente a un centro de información toxicológica o a un médico. Enjuagarse la boca. NO provocar el vómito. EN CASO DE  CONTACTO CON LA PIEL (o el pelo): Quitar inmediatamente todas las prendas contaminadas. Aclararse la piel con agua o ducharse. Lavar las prendas contaminadas antes de volver a usarlas. Llamar inmediatamente a un centro de información toxicológica o a un médico. EN CASO DE CONTACTO CON LA PIEL: Lavar con agua y jabón abundantes. Llamar a un centro de información toxicológica o a un médico en caso de malestar. Quitar las prendas contaminadas y lavarlas antes de volver a usarlas. EN CASO DE CONTACTO CON  OJOS OJOS: Aclarar cuidadosamente con agua durante varios minutos. Quitar las lentes de contacto, si lleva y resulta fácil. Seguir aclarando. Llamar inmediatamente a un centro de información toxicológica o a un médico. Guardar cerrado. Almacenar en un lugar bien ventilado. Mantener en lugar fresco. : Eliminar el contenido y el recipiente de acuerdo con las normativas locales, regionales, nacionales e internacionales.",b,e,g,1
KAO-QB00030,Q0203004,DANOX BT60 ,No Aplica,PELIGRO,+34 93 739 9445,Líquidos y vapores inflamables. Nocivo en caso de ingestión o en contacto con la piel. Provoca quemaduras graves en la piel y lesiones oculares graves.,"Llevar guantes de protección: > 8 horas (tiempo de detección): goma de butilo. Llevar gafas o máscara de protección: Recomendado: gafas anti-salpicaduras , máscara. Llevar prendas de protección: Recomendado: traje protector resistente a los químicos.  mantener alejado del calor, de superficies calientes, de chispas, de llamas abiertas y de cualquier otra fuente de ignición. No fumar. Utilizar un material eléctrico, de ventilación, de iluminación y todos los equipos de manipulación de materiales antideflagrantes. Utilizar únicamente herramientas que no produzcan chispas. Tomar medidas de precaución contra descargas electrostáticas. Mantener el recipiente herméticamente cerrado. No comer, beber ni fumar durante su utilización. Lavarse las manos concienzudamente tras la manipulación. EN CASO DE INHALACIÓN: Transportar a la persona al aire libre y mantenerla en una posición que le facilite la respiración. Llamar inmediatamente a un centro de información toxicológica o a un médico. EN CASO DE INGESTIÓN: Llamar
inmediatamente a un centro de información toxicológica o a un médico. Enjuagarse la boca. NO provocar el vómito. EN CASO DE CONTACTO CON LA PIEL (o el pelo): Quitar inmediatamente todas las prendas contaminadas. Aclararse la piel con agua o ducharse. Lavar las prendas contaminadas antes de volver a usarlas. Llamar inmediatamente a un centro de información toxicológica o a un médico. EN CASO DE CONTACTO CON LA PIEL: Lavar con agua y jabón abundantes. Llamar a un centro de información toxicológica o a un médico en caso de malestar. Quitar las prendas contaminadas y lavarlas antes de volver a usarlas. EN CASO DE CONTACTO CON LOS OJOS: Aclarar cuidadosamente con agua durante varios minutos. Quitar las lentes de contacto, si lleva y resulta fácil. Seguir aclarando. Llamar inmediatamente a
un centro de información toxicológica o a un médico. Guardar cerrado. Almacenar en un lugar bien ventilado. Mantener en lugar fresco. Eliminar el contenido y el recipiente de acuerdo con las normativas locales, regionales, nacionales e internacionales.",b,e,g,1
KAO-QB00066,Q0203005,QUARTAMIN B18 , - , - , - , - , - ,1,1,1,1
KAO-QB00028,Q0204001,CORROMIN E-4,No aplicable,PELIGRO,+34 93 739 9445,Líquidos y vapores inflamables. Nocivo en caso de ingestión. Provoca quemaduras graves en la piel y  lesiones oculares graves. Puede provocar una reacción alérgica en la piel. Puede provocar somnolencia o vértigo. Provoca daños en los órganos tras exposiciones prolongadas o repetidas.,"Llevar guantes de protección: > 8 horas (tiempo de detección): goma de butilo , Viton®. Llevar gafas o máscara de protección: Recomendado: gafas anti-salpicaduras , máscara. Llevar prendas de protección: Recomendado: Traje de protección. Mantener alejado del calor, de superficies calientes, de chispas, de llamas abiertas y de cualquier otra fuente de ignición. No fumar. Utilizar un material eléctrico, de ventilación, de iluminación y todos los equipos de manipulación de materiales antideflagrantes. Utilizar únicamente herramientas que no produzcan chispas. Tomar medidas de precaución contra descargas electrostáticas. Mantener el recipiente herméticamente cerrado. Utilizar únicamente en exteriores o en un lugar bien ventilado. No respirar los vapores. No comer, beber ni fumar durante su utilización. Lavarse las manos concienzudamente tras la manipulación.  Consultar a un médico en caso de malestar. EN CASO DE INHALACIÓN: Transportar a la víctima al exterior y mantenerla en reposo en una posición confortable para respirar. Llamar inmediatamente a un centro de información toxicológica o a un médico. EN CASO DE INGESTIÓN: Llamar inmediatamente a un centro de información toxicológica o a un médico. Enjuagarse la boca. NO provocar el vómito. EN CASO DE CONTACTO CON LA PIEL (o el pelo): Quitar inmediatamente todas las prendas contaminadas. Aclararse la piel con agua o ducharse. Lavar las prendas contaminadas antes de volver a usarlas. Llamar inmediatamente a un centro de información toxicológica o a un médico. EN CASO DE CONTACTO CON LA PIEL: Lave la piel contaminada con el de 3% de ácido acético o el agente que contiene Diphoterin (por ejemplo, Previn ®). En caso de irritación o erupción cutánea: Consultar a un médico. EN CASO DE CONTACTO CON LOS OJOS: Lavar inmediatamente  con un agente que contenga Diphoterin (por ejemplo, Previn ®), levantando casionalmente los párpados superior e inferior.  Quitar las lentes de contacto, si lleva y resulta fácil. Seguir  aclarando. Llamar inmediatamente a un centro de información toxicológica o a un médico. Guardar cerrado. Almacenar en un lugar bien ventilado. Mantener en lugar fresco. Eliminar el contenido y el recipiente de acuerdo con las normativas locales, regionales, nacionales e internacionales.",b,g,h,e
KAO-QB00022,Q0206002,AMIET 502 TAMBOR 175 KGS,61791-26-2,PELIGRO,+34 93 739 9445,Nocivo en caso de ingestión. Provoca quemaduras graves en la piel y lesiones oculares graves.,"Llevar guantes de protección: > 8 horas (tiempo de detección): goma de butilo. Llevar gafas o máscara de protección: Recomendado: gafas anti-salpicaduras. Llevar prendas de protección: Recomendado: bata de laboratorio , Traje de protección. No comer, beber ni fumar durante su utilización. Lavarse las manos concienzudamente tras la manipulación. EN CASO DE INGESTIÓN: Llamar a un centro de información toxicológica o a un médico en caso de malestar. Enjuagarse la boca. EN CASO DE CONTACTO CON LA PIEL: Lave la piel contaminada con el de 3% de ácido acético o el agente que contiene Diphoterin (por ejemplo, Previn ®). Quitarse las prendas contaminadas. Lavar las prendas contaminadas antes de volver a usarlas. En caso de irritación cutánea: Consultar a un médico. EN CASO DE CONTACTO CON LOS OJOS: Lavar inmediatamente con un agente que contenga Diphoterin (por ejemplo, Previn ®), levantando ocasionalmente los párpados superior e inferior.  Quitar las lentes de contacto, si lleva y resulta fácil. Seguir aclarando. Llamar  nmediatamente a un centro de información toxicológica o a un médico. Guardar cerrado. Eliminar el contenido y el recipiente de acuerdo con las normativas locales, regionales, nacionales e internacionales.",e,g,1,1
KAO-QB00049,Q0208004,FORMOX DMCD (E),No aplicable,PELIGRO,+34 93 739 9445,Provoca lesiones oculares graves. Provoca irritación cutánea.,"Llevar guantes de protección: > 8 horas (tiempo de detección): goma de butilo. Llevar gafas o máscara de protección: Recomendado: gafas anti-salpicaduras. Lavarse las manos concienzudamente tras la manipulación. EN CASO DE CONTACTO CON LA PIEL: Lavar con agua y jabón abundantes. Quitar las prendas contaminadas y lavarlas antes de volver a usarlas. En caso de irritación cutánea: Consultar a un médico. EN CASO DE CONTACTO CON LOS OJOS: Aclarar cuidadosamente con agua durante varios minutos. Quitar las lentes de contacto, si lleva y resulta fácil. Seguir aclarando. Llamar inmediatamente a un centro de información toxicológica o a un médico. ",1,1,e,1
,Q0208005,ACIDO GRASO TO (ACIDO OLEICO QK),61790-12-3,SIN PALABRA,+34 93 739 9445,No Aplicable,No Aplicable,1,1,1,1
KAO-QB00042,Q0208009,EMAL 10-N (LAURIL SULFATO DE SODIO) ,73296-89-6,PELIGRO,+34 93 739 9445,Nocivo en caso de ingestión. Provoca lesiones oculares graves. Provoca irritación cutánea.,"Llevar guantes de protección: > 8 horas (tiempo de detección): goma de butilo, Viton®, caucho nitrílico, neopreno. Llevar gafas o máscara de protección: Recomendado: gafas anti-salpicaduras. No comer, beber ni fumar durante su utilización. Lavarse las manos concienzudamente tras la manipulación.  EN CASO DE INGESTIÓN: Llamar a un centro de información toxicológica o a un médico en caso de malestar. Enjuagarse la boca. EN CASO DE CONTACTO CON LA PIEL: Lavar con agua y jabón abundantes. Quitar las prendas contaminadas y lavarlas antes de volver a usarlas. En caso de irritación cutánea: Consultar a un médico. EN CASO DE CONTACTO CON LOS OJOS: Aclarar cuidadosamente con agua durante varios minutos. Quitar las lentes de contacto, si lleva y resulta fácil. Seguir aclarrando. Llamar inmediatamente a un centro de información toxicológica o a un médico. Eliminar el contenido y el recipiente de acuerdo con las normativas locales, regionales, nacionales e internacionales.",e,1,g,1
KAO-QB00044,Q0208012,EMAL 227 (LESS QKA),No Aplicable,PELIGRO,+34 93 739 9445,Provoca lesiones oculares graves. Provoca irritación cutánea.,"Llevar guantes de protección. Llevar gafas o máscara de protección. Lavarse las manos concienzudamente tras la manipulación. EN CASO DE CONTACTO CON LA PIEL: Lavar con agua y jabón abundantes. Quitar las prendas contaminadas y lavarlas antes de volver a usarlas. En caso de irritación cutánea: Consultar a un médico. EN CASO DE CONTACTO CON LOS OJOS: Aclarar cuidadosamente con agua durante varios minutos. Quitar las lentes de contacto, si lleva y resulta fácil. Seguir aclarando. Llamar inmediatamente a un centro de información toxicológica o a un médico. ",e,1,1,1
KAO-QB00019,Q0208016,ALFANOX 46 ,68439-57-6,PELIGRO,+34 93 739 9445,Provoca lesiones oculares graves. Provoca irritación cutánea.,"Llevar guantes de protección: > 8 horas (tiempo de detección): goma de butilo, Viton®, caucho nitrílico, neopreno. Llevar gafas o máscara de protección: Recomendado: gafas anti-salpicaduras , gafas de seguridad con protección lateral. Lavarse las manos concienzudamente tras la manipulación. EN CASO DE CONTACTO CON LA PIEL: Lavar con agua y jabón abundantes. Quitarse las prendas contaminadas. Lavar las prendas contaminadas antes de volver a usarlas. En caso de irritación cutánea: Consultar a un  médico. EN CASO DE CONTACTO CON LOS OJOS: Aclarar cuidadosamente con agua durante varios minutos. Quitar las lentes de contacto, si lleva y resulta fácil. Seguir aclarando. Llamar inmediatamente a un centro de información toxicológica o a un médico. ",1,e,1,1
KAO-QB00029,Q0208017,DANOX 511-B ,"61791-14-8, 70592-80-2, 61790-85-0",PELIGRO,+34 93 739 9445,Nocivo en caso de ingestión. Provoca quemaduras graves en la piel y lesiones oculares graves. Provoca daños en los órganos tras exposiciones prolongadas o repetidas.,"Llevar guantes de protección: > 8 horas (tiempo de detección): goma de butilo. Llevar gafas o máscara de protección: Recomendado: gafas anti-salpicaduras , gafas de seguridad con protección lateral. Llevar prendas de protección:  ecomendado: Traje de protección , bata de laboratorio. No respirar los vapores. No comer, beber ni fumar durante su utilización. Lavarse las manos concienzudamente tras la manipulación. Consultar a un médico en caso de malestar. EN CASO DE INHALACIÓN: Transportar a la persona al aire libre y mantenerla en una posición que le facilite la respiración. Llamar inmediatamente a un centro de información toxicológica o a un médico. EN CASO DE INGESTIÓN: Llamar inmediatamente a un centro de información toxicológica o a un médico. Enjuagarse la boca. NO provocar el vómito. EN CASO DE CONTACTO CON LA PIEL (o el pelo): Quitar inmediatamente todas las prendas contaminadas. Aclararse la piel con agua o ducharse. Lavar las prendas contaminadas antes de volver a usarlas. Llamar inmediatamente a un centro de información toxicológica o a un médico. EN CASO DE CONTACTO CON LOS OJOS: Aclarar cuidadosamente con agua durante varios minutos. Quitar las lentes de contacto, si lleva y resulta fácil. Seguir aclarando. Llamar inmediatamente a un centro de información toxicológica o a un médico. Guardar cerrado. Eliminar el contenido y el recipiente de acuerdo con las normativas locales, regionales, nacionales e internacionales.",e,h,g,1
KAO-QB00043,Q0208020,EMAL 10G,73296-89-6,PELIGRO,+34 93 739 9445,Nocivo en caso de ingestión. Provoca lesiones oculares graves. Provoca irritación cutánea.,"Llevar guantes de protección: > 8 horas (tiempo de detección): goma de butilo, Viton®, caucho nitrílico, neopreno. Llevar gafas o máscara de protección:  Recomendado: gafas anti-salpicaduras. No comer, beber ni fumar durante su  tilización. Lavarse las manos concienzudamente tras la manipulación.  EN CASO DE INGESTIÓN: Llamar a un centro de información toxicológica o a un médico en caso de malestar. Enjuagarse la boca. EN CASO DE CONTACTO CON LA PIEL: Lavar con agua y jabón abundantes. Quitar las prendas contaminadas y lavarlas antes de volver a usarlas. En caso de irritación cutánea: Consultar a un médico. EN CASO DE CONTACTO CON LOS OJOS: Aclarar cuidadosamente con agua durante varios minutos. Quitar las lentes de contacto, si lleva y resulta fácil. Seguir aclarando. Llamar inmediatamente a un centro de información toxicológica o a un médico. Eliminar el contenido y el recipiente de acuerdo con las normativas locales, regionales, nacionales e internacionales.",1,e,g,1
KAO-QB00060,Q0209001,POIZ 535 ,No Aplicable,Sin palabra de advertencia.,+34 93 739 9445,No Aplicable,No Aplicable,1,1,1,1
,Q0209004,DIAMIN OE ,No Aplicable,PELIGRO,+34 93 739 9445,Nocivo en caso de ingestión. Provoca quemaduras graves en la piel y lesiones oculares graves. Provoca daños en los órganos tras exposiciones prolongadas o repetidas.,"Llevar guantes de protección: > 8 horas (tiempo de detección): goma de butilo. Llevar gafas o máscara de protección: Recomendado: máscara. Llevar prendas de protección: Recomendado: Traje de protección , bata de laboratorio. No respirar los vapores. No comer, beber ni fumar durante su utilización. Lavarse las manos concienzudamente tras la manipulación. EN CASO DE INHALACIÓN: Transportar a la víctima al exterior y mantenerla en reposo en una posición confortable para respirar. Llamar inmediatamente a un centrode información toxicológica o a un médico. EN CASO DE INGESTIÓN: Llamar inmediatamente a un centro de información toxicológica o a un médico. Enjuagarse la boca. NO provocar el vómito. EN CASO DE CONTACTO CON LA PIEL (o el pelo): Quitar inmediatamente todas las prendas contaminadas. Lave la piel contaminada con el de 3% de ácido acético o el agente que contiene Diphoterin (por ejemplo, Previn ®). Lavar las prendas contaminadas antes de volver a usarlas. Llamar inmediatamente a un centro de información toxicológica o a un médico. EN CASO DE CONTACTO CON LOS OJOS: Lavar inmediatamente con un agente que contenga Diphoterin (por ejemplo, Previn ®), levantando ocasionalmente los párpados superior e inferior.  Quitar las lentes de contacto, si lleva y resulta fácil. Seguir aclarando. Llamar inmediatamente a un centro de información toxicológica o a un médico.",e,h,1,g
,Q0301001,ACEITE DE PINO Y40,8002 – 9 – 3,ATENCION,+55 5831 7905 ,"H226: líquido y vapores inflamables. H334: puede provocar síntomas de alergia o asma o dificultades respiratorias si se inhala.  H400: no dispersar en el medio ambiente/no es
su uso destinado.
","P233: mantener alejado del calor/de chispas/de llamas al descubierto/de superficies calientes. No fumar. P235: mantener el recipiente herméticamente cerrado. P241: utilizar un material eléctrico/de ventilación/iluminación/…/antideflagrante. P242: no utilizar herramienta que produzca chispa. P243: tomar medidas de precaución contra las descargas electroestáticas. P280: usar guantes y equipo de protección personal para ojos/cara. P303, P361, y P353: en caso de contacto con la piel o el pelo: quitar inmediatamente la ropa contaminada. Enjuagar la piel con agua/ducharse. P370 y P378: en caso de incendio utilizar para la extinción: polvo químico seco (extintor de PQS) P391: recoger los vertidos.
P501: eliminar el contenido del recipiente conforme a la
reglamentación/local/nacional/internacional.
",g,h,b,1
VAR-QB00005,Q0301002,ACEITE DE PINO Y55,8002 – 9 – 3,ATENCION,+55 5831 7905 ,"H226: líquido y vapores inflamables. H334: puede provocar síntomas de alergia o asma o dificultades respiratorias si se inhala.  H400: no dispersar en el medio ambiente/no es
su uso destinado.
","P233: mantener alejado del calor/de chispas/de llamas al descubierto/de superficies calientes. No fumar. P235: mantener el recipiente herméticamente cerrado. P241: utilizar un material eléctrico/de ventilación/iluminación/…/antideflagrante. P242: no utilizar herramienta que produzca chispa. P243: tomar medidas de precaución contra las descargas electroestáticas. P280: usar guantes y equipo de protección personal para ojos/cara. P303, P361, y P353: en caso de contacto con la piel o el pelo: quitar inmediatamente la ropa contaminada. Enjuagar la piel con agua/ducharse. P370 y P378: en caso de incendio utilizar para la extinción: polvo químico seco (extintor de PQS) P391: recoger los vertidos.
P501: eliminar el contenido del recipiente conforme a la
reglamentación/local/nacional/internacional.
",g,h,b,1
VAR-QB00006,Q0301003,ACEITE MINERAL QB 85,8012-95-1; 8042-47-5,Sin palabra de advertencia.,01 800 00 21400,No Aplicable,No Aplicable,1,1,1,1
VAR-QB00159,Q0301013,ACEITE DE PINO V55 NO UTILIZAR, - , - , - ,  -   , - ,1,1,1,1
VAR-QB00015,Q0302002,ALCOHOL E. DESTUFADO , - , - , - ,  -   , - ,1,1,1,1
VAR-QB00018,Q0302004,ALCOHOL LAURICO 9 MOLES, - ,PELIGRO, - ,H302: Nocivo en caso de ingestión. H315: Provoca irritación cutánea. H313: Puede ser nocivo en contacto con la piel. H318: Provo lesiones oculares graves.,"P264: Lavarse concienzudamente tras la manipulación.P270: No comer, beber ni fumar durante su utilización. P280: Llevar guantes/prendas/gafas/mascara de protección. P301+ P312: EN CASO DE INGESTION: Llamar a un centro de
información toxicológica o a un médico si se encuentra mal. P302+ P352: EN CASO DE CONTACTO CON LA PIEL: Lavar con agua y jabón abundante.
P310: Llamar inmediatamente a un centro de información toxicológica o aun medico. P312: Llamar a un centro de toxicología o medico si la persona se
encuentra mal. P321: Tratamiento específico (ver sección 4 en esta FDS)
P330: Enjuagarse la boca. P332+ P313: En caso de irritación cutánea consultar a un medico. P362+ P364: Quitar la ropa contaminada y lavarla antes de volverla
a usar",g,e,1,1
VAR-QB00105,Q0302005,IPA , - , - , - ,  -   , - ,1,1,1,1
VAR-QB00008,Q0303001,ACIDO CITRICO,77- 92- 9,ATENCION, - ,H319: Provoca irritación ocular grave.,"P264: Lavarse las manos concienzudamente tras la manipulación. P280: Llevar guantes/prendas/gafas/mascara de protección. P305+ P351+ P338: EN CASO DE CONTACTO CON LOS OJOS, aclarar cuidadosamente con agua durante varios minutos. Quitar las lentes de contacto, si lleva y resulta fácil. Seguir aclarando. P337+ P313: Si persiste la irritación ocular consulte a un médico.",g,1,1,1
VAR-QB00009,Q0303003,ACIDO ESTEARICO AE-5001 TRIPLE PRENSADO (COSMETICO),No Aplica,ATENCION,01 800 00 21400; 01 (55) 55 59 15 88,H413 puede causar efecto nocivos duraderos en la vida acuática,P273 evitar su liberación al medio ambiente,g,1,1,1
VAR-QB00011,Q0303005,ADBS QB,27176-87-0,PELIGRO,SETIQ: 01800-00-214-00 HARMONY CHEM: 01-779-79-6-26-85,H301: Toxico en caso de ingestión H305: puede ser nocivo en caso de ingestión y de penetración en las vías respiratorias H314: provoca graves quemaduras en la piel y lesiones oculares H315: provoca irritación cutánea H318: provoca lesiones oculares graves H402: nocivo para los organismos acuáticos graves,"P207 – no comer, beber ni fumar durante la utilización de este producto. P264 – lavarse las manos concienzudamente tras la manipulación.  P301+P312 – EN CASO DE INGESTION: si se siente mal, llame a un CENTRO DE INFORMACION TOXICOLOGICA/medico. P301+P330+P331 – EN CASO DE INGESTION: enjuagar la boca. NO induzca el vómito. P303+P361+P353 – EN CASO DE CONTACTO CON LA PIEL (o el pelo): quitar inmediatamente la ropa contaminada. Aclararse la piel con agua/ducharse. P304+P340+P311 - EN CASO DE INHALACION: transportar a la víctima al exterior y mantenerla en reposo en una posición confortable para respirar. Llamar inmediatamente a un centro de toxicología/medico, P305+P351+P338 - EN CASO DE CONTACTO CON LOS OJOS: enjuague bien con agua durante varios minutos. En el caso de las lentes de contacto, quitarlas, si es fácil. Continúe enjuagando. P501: eliminar el contenido/el recipiente en un punto de recogida de residuos especiales.",g,e,1,1
VAR-QB00069,Q0304001,DBSS,25155-30-0,ATENCION,01800- 00- 214- 00 / 01-779- 79- 6- 26- 85,"H302: Nocivo en caso de ingestión. H315: Irritación a la piel, corrosión/irritación. H318: Daño en los ojos, lesiones oculares graves/irritación.","P264: Lávese cuidadosamente después de la manipulación. P270: No coma, beba o fume cuando esté usando este producto. P280: Use guantes protectores ropa protección, lentes de protección y protección para la cara y los ojos. P261: Evite respirar el polvo, humo, gas, niebla, vapor o spray. P301+P312: SI SE INGIERE: Llamar a un centro de toxicología o al doctor si no se siente bien. P302+P352: SI SE ENCUENTRA EN LA PIEL: Lavar con abundante jabón y agua. P305+P351+P338: SI SE ENCUENTRA EN LOS OJOS: Enjuague cuidadosamente con agua por varios minutos, remueva los lentes de contacto. P321: Tratamiento específico. P330: Enjuagar la boca. P332+P313: Si hay  rritación en la piel: consiga atención médica. P501: Eliminar el contenedor de acuerdo a las regulaciones nacionales",g,1,1,1
VAR-QB00111,Q0304005,LSA QH,2235- 54- 3,ATENCION,+52 5552 2955 55,H315: Provoca irritación cutánea. H319: Provoca irritación ocular grave,P264: Lavarse piel concienzudamente tras la manipulación. P280: Llevar uantes/gafas/mascara de protección.  P302+ P352 EN CASO DE CONTACTO CON LA PIEL: Lavar con abundante agua. P305+ P351+ P338: EN CASO DE CONTACTO CON LOS OJOS: Enjuagar con agua cuidadosamente durante varios minutos. Quitar los lentes de contacto cuando estén presentes y pueda hacerse. con facilidad. Proseguir con el lavado. P332+ P313 EN CASO DE IRRITACION CUTANEA: Consultar a un médico. P362+ P364: Quitar prendas contaminadas y lavarlas antes de volver a usarlas.,g,1,1,1
VAR-QB00122,Q0304007,NF-600,No Aplica,PELIGRO,01-800-00-214,"H302: Nocivo en caso de ingestión. H313: Puede ser nocivo en contacto con la piel. H315: Provoca irritación cutánea. H318: Provoca lesiones oculares graves. H401: Toxico para los organismos acuáticos. H411: Toxico para los organismos acuáticos, con efectos nocivos duraderos.","P264: Lavarse las manos completamente después de su manipulación. P270: No comer, beber o fumar mientras se manipula este producto. P273: No dispersar en el medio  mbiente. P280: Usar guantes/ropa/lentes de protección. P301+P312: En caso de ingestión llamar a un centro de toxicología si la persona se encuentra mal. P302+P352: En caso de contacto con la piel lavar con abundante agua. P305+P351+P338: En caso de contacto con los ojos enjuagar con agua cuidadosamente durante varios minutos. Quitar los lentes de contacto cuando estén presentes y pueda hacerse con facilidad. Proseguir con el lavado. P310: Llamar inmediatamente a un centro de toxicología. P332+P313: En caso de irritación cutánea consultar a un médico. P330: Enjuagarse la boca P362+P364: Quitar la ropa contaminada y lavarla antes de volverla a usar. P391: Recoger el vertido. P401: Guardar con forme a lo indicado en la sección VII.  Eliminar el contenido/recipiente conforme a la reglamentación local.",g,e,i,1
VAR-QB00030,Q0304008,BETAINA QB,61789-40-0,ATENCION,-,H319: Provoca irritación ocular grave,P305+ P351+ P338 EN CASO DE CONTACTO CON LOS OJOS: Enjaguar con agua cuidadosamente durante varios minutos. Quitar lentes de contacto cuando estén presentes y pueda hacerse con facilidad. Proseguir con el lavado. P313: Consultar a un médico. P301+ P330+ P331 EN CASO DE INGESTION: Enjuagar la boca. No provocar el vomito. P302+ P352 EN CASO DE CONTACTO CON LA PIEL: Lavar con abundante agua.,g,1,1,1
VAR-QB00119,Q0304010,NF1000 QB,127087-87-0,ATENCION,01-800-00-214-00,H302: Nocivo en caso de ingestión. H313: puede ser nocivo en contacto con la piel. H315: provoca irritación cutánea. H319: provoca irritación ocular grave. H402: nocivo para los organismos acuáticos.,"P264: lavarse las manos y la cara completamente después de su manipulación. Báñese completamente al finalizar su jornada de trabajo. P270: no comer, beber o fumar mientras se manipula este producto. P273: no dispersar en el medio ambiente. P280: usar guantes, ropa de protección, equipo de protección para la cara y ojos. P301+P312: EN CASO DE INGESTION, llamar a un centro de toxicología o medico si la persona se encuentra mal. P330: enjuagarse la boca. P312: llamar a un centro de toxicología o medico si la persona se encuentra mal. P302+P352: EN CASO DE CONTACTO CON LA PIEL: lavar con abundante agua. P321: tratamiento específico (ver sección 4 en esta FDS). P332+P313: en caso de irritación cutánea, consultar un médico.
P362+P364: quitar la ropa contaminada y lavarla antes de volverla a usar.
P305+P351+P338: EN CASO DE CONTACTO CON LOS OJOS: enjuagar con agua  uidadosamente durante varios minutos. Quitar las lentes de contacto cuando estén presentes y pueda hacerse con facilidad. Proseguir el lavado. P501: eliminar el contenido y el recipiente de acuerdo con las normas nacionales o internacionales  igentes.",g,1,1,1
VAR-QB00082,Q0304023,ESTANATO DE SODIO ,-,-,-,-,-,1,1,1,1
VAR-QB00099,Q0305001,GLICEPOL 160,"31566-31-1, 123-94-4, 11099-07-3, 85666-92-8, 85251-77-0",No Aplicable, -  ,No Aplicable,No Aplicable,1,1,1,1
VAR-QB00023,Q0306002,ANTIESPUMANTE,No Aplicable,No Aplicable, - ,No Aplicable,No Aplicable,1,1,1,1
VAR-QB00032,Q0306003,C.M.C.,9004-32-4,ATENCION, - ,Puede provocar irritación cutánea Puede formar concentraciones de polvo combustible en aire.,No Aplicable,1,1,1,1
VAR-QB00076,Q0306005,EDTA,MEZCLA,ATENCION,01 800 002 14/,H303- Puede ser nocivo en caso de ingestión. H315- Provoca irritación cutánea. H319- Provoca irritación ocular grave. H332- Nocivo si se inhala. H351- Susceptible de provocar cáncer. H373- Puede provocar daños en los órganos (tracto respiratorio) tras exposiciones prolongadas o repetidas si se inhala.,"P201: Procurar las instrucciones antes del uso. P202: No manipular antes de haber leído y comprendido todas las precauciones de seguridad. P260: No respirar polvos o nieblas. P264: Lavarse cuidadosamente después de la manipulación. P271: Utilizar solo al aire libre o en un lugar bien ventilado. P280: Usar guantes, ropa de protección y equipo de protección adecuados para ojos y cara. RESPUESTA P302+ P352: EN CASO DE CONTACTO CON LA PIEL lavar con abundante agua. P304+ P340+ P312: EN CASO DE INHALACION transportar la victima al aire libre y mantenerla en reposo en una posición que le facilite la respiración. Llamar un centro de toxicología o a un médico si la persona se encuentra mal. P305+ P351+ P338: EN CASO DE CONTACTO CON LOS OJOS enjuagar con agua cuidadosamente durante varios minutos. Quitar las lentes de contacto cuando estén presentes y pueda hacerse con facilidad. Proseguir con el lavado. P312: Llamar a un centro de toxicología o aun medico si la persona se encuentra mal. P332+ P313: En caso de irritación cutánea consultar a un médico. ALMACENAMIENTO P405: Guardar bajo llave. DISPOSICION P501: Eliminar el contenido/recipiente en un punto de recogida de residuos especiales. ____________________________________________________________________",g,h,1,1
VAR-QB00118,Q0306007,NACARANTE QB,"68585-34-2, 627-83-8, 68140-00-1",ATENCION,01 800 00 21400 ; 01 (55) 55 59 15 88,H319 Causa seria irritación ocular H315 Causa irritación en piel.,"P280 Utilizar equipo de protección personal (lentes, guantes mascarilla). P264 Lavarse bien después de manipularlo. P305+P351+P338 En caso de tener contacto con los ojos enjuagar con abundante agua, si es posible retirar los lentes y continuar enjuagando.",g,1,1,1
VAR-QB00140,Q0306010,TEA USO INDUSTRIAL (TRIETANOLAMINA 85%),102-71-6,PELIGRO,01 800 00 21400,H302 Nocivo en caso de ingestión. H318 Provoca lesiones oculares graves. H315 Provoca irritación cutánea. H373 Puede provocar daños en los órganos tras exposiciones prolongadas o repetidas.,"P270 No comer, beber ni fumar durante la utilización. P302+P352 En caso de contacto con la piel: Lavar con agua y jabón abundantes. P305+P351+P338 En caso de contacto con los ojos: Aclarar cuidadosamente con agua durante varios minutos. Quitar los lentes de contacto, si lleva y resulta fácil. Seguir aclarando. P310 Llamar inmediatamente a un centro de toxicología o aun médico.
P321 Si necesita un tratamiento específico (acuda al médico con la ficha de seguridad de este producto). P362 Quitarse las prendas contaminadas y lavarlas antes de volver a usarlas.",g,e,h,1
VAR-QB00102,Q0306021,GLUCOPON 425 ,110615-47-9 68515-73-1,PELIGRO, - ,H318: Provoca lesiones oculares graves. H402: Nocivo para los organismos acuáticos.,"P280: Llevar guantes, prendas, gafas, mascara de protección. P273: Evitar su liberación al medio ambiente. P305+P351+P338: En caso de contacto con los ojos: Aclarar
cuidadosamente con agua durante varios minutos. Quitar los lentes de contacto, si lleva y resulta fácil. Seguir aclarando. P310: Llamar inmediatamente a un centro de toxicología/medico. P501: Eliminar el contenido/el recipiente en un punto de recogida
de residuos especiales. ",e,1,1,1
VAR-QB00037,Q0306023,CETEARETH-20,68439-49-6,No Aplicable, - ,No Aplicable,No Aplicable,1,1,1,1
VAR-QB00071,Q0306024,DEAC. SY,No Aplicable,ATENCION,5860-2196 / 5860- 2039,H319 provoca irritación ocular grave,"P305+P351+P338 EN CASO DE CONTACTO CON LOS OJOS, enjuagar con agua cuidadosamente durante varios minutos. Quitar lentes de contacto cuando estén presentes y pueda hacerse con facilidad. Proseguir con el lavado. P313 consular un médico. P301+P330+P331 EN CASO DE INGESTION, enjuagar la boca. No provocar el vómito. P303+P352 EN CASO DE CONTACTO CON LA PIEL, lavar con abundante agua. ",g,1,1,1
VAR-QB00070,Q0306025,DEAC. DE COCO,"68603-42-9, 61791-31-9",ATENCION,5860-2196 / 5860- 2039,H319 provoca irritación ocular,"P305+P351+P338 EN CASO DE CONTACTO CON LOS OJOS, enjuagar con agua cuidadosamente durante varios minutos. Quitar lentes de contacto cuando estén presentes y pueda hacerse con facilidad. Proseguir el lavado. P313 Consultar un medico. P301+P330+P331 EN CASO DE INGESTION, enjuagar la boca. No provocar el vomito. P302+P352 EN CASO DE CONTACTO CON LA PIEL, lavar con agua abundante.",g,1,1,1
VAR-QB00151,Q0308002,FORMOL,50-00-0,PELIGRO, - ,H301 Toxico en caso de ingestión. H311 Toxico en contacto con la piel. H314 Provoca quemaduras graves en la piel y lesiones oculares graves. H317 Puede provocar una reacción alérgica en la piel. H331 Toxico en caso de inhalación. H335 Puede irritar las vías respiratorias. H351 Se sospecha que provoca cáncer. H402 Nocivo para la vida acuática.,"P280 Llevar guanterendas/gafas/mascara de protección. Respuesta: P310 Llamar inmediatamente a un centro de información toxicológica o a un médico. P301+P330+P331 En caso de ingestión: Enjuagarse la boca. No provocar el vómito. P303+P361+P353 En caso de contacto con la piel (o el pelo): quitarse inmediatamente las prendas contaminadas. Aclararse la piel con agua o ducharse.
P304+P340 En caso de inhalación: Transportar a la víctima al exterior y mantenerla en reposo en una posición confortable para respirar. P305+P351+P338 En caso de contacto con los ojos: Aclarar cuidadosamente con agua durante varios minutos. Quitar las lentes de contacto, si lleva y resulta fácil. Seguir aclarando.
",f,h,e,1
VAR-QB00093,Q0308005,FONGRABAC MG (CONSERVA GEL SHAMPOO),10377- 60- 3/ 26172- 55- 4 / 2682- 20- 4,PELIGRO,+ 52 55 52 29 55 55,H302: Nocivo en caso de ingestión. H314: Provoca quemaduras graves en la piel y lesiones oculares graves. H317: Puede provocar una reacción alérgica en la piel. H318: Provoca lesiones oculares graves.,"P261: Evitar respirar el polvo/el humo/el gas/la niebla/los vapores/el aerosol. P264: Lavarse la piel concienzudamente tras la manipulación. P270: No comer, beber ni fumar durante su utilización. P272: Las prendas de trabajo contaminadas no podrán sacarse del lugar de trabajo. P280: Llevar guanterendas/gafas/mascara de protección. P301+ P312+ P330 EN CASO DE INGESTION: Llamar a un centro de información
toxicológica o a un médico en caso de malestar. Enjuagarse la boca.
P301+ P330+ P331 EN CASO DE INGESTION: Enjuagarse la boca. No provocar el
vómito.
P303+ P361+ P353 EN CASO DE CONTACTO CON LA PIEL (o el pelo): Quitarse
inmediatamente las prendas contaminadas. Aclararse la piel con agua o ducharse.
P304+ P340+ P310 EN CASO DE INHALACION: Transportar a la víctima al exterior y
mantenerla en reposo en una posición confortable para respirar. Llamar
inmediatamente a un centro de información toxicológica o a un médico.
P305+ P351+ P338+ P310 EN CASO DE CONTACTO CON LOS OJOS: Aclarar cuidadosamente con agua durante varios minutos. Quitar las lentes de contacto, si
lleva y resulta fácil. Seguir aclarando. Llamar inmediatamente a un centro de
información toxicológica o a un médico. P333+ P313: En caso de irritación o erupción cutánea consultar a un médico. P363: Lavar las prendas contaminadas antes de volver a usarlas. P405: Guardar bajo llave. P501: Eliminar el contenido/el recipiente en una planta de eliminación de residuos autorizada.",e,g,1,1
VAR-QB00144,Q0308009,TRICLOSAN,3380-34-5,PELIGRO, - ,H303: Puede ser dañino si se ingiere. H315: Causa irritación en la piel. H319: Causa seria irritación en ojos. H410: Muy dañino en organismos acuáticos con efectos nocivos a largo plazo. ,"P273: Evitar su liberación al medio ambiente. P305+ P351+ P338: En caso de tener contacto con los ojos, lavar con agua cuidadosamente por varios minutos tratando de remover los lentes de contacto si se puede y es fácil de hacerlo, seguir lavando. P501: Eliminar en una planta tratadora de químicos autorizada. ",i,g,1,1
,Q0308016,CLORURO DE BENZALCONIO AL 80% , - , - , - , - , - ,1,1,1,1
,Q0309011,ESPESANTE LIQUIDO AL3645, - , - , - , - , - ,1,1,1,1
VAR-QB00153,Q0309012,ESPESANTE HIDROSOLUBLE 8000 , - , - , - , - , - ,1,1,1,1
VAR-QB00044,Q0310001,COLOR AMARILLO ACIDO 73 (LIMPIADORES) FOSFORECENTE, - , - , - , - , - ,1,1,1,1
VAR-QB00052,Q0310004,COLOR AZUL TURQUESA DIRECTO 86 (LIMPIADORES), - , - , - , - , - ,1,1,1,1
VAR-QB00051,Q0310003,COLOR AZUL BASICO, - , - , - , - , - ,1,1,1,1
VAR-QB00057,Q0310005,COLOR ROJO 114 , - , - , - , - , - ,1,1,1,1
VAR-QB00063,Q0310006,"COLOR VERDE 10 PAMACID (SUAVIZANTE, SHAMPOO) ", - , - , - , - , - ,1,1,1,1
VAR-QB00067,Q0310007,COLOR VIOLETA REACTIVO XXV-VL(LIMPIADORES), - , - , - , - , - ,1,1,1,1
VAR-QB00048,Q0310009,COLOR AMARILLO METANILO 36 (SUAVIZANTE), - , - , - , - , - ,1,1,1,1
VAR-QB00056,Q0310010,"COLOR RODAMINA BASICA ( JABON LIQ,LIMPIADORES)", - , - , - , - , - ,1,1,1,1
VAR-QB00043,Q0310012,COLOR AMARILLO 5 P/GEL, - , - , - , - , - ,1,1,1,1
VAR-QB00042,Q0310013,COLOR AMARILLO .6 P/GEL, - , - , - , - , - ,1,1,1,1
VAR-QB00064,Q0310019,COLOR VERDE LIMON GEL (ESMERALDA), - , - , - , - , - ,1,1,1,1
VAR-QB00065,Q0310020,COLOR VERDE PINO (LIMPIADOR DE PINO), - , - , - , - , - ,1,1,1,1
VAR-QB00053,Q0310021,COLOR DC GREEN No8 (GEL FOSFORECENTE), - , - , - , - , - ,1,1,1,1
VAR-QB00060,Q0310022,COLOR ROJO NO. 5 GEL, - , - , - , - , - ,1,1,1,1
,Q0310025,COLOR HA WOOL VIOLET CON,97404- 02- 9,ATENCION,52 5752 64 80,H319: Causa irritación severa a los ojos.,"P264: Lavarse cuidadosamente después de la manipulación. P280: Usar guantes, ropa de protección y equipo de protección adecuados para ojos y cara. P337+ P313: Si la irritación en los ojos persiste acudir a un médico. P305+ P351+ P338 SI ENTRA EN CONTACTO CON LOS OJOS: Enjuague cuidadosamente con agua durante
varios minutos, no usar chorros. ",g,1,1,1
VAR-QB00054,Q0310028,COLOR NEGRO ACIDO 194, - , - , - , - , - ,1,1,1,1
VAR-QB00049,Q0310030,COLOR AZUL ACIDO 324 (SUAVIZANTE), - , - , - , - , - ,1,1,1,1
VAR-QB00154,Q0311001,DIETILEN GLICOL,111-46-6,ATENCION,01-800-00-21400,H302 Nocivo en caso de ingestión. H373 Puede provocar daños en los órganos tras exposiciones prolongadas o repetidas.,"P230 No respirar el polvo/el humo/el gas/los vapores/el aerosol. P264 Lavarse  oncienzudamente tras la manipulación. P270 No comer, beber ni fumar durante su utilización. P314 Consultar a un médico en caso de malestar. P330 Enjuagarse la boca. P501 Eliminar el contenido/el recipiente en las instalaciones industriales de combustión.",g,h,1,1
VAR-QB00074,Q0311002,DIPROPILEN GLICOL,25265-71-8,No Aplicable,01- 800- 00- 214- 00,No Aplicable,No Aplicable,1,1,1,1
VAR-QB00117,Q0311003,MONOPROPILEN GLICOL,57- 55- 6,No Aplicable,01- 800- 00- 214- 00,No Aplicable,No Aplicable,1,1,1,1
VAR-QB00116,Q0311004,MONOETANOLAMINA  TAMBO 200 KG,141- 43- 5,PELIGRO,01- 800- 00- 21400,"H227: Combustible liquido H302+ H312+ H332: Nocivo en caso de ingestión, contacto con la piel o inhalación. H314: Provoca quemaduras graves en la piel y lesiones oculares graves. H335: Puede irritar las vías  espiratorias.","P260: No respirar el polvo/el humo/el gas/la niebla/los vapores/el aerosol. P280: Llevar guanterendas/gafas/mascara de protección. P303+ P361+ P353: EN CASO DE  ONTACTO CON LA PIEL: Quitar inmediatamente todas las prendas contaminadas. Aclararse la piel con agua/ducharse. P305+ P351+ P338: EN CASO DE CONTACTO CON LOS OJOS: Enjuagar cuidadosamente con agua durante varios minutos. Quitar los lentes de contacto, si llega y resulta fácil. Seguir aclarando. P370+ P378: En caso de incendio utilizar arena, carbono, dióxido o extintor de polvo para la extinción. P403+ P233:  lmacenar en un lugar bien ventilado. Mantener el recipiente cerrado  erméticamente.",g,e,1,1
VAR-QB00146,Q0312003,TWEN 20 QE,9005-64-5,No Aplicable,01 800 00 21400  / 01 (55) 55 59 15 88,No Aplicable,No Aplicable,1,1,1,1
VAR-QB00004,Q0312006,ACEITE DE COCO ,8001- 31 - 8 ,No Aplicable,+55 5831 7905 – SETIQ 01 800 00 214 00,No Aplicable,No Aplicable,1,1,1,1
VAR-QB00141,Q0312008,TERPENOS DE NARANJA,8028- 48- 6,PELIGRO,55 5873 6098,"H226: Líquidos y vapores inflamables. H304: Puede ser mortal en caso de ingestión y penetración en las vías respiratorias. H315: Provoca irritación cutánea. H317: Puede provocar una reacción alérgica en la piel.
H410: Muy toxico para los organismos acuáticos, con efectos nocivos duraderos. ","P210: Mantener alejado del calor, de superficies calientes, de chispas, de llamas abiertas y de cualquier otra fuente de ignición. No fumar. P261: Evitar respirar el polvo/el humo/el gas/la niebla/los vapores/el aerosol. P273: Evitar su liberación al medio ambiente. P280: Llevar guanterendas/gafas/mascara de protección. P301+ P310+ P331 EN CASO DE INGESTIÓN: Llamar inmediatamente a un centro de toxicología/medico. No provocar el vómito. P302+ P352+ P333+ P313 EN CASO DE CONTACTO CON LA PIEL: Lavar con agua y jabón abundantes. En caso de irritación o erupción cutánea. Consultar a un médico. P370+ P378 EN CASO DE INCENDIO: Utilizar dióxido de carbono, espuma, polvo seco o agua pulverizada para la extinción. P391:  Recoger el vertido.",g,h,i,b
VAR-QB00077,Q0312015,EMULBOSS 54, - , - , - , - , - ,1,1,1,1
VAR-QB00075,Q0312017,D-LIMONENO, - , - , - , - , - ,1,1,1,1
VAR-QB00078,Q0313001,EMULSION 37, - ,PELIGRO, - ,H319: Provoca irritación ocular grave,"P264: Lavarse la piel cuidadosamente después de la manipulación. P280: Usar equipo de protección para los ojos/cara. P305+P351+P338: En caso de contacto con los ojos enjuagar con agua durante varios minutos. Quitar lentes de contacto. P337+P313: Si la irritación ocular persiste, consultar a un médico.",g,1,1,1
VAR-QB00039,Q0313002,CICLODIMETICONA 8014 SILIKA, - ,ATENCION, - ,H226: Liquido y vapores inflamables. H361: Susceptible de perjudicar la fertilidad.,"P201: Procurarse las instrucciones antes del uso. P202: No manipular antes de haber leído y comprendido todas las precauciones de seguridad. P210: Mantener alejado del calor/de chispas/ de llamas al descubierto/de superficies calientes. No fumar. P233: Mantener el recipiente herméticamente cerrado. P241: Utilizar material eléctrico, ventilación o de iluminación antideflagrante. P242: No utilizar herramientas que produzcan chispas. P243: Tomar medidas de precaución contra las descargas  lectrostáticas. P280: Usar guantes/ropa de protección/equipo de protección para los ojos/la cara. P303+P361+P353: En caso de contacto con la piel quitar inmediatamente toda la ropa contaminada. Enjuagar la piel con agua. P308+P313: En caso de exposición consultar a un Medico. P405: Guardar bajo llave. P501: Eliminar el contenido/recipiente con un proveedor autorizado.",b,h,1,1
VAR-QB00135,Q0313003,SILICON 1000,No Aplicable,No Aplicable, - ,No Aplicable,No Aplicable,1,1,1,1
VAR-QB00038,Q0313006,CICLODIMETICONA 8002 SILIKA,556-67-2/541-02-3,ATENCION, - ,H226 Liquido y vapores inflamables. H361 Susceptible de perjudicar la fertilidad.,"P201 Procurarse las instrucciones antes del uso P202 No manipular antes de haber leído y comprendido todas las precauciones de seguridad. P210 Mantener alejado del calor/de chipas/de llamas al descubierto/de superficies calientes. No fumar. P233 Mantener el recipiente herméticamente cerrado. P241 Utilizar material eléctrico, ventilación o de iluminación antideflagrante. P242 No utilizar herramientas que produzcan chispas. P243 Tomar medidas de precaución contra descargas electrónicas. P280 Usar guantes/ropa de protección/equipo de protección para los ojos/la cara. P303+P361+P353 En caso de contacto con la piel: quitar inmediatamente toda la ropa contaminada. Enjuagar la piel con agua. P308+P313 En caso de exposición: consultar un médico. P405 Guardar bajo llave. P501 Eliminar el contenido/recipiente con un proveedor autorizado.",b,h,1,1
,Q0313007,CICLODIMETICONA 8050 SILIKA , - , - , - , - , - ,1,1,1,1
,Q0313012,PRONALEN GUARANA , - , - , - , - , - ,1,1,1,1
,Q0313020,PRONALEN ADELAGAZANTE , - , - , - , - , - ,1,1,1,1
VAR-QB00107,Q0313021,KERATINA K100, - , - , - , - , - ,1,1,1,1
VAR-QB00083,Q0313023,EXFOLIANTE OLIVE 6 , - , - , - , - , - ,1,1,1,1
VAR-QB00100,Q0315001,GLICERINA USP,56- 81- 5,Atención,(01) (55) 54 49 63 91 (directo).,Toxicidad aguda por inhalacion,"P261- Evitar respirar nieblas, vapores o aerosoles. P271- Utilizar solo al aire libre o en un lugar bien ventilado. P304+ P340- En caso de inhalación: transportar a la persona al aire libre y mantenerla en una posición que le facilite la respiración. P312- Llamar a un centro de toxicología/medico si la persona se siente mal.",g,1,1,1
VAR-QB00114,Q0315002,MIRISTATO DE ISOPROPILO, - , - , - , - , - ,1,1,1,1
VAR-QB00091,Q0316013,FISION HAIR MOISTURE,No Aplicable,No Aplicable,+1 (973) 298- 8850 +1 (800) 222- 1222,No Aplicable,No Aplicable,1,1,1,1
VAR-QB00041,Q0316017,COLAGENO (COLLATEIN N359, - , - , - , - , - ,1,1,1,1
VAR-QB00092,Q0316023,FISION SKIN MOUSTURE ,No Aplicable,No Aplicable,+1 (800) 424-9300,No Aplicable,No Aplicable,1,1,1,1
VAR-QB00026,Q0317003,BASE SARRIGEL QB, - , - , - , - , - ,1,1,1,1
PRD-QB00001,Q0317004,BASE AROMATIZANTE, - , - , - , - , - ,1,1,1,1
VAR-QB00036,Q0317009,CERABOSS 4048 BASE, - , - , - , - , - ,1,1,1,1
VAR-QB00034,Q0317010,CERA DE ABEJA BCA ,No Aplicable,-, - ,No Aplicable,No Aplicable,1,1,1,1
VAR-QB00001,Q0317013,ABRILLANTADOR OPTICO POLVO,13463- 67- 7,PELIGRO, - ,H320: Provoca irritación ocular H335: Puede irritar las vías respiratorias H371: Puede causar daños a los órganos H350: Puede causar cáncer,"P201: Procurar las instrucciones antes del uso. P202: No manipular antes de haber leído y comprendido todas.las precauciones de seguridad. P260: No respirar polvos o nieblas. P264: Lavarse cuidadosamente después de la manipulación
P270: No comer, beber o fumar mientras se manipula este producto. P271: Utilizar solo al aire libre o en un lugar bien ventilado. P273: No dispersar en el medio ambiente. P280: Usar guantes, ropa de protección y equipo de protección
adecuados para ojos y cara
",g,h,1,1
VAR-QB00163,Q0317015,ESTABILIZADOR DE PEROXIDO, - , - , - , - , - ,1,1,1,1
VAR-QB00073,Q0317021,DETERCL  30-12,No Aplicable,ATENCION,01800 00 214 00,"[H302] nocivo en caso de ingestión. [H318] provoca lesiones oculares graves. [H401] toxico para los organismos acuáticos. [H412] nocivo para los organismos acuáticos, con efectos nocivos duraderos."," [P264] lavarse las manos cuidadosamente después de la manipulación. [P270] no comer, beber o fumar mientras se manipula el producto. [P273] no dispersar al medio ambiente. [P280] usar guantes, mandil y lentes de seguridad. [P301+P312+P330]  en caso de ingestión: enjuáguese la boca. Llamar a un médico si la persona se encuentra mal. [P302+P352] en caso de contacto con la piel: lavar con abundante agua y jabón. [P362+P364] quitar la ropa contaminada y lavarla antes de volver a usar. [P332+P313] en caso de irritación cutánea consultar a un médico, preferentemente a un dermatólogo. [P305+P351+P338] en caso de contacto con los ojos: enjuagar con agua cuidadosamente durante varios minutos. Quitar los lentes de contacto cuando estén presentes y pueda hacerse con facilidad. Proseguir con el lavado; [P310] llamar inmediatamente a un médico, preferentemente a un oftalmólogo.",1,1,1,1
PRD-QB00008,Q0317024,BOSS DTO EUZKADI , - , - , - , - , - ,1,1,1,1
PRD-QB00002,Q0317025,BASE LIMPIADOR QB12, - , - , - , - , - ,1,1,1,1
PRD-QB00003,Q0317029,BASE SHAMPOO, - ,ATENCION,01800 00214 00,H315 Provoca irritación cutánea. H319 Provoca irritación ocular grave,"P280 Usar guantes/ropa de protección/equipo de protección para la cara/los ojos. P303+P351+P338 En caso de contacto con la piel o el pelo, quitar inmediatamente toda la ropa contaminada. Enjuagar la piel con agua o ducharse. P305+P351+P338 En caso de contacto con los ojos: Enjuagar con agua cuidadosamente durante varios minutos. Quitar los lentes de contacto cuando estén presentes y pueda hacerse con facilidad. Proseguir con el lavado. P314 Consultar a un médico si la persona se encuentra mal. P403+P233 Almacenar en un lugar bien ventilado. Mantener el recipiente herméticamente cerrado.",g,1,1,1
VAR-QB00177,,PLANCHA FACIL MOD 1,No Aplicable,No Aplicable, - ,No Aplicable,No Aplicable,1,1,1,1
VAR-QB00087,Q0318045,EXTRACTO DE JOJOBA , - , - , - , - , - ,1,1,1,1
VAR-QB00013,Q0320006,ALCANFOR ,76-22-2,ATENCION, - ,"H228 – Solido inflamable, H302 – Nocivo en caso de ingestión, H332 – Nocivo en caso de inhalación, H371 – Puede provocar daño en los órganos, H402 – Nocivo para los organismos acuáticos.","P210 – Mantener alejado del calor, de superficies calientes, de chispas, de llamas  biertas y de cualquier otra fuente de ignición. No fumar, P260 – No respirar el polvo/el humo/ el gas/la niebla/los vapores/el aerosol, P273 – Evitar su liberación al medio ambiente, P301+P312+P330 – En caso de ingestión: Llamar a un centro de  toxicología/medico si la persona se encuentra mal. Enjuagarse la boca, P304+P340+P312 – En caso de inhalación: transportar a la persona al aire libre y mantener en posición que le facilite la respiración. Llamar a un centro de toxicología/medico si la persona se encuentra mal, P370+P378 – En caso de incendio: Utilizar dióxido de carbono, espuma, polvo seco o agua pulverizada para su extinción.",b,g,h,1
VAR-QB00040,Q0320008,CITRONELLA ACEITE ES. 100,91771-61-8,PELIGRO, - ,"H303 Puede ser nocivo en caso de ingestión. H315 Provoca irritación cutánea. H317 Puede provocar una reacción alérgica en la piel. H318 Provoca lesiones oculares graves. H411 Toxico para los organismos acuáticos, con efectos nocivos duraderos","P261 Evitar respirar el polvo/el humo/el gas/la niebla/los vapores/el aerosol. P273 Evitar su liberación al medio ambiente P280 Llevar guanterendas/gafas/mascara de protección P302+P352+P333+P313 EN CASO DE CONTACTO CON LA PIEL Lavar con agua y jabón abundantes En caso de Irritación o erupción cutánea Consultar a un medico
P305+P351+P338+P337+P313 EN CASO DE CONTACTO CON LOS OJOS Aclarar cuidadosamente con agua durante varios minutos Quitar las lentes de contacto, si lleva y resulta fácil. Seguir aclarando. Si persiste la irritación ocular: Consultar a un médico. P31Z Llamar a un CENTRO DE TOXICOLOGÍA/médico si la persona se encuentra mal. P391 Recoger el vertido.",g,e,i,1
VAR-QB00085,Q0320010,EXTRACTO DE EUCALIPTO ,8000- 48- 4,PELIGRO,55 5873 6098,"H226: Líquidos y vapores inflamables. H303: Puede ser nocivo en caso de ingestión. H304: Puede ser mortal en caso de ingestión y penetración en las vías respiratorias. H315: Provoca irritación cutánea. H317: Puede provocar una reacción alérgica en la piel. H411: Toxico para los organismos acuáticos, con efectos nocivos duraderos.","P210: Mantener alejado del calor, de superficies calientes, de chispas. de llamas abiertas y de cualquier otra fuente de ignición. No fumar. P261: Evitar respirar el polvo/el humo/el gas/la niebla/los vapores/el
aerosol. P273: Evitar su liberación al medio ambiente. P280: Llevar guanterendas/gafas/mascara de protección. P301+ P310+ P331 EN CASO DE INGESTION: Llamar inmediatamente a un centro de toxicología/medico. No provocar el vómito. P302+ P352+ P333+ P313 EN CASO DE CONTACTO CON LA PIEL: Lavar con agua y jabón abundantes. En caso de irritación o erupción cutánea consultar a un médico. P370+ P378: En caso de incendio utilizar dióxido de carbono, espuma, polvo seco o agua pulverizada para la extinción. P391: Recoger el vertido.",1,1,1,1
VAR-QB00112,Q0320011,MENTA DE BRASIL , - , - , - , - , - ,1,1,1,1
PRD-QB00005,Q0320013,CITRONELLA QBD09, - , - , - , - , - ,1,1,1,1
VAR-QB00133,Q0320019,REPELENTE PARA INSECTOS ,52304-36-6,ATENCION,(55)-21-22-16-59 /  01-800-00-214-00,H319 Provoca irritación ocular grave,P305 + P351 + P338 EN CASO DE CONTACTO CON LOS OJOS: ENJUAGAR CON AGUA CUIDADOSAMENTE DURANTE VARIOS MINUTOS. Quitar las lentes de contacto cuando estén presentes y puedan hacerse con facilidad. Proseguir con el lavado,g,1,1,1
,Q0399016,BASE DETERGENTE,No Aplicable,ATENCION,01800 00214 00,H315 Provoca irritación cutánea. H319 Provoca irritación ocular grave,"P280 Usar guantes/ropa de protección/equipo de protección para la cara/los ojos.
P303+P351+P338 En caso de contacto con la piel o el pelo, quitar inmediatamente toda la ropa contaminada. Enjuagar la piel con agua o ducharse. P305+P351+P338 En caso de contacto con los ojos: Enjuagar con agua cuidadosamente durante varios minutos. Quitar los lentes de contacto cuando estén presentes y pueda hacerse con facilidad. Proseguir con el lavado. P314 Consultar a un médico si la persona se encuentra mal. P403+P233 Almacenar en un lugar bien ventilado. Mantener el recipiente herméticamente cerrado.",g,1,1,1
LUB-QB00009,Q0401001,CARBOPOL 940,No Aplicable,No Aplicable,216-447-5000,No Aplicable,No Aplicable,1,1,1,1
LUB-QB00025,Q0401003,CARBOPOL ULTREZ 21,110-82-7,ATENCION,216-447-5000,H319: Provoca irritación ocular grave. H402: Nocivo para los organismos acuáticos,"P264: Lavarse cuidadosamente después de la manipulación. P280: Usar guantes/ropa de protección/equipo de protección para los ojos/la cara. P273: No dispersar en el medio ambiente. P305+P351+P338: En caso de contacto con los ojos: Enjuagar con agua cuidadosamente durante varios minutos. Quitar las lentes de contacto cuando estén presentes y pueda hacerse con facilidad. Proseguir con el lavado. P337+P313: Si la irritación ocular persiste, consultar a un médico. P501: Eliminar  el contenido/recipiente en una planta apropiada detratamiento y eliminación conforme a las leyes/reglamentaciones aplicables y las características del producto en el momento de la eliminación.",g,1,1,1
LUB-QB00014,Q0401005,CARBOPOL AQUA SF1,No Aplicable,No Aplicable,216-447-5000,No Aplicable,No Aplicable,1,1,1,1
LUB-QB00022,Q0401006,CARBOPOL ULTREZ 10 NF ,No Aplicable,No Aplicable,216-447-5000,No Aplicable,No Aplicable,1,1,1,1
LUB-QB00013,Q0401010,CARBOPOL 99620,71-43-2,PELIGRO,216-447-5000,H340: Puede provocar defectos genéticos. H350: Puede provocar cáncer.,"P201: Procurarse las instrucciones antes del uso. P202: No manipular antes de haber leído y comprendido todas las precauciones de seguridad. P281: Utilizar un equipo de protección individual, según corresponda. P308+P313: EN CASO DE exposición demostrada o supuesta: consultar a un médico. P405: Guardar bajo llave. P501: Eliminar el contenido/recipiente en una planta apropiada de tratamiento y eliminación conforme a las leyes/reglamentaciones aplicables y las características del producto en el momento de la eliminación. ",h,1,1,1
LUB-QB00008,Q0401018,CARBOPOL 934,No Aplicable,No Aplicable,216-447-5000,No Aplicable,No Aplicable,1,1,1,1
LUB-QB00030,Q0402001,FIXATE G100,No Aplicable,No Aplicable,216-447-5000,No Aplicable,No Aplicable,1,1,1,1
LUB-QB00033,Q0402002,FIXATE RSP( GOOD RITE),79-10-7,No Aplicable,216-447-5000,No Aplicable,No Aplicable,1,1,1,1
LUB-QB00034,Q0402005,FIXATE SUPER HOLD,No Aplicable,ATENCION,216-447-5000,H316: Provoca una leve irritación cutánea.,P332+P313: En caso de irritación cutánea: Consultar a un médico.,1,1,1,1
LUB-QB00029,Q0402006,FIXATE (MT) FREESTYLE,No Aplicable,No Aplicable,216-447-5000,No Aplicable,No Aplicable,1,1,1,1
LUB-QB00047,Q0404001,NOVEMER EC1,8042-47-5 / 79-10-7,ATENCION,216-447-5000,H316: Provoca una leve irritación cutánea,P332+P313: En caso de irritación cutánea: Consultar a un médico,1,1,1,1
LUB-QB00068,Q0404006,SILSENSE TM COPOLYOL-1 SILICONE,8042-47-5 / 79-10-7,ATENCION,216-447-5000,H316: Provoca una leve irritación cutánea,P332+P313: En caso de irritación cutánea: Consultar a un médico,1,1,1,1
LUB-QB00060,Q0404008,SCHERCEMOL IDO ,No Aplicable,No Aplicable,216-447-5000,No Aplicable,No Aplicable,1,1,1,1
LUB-QB00037,Q0404019,GLUCAM P20,No Aplicable,No Aplicable,216-447-5000,No Aplicable,No Aplicable,1,1,1,1
LUB-QB00038,Q0404020,GLUCAMATE LT,No Aplicable,No Aplicable,216-447-5000,No Aplicable,No Aplicable,1,1,1,1
LUB-QB00001,Q0404024,ACETULAN , - , - , - , - , - ,1,1,1,1
LUB-QB00061,Q0404026,SCHERCEMOL NGDO,No Aplicable,No Aplicable,216-447-5000,No Aplicable,No Aplicable,1,1,1,1
LUB-QB00040,Q0404039,GLUCATE SS ,No Aplicable,No Aplicable,216-447-5000,No Aplicable,No Aplicable,1,1,1,1
LUB-QB00053,Q0408002,PEMULEN TR-2 ,110-82-7,No Aplicable,216-447-5000,"H412: Nocivo para los organismos acuáticos, con efectos nocivos duraderos.",P273: No dispersar en el medio ambiente. P501: Eliminar el contenido/recipiente en una planta apropiada de tratamiento y eliminación conforme a las leyes/reglamentaciones aplicables y las características del producto en el momento de la eliminación.,1,1,1,1
LUB-QB00051,Q0408012,NOVETHIX L-10,No Aplicable,ATENCION,216-447-5000,H316: Provoca una leve irritación cutánea,P332+P313: En caso de irritación cutánea: Consultar a un médico,1,1,1,1
LUB-QB00064,Q0408013,SENSOMER 10M (POLYQUATERNIUM 10),68610-92-4,ATENCION,216-447-5000,H315: Provoca irritación cutánea. H319: Provoca irritación ocular grave.,"P264: Lavarse cuidadosamente después de la manipulación. P280: Usar guantes/ropa de protección/equipo de protección para los ojos/la cara. P305+P351+P338: En caso de contacto con los ojos: Enjuagar con agua cuidadosamente durante varios minutos. Quitar las lentes de contacto cuando estén presentes y pueda hacerse con facilidad. Proseguir con el lavado. P337+P313: Si la irritación ocular persiste, consultar a un médico. P302+P352: EN CASO DE CONTACTO CON LA PIEL: Lavar con agua y
jabón abundantes. P332+P313: En caso de irritación cutánea: Consultar a un médico. P321: Tratamiento específico (véase en esta etiqueta). P362: Quitar la ropa contaminada y lavarla antes de volverla a usar.",g,1,1,1
LUB-QB00045,Q0408014,MERQUAT 550 (POLIQUATERNIUM 7),26590-05-6,No Aplicable,216-447-5000,H402: Nocivo para los organismos acuáticos.,P501: Eliminar el contenido/recipiente en una planta apropiada de tratamiento y eliminación conforme a las leyes/reglamentaciones aplicables y las características del producto en el momento de la eliminación.,1,1,1,1
LUB-QB00027,Q0408017,CHEMORYL SFB 10-SK,Mezcla,ATENCION,216-447-5000,H315: Provoca irritación cutánea. H319: Provoca irritación ocular grave. H402: Nocivo para los organismos acuáticos,"P264: Lavarse cuidadosamente después de la manipulación. P273: No dispersar en el medio ambiente. P280: Usar guantes/equipo de protección para los ojos/la cara. P302+P352: EN CASO DE CONTACTO CON LA PIEL: Lavar con abundante agua. P332+P313: En caso de irritación cutánea: Consultar a un médico. P321: Tratamiento específico (véase en esta etiqueta). P362+P364: Quitar la ropa contaminada y lavarla antes de volverla a usar. P305+P351+P338: En caso de contacto con los ojos: Enjuagar con agua cuidadosamente durante varios minutos. Quitar las lentes de contacto cuando estén presentes y pueda hacerse con facilidad. Proseguir con el lavado. P337+P313: Si la irritación ocular persiste, consultar a un médico. P501: Eliminar el contenido/recipiente en una planta apropiada de tratamiento y eliminación conforme a las leyes/reglamentaciones aplicables y las características del producto en el momento de la eliminación.",g,1,1,1
LUB-QB00048,Q0408018,NOVERITE 100 , - , - , - , - , - ,1,1,1,1
BSF-QB00001,Q0501001,BUTONAL NX 4190,Mezcla,ATENCION,+55 12 3128-1590,"H319 Provoca irritación ocular grave. H315 Provoca irritación cutánea. H412 Nocivo para los organismos acuáticos, con efectos nocivos duraderos. H401 Tóxico para los organismos acuáticos.","P280 Llevar guantes/gafas/máscara de protección. P273 Evitar su liberación al medio ambiente. P264 Lavarse con agua y jabón concienzudamente tras la manipulación. P305 + P351 + P338 EN CASO DE CONTACTO CON LOS OJOS: Aclarar cuidadosamente con agua durante varios minutos. Quitar las lentes de contacto, si lleva y resulta fácil. Seguir aclarando. P303+ P352 EN CASO DE CONTACTO CON LA PIEL (o con el pelo): Lavar abudantemente con agua y jabón. P332 + P313 En caso de irritación cutánea: Consultar a un médico. P337 + P311 Si persiste la irritación ocular: Llamar a un CENTRO DE TOXICOLOGÍA/médico. P362 + P364 Quitar las prendas contaminadas y lavarlas antes de volver a usarlas.
",g,1,1,1
VAR-QB00142,Q0601018,TRANSCUTOL CG,111-90-0,No Aplicable,NO,No Aplicable,No Aplicable,1,1,1,1
VAR-QB00068,Q0601022,DANAGEL 9254 ,9000-07-1; 9000-40-2  ,-,+1 (800) 424-9300,No Aplicable,No Aplicable,1,1,1,1
ASH-QB00033,Q0806008,OPACIFICANTE A-430,No Aplicable,No Aplicable,00-800-274-5263-3/001-859-357-3564,No Aplicable,No Aplicable,1,1,1,1
ASH-QB00030,Q0806009,NATRIANCE SELF HYDRATE ,No Aplicable,No Aplicable,00-800-274-5263-3/001-859-357-3564,,No Aplicable,1,1,1,1
ASH-QB00020,Q0808010,GERMALL PLUSS LIQ,78491-02-8;  55406-53-6 ,ATENCION,1-614-790-3333,H319 Provoca irritación ocular grave,"P264 Lavarse la piel cuidadosamente después de la manipulación. P280 Usar equipo de protección para los ojos/la cara. P305 + P351 + P338 EN CASO DE CONTACTO CON LOS OJOS: Enjuagar con agua cuidadosamente durante varios
minutos. Quitar las lentes de contacto cuando estén presentes y pueda hacerse con facilidad. Proseguir con el lavado.",g,1,1,1
ASH-QB00032,Q0809002,NATROSOL HHR250,Mezcla,ATENCION,1-800-274-5263,Puede formar concentraciones de polvo combustible en el aire.,Mantener las mezclas de polvo y aire lejos de fuentes de ignición.,1,1,1,1
ASH-QB00040,Q0809005,PVP/VA S-630 , - , - , - , - , - ,1,1,1,1
ASH-QB00047,Q0812006,SURFADONE LP100 ,2687-94-7,PELIGRO,1-800-274-5263,Provoca quemaduras graves en la piel y lesiones oculares graves.,Lavarse la piel concienzudamente tras la manipulación.Llevar guantes/ prendas/ gafas/ máscara de protección. EN CASO DE INGESTIÓN: Enjuagar la boca. NO provocar el vómito. EN CASO DE CONTACTO CON LA PIEL (o el pelo): Quitar inmediatamente todas las prendas contaminadas. Aclararse la piel con  gua/ducharse. EN CASO DE INHALACIÓN: Transportar a la persona al aire libre y mantenerla en una posición que le facilite la respiración. Llamar inmediatamente a un CENTRO DE  OXICOLOGÍA/médico. EN CASO DE CONTACTO CON LOS OJOS: Enjuagar con agua cuidadosamente durante varios minutos. Quitar las lentes de contacto cuando estén presentes y pueda hacerse con facilidad. Proseguir con el lavado. Llamar inmediatamente a un CENTRO DE TOXICOLOG?A/médico. Lavar las prendas contaminadas antes de volver a usarlas. Guardar bajo llave. Eliminar el contenido/ el recipiente en una planta de eliminación de residuos autorizada.,e,1,1,1
ASH-QB00026,Q0813009,N-DURHANCE , - , - , - , - , - ,1,1,1,1
ASH-QB00028,Q0813010,N-HANCE SP100 , - , - , - , - , - ,1,1,1,1
,Q0813011,CAPTIVATES HC001 MICROCAPSULAS ,Mezcla,No Aplicable,1-800-274-5263,No Aplicable,No Aplicable,1,1,1,1
ASH-QB00045,Q0813012,STYLIZE W20,Mezcla,No Aplicable,1-800-274-5263,No Aplicable,No Aplicable,1,1,1,1
ASH-QB00022,Q0813014,LUBRAGEL 0IL ,Mezcla,No Aplicable,1-800-274-5263,No Aplicable,No Aplicable,1,1,1,1
ASH-QB00012,Q0813016,DYNAGEN ,Mezcla,No Aplicable,1-800-274-5263,No Aplicable,No Aplicable,1,1,1,1
ASH-QB00038,Q0813017,PROTECTAGEN ,Mezcla,No Aplicable,1-800-274-5263,No Aplicable,No Aplicable,1,1,1,1
ASH-QB00005,Q0813018,CERAPHYL 70,Mezcla,No Aplicable,1-800-274-5263,No Aplicable,No Aplicable,1,1,1,1
ASH-QB00001,Q0813026,BENECEL ,254504001-5060,ATENCION,1-800-274-5263,Puede formar concentraciones de polvo combustible en el aire,Mantener las mezclas de polvo y aire lejos de fuentes de ignición.,1,1,1,1
ASH-QB00004,Q0813027,CERAPHYL 230 ,No Aplicable,No Aplicable,1-800-274-5263,No Aplicable,No Aplicable,1,1,1,1
ASH-QB00051,Q0816002,VITS PRIMASPONGES BLUE SS MICROESFERA , - , - , - , - , - ,1,1,1,1
ASH-QB00049,Q0816018,TOMASA SHEA BUTTER,No Aplicable,No Aplicable,1-800-274-5263,No Aplicable,No Aplicable,1,1,1,1
ASH-QB00043,Q0817016,SOREZ 100,Mezcla,No Aplicable,1-800-274-5263,No Aplicable,No Aplicable,1,1,1,1
ASH-QB00025,Q0817033,LUNAMATRIX,Mezcla,PELIGRO,1-800-274-5263,Puede provocar una reacción alérgica en la piel. Provoca lesiones oculares graves.,"Evitar respirar el polvo/ el humo/ el gas/ la niebla/ los vapores/el aerosol.
Las prendas de trabajo contaminadas no podrán sacarse del lugar de trabajo. Llevar guantes/ gafas/ máscara de protección. EN CASO DE CONTACTO CON LA PIEL: Lavar con agua y jabón abundantes. EN CASO DE CONTACTO CON LOS OJOS: Aclarar cuidadosamente con agua durante varios minutos. Quitar las lentes de contacto, si lleva y resulta fácil. Seguir aclarando. Llamar  nmediatamente a un CENTRO DE TOXICOLOG?A/médico. En caso de irritación o erupción cutánea: Consultar a un médico. Lavar las prendas contaminadas antes de volver a  sarlas.",E,G,I,1
ASH-QB00024,Q0817035,LUMINI SYSTEM, - , -, -, -, -,1,1,1,1
ASH-QB00044,Q0817036,SOREZ H5205 ,Mezcla,No Aplicable,1-800-274-5263,No Aplicable,No Aplicable,1,1,1,1
ASH-QB00010,Q0817037,COSMEDIA GUAR N HANCE 3196,65497-29-2,ATENCION,1-800-274-5263,H319 Provoca irritación ocular grave,P264 Lavarse la piel cuidadosamente después de la manipulación. P280 Usar equipo de protección para los ojos/la cara. P305 + P351 + P338 EN CASO DE CONTACTO CON LOS OJOS: Enjuagar con agua cuidadosamente durante varios minutos. Quitar las lentes de contacto cuando estén presentes y pueda hacerse con facilidad. Proseguir con el lavado.,g,1,1,1
,Q0820001,CONDITIONIZE 37 (JAYPOL),800986-5072P,No Aplicable,1-800-274-5263,No Aplicable,No Aplicable,1,1,1,1
VAR-QB00113,Q0320005,MENTHOL,2216-51-5,PELIGRO,-,H315 Provoca irritación cutánea. H318 Provoca lesiones oculares graves. H335 puede irritar las vias respiratorias,"P261: Evitar respirar el polvo/el humo/el gas/la niebla/los vapores/el aerosol. P280: Llevar proteccion /gafas de proteccion/mascara de proteccion. P305+p351+p338: quitar los lentes de contacto, si lleva y resulta facil. Seguir aclarando.",e,g,1,1
VAR-QB00106,Q0312009,JABON POTASICO,Mezcla,ATENCION,5558317905,H315: Provoca irritacion cutanea y ocular.,P301+310: EN CASO DE INGESTION: Llamar inmediatamente a un centro de informacion toxicologica o a un medico. P302+P352: EN CASO DE CONTACTO CON LA PIEL Y OCULAR: lavar con agua y jabon abundantes. P331: No provocar vomito.,g,1,1,1
,P0602001,GAV 1150 LP,Mezcla,,,,,1,1,1,1
,P0401004,FLORAL 605,Mezcla,PELIGRO,,,,e,g,1,1
IFF-QB00100,P0303019,MIRACLE 554,Mezcla,ATENCION,,,,i,g,h,e
IFF-QB00258,P1101012,NIV KF001B CR M,Mezcla,ATENCION,,,,G,H,I,1
IFF-QB00104,P0301011,PEACH P757,Mezcla,ATENCION,,,,g,1,1,1
VAR-QB00127,Q0316008,PANTHENOL-D,MEZCLA,,34915620420,,,1,1,1,1
KAO-QB00034,Q0203010,DANOX PL-10,"68585-34-2, 627-83-8, 68140-00-1",ATENCION,01 800 00 21400 ,H319 Causa seria irritación ocular H315 Causa irritación en piel.,"P280 Utilizar equipo de protección personal (lentes, guantes mascarilla). P264 Lavarse bien después de manipularlo. P305+P351+P338 En caso de tener contacto con los ojos enjuagar con abundante agua, si es posible retirar los lentes y continuar enjuagando.",g,1,1,1
,Q0303006,ACIDO DODECIL BENCEN SULFONICO HSC,27176-87-0,PELIGRO,SETIQ: 01800-00-214-00 HARMONY CHEM: 01-779-79-6-26-85,H301: Toxico en caso de ingestión H305: puede ser nocivo en caso de ingestión y de penetración en las vías respiratorias H314: provoca graves quemaduras en la piel y lesiones oculares H315: provoca irritación cutánea H318: provoca lesiones oculares graves H402: nocivo para los organismos acuáticos graves,"P207 – no comer, beber ni fumar durante la utilización de este producto. P264 – lavarse las manos concienzudamente tras la manipulación.  P301+P312 – EN CASO DE INGESTION: si se siente mal, llame a un CENTRO DE INFORMACION TOXICOLOGICA/medico. P301+P330+P331 – EN CASO DE INGESTION: enjuagar la boca. NO induzca el vómito. P303+P361+P353 – EN CASO DE CONTACTO CON LA PIEL (o el pelo): quitar inmediatamente la ropa contaminada. Aclararse la piel con agua/ducharse. P304+P340+P311 - EN CASO DE INHALACION: transportar a la víctima al exterior y mantenerla en reposo en una posición confortable para respirar. Llamar inmediatamente a un centro de toxicología/medico, P305+P351+P338 - EN CASO DE CONTACTO CON LOS OJOS: enjuague bien con agua durante varios minutos. En el caso de las lentes de contacto, quitarlas, si es fácil. Continúe enjuagando. P501: eliminar el contenido/el recipiente en un punto de recogida de residuos especiales.",g,e,1,1
LUB-QB00049,Q0408022,NOVERITE 301 S/P,No Aplicable,No Aplicable,216-447-5000,No Aplicable,No Aplicable,1,1,1,1
VAR-QB00108,Q0303011,LESS 70% S/P,No Aplicable,PELIGRO,+34 93 739 9445,Provoca lesiones oculares graves. Provoca irritación cutánea.,"Llevar guantes de protección. Llevar gafas o máscara de protección. Lavarse las manos concienzudamente tras la manipulación. EN CASO DE CONTACTO CON LA PIEL: Lavar con agua y jabón abundantes. Quitar las prendas contaminadas y lavarlas antes de volver a usarlas. En caso de irritación cutánea: Consultar a un médico. EN CASO DE CONTACTO CON LOS OJOS: Aclarar cuidadosamente con agua durante varios minutos. Quitar las lentes de contacto, si lleva y resulta fácil. Seguir aclarando. Llamar inmediatamente a un centro de información toxicológica o a un médico. ",e,1,1,1
VAR-QB00138,Q0309013,SURFAGEL, - , - , - , - , - ,g,1,1,1
IFF-QB00281,P1101018,TANGO HIDRA, - , - , -  , - , - ,1,1,1,1
IFF-QB00172,P0602008,WASH OUT 560,MEZCLA,ATENCION,1 800 002 1400,"H316, H317, H411","P261, P272, P273, P280 P302 + P352, P333 + P313 P362 + P364, P391, P501",G,I,1,1
VAR-QB00089,Q0318043,EXTRACTO DE SEMILLA DE TORONJA S/p, - , - , - , - , - ,1,1,1,1
VAR-QB00148,Q0318006,VITAMINA E, - , -, -, -, -,1,1,1,1
IFF-QB00086,P0311027,CLEANWOOD 860 S/P,Mezcla,ATENCION,1 800 002 1400,"H227, H316, H317,
H411","P210, P261, P272, P273, P280, P302 + P352, P333 + P313, P362 + P364, P370 + P378, P391, P403 + P235, P501",G,I,1,1
IFF-QB00096,P0303017,LIQUID FEEL 382,Mezcla,PELIGRO,01 800 002 1400,"H227, H303, H304,
H315, H317, H319,
H361, H400, H411","P201, P202, P210, P261, P264,
P272, P273, P280, P301 + P310,
P302 + P352, P305 + P351 + P338,
P312, P331, P333 + P313,
P337 + P313, P362 + P364,
P370 + P378, P391, P403 + P235,
P405, P501",G,H,I,1
VAR-QB00134,Q0317034,SALICILATO DE METILO,Mezcla,ATENCION,,"H227, H316, H317,
H411","P210, P261, P272, P273, P280, P302 + P352, P333 + P313, P362 + P364, P370 + P378, P391, P403 + P235, P501",G,I,1,1
IFF-QB00242,P1101054,FLORAL PLUS, - , - , -  , - , - ,1,1,1,1
IFF-QB00106,P0311026,SANDALWOOD,Mezcla,ATENCION,1 800 002 1400,"H227, H316, H317,
H411","P210, P261, P272, P273, P280, P302 + P352, P333 + P313, P362 + P364, P370 + P378, P391, P403 + P235, P501",G,I,1,1
LUB-QB00067,Q0404004,SILSENSE DW-18,-,ATENCION,216-447-5000,H316: Provoca una leve irritación cutánea,P332+P313: En caso de irritación cutánea: Consultar a un médico,1,1,1,1
IFF-QB00097,P0303009,LOVELY POSSION 504,Mezcla,ATENCION,1 800 002 1400,"H227, H316, H317,
H411","P210, P261, P272, P273, P280, P302 + P352, P333 + P313, P362 + P364, P370 + P378, P391, P403 + P235, P501",G,I,1,1
LUB-QB00042,Q0404009,HYDRAMOL PGPL S/P, - , -, -, -, -,1,1,1,1
IFF-QB00102,P0311025,OLD WOOD 789 S/P,Mezcla,ATENCION,,,,g,1,1,1
LUB-QB00016,Q0401004,CARBOPOL AQUA SF2 S/P,No Aplicable,No Aplicable,216-447-5000,No Aplicable,No Aplicable,1,1,1,1
KAO-QB00081,Q0202008,TETRANYL L6-30 S/P, - , -, -, -, -,1,1,1,1
LUB-QB00021,Q0401022,CARBOPOL STYLE 2.0 S/P,110-82-7,ATENCION,216-447-5000,H319: Provoca irritación ocular grave. H402: Nocivo para los organismos acuáticos,"P264: Lavarse cuidadosamente después de la manipulación. P280: Usar guantes/ropa de protección/equipo de protección para los ojos/la cara. P273: No dispersar en el medio ambiente. P305+P351+P338: En caso de contacto con los ojos: Enjuagar con agua cuidadosamente durante varios minutos. Quitar las lentes de contacto cuando estén presentes y pueda hacerse con facilidad. Proseguir con el lavado. P337+P313: Si la irritación ocular persiste, consultar a un médico. P501: Eliminar  el contenido/recipiente en una planta apropiada detratamiento y eliminación conforme a las leyes/reglamentaciones aplicables y las características del producto en el momento de la eliminación.",g,1,1,1
IFF-QB00078,P0311024,CEDARLOVE 443 S/P,,ATENCION,01 800 002 1400,"H315, H317, H319
H361, H411","P201, P202, P261, P264, P272,
P273, P280, P302 + P352,
P305 + P351 + P338, P308 + P313,
P333 + P313, P337 + P313,
P362 + P364, P391, P405, P501",H,G,I,1
LUB-QB00010,Q0401021,CARBOPOL 956 S/P,No Aplicable,No Aplicable,216-447-5000,No Aplicable,No Aplicable,1,1,1,1
IFF-QB00292,P0404015,GREEN HOUSE S/P,Mezcla,ATENCION,1 800 002 1400,"H227, H303, H315, H317, H319, H361
H400, H411","P201, P202, P210, P261, P264,
P272, P273, P280, P302 + P352,
P305 + P351 + P338, P312,
P333 + P313, P337 + P313
P362 + P364, P370 + P378, P391
P403 + P235, P405, P501",G,1,H,1
IFF-QB00001,P0209012,BOTANIKA S/P,Mezcla,ATENCION,1 800 002 1400,"H227, H303, H315, H317, H319, H361
H400, H411","P201, P202, P210, P261, P264,
P272, P273, P280, P302 + P352,
P305 + P351 + P338, P312,
P333 + P313, P337 + P313
P362 + P364, P370 + P378, P391
P403 + P235, P405, P501",G,1,H,1
IFF-QB00034,P0209013,SO FRESH S/P,Mezcla,ATENCION,1 800 002 1400,"H227, H303, H315, H317, H319, H361
H400, H411","P201, P202, P210, P261, P264,
P272, P273, P280, P302 + P352,
P305 + P351 + P338, P312,
P333 + P313, P337 + P313
P362 + P364, P370 + P378, P391
P403 + P235, P405, P501",G,1,H,1
IFF-QB00163,P0503027,SENSE OF NATURE S/P,Mezcla,ATENCION,1 800 002 1400,"H227, H303, H315, H317, H319, H361
H400, H411","P201, P202, P210, P261, P264,
P272, P273, P280, P302 + P352,
P305 + P351 + P338, P312,
P333 + P313, P337 + P313
P362 + P364, P370 + P378, P391
P403 + P235, P405, P501",G,1,H,1
IFF-QB00206,P0404014,CRYSTAL HEALING S/P,Mezcla,ATENCION,1 800 002 1400,"H227, H303, H315, H317, H319, H361
H400, H411","P201, P202, P210, P261, P264,
P272, P273, P280, P302 + P352,
P305 + P351 + P338, P312,
P333 + P313, P337 + P313
P362 + P364, P370 + P378, P391
P403 + P235, P405, P501",G,1,H,1
VAR-QB00014,Q0302006,ALCOHOL CETILICO S/P,36653-82-4,No Aplicable,+34 93 739 9445,No Aplicable,No Aplicable,1,1,1,1
IFF-QB00114,P0303013,SWEET LOVE 591,Mezcla,ATENCION,1 800 002 1400,"H316, H317, H411","P261, P272, P273, P302 + P352, P333 + P313, P362 + P364, P391, P501",g,h,1,1
IFF-QB00111,P0303012,STUNNING 507,Mezcla,ATENCION,1 800 002 1400,"H227, H316, H317,
H319, H411","P210, P261, P264, P272, P273,
P280, P302 + P352, 
P305 + P351 + P338, P333 + P313,
P337 + P313, P362 + P364,
P370 + P378, P391, P403 + P235, P501
",G,I,1,1
IFF-QB00222,P1101056,BERRY BLOSSOM S/P, - , - , -  , - , - ,1,1,1,1
VAR-QB00081,Q0309010,ESPESANTE D150 S/P, - , - , - , - , - ,g,1,1,1
KAO-QB00070,Q0201007,TETRANYL AT7590,No Aplicable,PELIGRO,+34 93 739 9445,Líquido y vapores muy inflamables.,"Usar guantes de protección: > 8 horas (tiempo de saturación): caucho butílico ,
neopreno. Usar protección para los ojos o la cara: Recomendado: lentes antisalpicaduras. Mantener alejado del calor, superficies calientes, chispas, llamas abiertas y otras fuentes de ignición. No fumar. Todos los equipos eléctricos, de ventilación, de iluminación y para la manipulación de materiales deben ser antideflagrantes. No utilizar herramientas que produzcan chispas. Tomar medidas de precaución contra las descargas electrostáticas. Mantener el recipiente herméticamente cerrado. EN CASO DE CONTACTO CON LA PIEL (o el pelo): Quitar inmediatamente toda la ropa contaminada. Lavar la piel con agua o tomar una ducha. Almacenar en un lugar bien ventilado. Mantener fresco. Eliminar el contenido y recipiente conforme a todas las  glamentaciones locales, regionales, nacionales e internacionales.",b,1,1,1
IFF-QB00029,F0102004,RUPERT 933 S/P,Mezcla,ATENCION,1 800 002 1400,"H227, H303, H315, H317, H319, H361
H400, H411","P201, P202, P210, P261, P264,
P272, P273, P280, P302 + P352,
P305 + P351 + P338, P312,
P333 + P313, P337 + P313
P362 + P364, P370 + P378, P391
P403 + P235, P405, P501",G,I,H,1
LUB-QB00005,Q0408025,ARGIRELINA S/P,-,-,-,-,,1,1,1,1
IFF-QB00291,P0311028,WILD CITRONELLA 815 S/P,Mezcla,ATENCION,1 800 002 1400,"H316, H317, H411","P261, P272, P273, P280 P302 + P352, P333 + P313 P362 + P364, P391, P501",G,I,1,1
VAR-QB00066,Q0310027,COLOR VIOLETA MARTACYL S4BN 215% S/P, - , - , - , - , - ,1,1,1,1
IFF-QB00085,P0311029,CLASSIC FLORAL 535 S/P,Mezcla,ATENCION,1 800 002 1400,"H227, H315, H317 H361, H410","P201, P202, P210, P261, P264, P272, P273, P280, P302 + P352, P308 + P313, P333 + P313, P362 + P364, P370 + P378, P391, P403 + P235, P405, P501",G,H,1,1
VAR-QB00145,Q0312005,TWEN 80 S/P,9005-64-5,No Aplicable,01 800 00 21400  / 01 (55) 55 59 15 88,No Aplicable,No Aplicable,1,1,1,1
,F0102007,KIWI 094 S/P,Mezcla,ATENCION,1 800 002 1400,"H227, H315, H317 H361, H410","P201, P202, P210, P261, P264, P272, P273, P280, P302 + P352, P308 + P313, P333 + P313, P362 + P364, P370 + P378, P391, P403 + P235, P405, P501",G,H,1,1
IFF-QB00283,P1101029,VAINILLA CITRICO S/P,Mezcla,ATENCION,1 800 002 1400,"H227, H315, H317 H361, H410","P201, P202, P210, P261, P264, P272, P273, P280, P302 + P352, P308 + P313, P333 + P313, P362 + P364, P370 + P378, P391, P403 + P235, P405, P501",G,H,1,1
VAR-QB00047,Q0310031,COLOR AMARILLO BASICO PARA CLORO S/P, - , - , - , - , - ,1,1,1,1
IFF-QB00002,F0102005,CHERRY BERRY,Mezcla,ATENCION,1 800 002 1400,"H316, H317, H411","P261, P272, P273, P280, P302 + P352, P333 + P313, P362 + P364, P391, P501",G,1,1,1
IFF-QB00226,P1101058,BLUE MOMENT 759,Mezcla,ATENCION,1 800 002 1400,"H316, H317, H411","P261, P272, P273, P280, P302 + P352, P333 + P313, P362 + P364, P391, P501",G,1,1,1
IFF-QB00140,P0602007,DRIZZLE 691 S/P,Mezcla,PELIGRO,1 800 002 1400,"H227, H304, H315, H317, H319, H411","P210, P261, P264, P272, P273, P280, P301 + P310, P302 + P352, P305 + P351 + P338, P331,  P333 + P313, P337 + P313, P362 + P364, P370 + P378, P391, P403 + P235, P405, P501",G,I,H,1
LUB-QB00003,Q0408028,ALGAPUR HSHO S/P,No Aplicable,No Aplicable,216-447-5000,No Aplicable,No Aplicable,1,1,1,1
,Q0408020,CHEMONIC OE-20,No Aplicable,No Aplicable,216-447-5000,No Aplicable,No Aplicable,1,1,1,1
,Q0404017,WONDERFUL LADY 195 S/P,Mezcla,ATENCION,1 800 002 1400,"H316, H317, H411","P261, P272, P273, P280, P302 + P352, P333 + P313, P362 + P364, P391, P501",G,1,1,1
VAR-QB00109,Q0304002,LESS QB,No Aplicable,PELIGRO,+34 93 739 9445,Provoca lesiones oculares graves. Provoca irritación cutánea.,"Llevar guantes de protección. Llevar gafas o máscara de protección. Lavarse las manos concienzudamente tras la manipulación. EN CASO DE CONTACTO CON LA PIEL: Lavar con agua y jabón abundantes. Quitar las prendas contaminadas y lavarlas antes de volver a usarlas. En caso de irritación cutánea: Consultar a un médico. EN CASO DE CONTACTO CON LOS OJOS: Aclarar cuidadosamente con agua durante varios minutos. Quitar las lentes de contacto, si lleva y resulta fácil. Seguir aclarando. Llamar inmediatamente a un centro de información toxicológica o a un médico. ",e,1,1,1
IFF-QB00255,P1101064,MINT BOSS 64,Mezcla,ATENCION,1 800 002 1400,"H316, H317, H411","P261, P272, P273, P280, P302 + P352, P333 + P313, P362 + P364, P391, P501",G,1,1,1
IFF-QB00218,P1101065,ARGAN MANDARINA SOFT 195,Mezcla,ATENCION,1 800 002 1400,"H316, H317, H411","P261, P272, P273, P280, P302 + P352, P333 + P313, P362 + P364, P391, P501",G,1,1,1
IFF-QB00266,P1101061,ROSETA 70,Mezcla,ATENCION,1 800 002 1400,"H316, H317, H411","P261, P272, P273, P280, P302 + P352, P333 + P313, P362 + P364, P391, P501",G,1,1,1
,Q0310026,COLOR CAFÉ ACIDO 14 S/P, - , - , - , - , - ,1,1,1,1
IFF-QB00195,P0104025,TH NINA 245 S/P,Mezcla,ATENCION,1 800 002 1400,"H316, H317, H411","P261, P272, P273, P280, P302 + P352, P333 + P313, P362 + P364, P391, P501",G,1,1,1
IFF-QB00176,P0104023,AMOR CON J 496 S/P,Mezcla,ATENCION,1 800 002 1400,"H316, H317, H411","P261, P272, P273, P280, P302 + P352, P333 + P313, P362 + P364, P391, P501",G,1,1,1
IFF-QB00181,P0104024,BUENA NINA 979 S/P,Mezcla,ATENCION,1 800 002 1400,"H316, H317, H411","P261, P272, P273, P280, P302 + P352, P333 + P313, P362 + P364, P391, P501",G,1,1,1
IFF-QB00183,P0104026,CANAL AZUL 921 S/P,Mezcla,ATENCION,1 800 002 1400,"H316, H317, H411","P261, P272, P273, P280, P302 + P352, P333 + P313, P362 + P364, P391, P501",G,1,1,1
IFF-QB00245,P1101062,GLAMOUR 50,Mezcla,ATENCION,1 800 002 1400,"H316, H317, H411","P261, P272, P273, P280, P302 + P352, P333 + P313, P362 + P364, P391, P501",G,1,1,1
IFF-QB00015,F0102008,GINGER ESSENCE 357 S/P,Mezcla,ATENCION,1 800 002 1400,"H316, H317, H411","P261, P272, P273, P280, P302 + P352, P333 + P313, P362 + P364, P391, P501",G,1,1,1
VAR-QB00084,Q0318027,EXTRACTO DE CNS REDUCEL S/P, - , - , - , - , - ,1,1,1,1
VAR-QB00046,Q0310015,COLOR AMARILLO AL ACEITE, - , - , - , - , - ,1,1,1,1
VAR-QB00059,Q0310011,COLOR ROJO AL ACEITE, - , - , - , - , - ,1,1,1,1
IFF-QB00259,P1101046,PASION FLORAL 821 S/P,Mezcla,ATENCION,1 800 002 1400,"H316, H317, H411","P261, P272, P273, P280, P302 + P352, P333 + P313, P362 + P364, P391, P501",G,1,1,1
,Q0310002,COLOR NEGRO BRAXIME NNX S/P, - , - , - , - , - ,1,1,1,1
IFF-QB00220,P1101055,BAMBOO SENSE 2150 S/P,Mezcla,PELIGRO,1 800 002 1400,"H227, H303, H304, H315, H317, H319,  H361, H400, H411","P201, P202, P210, P261, P264, P272, P273, P280, P301 + P310, P302 + P352, P305 + P351 + P338, P312, P331, P333 + P313, P337 + P313, P362 + P364, P370 + P378, 391, P403 + P235, P405, P501",G,I,H,1
ASH-QB00009,Q0820004,CONDITIONIZE 37E,No Aplicable,1-800-274-5263,No Aplicable,No Aplicable,1,1,1,1,
IFF-QB00193,P0104028,SOY TU HOMBRE,Mezcla,ATENCION,1 800 002 1400,"H316, H317, H411","P261, P272, P273, P280, P302 + P352, P333 + P313, P362 + P364, P391, P501",G,1,1,1
IFF-QB00188,P0104027,HOMBRE MILLON ,Mezcla,ATENCION,1 800 002 1400,"H316, H317, H411","P261, P272, P273, P280, P302 + P352, P333 + P313, P362 + P364, P391, P501",G,1,1,1
IFF-QB00027,F0101005,NEVERLAND 700,,ATENCION,1 800 002 1400,"H316, H317, H411","P261, P272, P273, P280, P302 + P352, P333 + P313, P362 + P364, P391, P501",G,1,1,1
IFF-QB00017,F0101004,JAZMIN GREEN 263,Mezcla,ATENCION,1 800 002 1400,"H227, H316, H317,
H411","P210, P261, P272, P273, P280, P302 + P352, P333 + P313 , P362 + P364, P370 + P378, P391, P403 + P235, P501",G,I,1,1
,Q0408023,OILKEMIA 55 S/P, - , - , - , - , - ,1,1,1,1
VAR-QB00089,Q0318043,EXTRACTO DE SEMILLA DE TORONJA (GRADO ACUOSO INGERIBLE), - , - , - , - , - ,1,1,1,1
,F01010009,JASMIN STRAWBERRY,,ATENCION,"1 800 002 14CH227, H316",,"P210, P261, FG",G,1,1,1
IFF-QB00006,F0101007,CITRUS SPARKLE 831 S/P,Mezcla,ATENCION,1 800 002 1400,"H315, H317, H319, H411","P261, P264, P272, P273, P280, P302+P352, P305+P351+P338, P333+P313, P337+P313, P362+P364, P391, P501",G,I,1,1
,F0101006,CITRUS HERBAL 615 S/P,Mezcla,ATENCION,1 800 002 1400,"H315, H317, H319, H411","P261, P264, P272, P273, P280, P302+P352, P305+P351+P338, P333+P313, P337+P313, P362+P364, P391, P501",G,I,1,1
,F0101008,PURPLE SKY 990 S/P,Mezcla,ATENCION,1 800 002 1400,"H227, H303, H315, H317, H319, H411","P210, P261, P264, P272, P273, P280, P302 + P352,  P305 + P351 + P338, P312,  P333 + P313, P337 + P313, P362 + P364, P370 + P378, P391, P403 + P235, P405, P501",G,I,1,1
VAR-QB00061,Q0310018,COLOR ROJO NO. 6 GEL, - , - , - , - , - ,1,1,1,1
ASH-QB00036,Q0817010,P.V.P. K 30, - , - , - , - , - ,1,1,1,1
IFF-QB00203,P0701005,SPARK FRESH 317,,ATENCION,1 800 002 1400,"H316, H317, H411","P261, P272, P273, P280, P302 + P352, P333 + P313, P362 + P364, P391, P501",G,1,1,1
IFF-QB00202,P0701004,LUXEL 149,,ATENCION,1 800 002 1400,"H316, H317, H411","P261, P272, P273, P280, P302 + P352, P333 + P313, P362 + P364, P391, P501",G,1,1,1
VAR-QB00045,Q0301012,COLOR AMARILLO AL ACEITE SOLVENTE S/P, - , - , - , - , - ,1,1,1,1
IFF-QB00277,P1101069,SUN FLOWERS 1322 S/P, - , - , -  , - , - ,G,1,1,1
IFF-QB00271,P1101067,SMOOTH BABY 1566 S/P, - , - , -  , - , - ,G,1,1,1
IFF-QB00274,P1101068,SPARKLING CITRUS 355,,ATENCION,"1 800 002 14CH227, H316",,"P210, P261, FG",G,1,1,1
IFF-QB00278,P1101070,SUNSHINE FLOWERS 324,,ATENCION,"1 800 002 14CH227, H316",,"P210, P261, FG",G,1,1,1
,P1101066,MAX ELEGANCY 9021,,ATENCION,"1 800 002 14CH227, H316",,"P210, P261, FG",G,1,1,1
IFF-QB00127,P0501030,BABY HYPO 168,,ATENCION,"1 800 002 14CH227, H316",,"P210, P261, FG",G,1,1,1
IFF-QB00132,P0501033,CHAMP DE LAVAND 897,,ATENCION,"1 800 002 14CH227, H316",,"P210, P261, FG",G,1,1,1
IFF-QB00135,P0501032,COCONUT AND ALOE 813 S/P,Mezcla,ATENCION,01 800 002 1400,"H227, H303, H315, H317, H361, H400, H411"," P201, P202, P210, P261, P264, P272, P273, P280, P302 + P352, P312, P333 + P313, P362 + P364, P370 + P378, P391, P403 + P235, P405, P501.",H,G,I,1
VAR-QB00050,Q0310016,COLOR AZUL AL ACEITE (ACEITE MOPS), - , - , - , - , - ,1,1,1,1
KAO-QB00059,Q0201021,KAOSOFT HW TAMBOR,No Aplicable,PELIGRO,+34 93 739 9445,Líquido y vapores muy inflamables.,"Usar guantes de protección: > 8 horas (tiempo de saturación): caucho butílico ,
neopreno. Usar protección para los ojos o la cara: Recomendado: lentes antisalpicaduras. Mantener alejado del calor, superficies calientes, chispas, llamas abiertas y otras fuentes de ignición. No fumar. Todos los equipos eléctricos, de ventilación, de iluminación y para la manipulación de materiales deben ser antideflagrantes. No utilizar herramientas que produzcan chispas. Tomar medidas de precaución contra las descargas electrostáticas. Mantener el recipiente herméticamente cerrado. EN CASO DE CONTACTO CON LA PIEL (o el pelo): Quitar inmediatamente toda la ropa contaminada. Lavar la piel con agua o tomar una ducha. Almacenar en un lugar bien ventilado. Mantener fresco. Eliminar el contenido y recipiente conforme a todas las  glamentaciones locales, regionales, nacionales e internacionales.",b,1,1,1
,Q0313012,COLOR CAFÉ 95, - , - , - , - , - ,1,1,1,1
IFF-QB00196,P0101011,VICTORY 225,,ATENCION,1 800 002 1400,"H315, H317, H319, H411","P261, P264, P272, P273, P280, P302+P352, P305+P351+P338, P333+P313, P337+P313, P362+P364, P391, P501",G,I,1,1
VAR-QB00115,Q0308014,MIT QB(CONSERVADOR LIBRE DE FORMOL) S/P,Mezcla,ATENCION,01 800 002 1400,,,1,1,1,1
IFF-QB00187,P0101012,GHOST 081,,ATENCION,1 800 002 1400,"H315, H317, H319, H411","P261, P264, P272, P273, P280, P302+P352, P305+P351+P338, P333+P313, P337+P313, P362+P364, P391, P501",G,I,1,1
IFF-QB00150,P0501029,JUNGLE MELON 836,,ATENCION,"1 800 002 14CH227, H316",,"P210, P261, FG",G,1,1,1
IFF-QB00112,P1001005,SUMMER SUNSET 066,,ATENCION,"1 800 002 14CH227, H316",,"P210, P261, FG",G,1,1,1
IFF-QB00149,P0501031,JUICY FRESH CITRUS 120,,ATENCION,"1 800 002 14CH227, H316",,"P210, P261, FG",G,1,1,1
IFF-QB00231,P1101060,POTPURRI FRUIT 755,MEZCLA,ATENCION,"1 800 002 14CH227, H316",,"P210, P261, FG",G,1,1,1
IFF-QB00270,P1101072,SIMPLE POSSION 383,MEZCLA,ATENCION,"1 800 002 14CH227, H316",,"P210, P261, FG",G,1,1,1
IFF-QB00248,P1101073,GREEN WATER 8225,MEZCLA,ATENCION,"1 800 002 14CH227, H316",,"P210, P261, FG",G,1,1,1
VAR-QB00058,Q0310024,"COLOR ROJO ACIDO 52 (ROSA) (LIMPIADORES, QUITA SARRO)", - , - , - , - , - ,1,1,1,1
IFF-QB00179,P0101010,BLACK FLORAL 842,MEZCLA,ATENCION,"1 800 002 14CH227, H316",,"P210, P261, FG",G,1,1,1
IFF-QB00121,P1001003,WATERY TIMBRE 939 S/P,Mezcla,ATENCION,1 800 002 1400,"H315, H317, H319,
H411","P261, P264, P272, P273, P280, P302 + P352, P305 + P351 + P338, P333 + P313,  337 + P313,  P362 + P364, P391, P501",G,I,1,1
IFF-QB00105,P1001002,PINK LADY 819 S/P,MEZCLA,ATENCION,"1 800 002 14CH227, H316",,"P210, P261, FG",G,1,1,1
VAR-QB00143,Q0601001,TRANSCUTOL HP,111-90-0,No Aplicable,NO,No Aplicable,No Aplicable,1,1,1,1
ASH-QB00041,Q0812010,RAPITHIX A-100 S/P, - , -, -, -, -,1,1,1,1
LUB-QB00004,Q0401024,ARBALON R-50 CELLULOSE LIQ, - , -, -, -, -,1,1,1,1
IFF-QB00107,P1001004,SENSUAL BREEZE 873 S/P,Mezcla,ATENCION,1 800 002 1400,"H315, H317, H319,
H411","P261, P264, P272, P273, P280, P302 + P352, P305 + P351 + P338, P333 + P313,  337 + P313,  P362 + P364, P391, P501",G,I,1,1
IFF-QB00147,P0501001,GINGER TOUCH 917 S/P,Mezcla,ATENCION,1 800 002 1400,"H227, H303, H315, H317, H319, H361
H400, H411","P201, P202, P210, P261, P264,
P272, P273, P280, P302 + P352,
P305 + P351 + P338, P312,
P333 + P313, P337 + P313
P362 + P364, P370 + P378, P391
P403 + P235, P405, P501",G,I,H,1
IFF-QB00048,P0401030,FLORAL CREAMY 275 S/P,Mezcla,ATENCION,1 800 002 1400,"H227, H303, H315, H317, H319, H361
H400, H411","P201, P202, P210, P261, P264,
P272, P273, P280, P302 + P352,
P305 + P351 + P338, P312,
P333 + P313, P337 + P313
P362 + P364, P370 + P378, P391
P403 + P235, P405, P501",G,I,H,1
,Q0806001 ,EUXYL PE 9010, - , -, -, -, -,1,1,1,1
IFF-QB00134,P0501005,CLEAN SCENT 655 S/P,Mezcla,ATENCION,1 800 002 1400,"H227, H316, H317
H401, H412
","P210, P261, P272, P273, P280
P302 + P352, P333 + P313
P362 + P364, P370 + P378
P403 + P235, P501",G,1,1,1
IFF-QB00035,F0101010,WOOD WICK 122,Mezcla,ATENCION,1 800 002 1400,"H227, H316, H317
H401, H412
","P210, P261, P272, P273, P280
P302 + P352, P333 + P313
P362 + P364, P370 + P378
P403 + P235, P501",G,1,1,1
LUB-QB00049,Q0408022,NOVETHIX HC 200,No Aplicable,ATENCION,216-447-5000,H316: Provoca una leve irritación cutánea.,P332+P313: En caso de irritación cutánea: Consultar a un médico.,1,1,1,1
VAR-QB00010,Q0303002,ACIDO OLEICO QB S/P,-,SIN PALABRA,+34 93 739 9445,No Aplicable,No Aplicable,1,1,1,1
IFF-QB00235,P1101074,CITRIC LEMON FRESH,,ATENCION,"1 800 002 14CH227, H316",,"P210, P261, FG",G,1,1,1
IFF-QB00243,P1101075,FOUGERE GREEN 3020 S/P,,ATENCION,"1 800 002 14CH227, H316",,"P210, P261, FG",G,1,1,1
,P0303007,EASY ADDICTION 186 S/P,,ATENCION,"1 800 002 14CH227, H316",,"P210, P261, FG",G,1,1,1
IFF-QB00275,P1101076,SPORTIVO MEN 2023,,ATENCION,"1 800 002 14CH227, H316",,"P210, P261, FG",G,1,1,1
IFF-QB00221,P1101077,BELLE FEMME 6040,,ATENCION,"1 800 002 14CH227, H316",,"P210, P261, FG",G,1,1,1
IFF-QB00241,P1101078,FEMME ROUSE 7525,,ATENCION,"1 800 002 14CH227, H316",,"P210, P261, FG",G,1,1,1
,P0401008,GREEN TUBEROSE 432,Mezcla,ATENCION,1 800 002 1400,"H227, H315, H317, H411","P210, P261, P264, P272, P273, P280, P302 + P352, P333 + P313,  P362 + P364, P370 + P378, P391, P403 + P235, P501",G,I,1,1
KAO-QB00032,Q0203009,DANOX HC30, - , -, -, -, -,1,1,1,1
VAR-QB00159,Q0301013,SORBATO DE POTASIO, - , -, -, -, -,1,1,1,1
IFF-QB00267,P1101036,SB CHERRY,Mezcla,ATENCION,1 800 002 1400,"H227, H316, H317,
H411","P210, P261, P272, P273, P280, P302 + P352, P333 + P313, P362 + P364, P370 + P378, P391, P403 + P235, P501",G,I,1,1
LUB-QB00066,Q0401026,SILSENSE BIO5 S/P,8042-47-5 / 79-10-7,ATENCION,216-447-5000,H316: Provoca una leve irritación cutánea,P332+P313: En caso de irritación cutánea: Consultar a un médico,1,1,1,1
IFF-QB00138,P0601014,DEATH BY CHOCOLATE S/P,Mezcla, - , - , - , - ,1,1,1,1
IFF-QB00141,P0601016,ELDEBERRY S/P,Mezcla, - , - , - , - ,1,1,1,1
IFF-QB00145,P0601018,FROSTED WHITE CITRON S/P,Mezcla,ATENCION,1 800 002 1400,"H303, H315, H317,
H319, H351, H411","P201, P202, P261, P264, P272, P273, P280, P302 + P352, P305 + P351 + P338, P312, P333 + P313, P337 + P313, P362 + P364, P391, P405, P501",G,H,1,1
IFF-QB00148,P0601020,INDULGENT TOUCH 268,,ATENCION,"1 800 002 14CH303, H315    P201, P202",,,1,i,h,e
IFF-QB00154,P0601022,MUSK 377,,ATENCION,"1 800 002 14CH303, H315    P201, P202",,,1,i,h,e
IFF-QB00057,P0404016,MAJESTIC BLUE 935,Mezcla,ATENCION,1 800 002 1400,"H227, H303, H 315, H317, H319, H361, H411, ","P201, P202, P210, P261, P264, P272, P273, P280, P302 + P352, P305 + P351 + P338, P312, P333 + P313, P337 + P313, P362 + P364, P370 + P378, P391, P403 + P235, P405, P501",G,I,H,1
IFF-QB00058,P0401032,PURPLE MYSTERY S/P,Mezcla,ATENCION,1 800 002 1400,"H227, H316, H317,
H411","P210, P261, P272, P273, P280, P302 + P352, P333 + P313, P362 + P364, P370 + P378, P391, P403 + P235, P501
",G,I,1,1
IFF-QB00070,P0401031,SUNSENSATION S/P,Mezcla,ATENCION,1 800 002 1400,"H227, H315, H317, H411","P210, P261, P264, P272, P273, P280, P302 + P352, P333 + P313, P362 + P364, P370 + P378, P391 P403 + P235, P501",G,I,1,1
IFF-QB00157,P0601015,PINEAPPLE PARADISE S/P,Mezcla,ATENCION,1 800 002 1400,"H227, H315, H317, H411","P210, P261, P264, P272, P273, P280, P302 + P352, P333 + P313, P362 + P364, P370 + P378, P391 P403 + P235, P501",G,I,1,1
IFF-QB00028,F0102010,PRECIOUS CARE 828 S/P,Mezcla,ATENCION,1 800 002 1400,"H227, H315, H317,
H319, H410","P210, P261, P264, P272, P273, P280, P302 + P352,  P305 + P351 + P338, P333 + P313,  P337 + P313, P362 + P364,  P370 + P378, P391, P403 + P235, P501 ",G,1,1,1
KAO-QB00027,Q0202009,TETRANYL L9-90E,"157905-74-3, 64-17-5",ATENCION,+34 93 739 9445,Líquidos y vapores inflamables.,"Llevar guantes de protección: > 8 horas (tiempo de detección): goma de butilo , neopreno. Llevar gafas o máscara de protección: Recomendado: gafas antisalpicaduras. Mantener alejado del calor, de superficies calientes, de chispas, de llamas abiertas y de cualquier otra fuente de ignición. No fumar. Utilizar un material eléctrico, de ventilación, de iluminación y todos los equipos de manipulación de materiales  ntideflagrantes. Utilizar únicamente herramientas que no produzcan chispas. Tomar  edidas de precaución contra descargas electrostáticas. Mantener el recipiente herméticamente cerrado. EN CASO DE CONTACTO CON LA PIEL (o el pelo): Quitar inmediatamente todas las prendas contaminadas. Aclararse la piel con agua o ducharse. Almacenar en un lugar bien ventilado. Mantener en lugar fresco. Eliminar el contenido y el recipiente de acuerdo con las normativas locales, regionales, nacionales e internacionales.",b,1,1,1
LUB-QB00056,Q0408030,RESULOOK S/P, - , -, -, -, -,1,1,1,1
IFF-QB00239,P1101079,DOW YELLOW,,ATENCION,"1 800 002 14CH303, H315    P201, P202",,,I,1,1,1
IFF-QB00216,P1301001,SPRING TIME 289,Mezcla,ATENCION,1 800 002 1400,"H226, H316, H317,
H319, H410","P210, P233, P240, P241, P242, P243, P261, P264, P272, P273, P280, P303 + P361 + P353, P305 + P351 + P338, P333 + P313, P337 + P313, P362 + P364, P370 + P378, P391, P403 + P235, P501",B,G,I,1
IFF-QB00215,P1301002,SPRING BREAK 290,Mezcla,ATENCION,1 800 002 1400,"H226, H316, H317,
H319, H410","P210, P233, P240, P241, P242, P243, P261, P264, P272, P273, P280, P303 + P361 + P353, P305 + P351 + P338, P333 + P313, P337 + P313, P362 + P364, P370 + P378, P391, P403 + P235, P501",B,G,I,1
IFF-QB00212,P1301003,PREMIUM FABRIC 701,Mezcla,ATENCION,1 800 002 1400,"H226, H316, H317,
H319, H410","P210, P233, P240, P241, P242, P243, P261, P264, P272, P273, P280, P303 + P361 + P353, P305 + P351 + P338, P333 + P313, P337 + P313, P362 + P364, P370 + P378, P391, P403 + P235, P501",B,G,I,1
VAR-QB00124,Q0312007,NS MICELLAR HYALURONIC, - , -, -, -, -,1,1,1,1
KAO-QB00024,Q0206003,AMIET 515,"61791-14-8, 70592-80-2, 61790-85-0",PELIGRO,+34 93 739 9445,Nocivo en caso de ingestión. Provoca quemaduras graves en la piel y lesiones oculares graves. Provoca daños en los órganos tras exposiciones prolongadas o repetidas.,"Llevar guantes de protección: > 8 horas (tiempo de detección): goma de butilo. Llevar gafas o máscara de protección: Recomendado: gafas anti-salpicaduras , gafas de seguridad con protección lateral. Llevar prendas de protección:  ecomendado: Traje de protección , bata de laboratorio. No respirar los vapores. No comer, beber ni fumar durante su utilización. Lavarse las manos concienzudamente tras la manipulación. Consultar a un médico en caso de malestar. EN CASO DE INHALACIÓN: Transportar a la persona al aire libre y mantenerla en una posición que le facilite la respiración. Llamar inmediatamente a un centro de información toxicológica o a un médico. EN CASO DE INGESTIÓN: Llamar inmediatamente a un centro de información toxicológica o a un médico. Enjuagarse la boca. NO provocar el vómito. EN CASO DE CONTACTO CON LA PIEL (o el pelo): Quitar inmediatamente todas las prendas contaminadas. Aclararse la piel con agua o ducharse. Lavar las prendas contaminadas antes de volver a usarlas. Llamar inmediatamente a un centro de información toxicológica o a un médico. EN CASO DE CONTACTO CON LOS OJOS: Aclarar cuidadosamente con agua durante varios minutos. Quitar las lentes de contacto, si lleva y resulta fácil. Seguir aclarando. Llamar inmediatamente a un centro de información toxicológica o a un médico. Guardar cerrado. Eliminar el contenido y el recipiente de acuerdo con las normativas locales, regionales, nacionales e internacionales.",e,h,g,1
,Q0204004,DIAMIET 503,"61791-14-8, 70592-80-2, 61790-85-0",PELIGRO,+34 93 739 9445,Nocivo en caso de ingestión. Provoca quemaduras graves en la piel y lesiones oculares graves. Provoca daños en los órganos tras exposiciones prolongadas o repetidas.,"Llevar guantes de protección: > 8 horas (tiempo de detección): goma de butilo. Llevar gafas o máscara de protección: Recomendado: gafas anti-salpicaduras , gafas de seguridad con protección lateral. Llevar prendas de protección:  ecomendado: Traje de protección , bata de laboratorio. No respirar los vapores. No comer, beber ni fumar durante su utilización. Lavarse las manos concienzudamente tras la manipulación. Consultar a un médico en caso de malestar. EN CASO DE INHALACIÓN: Transportar a la persona al aire libre y mantenerla en una posición que le facilite la respiración. Llamar inmediatamente a un centro de información toxicológica o a un médico. EN CASO DE INGESTIÓN: Llamar inmediatamente a un centro de información toxicológica o a un médico. Enjuagarse la boca. NO provocar el vómito. EN CASO DE CONTACTO CON LA PIEL (o el pelo): Quitar inmediatamente todas las prendas contaminadas. Aclararse la piel con agua o ducharse. Lavar las prendas contaminadas antes de volver a usarlas. Llamar inmediatamente a un centro de información toxicológica o a un médico. EN CASO DE CONTACTO CON LOS OJOS: Aclarar cuidadosamente con agua durante varios minutos. Quitar las lentes de contacto, si lleva y resulta fácil. Seguir aclarando. Llamar inmediatamente a un centro de información toxicológica o a un médico. Guardar cerrado. Eliminar el contenido y el recipiente de acuerdo con las normativas locales, regionales, nacionales e internacionales.",e,h,g,1
,Q0308016,CLORURO DE BENZALCONIO AL 80% (TETRANYL BC 80),"61789-71-7, 67-63-0",PELIGRO,+34 93 739 9445,Líquidos y vapores inflamables. Nocivo en caso de ingestión o en contacto con la piel. Provoca quemaduras graves en la piel y lesiones oculares graves.,"Llevar guantes de protección: > 8 horas (tiempo de detección): goma de butilo,
neopreno. Llevar gafas o máscara de protección: Recomendado: gafas de seguridad con protección lateral. Llevar prendas de protección: Recomendado: Traje de protección , bata de laboratorio. Mantener alejado del calor, de superficies calientes, de chispas, de llamas abiertas y de cualquier otra fuente de ignición. No fumar. Utilizar un material eléctrico, de ventilación, de iluminación y todos los equipos de manipulación de materiales antideflagrantes. Utilizar únicamente herramientas que no produzcan chispas. Tomar medidas de precaución contra descargas electrostáticas. Mantener el recipiente herméticamente cerrado. No comer, beber ni fumar durante su utilización. Lavarse las manos concienzudamente tras la manipulación. EN CASO DE INHALACIÓN: Transportar a la persona al aire libre y mantenerla en una posición que le facilite la respiración. Llamar inmediatamente a un centro de información toxicológica o a un médico. EN CASO DE INGESTIÓN: Llamar inmediatamente a un centro de información toxicológica o a un médico. Enjuagarse la boca. NO provocar el vómito. EN CASO DE  CONTACTO CON LA PIEL (o el pelo): Quitar inmediatamente todas las prendas contaminadas. Aclararse la piel con agua o ducharse. Lavar las prendas contaminadas antes de volver a usarlas. Llamar inmediatamente a un centro de información toxicológica o a un médico. EN CASO DE CONTACTO CON LA PIEL: Lavar con agua y jabón abundantes. Llamar a un centro de información toxicológica o a un médico en caso de malestar. Quitar las prendas contaminadas y lavarlas antes de volver a usarlas. EN CASO DE CONTACTO CON  OJOS OJOS: Aclarar cuidadosamente con agua durante varios minutos. Quitar las lentes de contacto, si lleva y resulta fácil. Seguir aclarando. Llamar inmediatamente a un centro de información toxicológica o a un médico. Guardar cerrado. Almacenar en un lugar bien ventilado. Mantener en lugar fresco. : Eliminar el contenido y el recipiente de acuerdo con las normativas locales, regionales, nacionales e internacionales.",b,e,g,1
IFF-QB00205,P1301006,CLEAN PLUS 049,Mezcla,ATENCION,1 800 002 1400,"H226, H316, H317,
H319, H410","P210, P233, P240, P241, P242, P243, P261, P264, P272, P273, P280, P303 + P361 + P353, P305 + P351 + P338, P333 + P313, P337 + P313, P362 + P364, P370 + P378, P391, P403 + P235, P501",B,G,I,1
IFF-QB00211,P1301005,PERFECT BRIGHT 056,Mezcla,ATENCION,1 800 002 1400,"H226, H316, H317,
H319, H410","P210, P233, P240, P241, P242, P243, P261, P264, P272, P273, P280, P303 + P361 + P353, P305 + P351 + P338, P333 + P313, P337 + P313, P362 + P364, P370 + P378, P391, P403 + P235, P501",B,G,I,1
IFF-QB00213,P1301004,PREMIUM FABRIC 992,,ATENCION,1 800 002 1400,"H226, H316,","P210, P233, P240, P241, P242, P243, P261, P264, P272, P273, P280, P303 + P361 + P353, P305 + P351 + P338, P333 + P313, P337 + P313, P362 + P364, P370 + P378, P391, P403 + P235, P501",G,1,1,1
IFF-QB00197,P0201021,BLOOM MEDLEY 420,Mezcla,ATENCION,1 800 002 1400,"H315, H317, H411","P261, P264, P272, P273, P280, P302 + P352, P333 + P313, P362 + P364, P391, P501",G,H,1,1
ASH-QB00046,Q0809008,SUBERLIFTT LIPOPHILE S/P, - , -, -, -, -,1,1,1,1
LUB-QB00065,Q0408005,SENSOMER TARA POLYMER S/P,68610-92-4,ATENCION,216-447-5000,H315: Provoca irritación cutánea. H319: Provoca irritación ocular grave.,"P264: Lavarse cuidadosamente después de la manipulación. P280: Usar guantes/ropa de protección/equipo de protección para los ojos/la cara. P305+P351+P338: En caso de contacto con los ojos: Enjuagar con agua cuidadosamente durante varios minutos. Quitar las lentes de contacto cuando estén presentes y pueda hacerse con facilidad. Proseguir con el lavado. P337+P313: Si la irritación ocular persiste, consultar a un médico. P302+P352: EN CASO DE CONTACTO CON LA PIEL: Lavar con agua y
jabón abundantes. P332+P313: En caso de irritación cutánea: Consultar a un médico. P321: Tratamiento específico (véase en esta etiqueta). P362: Quitar la ropa contaminada y lavarla antes de volverla a usar.",g,1,1,1
LUB-QB00002,Q0408040,ACTIPHYTE BLUE AGAVE GL100NP,Mezcla,PELIGRO,1-800-274-5263,Puede provocar una reacción alérgica en la piel. Provoca lesiones oculares graves.,,e,g,1,1
IFF-QB00210,P1301007,MY FLORAL 448,,ATENCION,01 800 002 1400,"H227, H315, ","P210, P261",G,I,1,1
IFF-QB00217,P1051025,APPLE FRUITY 8230,Mezcla,ATENCION,1 800 002 1400,"H227, H316, H317,
H411","P210, P261, P272, P273, P280, P302 + P352, P333 + P313, P362 + P364, P370 + P378, P391, P403 + P235, P501
",G,I,1,1
,P0602011,GINGER 295,Mezcla,ATENCION,1 800 002 1400,"H227, H316, H317,
H411","P210, P261, P272, P273, P280, P302 + P352, P333 + P313, P362 + P364, P370 + P378, P391, P403 + P235, P501
",G,I,1,1
IFF-QB00280,P1101063,SUSPIRO DE AZAR 33,Mezcla,ATENCION,1 800 002 1400,"H315, H317, H411","P261, P264, P272, P273, P280, P302 + P352, P333 + P313, P362 + P364, P391, P501",G,H,1,1
LUB-QB00017,Q0401019,CARBOPOL CLEAR,No Aplicable,No Aplicable,216-447-5000,No Aplicable,No Aplicable,1,1,1,1
KAO-QB00056,Q0201029,KAOSOFT AT-50V,"157905-74-3, 64-17-5",ATENCION,+34 93 739 9445,Líquidos y vapores inflamables.,"Llevar guantes de protección: > 8 horas (tiempo de detección): goma de butilo , neopreno. Llevar gafas o máscara de protección: Recomendado: gafas antisalpicaduras. Mantener alejado del calor, de superficies calientes, de chispas, de llamas abiertas y de cualquier otra fuente de ignición. No fumar. Utilizar un material eléctrico, de ventilación, de iluminación y todos los equipos de manipulación de materiales  ntideflagrantes. Utilizar únicamente herramientas que no produzcan chispas. Tomar  edidas de precaución contra descargas electrostáticas. Mantener el recipiente herméticamente cerrado. EN CASO DE CONTACTO CON LA PIEL (o el pelo): Quitar inmediatamente todas las prendas contaminadas. Aclararse la piel con agua o ducharse. Almacenar en un lugar bien ventilado. Mantener en lugar fresco. Eliminar el contenido y el recipiente de acuerdo con las normativas locales, regionales, nacionales e internacionales.",b,1,1,1
ASH-QB00014,Q0816025,ESCALOL 577, - , -, -, -, -,1,1,1,1
VAR-QB00103,Q0306026,GLUCOPON 625,110615-47-9 68515-73-1,PELIGRO, - ,H318: Provoca lesiones oculares graves. H402: Nocivo para los organismos acuáticos.,"P280: Llevar guantes, prendas, gafas, mascara de protección. P273: Evitar su liberación al medio ambiente. P305+P351+P338: En caso de contacto con los ojos: Aclarar
cuidadosamente con agua durante varios minutos. Quitar los lentes de contacto, si lleva y resulta fácil. Seguir aclarando. P310: Llamar inmediatamente a un centro de toxicología/medico. P501: Eliminar el contenido/el recipiente en un punto de recogida
de residuos especiales. ",e,1,1,1
,P0404020,FRAGANCIA COM 2284,Mezcla,ATENCION,1 800 002 1400,"H315, H317, H411","P261, P264, P272, P273, P280, P302 + P352, P333 + P313, P362 + P364, P391, P501",G,H,1,1
IFF-QB00144,P0601019,FLORAL TOUCH 956,Mezcla,ATENCION,1 800 002 1400,"H227, H315, H317, H319, H411","P210, P261, P264, P272, P273, P280, P302 + P352, P305 + P351 + P338, P333 + P313, P337 + P313, P362 + P364, P370 + P378, P391, P403 + P235, P405, P501",G,I,1,1
,P1101021,PALOMA BLANCA 98,,PELIGRO,1 800 002 1400,"H227, H304, H315, H317, H318, H400, H411","P210, P261, P264, P272, P273, P280, P301 + P310, P302 + P352, P305 + P351 + P338 + P310, P331, P333 + P313, P362 + P364, P370 + P378, P391, P403 + P235, P405, P501",G,E,H,I
KAO-QB00064,Q0202003,QUARTAMIN 60W30P,112-02-7,PELIGRO,+34 93 739 9445,Provoca lesiones oculares graves. Provoca irritación cutánea,"Llevar guantes de protección: > 8 horas (tiempo de detección): goma de butilo, neopreno. Llevar gafas o máscara de protección: Recomendado: gafas antisalpicaduras. Lavarse las manos concienzudamente tras la manipulación. EN CASO DE CONTACTO CON LA PIEL: Lavar con agua y jabón abundantes. Quitar las prendas contaminadas y lavarlas antes de volver a usarlas. En caso de irritación cutánea: Consultar a un médico. EN CASO DE CONTACTO CON LOS OJOS: Aclarar cuidadosamente con agua durante varios minutos. Quitar las lentes de contacto, si lleva y resulta fácil. Seguir aclarando. Llamar inmediatamente a un centro de información toxicológica o a un médico.",e,1,1,1
VAR-QB00025,Q0311005,BASE PARA DIFUSORES AMBIENTALES, - , -, -, -, -,1,1,1,1
IFF-QB00252,P1101083,LOVE & AFFECTION 2514,Mezcla,ATENCION,"1 800 002 14CH227, H316",,"P210, P261, FG",G,1,1,1
IFF-QB00219,P1101082,BAMBOO BLEND,Mezcla,PELIGRO,1 800 002 1400,"H227, H303, H304, H315, H317, H319,  H361, H400, H411","P201, P202, P210, P261, P264, P272, P273, P280, P301 + P310, P302 + P352, P305 + P351 + P338, P312, P331, P333 + P313, P337 + P313, P362 + P364, P370 + P378, 391, P403 + P235, P405, P501",G,I,H,1
IFF-QB00237,P1101081,DESTELLOS DE SOL,Mezcla,ATENCION,1 800 002 1400,"H227, H315, H317, H411","P210, P261, P264, P272, P273, P280, P302 + P352, P333 + P313, P362 + P364, P370 + P378, P391 P403 + P235, P501",G,I,1,1
IFF-QB00232,P1101090,CARISMAS 2911,Mezcla,ATENCION,1 800 002 1400,"H315, H317, H318,
H411","P261, P264, P272, P273, P280,
P302 + P352,
P305 + P351 + P338 + P310,
P333 + P313, P362 + P364, P391,
P501
",G,I,1,1
IFF-QB00299,P1001008,NOCHEBUENA 24,,ATENCION,"1 800 002 14CH227, H316",,"P210, P261, FG",G,1,1,1
VAR-QB00171,Q0318057,EXTRACTO DE PEPINO, - , - , - , - , - ,1,1,1,1
,P1101032,SOFT MUSK 310,Mezcla,ATENCION,01 800 002 1400,"H227, H315, H317,
H319, H411","P210, P261, P264, P272,P273,
P280, P302 + P352,
P305 + P351 + P338, P333 + P313,
P337 + P313, P362 + P364,
P370 + P378, P391, P403 + P235,
P501",G,I,1,1
,P1101052,SELVA FRESCA 04,Mezcla,ATENCION,1 800 002 1400,"H227, H316, H317,
H411","P210, P261, P272, P273, P280, P302 + P352, P333 + P313 , P362 + P364, P370 + P378, P391, P403 + P235, P501",G,I,1,1
KAO-QB00017,Q0218023,AKYPO SUGAR LM-42, - , -, -, -, -,1,1,1,1
IFF-QB00136,P0601017,COMPLETELY NUTS S/P,Mezcla,ATENCION,1 800 002 1400,"H315, H317, H318,
H411","P261, P264, P272, P273, P280,
P302 + P352,
P305 + P351 + P338 + P310,
P333 + P313, P362 + P364, P391,
P501
",G,1,1,1
ASH-QB00070,Q0808011,GERMALL PLUS POLVO,78491-02-8;  55406-53-6 ,ATENCION,1-614-790-3333,H319 Provoca irritación ocular grave,"P264 Lavarse la piel cuidadosamente después de la manipulación. P280 Usar equipo de protección para los ojos/la cara. P305 + P351 + P338 EN CASO DE CONTACTO CON LOS OJOS: Enjuagar con agua cuidadosamente durante varios
minutos. Quitar las lentes de contacto cuando estén presentes y pueda hacerse con facilidad. Proseguir con el lavado.",1,1,1,1
IFF-QB00319,P0501109,GREEN TEA CUCUMBER 956,Mezcla,PELIGRO,1 800 002 1400,"H227, H304, H315, H317, H318, H400, H411","P210, P261, P264, P272, P273, P280, P301 + P310, P302 + P352, P305 + P351 + P338 + P310, P331, P333 + P313, P362 + P364, P370 + P378, P391, P403 + P235, P405, P501",G,E,H,I
LUB-QB00058,Q0408016,SCHERCEMOL™318 ESTER,No Aplicable,No Aplicable,216-447-5000,No Aplicable,No Aplicable,1,1,1,1
,P1101084,TANGO PASION 900,Mezcla,PELIGRO,1 800 002 1400,"H227, H303, H315
H317, H318, H361
H411","P201, P202, P210, P261, P264,
P272, P273, P280, P302 + P352,
P305 + P351 + P338 + P310, P312,
P333 + P313, P362 + P364,
P370 + P378, P391, P403 + P235,
P501",G,E,G,I
ASH-QB00007,Q0813025,CERAPYL SLK S/P, - , - , - , - , - ,1,1,1,1
,P1101086,GREEN BLOSSOM 202,Mezcla,PELIGRO,1 800 002 1400,"H227, H304, H315, H317, H318, H400, H411","P210, P261, P264, P272, P273, P280, P301 + P310, P302 + P352, P305 + P351 + P338 + P310, P331, P333 + P313, P362 + P364, P370 + P378, P391, P403 + P235, P405, P501",G,E,H,I
IFF-QB00156,P0601021,PAMPERING TOUCH 927 ,Mezcla,ATENCION,1 800 002 1400,"H227, H315, H317, H319, H411","P210, P261, P264, P272, P273, P280, P302 + P352, P305 + P351 + P338, P333 + P313, P337 + P313, P362 + P364, P370 + P378, P391, P403 + P235, P405, P501",G,I,1,1
,P0202008H,,,,,,,,,,
IFF-QB00318,P0501111,ACTIVE CARBON 423,Mezcla,ATENCION,1 800 002 1400,"H227, H315, H317, H319, H361, H411","P201, P202, P210, P261, P264, P272, P273, P280, P302 + P352, P305 + P351 + P338, P333 + P313, P337 + P313, P362 + P364, P370 + P378, P391, P403 + P235, P501",G,H,1,1
IFF-QB00322,P0501110,FRESH CITRUS 580,Mezcla,ATENCION,1 800 002 1400,"H315, H317, H318,
H411","P261, P264, P272, P273, P280,
P302 + P352,
P305 + P351 + P338 + P310,
P333 + P313, P362 + P364, P391,
P501
",G,H,1,1
IFF-QB00324,P0501112,LAVENDER 479,Mezcla,ATENCION,1 800 002 1400,"H227, H303, H315, H317, H319, H411","P210, P261, P264, P272, P273, P280, P302 + P352,  P305 + P351 + P338, P312,  P333 + P313, P337 + P313, P362 + P364, P370 + P378, P391, P403 + P235, P405, P501",G,I,1,1
ASH-QB00050,ASH-QB00050,VITAL ET, - , - , - , - , - ,1,1,1,1
KAO-QB00061,,DIAMIET 515,"61791-14-8, 70592-80-2, 61790-85-0",PELIGRO,+34 93 739 9445,Nocivo en caso de ingestión. Provoca quemaduras graves en la piel y lesiones oculares graves. Provoca daños en los órganos tras exposiciones prolongadas o repetidas.,"Llevar guantes de protección: > 8 horas (tiempo de detección): goma de butilo. Llevar gafas o máscara de protección: Recomendado: gafas anti-salpicaduras , gafas de seguridad con protección lateral. Llevar prendas de protección:  ecomendado: Traje de protección , bata de laboratorio. No respirar los vapores. No comer, beber ni fumar durante su utilización. Lavarse las manos concienzudamente tras la manipulación. Consultar a un médico en caso de malestar. EN CASO DE INHALACIÓN: Transportar a la persona al aire libre y mantenerla en una posición que le facilite la respiración. Llamar inmediatamente a un centro de información toxicológica o a un médico. EN CASO DE INGESTIÓN: Llamar inmediatamente a un centro de información toxicológica o a un médico. Enjuagarse la boca. NO provocar el vómito. EN CASO DE CONTACTO CON LA PIEL (o el pelo): Quitar inmediatamente todas las prendas contaminadas. Aclararse la piel con agua o ducharse. Lavar las prendas contaminadas antes de volver a usarlas. Llamar inmediatamente a un centro de información toxicológica o a un médico. EN CASO DE CONTACTO CON LOS OJOS: Aclarar cuidadosamente con agua durante varios minutos. Quitar las lentes de contacto, si lleva y resulta fácil. Seguir aclarando. Llamar inmediatamente a un centro de información toxicológica o a un médico. Guardar cerrado. Eliminar el contenido y el recipiente de acuerdo con las normativas locales, regionales, nacionales e internacionales.",I,1,G,1
ASH-QB00060,,GERMALL 115,78491-02-8;  55406-53-6 ,ATENCION,1-614-790-3333,H319 Provoca irritación ocular grave,"P264 Lavarse la piel cuidadosamente después de la manipulación. P280 Usar equipo de protección para los ojos/la cara. P305 + P351 + P338 EN CASO DE CONTACTO CON LOS OJOS: Enjuagar con agua cuidadosamente durante varios
minutos. Quitar las lentes de contacto cuando estén presentes y pueda hacerse con facilidad. Proseguir con el lavado.",1,1,1,1
VAR-QB00182,,FIJADOR X100, - , - ,1 800 002 1400,"H227, H315, H317, H319, H411","P210, P261, P264, P272, P273, P280, P302 + P352, P305 + P351 + P338, P333 + P313, P337 + P313, P362 + P364, P370 + P378, P391, P403 + P235, P405, P501",1,1,1,1
ASH-QB00058,,EFFISIN PE5, - , - , - , - , - ,1,1,1,1
VAR-QB00183,,FIJADOR LS,No Aplica,PELIGRO,01-800-00-214,"H302: Nocivo en caso de ingestión. H313: Puede ser nocivo en contacto con la piel. H315: Provoca irritación cutánea. H318: Provoca lesiones oculares graves. H401: Toxico para los organismos acuáticos. H411: Toxico para los organismos acuáticos, con efectos nocivos duraderos.","P264: Lavarse las manos completamente después de su manipulación. P270: No comer, beber o fumar mientras se manipula este producto. P273: No dispersar en el medio  mbiente. P280: Usar guantes/ropa/lentes de protección. P301+P312: En caso de ingestión llamar a un centro de toxicología si la persona se encuentra mal. P302+P352: En caso de contacto con la piel lavar con abundante agua. P305+P351+P338: En caso de contacto con los ojos enjuagar con agua cuidadosamente durante varios minutos. Quitar los lentes de contacto cuando estén presentes y pueda hacerse con facilidad. Proseguir con el lavado. P310: Llamar inmediatamente a un centro de toxicología. P332+P313: En caso de irritación cutánea consultar a un médico. P330: Enjuagarse la boca P362+P364: Quitar la ropa contaminada y lavarla antes de volverla a usar. P391: Recoger el vertido. P401: Guardar con forme a lo indicado en la sección VII.  Eliminar el contenido/recipiente conforme a la reglamentación local.",G,E,I,1
LUB-QB00026,,CARBOPOL XTRA 11,No Aplicable,No Aplicable,216-447-5000,No Aplicable,No Aplicable,1,1,1,1
VAR-QB00176,,CARBOMER GBM 940,No Aplicable,No Aplicable,216-447-5000,No Aplicable,No Aplicable,1,1,1,1
VAR-QB00178,,CARBOMER LIQUID QBW,No Aplicable,No Aplicable,216-447-5000,No Aplicable,No Aplicable,1,1,1,1
VAR-QB00193,,COLOR VIOLETA D&C MATIZADO, - , - , - , - , - ,1,1,1,1
ASH-QB00054,,SENSIVA SC50 (TOCPHEROL),Sustancia,Peligro,Tel.: +52 55 5276-6110Arturo Villagrana Phone: +52 55-5870-5134,H303 Puede ser nocivo en caso de ingestión. H318 Provoca lesiones oculares graves. H332 Nocivo si se inhala.,"P101 Si se necesita consultar a un médico, tener a mano el recipiente o la etiqueta del producto. P102 Mantener fuera del alcance de los niños. P103 Leer la etiqueta antes del uso. P261 , P271 , P280",E,G,1,1
ASH-QB00036,,P.V.P.K30,-, - , - , - , - ,1,1,1,1
ASH-QB00069,,CERAPHYL ODS, - , - , - , - , - ,1,1,1,1
VAR-QB00175,,POLYQUATERNIUM 7,26590-05-6,No Aplicable,216-447-5000,H402: Nocivo para los organismos acuáticos.,P501: Eliminar el contenido/recipiente en una planta apropiada de tratamiento y eliminación conforme a las leyes/reglamentaciones aplicables y las características del producto en el momento de la eliminación.,1,1,1,1
IFF-QB00380,,AQUA MARINE 25,Mezcla,ATENCION,1 800 002 1400,"H226, H316, H317,
H411","P210, P233, P240, P241, P242, P243, P261, P272, P273, P280, P303 + P361 + P353, P333 + P313, P362 + P364, P370 + P378, P391, P403 + P235, P501",B,G,H,1
IFF-QB00381,,OCEAN BLEU 02,Mezcla,ATENCION,1 800 002 1400,"H226, H316, H317,
H411","P210, P233, P240, P241, P242, P243, P261, P272, P273, P280, P303 + P361 + P353, P333 + P313, P362 + P364, P370 + P378, P391, P403 + P235, P501",B,G,H,1
IFF-QB00346,,SWEET WINTER 30,Mezcla,ATENCION,1 800 002 1400,"H316, H317, H411","P261, P272, P273, P302 + P352, P333 + P313, P362 + P364, P391, P501",G,I,1,1
IFF-QB00379,,JUICY LEMON 09,Mezcla,PELIGRO,1 800 002 1400,"H226, H304, H315,
H317, H319, H411","P210, P233, P240, P241, P242, P243, P261, P264, P272, P273, P280, P301 + P310,
P303 + P361 + P353,  P305 + P351 + P338, P331,  P333 + P313, P337 + P313, P362 + P364, P370 + P378, P391, P403 + P235, P405, P501",B ,G,H,1
