Requiere actualizar,Fecha de actualización,Codigo interno,Chemical Name,CAS Number,Signal Word,Emergencia,H-Statements,Consejos (Frases P),Exclamación (PICTOGRAMA ),Corrosión (PICTOGRAMA ),Peligro para la salud (PICTOGRAMA ),Calavera (PICTOGRAMA ),Llama (PICTOGRAMA ),Ambiente (PICTOGRAMA ),Llama sobre círculo (PICTOGRAMA ),Bomba explotando (PICTOGRAMA ),Cilindro de gas (PICTOGRAMA )
,2025-10-14 00:00:00,IFF-QB00122,1181-D MENTA,Mezcla,PELIGRO,01 800 002 1400,"H227, H304, H315,  H317, H361","P210, P261, P280, P301 + P310, P302 + P352, P308 + P313, P331, P333 + P313, P370 + P378",X,,X,,,,,,
,2025-12-02 00:00:00,VAR-QB00002,ABRILLANTADOR OPTICO LIQUIDO,No aplicable,ATENCION,01 800 002 1400,H319,"P264, P280, P305+P351+P338, P337+P313",X,,,,,,,,
SOLICITAR HDS ACTUALIZADA MILLKEM,,VAR-QB00001,ABRILLANTADOR OPTICO POLVO,13463- 67- 7,PELIGRO,01 800 002 1400,"H320, H335, H371, H350","P201, P202, P260, P264, P270, P271, P273, P280",X,,X,,,,,,
,2025-11-25 00:00:00,VAR-QB00003,ACEITE DE CASTOR HIDROGENADO S/P,61788-85-0,No Aplicable,01 800 002 1400,No Aplicable,No Aplicable,,,,,,,,,
,2025-10-21 00:00:00,VAR-QB00004,ACEITE DE COCO RBD S/P,8001-31-8,No Aplicable,01 800 002 1400,No Aplicable,No Aplicable,,,,,,,,,
,2025-10-21 00:00:00,VAR-QB00005,ACEITE DE PINO Y55,Mezcla,PELIGRO,01 800 002 1400,"H226, H334, H305, H320, H315, H400","P210, P233, P235, P241, P242, P243, P280, P303, P361, P353, P370, P378, P261, P284, P304, P340, P341, P311, P301, P331, P405, P501, P264, P305, P351, P338, P337, P313, P391",X,,X,,X,X,,,
,2025-11-25 00:00:00,VAR-QB00006,ACEITE MINERAL QB 85,8042-47-5,ATENCION,01 800 002 1400,"H227, H402","P201, P273, P280, P370+P378, P381, P404",X,,,,,,,,
,2025-10-21 00:00:00,VAR-QB00007,ACETATO DE ISOAMILO S/P,123-92-2,ATENCION,01 800 002 1400,H226,"P210, P233, P240, P241, P242, P303 + P361 + P353, P403 + P235, P501",X,,,,,,,,
,2025-10-23 00:00:00,VAR-QB00008,ACIDO CITRICO,77-92-9,ATENCION,01 800 002 1400,H319,"P264, P280, P305 + P351 + P338, P337+P313",X,,,,,,,,
,2025-11-25 00:00:00,VAR-QB00009,ACIDO ESTEARICO AE-5001 TRIPLE PRENSADO (COSMETICO),No aplicable,ATENCION,01 800 002 1400,H315,"P501, P402+P403+P404+9410 ",X,,,,,,,,
,2025-10-21 00:00:00,VAR-QB00010,ACIDO OLEICO QB ,No Aplicable,No Aplicable,01 800 002 1400,No Aplicable,"P302 + P352, P304 + P340, P301 + P330",,,,,,,,,
,2025-11-13 00:00:00,VAR-QB00158,ACIDO POLIFOSFORICO 115% S/P,8017-16-1,PELIGRO,01 800 002 1400,"H301, H314, H335","Ojos: Busque atención médica inmediatamente. NO permita que la víctima se frote ni mantenga los ojos 
cerrados. Se requiere lavando extenso (al menos 30 minutos).
Piel: Busque atención médica inmediatamente. Lave inmediatamente la piel con abundante agua y 
jabón durante al menos 15 minutos mientras se quita la ropa y los zapatos contaminados. Lavar la ropa 
antes de volver a usarla. Destruir zapatos contaminados.
Ingestión: NO inducir el vómito. Si la víctima está consciente y alerta, darle de 2 a 4 tazas de leche o 
agua. Nunca le dé nada por vía oral a una persona inconsciente. Obtenga ayuda médica 
inmediatamente.
Inhalación: Busque atención médica inmediatamente. Retirar de la exposición al aire fresco 
inmediatamente. Si no respira, dar respiración artificial. Si la respiración es difícil, proporcione oxígeno. 
No utilice respiración boca a boca.
Notas para el médico: Trate sintomáticamente y de apoyo.",X,X,X,,,,,,
,2025-11-13 00:00:00,VAR-QB00157,ACIDO POLIFOSFORICO 117% S/P,8017-16-1,PELIGRO,01 800 002 1400,"H301, H314, H335","Ojos: Busque atención médica inmediatamente. NO permita que la víctima se frote ni mantenga los ojos cerrados. Se requiere lavando extenso (al menos 30 minutos).
Piel: Busque atención médica inmediatamente. Lave inmediatamente la piel con abundante agua y jabón durante al menos 15 minutos mientras se quita la ropa y los zapatos contaminados. Lavar la ropa antes de volver a usarla. Destruir zapatos contaminados.
Ingestión: NO inducir el vómito. Si la víctima está consciente y alerta, darle de 2 a 4 tazas de leche o 
agua. Nunca le dé nada por vía oral a una persona inconsciente. Obtenga ayuda médica 
inmediatamente.
Inhalación: Busque atención médica inmediatamente. Retirar de la exposición al aire fresco 
inmediatamente. Si no respira, dar respiración artificial. Si la respiración es difícil, proporcione oxígeno. 
No utilice respiración boca a boca.
Notas para el médico: Trate sintomáticamente y de apoyo.",X,X,X,,,,,,
,2025-10-21 00:00:00,LUB-QB00002,ACTIPHYTE BLUE AGAVE GL100NP,Mezcla,No Aplicable,01 800 002 1400,No Aplicable,No Aplicable,,,,,,,,,
,2025-10-14 00:00:00,IFF-QB00318,ACTIVE CARBON 423,Mezcla,ATENCION,01 800 002 1400,"H227, H315, H317, H319, H336, H373","P210, P260, P280, P302 + P352, P304 + P340 + P312, P305 + P351 + P338, P314, P333 + P313, P337 + P313, P370 + P378",X,,X,,,,,,
,2025-10-24 00:00:00,VAR-QB00011,ADBS QB,Mezcla,PELIGRO,01 800 002 1400,"H301, H305, H314, H315, H318, H402","P261, P262, P280, P331, P303+P361+P353, P304+P340, P305+P351+P338, P501",X,X,,,,,,,
,2025-11-25 00:00:00,KAO-QB00015,AKYPO FOAM RL 40 S/P,33939-64-9,PELIGRO,+34 93 739 9445,H318,"P280,  P305 + P351 + P338, P310",,X,,,,,,,
,2025-10-28 00:00:00,KAO-QB00016,AKYPO LM-40 S/P,Mezcla,PELIGRO,+34 93 739 9445,H318,"PREVENCIÓN:Llevar gafas o máscara de protección: Recomendado: Gafas anti-salpicaduras., Gafas de seguridad con protección lateral. RESPUESTA: EN CASO DE CONTACTO CON LOS OJOS: Aclarar cuidadosamente con agua durante varios minutos. Quitar las lentes de contacto, si lleva y resulta fácil. Seguir aclarando. Llamar inmediatamente a un CENTRO DE INFORMACION TOXICOLOGICA o a un médico.",,X,,,,,,,
,2025-10-21 00:00:00,KAO-QB00017,AKYPO SUGAR LM-42,Mezcla,ATENCION,+34 93 739 9445,H319,"P280, P264,  P305 + P351 + P338, P305 + P351 + P338",X,,,,,,,,
,2025-10-23 00:00:00,VAR-QB00013,ALCANFOR,76-22-2,ATENCION,01 800 002 1400,"H228, H302, H315, H319, H335","P210, P240, P261, P264, P270, P271, P280, P301 + P312, P302 + P352, P304 + P340, P312, P330, P370 + P378, P305 + P351 + P338, P332+P313, P337+P313, P264+P364, P404+P235, P233, P405, P501",,,X,,,,,,
,2025-10-21 00:00:00,VAR-QB00014,ALCOHOL CETILICO S/P,36653-82-4,No Aplicable,01 800 002 1400,No Aplicable,No Aplicable,,,,,,,,,
,2025-11-25 00:00:00,KAO-QB00018,ALCOHOL ESTEARILICO KALKOL 8098,112-92-5,No Aplicable,+34 93 739 9445,No Aplicable,No Aplicable,,,,,,,,,
,2025-10-24 00:00:00,VAR-QB00016,ALCOHOL LAURICO 3 S/P,68439-50-9,PELIGRO,01 800 002 1400,"H302, H313, H315, H402","P264, P310, P301+P312, P302+P352, P305+P351+P338, P501",X,X,,,,X,,,
,2025-12-02 00:00:00,VAR-QB00017,ALCOHOL LAURICO 7 MOLES S/P,"3055-97-8, 7732-18-5",PELIGRO,01 800 002 1400,"H302, H315, H318, H335, H402","P261, P264, P270, P280, P301+P312, P302+P352, P305+P351+P338, P362, P501
",X,X,,,,X,,,
,2025-10-24 00:00:00,VAR-QB00018,ALCOHOL LAURICO 9 MOLES,68551-12-2,PELIGRO,01 800 002 1400,"H302, H318, H320, H401, H412","P273, P280, P301+P312, P305+P351+P338, P310, P391",X,X,,,,X,,,
,2025-11-25 00:00:00,VAR-QB00020,ALCOHOL TRIDECILICO 6 MOLES S/P,78330-21-9,PELIGRO,01 800 002 1400,"H302, H313, H315, H318, H402","P264, P270, P273, P280, P301 + P312, P305 + P351 + P338, P302 + P352, P310, P312, P321, P330, P332 + P313, P362 + P364, P501",X,X,,,,,,,
,2025-11-25 00:00:00,VAR-QB00021,ALCOHOL TRIDECILICO 8 MOLES S/P,78330-21-9,PELIGRO,01 800 002 1400,"H302, H313, H315, H318, H402","P264, P270, P273, P280, P310, P312, P321, P330, P301 + P312, P302 + P352, P305 + P351 + P338, P332 + P313, P362 + P354, P501 ",X,X,,,,,,,
,2025-10-21 00:00:00,KAO-QB00019,ALFANOX 46,Mezcla,PELIGRO,+34 93 739 9445,"H315, H318","PREVENCIÓN:  Llevar guantes de protección: > 8 horas (tiempo de detección): goma de butilo, Viton, caucho nitrílico, neopreno. Llevar gafas o máscara de protección: Recomendado: gafas 
anti-salpicaduras , gafas de seguridad con protección lateral. Lavarse  concienzudamente tras la manipulación. RESPUESTA:  Quitar las prendas contaminadas y lavarlas antes de volver a usarlas. EN CASO DE 
CONTACTO CON LA PIEL: Lavar con abundante agua. En caso de irritación cutánea:
Consultar a un médico. EN CASO DE CONTACTO CON LOS OJOS: Aclarar 
cuidadosamente con agua durante varios minutos. Quitar las lentes de contacto, si lleva  y resulta fácil. Seguir aclarando. Llamar inmediatamente a un CENTRO DE 
INFORMACION TOXICOLOGICA o a un médico.",,X,,,,,,,
,2025-10-21 00:00:00,LUB-QB00003,ALGAPUR HSHO,Mezcla,No Aplicable,01 800 002 1400,No Aplicable,No Aplicable,,,,,,,,,
,2025-10-17 00:00:00,ASH-QB00081,ALLIANZ OPT PAIL,Mezcla,No Aplicable,1-800-274-5263,No Aplicable,No Aplicable,,,,,,,,,
,2025-10-14 00:00:00,IFF-QB00123,ALMOND 339 MOOD 2,Mezcla,ATENCION,01 800 002 1400,"H227, H317, H319, H361","P210, P261, P280, P302 + P352,  P305 + P351 + P338, P308 + P313, P333 + P313, P337 + P313, P370 +P378",X,,X,,,,,,
,2025-10-16 00:00:00,IFF-QB00124,ALOE VERA GAV 1171 SH,Mezcla,ATENCION,01 800 002 1400,"H315, H317, H319, H361","P280, P302 + P352, P305 + P351 + P338 ",X,,X,,,,,,
,2025-11-13 00:00:00,KAO-QB00021,AMIDET N,Sustancia,ATENCION,+34 93 739 9445,"Provoca irritación cutánea.
Provoca irritación cutánea. Nocivo para los organismos acuáticos, con efectos nocivos duraderos.","PREVENCIÓN: Llevar guantes de protección: 1 - 4 horas (tiempo de detección): goma de butilo, Viton;< 1 hora (tiempo de detección) :neopreno,caucho nitrílico. Evitar su liberación al medio ambiente. Lavarse las manos concienzudamente tras la
manipulación. RESPUESTA: EN CASO DE CONTACTO CON LA PIEL: Lavar con agua y jabón abundantes.
En caso de irritación cutánea: Consultar a un médico. ELIMINACIÓN: Eliminar el contenido y el recipiente de acuerdo con las normativas locales, regionales, nacionales e internacionales.",X,,,,,,,,
,2025-10-21 00:00:00,KAO-QB00022,AMIET 502 TAMBOR 175 KGS, 61791-26-2,PELIGRO,+34 93 739 9445,"H302, H314, H318, H400, H410","PREVENCIÓN: Llevar guantes de protección: > 8 horas (tiempo de detección): goma de butilo. Llevar  prendas de protección: Recomendado: bata de laboratorio , Traje de protección. Llevar 
gafas o máscara de protección: Recomendado: gafas anti-salpicaduras. Evitar su liberación al medio ambiente. No comer, beber ni fumar durante su utilización. Lavarse  concienzudamente tras la manipulación. RESPUESTA: EN CASO DE INGESTIÓN: Llamar a un centro de información toxicológica o a un  médico si la persona se encuentra mal. Enjuagarse la boca. EN CASO DE  CONTACTO CON LA PIEL: Lave la piel contaminada con el de 3% de ácido acético o  el agente que contiene Diphoterin (por ejemplo, Previn ®). Quitarse las prendas contaminadas. Lavar las prendas contaminadas antes de volver a usarlas. En caso de  irritación cutánea: Consultar a un médico. EN CASO DE CONTACTO CON LOS OJOS: Lavar inmediatamente con un agente que contenga Diphoterin, levantando ocasionalmente los párpados superior e inferior.
 Quitar las lentes de contacto, si lleva y resulta fácil. Seguir aclarando. Llamar 
inmediatamente a un centro de información toxicológica o a un médico. ALMACENAMIENTO: Guardar bajo llave. ELIMINACIÓN: Eliminar el contenido y el recipiente de acuerdo con las normativas locales, regionales, nacionales e internacionales.",X,X,,,,X,,,
,2025-11-13 00:00:00,KAO-QB00024,AMIET 515,61791-26-2,PELIGRO,+34 93 739 9445,"H302, H330, H318, H411","PREVENCIÓN: : Llevar gafas o máscara de protección: Recomendado: gafas anti-salpicaduras. Llevar 
equipo de protección respiratoria: Recomendado: Si se produce polvo y la ventilación 
es insuficiente, utilice una careta de respiración de partículas N95 certificada por NIOSH (42 CFR 84).. Utilizar únicamente en exteriores o en un lugar bien ventilado.
No respirar los vapores. No comer, beber ni fumar durante su utilización. Lavarse las 
manos concienzudamente tras la manipulación. RESPUESTA: EN CASO DE INHALACIÓN: Transportar a la persona al aire libre y mantenerla en una 
posición que le facilite la respiración. Llamar inmediatamente a un centro de 
información toxicológica o a un médico. EN CASO DE INGESTIÓN: Llamar a un centro de información toxicológica o a un médico en caso de malestar. Enjuagarse la boca. EN CASO DE CONTACTO CON LOS OJOS: Aclarar cuidadosamente con agua 
durante varios minutos. Quitar las lentes de contacto, si lleva y resulta fácil. Seguir 
aclarando. Llamar inmediatamente a un centro de información toxicológica o a un médico. ALMACENAMIENTO: Guardad cerrado. ELIMINACIÓN: Eliminar el contenido y el recipiente de acuerdo con las normativas locales, regionales,
nacionales e internacionales.",,X,,X,,X,,,
,2025-10-17 00:00:00,IFF-QB00176,AMOR CON J,Mezcla,ATENCION,01 800 002 1400,"H315, H317, H319, H361","P261, P280, P302 + P352, P305 + P351 + P338, P308 + P313, P333 + P313, P337 + P313",X,,X,,,,,,
,2025-10-17 00:00:00,ASH-QB00078,ANTARON SOJA,56-81-5,No Aplicable,1-800-274-5263,No Aplicable,No Aplicable,,,,,,,,,
,2025-10-17 00:00:00,ASH-QB00065,ANTARON V220F,28211-18-9,ATENCION,1-800-274-5263,H319,"P264, P280, P305 + P351 + P338",X,,,,,,,,
,2025-10-21 00:00:00,VAR-QB00023,ANTIESPUMANTE,Mezcla,No Aplicable,01 800 002 1400,No Aplicable,No Aplicable,,,,,,,,,
,2025-10-14 00:00:00,IFF-QB00125,APPLE 872 MANZANA VERDE,Mezcla,ATENCION,01 800 002 1400,"H317, H361","P261, P280, P302 + P352, P308 + P313, P333 + P313, ",X,,X,,,,,,
,2025-10-14 00:00:00,IFF-QB00072,APPLE 930,Mezcla,ATENCION,01 800 002 1400,"H227, H317, H319, H361","P210, P261, P280, P302 + P352, P305 + P351 + P338, P308 + P313, P333 + P313, P337 + P313, P370 + P378",X,,X,,,,,,
,2025-10-21 00:00:00,ASH-QB00085,AQUAFLEX XL-30,Mezcla,ATENCION,1-800-274-5263,H411,"P273, P391, P501",,,,,,X,,,
,2025-10-17 00:00:00,ASH-QB00071,AQUALON EC-N200 PC,9004-57-3,No Aplicable,1-800-274-5263,No Aplicable,No Aplicable,,,,,,,,,
,2025-10-21 00:00:00,LUB-QB00004,ARBALON R-50 CELLULOSE LIQ,Mezcla,No Aplicable,01 800 002 1400,"El material es estable bajo condiciones normales. No lo exponga al calor excesivo, fuentes de ignición y a materiales oxidantes.  ",No Aplicable,,,,,,,,,
,2025-10-16 00:00:00,IFF-QB00218,ARGAN MANDARINA SOFT 195,MEZCLA,ATENCION,01 800 002 1400," H315, H317, H319, H361"," P280, P302 + P352, P305 + P351 + P338",X,,X,,,,,,
,2025-11-28 00:00:00,KAO-QB00001,ASFIER 100,61791-55-7,PELIGRO,+34 93 739 9445,"H302, H314, H318, H372, H400, H410","PREVENCION: Llevar guantes de protección: > 8 horas (tiempo de detección): goma de butilo, caucho nitrílico. Llevar prendas de protección: Recomendado: Traje de protección, bata de laboratorio. Llevar gafas o máscara de protección: Recomendado: gafas anti_x0002_salpicaduras , gafas de seguridad con protección lateral. Evitar su liberación al medio ambiente. No respirar el polvo. No comer, beber ni fumar durante su utilización. Lavarse concienzudamente tras la manipulación. RESPUESTA: EN CASO DE INHALACIÓN: Transportar a la persona al aire libre y mantenerla en una posición que le facilite la respiración. Llamar inmediatamente a un centro de información toxicológica o a un médico. EN CASO DE INGESTIÓN: Llamar inmediatamente a un  centro de información toxicológica o a un médico. Enjuagarse la boca. NO provocar el vómito. EN CASO DE CONTACTO CON LA PIEL (o el pelo): Quitar inmediatamente  todas las prendas contaminadas. Lave la piel contaminada con el de 3% de ácido  acético o el agente que contiene Diphoterin (por ejemplo, Previn ®). Llamar inmediatamente a un centro de información toxicológica o a un médico. Lavar las prendas contaminadas antes de volver a usarlas. EN CASO DE CONTACTO CON LOS OJOS: Lavar inmediatamente con un agente que contenga Diphoterin (por ejemplo,
Previn ®), levantando ocasionalmente los párpados superior e inferior. Quitar las lentes de contacto, si lleva y resulta fácil. Seguir aclarando. Llamar  inmediatamente a un centro de información toxicológica o a un médico. ALMACENAMIENTO: Guardar bajo llave. ELIMINACION: Eliminar el contenido y el recipiente de acuerdo con las normativas locales, regionales,
nacionales e internacionales.",x,x,x,,,X,,,
,2025-11-13 00:00:00,KAO-QB00002,ASFIER 121,Mezcla,PELIGRO,+34 93 739 9445,"H302, H314, H318, H372, H400, H410","PREVENCIÓN:  Llevar guantes de protección: > 8 horas (tiempo de detección): goma de butilo. Llevar 
prendas de protección: Recomendado: Traje de protección. Llevar gafas o máscara de protección: Recomendado: gafas anti-salpicaduras , máscara. Evitar su liberación al medio ambiente. No respirar el polvo. No comer, beber ni fumar durante su utilización.
Lavarseconcienzudamente tras la manipulación. RESPUESTA: EN CASO DE INHALACIÓN: Transportar a la víctima al exterior y mantenerla en reposo en una posición confortable para respirar. Llamar inmediatamente a un centro 
de información toxicológica o a un médico. EN CASO DE INGESTIÓN: Llamar 
inmediatamente a un centro de información toxicológica o a un médico. Enjuagarse la boca. NO provocar el vómito. EN CASO DE CONTACTO CON LA PIEL (o el pelo): Quitar inmediatamente todas las prendas contaminadas. Lave la piel contaminada con 
el de 3% de ácido acético o el agente que contiene Diphoterin.
Lavar las prendas contaminadas antes de volver a usarlas. Llamar inmediatamente a un centro de información toxicológica o a un médico. EN CASO DE CONTACTO CON 
LOS OJOS: Lavar inmediatamente con un agente que contenga Diphoterin, levantando ocasionalmente los párpados superior e inferior.
 Quitar las lentes de contacto, si lleva y resulta fácil. Seguir aclarando. Llamar inmediatamente a un centro de información toxicológica o a un médico. ALMACENAMIENTO: Guardar cerrado. ELIMINACIÓN: Eliminar el contenido y el recipiente de acuerdo con las normativas locales, regionales, nacionales e internacionales.
",X,X,X,,,X,,,
,2025-11-13 00:00:00,KAO-QB00003,ASFIER 208,Mezcla,PELIGRO,+34 93 739 9445," Nocivo en caso de ingestión.
Provoca quemaduras graves en la piel y lesiones oculares graves.
Provoca daños en los órganos tras exposiciones prolongadas o repetidas.
Muy tóxico para los organismos acuáticos, con efectos nocivos duraderos.","PREVENCIÓN: Llevar guantes de protección: > 8 horas (tiempo de detección): goma de butilo, Viton®.
Llevar gafas o máscara de protección: Recomendado: gafas anti-salpicaduras. Llevar 
prendas de protección: Recomendado: Traje de protección. No comer, beber ni fumar durante su utilización. Lavarse las manos concienzudamente tras la manipulación. RESPUESTA: EN CASO DE INHALACIÓN: Transportar a la persona al aire libre y mantenerla en una posición que le facilite la respiración. Llamar inmediatamente a un centro de 
información toxicológica o a un médico. EN CASO DE INGESTIÓN: Llamar 
inmediatamente a un centro de información toxicológica o a un médico. Enjuagarse la boca. NO provocar el vómito. EN CASO DE CONTACTO CON LA PIEL (o el pelo): Quitar inmediatamente todas las prendas contaminadas. Aclararse la piel con agua o 
ducharse. Lavar las prendas contaminadas antes de volver a usarlas. Llamar 
inmediatamente a un centro de información toxicológica o a un médico. EN CASO DE CONTACTO CON LOS OJOS: Aclarar cuidadosamente con agua durante varios 
minutos. Quitar las lentes de contacto, si lleva y resulta fácil. Seguir aclarando. Llamar 
inmediatamente a un centro de información toxicológica o a un médico. ALMACENAMIENTO: Guardar cerrado. ELIMINACIÓN: Eliminar el contenido y el recipiente de acuerdo con las normativas locales, regionales, nacionales e internacionales.",X,X,X,,,X,,,
,2025-11-13 00:00:00,KAO-QB00004,ASFIER 211 GRANEL PIPA,Mezcla,PELIGRO,+34 93 739 9445,"H314, H318, H373, H411","P280, P273, P260, P264, P391, P304 + P340, P310, P301 + P310, P330, P331, P303 + P361 + P353, P310, P363, P305 + P351 + P338, P405, P501",,X,X,,,X,,,
,2025-11-13 00:00:00,KAO-QB00005,ASFIER 211 TAMBOR,Mezcla,PELIGRO,+34 93 739 9445,"H314, H318, H373, H411","P280, P273, P260, P264, P391, P304 + P340, P310, P301 + P310, P330, P331, P303 + P361 + P353, P310, P363, P305 + P351 + P338, P405, P501",,X,X,,,X,,,
,2025-10-28 00:00:00,KAO-QB00007,ASFIER 216 S/P,Mezcla,PELIGRO,+34 93 739 9445,"Provoca quemaduras graves en la piel y lesiones oculares graves. Puede provocar daños en los órganos tras exposiciones prolongadas o repetidas. (tracto gastrointestinal) Tóxico para los organismos acuáticos, con efectos nocivos duraderos.","PREVENCION: Llevar guantes de protección: > 8 horas (tiempo de detección): goma de butilo. Llevar prendas de protección: Recomendado: bata de laboratorio Traje de protección. Llevar gafas o máscara de protección: Recomendado: gafas anti-salpicaduras , gafas de seguridad con protección lateral. Evitar su liberación al medio ambiente. No respirar los vapores. Lavarse concienzudamente tras la manipulación. RESPUESTA: Consultar a un médico en caso de malestar. EN CASO DE INHALACIÓN: Transportar 
a la persona al aire libre y mantenerla en una posición que le facilite la respiración.
Llamar inmediatamente a un centro de información toxicológica o a un médico. EN 
CASO DE INGESTIÓN: Llamar inmediatamente a un centro de información 
toxicológica o a un médico. Enjuagarse la boca. NO provocar el vómito. EN CASO DE 
CONTACTO CON LA PIEL (o el pelo): Quitar inmediatamente todas las prendas contaminadas. Lave la piel contaminada con el de 3% de ácido acético o el agente que contiene Diphoterin (por ejemplo, Previn ®). Lavar las prendas contaminadas antes de volver a usarlas. Llamar inmediatamente a un centro de información toxicológica o a un médico. EN CASO DE CONTACTO CON LOS OJOS: Lavar inmediatamente con un agente que contenga Diphoterin (por ejemplo, Previn ®), levantando ocasionalmente  los párpados superior e inferior. Quitar las lentes de contacto, si lleva y resulta fácil. Seguir aclarando. Llamar inmediatamente a un centro de información toxicológica o a un médico.",,,,,,,,,
,2025-11-13 00:00:00,KAO-QB00088,ASFIER 45T, 68910-84-9,PELIGRO,+34 93 739 9445,"H302, H314, H318","P280, P270, P264, P301 + P310, P301 + P310 , P330, P331, P303 + P361 + P353 + P310, P363, P305 + P351 + P338 , P310, P405, P501",X,X,,,,,,,
,2025-10-21 00:00:00,KAO-QB00088,ASFIER 45T,68910-84-9,PELIGRO,+34 93 739 9445,Nocivo en caso de ingestión. Provoca graves quemaduras en la piel y lesiones oculares.,"PREVENCIÓN: Usar guantes de protección: > 8 horas (tiempo de saturación): caucho butílico. Usar 
protección para los ojos o la cara: Recomendado: lentes anti-salpicaduras , máscara. Usar ropa protectora: Recomendado: Traje de protección. No comer, beber o fumar 
mientras se manipula este producto. Lavarse cuidadosamente las manos después de 
la manipulación. INTERVENCIÓN: EN CASO DE INHALACIÓN: Transportar la víctima al aire libre y mantenerla en reposo 
en una posición que le facilite la respiración. Llamar inmediatamente a un CENTRO DE CONTROL DE ENVENENAMIENTO o a un médico. EN CASO DE INGESTIÓN:
Llamar inmediatamente a un CENTRO DE CONTROL DE ENVENENAMIENTO o a un  médico. Enjuagarse la boca. NO provocar el vómito. EN CASO DE CONTACTO CON 
LA PIEL (o el pelo): Quitar inmediatamente toda la ropa contaminada. Lave la piel 
contaminada con el de 3% de ácido acético o el agente que contiene Diphoterin Lavar la ropa contaminada antes de volverla a usar. Llamar 
inmediatamente a un CENTRO DE CONTROL DE ENVENENAMIENTO o a un médico. EN CASO DE CONTACTO CON LOS OJOS: Lavar inmediatamente con un agente 
que contenga Diphoterin (por ejemplo, Previn ®), levantando ocasionalmente los 
párpados superior e inferior. Quitar las lentes de contacto, cuando estén presentes y pueda hacerse con facilidad. Proseguir con el lavado. Llamar inmediatamente a un 
CENTRO DE CONTROL DE ENVENENAMIENTO o a un médico. ALMACENAMIENTO: Guardad bajo llave. ELIMINACIÓN: Eliminar el contenido y recipiente conforme a todas las reglamentaciones locales,
regionales, nacionales e internacionales.",X,X,,,,,,,
,2025-11-13 00:00:00,KAO-QB00008,ASFIER 510,151661-99-3,PELIGRO,+34 93 739 9445,"H302, H314, H372, H410","P280, P273, P260, P270, P264, P391, P304+P310, P301+P310, P303+P361+P353, P310, P405, P501",X,X,X,,,X,,,
,2025-11-28 00:00:00,KAO-QB00009,ASFIER 710,"7732-18-5, 130014-37-8",ATENCION,+34 93 739 9445,"H302, H315, H319, H410","PREVENCION: Llevar guantes de protección: > 8 horas (tiempo de detección): caucho natural (látex). Llevar gafas o máscara de protección: Recomendado: gafas anti-salpicaduras , gafas de seguridad con protección lateral. Evitar su liberación al medio ambiente. No comer, beber ni fumar durante su utilización. Lavarse concienzudamente tras la manipulación. RESPUESTA:  Recoger el vertido. EN CASO DE INGESTIÓN: Llamar a un CENTRO DE  INFORMACIÓN TOXICOLÓGICA o a un médico si la persona se encuentra mal. Enjuagarse la boca. Quitar las prendas contaminadas y lavarlas antes de volver a  usarlas. EN CASO DE CONTACTO CON LA PIEL: Lavar con abundante agua. En  caso de irritación cutánea: Consultar a un médico. EN CASO DE CONTACTO CON  LOS OJOS: Aclarar cuidadosamente con agua durante varios minutos. Quitar las lentes  de contacto, si lleva y resulta fácil. Seguir aclarando. Si persiste la irritación ocular: Consultar a un médico. ELIMINACIÓN: Eliminar el contenido y el recipiente de acuerdo con las normativas locales, regionales, nacionales e internacionales.",X,,,,,X,,,
,2025-11-13 00:00:00,KAO-QB00010,ASFIER N480L,151661-99-3,PELIGRO,+34 93 739 9445,"H302, H314, H318, H400, H410","P280, P273, P270, P264, P391, P304+P310, P301+P310, P303+P361+P353, P310, P405, P501",X,X,,,,X,,,
,2025-10-16 00:00:00,IFF-QB00126,AVEIA PLUS PONS CR,Mezcla,ATENCION,01 800 002 1400,"H317, H361","P280, P302 + P352",X,,X,,,,,,
,2025-10-14 00:00:00,IFF-QB00127,BABY HYPO 168,Mezcla,ATENCION,01 800 002 1400,"H317, H361","P261, P280, P302 + P352, P308 + P313, P333 + P313, ",X,,X,,,,,,
,2025-10-14 00:00:00,IFF-QB00073,BAMBOO BOO 664,Mezcla,PELIGRO,01 800 002 1400,"H227, H304, H315, H317, H319, H361","P210, P261, P280, P301 + P310, P302 + P352, P305 + P351 + P338, P308 + P313, P331, P333 + P313, P337 + P313, P370 + P378",X,,X,,,,,,
,2025-10-16 00:00:00,IFF-QB00220,BAMBOO SENSE 2150 S/P,Mezcla,PELIGRO,01 800 002 1400,"H227, H304, H315, H317, H319,  H361","P210, P280, P301 + P310, P302 + P352, P305 + P351 + P338, P331",X,,X,,,,,,
,2025-10-28 00:00:00,PRD-QB00001,BASE AROMATIZANTE,Mezcla,PELIGRO,01 800 002 1400,"H302 + H312, H318, H411","P264, P270, P273, P280, P301+P312, P302 + P352, P305 + P351 + P338, P301 + P330 + P331, P332 + P313, P337 + P313, P362 + P364, P391, P501",X,X,,,,X,,,
,2025-10-28 00:00:00,PRD-QB00002,BASE LIMPIADOR QB12,Mezcla,ATENCION,01 800 002 1400,"H315, H319","P280, P303+P361+P353, P305 + P351 + P338, P314, P403 + P233",X,,,,,,,,
,2025-10-28 00:00:00,PRD-QB00006,BASE PARA DIFUSORES AMBIENTALES,Mezcla,ATENCION,01 800 002 1400,"H227, H320","P210, P264, P280, P305+P351+P338, P337+P313, P370+P378, P403+P235, P501",X,,,,,,,,
,2025-10-23 00:00:00,VAR-QB00025,BASE PARA DIFUSORES AMBIENTALES,56539-66-3,ADVERTENCIA,01 800 002 1400,"H227, H320","P210, P264, P280, P305+P351+P338, P337+P313, P370+P378, P403+P235, P501",X,,,,,,,,
,2025-11-25 00:00:00,VAR-QB00026,BASE SARRIGEL QB,"61791-26-2, 112-02-7",PELIGRO,01 800 002 1400,"H302, H314, H318, H411","P264, P270, P273, P280, P301 + P317 + P330, P302 + P361 + P354 + P316, P363, P304 + P340, P305 + P354 + P338, P391, P405, P501",X,X,,,,X,,,
,2025-10-28 00:00:00,PRD-QB00003,BASE SHAMPOO,Mezcla,ATENCION,01 800 002 1400,"H315, H319","P280, P303+P361+P353, P305 + P351 + P338, P314, P403 + P233",X,,,,,,,,
,2025-10-17 00:00:00,IFF-QB00178,BEAUTY LIFE 894,Mezcla,ATENCION,01 800 002 1400,"H315, H317, H319","P280, P302 + P352, P305 + P351 + P338",X,,,,,,,,
,2025-10-14 00:00:00,IFF-QB00074,BELL CINNAMOND 575 FV,Mezcla,ATENCION,01 800 002 1400,"H227, H317, H361","P210, P261, P280, P302 + P352, P308 + P313, P333 + P313, P370 + P378",X,,X,,,,,,
,2025-11-13 00:00:00,IFF-QB00221,BELLE FEM 6040,Mezcla,ATENCION,01 800 002 1400,"H315, H317, H319, H361","P280, P302 + P352, P305 + P351 + P338",X,,X,,,,,,
,2025-10-17 00:00:00,ASH-QB00001,BENECEL,Mezcla,No Aplicable,1-800-274-5263,No Aplicable,Mantener las mezclas de polvo y aire lejos de fuentes de ignición,,,,,,,,,
SOLICITAR HDS ACTUALIZADA TIANJIN,PENDIENTE,VAR-QB00028,BENZOATO DE SODIO S/P,CAS 532-32-1,ATENCION,01 800 002 1400,"H319, H402","P264, P280, P273, P305+P351+P338, P337+P313 , P501",X,,,,,X,,,
,2025-10-16 00:00:00,IFF-QB00222,BERRY BLOSSOM S/P,Mezcla,ATENCION,01 800 002 1400,"H227, H315, H317, H319, H361","P210, P280, P302 + P352, P305 + P351 + P338",X,,X,,,,,,
,2025-10-16 00:00:00,IFF-QB00223,BERRY PUNCH 867 FV,Mezcla,ATENCION,01 800 002 1400,"H317, H319","P280, P302 + P352, P305 + P351 + P338, ",X,,,,,,,,
,2025-10-21 00:00:00,KAO-QB00025,BETADET HR2,Mezcla,PELIGRO,+34 93 739 9445,"H318, H412","P280, P273, P305 + P351 + P338, P310, P501",,X,,,,,,,
,2025-10-23 00:00:00,VAR-QB00030,BETAINA QB,61789-40-0/263-058-8,ATENCION,01 800 002 1400,"H315, H318","P264, P280, P303+P361+P353, P314, P403+P233",X,,,,,,,,
,2025-10-23 00:00:00,VAR-QB00031,BETAINA QB TOTE,61789-40-0/263-058-8,ATENCION,01 800 002 1400,"H315, H318","P264, P280, P303+P361+P353, P314, P403+P233",X,,,,,,,,
,2025-10-14 00:00:00,IFF-QB00179,BLACK FLORAL 842,Mezcla,ATENCION,01 800 002 1400,"H315, H317, H319, H361","P261, P280, P302 + P352, P305 + P351 + P338, P308 + P313, P333 + P313, P337 + P313",X,,X,,,,,,
,2025-10-21 00:00:00,ASH-QB00057,BLANOSE CMC 9H4F 421930,9004-32-4,ATENCION,1-800-274-5263,No Aplicable,Mantener las mezclas de polvo y aire lejos de fuentes de ignición,,,,,,,,,
,2025-10-14 00:00:00,IFF-QB00128,BLAZING 185,Mezcla,ATENCION,01 800 002 1400,"H315, H317, H319, H361","P261, P280, P302 + P352, P305 + P351 + P338, P308 + P313, P333 + P313, P337 + P313",X,,X,,,,,,
,2025-10-14 00:00:00,IFF-QB00197,BLOOM MEDLEY 420,Mezcla,ATENCION,01 800 002 1400,"H317, H361, H373","P260, P280, P302 + P352, P308 + P313, P333 + P313, P501",X,,X,,,,,,
,2025-10-16 00:00:00,IFF-QB00129,BLUE BREEZE 929,Mezcla,ATENCION,01 800 002 1400,"H227,  H317, H361","P210, P261, P280, P302 + P352, P308 + P313, P333 + P313, P370 + P378",X,,X,,,,,,
,2025-10-14 00:00:00,IFF-QB00037,BLUE COTTON 824,Mezcla,ATENCION,01 800 002 1400,"H315, H317, H351, H361","P261, P264, P280, P302 + P352, P308 + P313, P333 + P313",X,,X,,,,,,
,2025-10-14 00:00:00,IFF-QB00198,BLUE MICRO MEMORIES 320 AZUL,Mezcla,ATENCION,01 800 002 1400,"H315, H317, H319, H351, H361, H373","P260, P280, P302 + P352, P305 + P351 +P338, P308 + P313, P333 + P313, P337 + P313",X,,X,,,,,,
,2025-10-16 00:00:00,IFF-QB00226,BLUE MOMENT 759 S/P,Mezcla,ATENCION,01 800 002 1400,"H227, H315, H317, H319, H361","P210, P280, P302 + P352, P305 + P351 + P338",X,,X,,,,,,
,2025-10-16 00:00:00,IFF-QB00227,BLUE MOON,Mezcla,ATENCION,01 800 002 1400,"H315, H317, H319, H410, H411","P261, P264, P272, P273, P280, P302 + P352, P305 + P351 + P338, P333 + P313, P337 + P313, P362 + P364, P391, P501",X,,,,,X,,,
,2025-10-14 00:00:00,IFF-QB00038,BLUE SKY 270,Mezcla,ATENCION,01 800 002 1400,"H227, H315, H317, H319, H361","P210, P261, P280, P302 + P352, P305 + P351 + P338, P308 + P313, P333 + P313, P337 + P313, P370 + P378",X,,X,,,,,,
,2025-10-14 00:00:00,IFF-QB00075,BOSQUE 904-A,Mezcla,ATENCION,01 800 002 1400,"H227, H317, H361","P210, P261, P280, P302 + P352, P308 + P313, P333 + P313, P370 + P378",X,,X,,,,,,
,2025-10-16 00:00:00,IFF-QB00228,BOSQUE DE BAMBU,Mezcla,ATENCION,01 800 002 1400,"H227, H317, H319, H361","P210, P280, P302 + P352, P305 + P351 + P338",X,,X,,,,,,
,2025-10-16 00:00:00,IFF-QB00229,BOSS 1363 FQ TANGO,Mezcla,PELIGRO,01 800 002 1400,"H227,H303,H315,H317,H318,H361,H411","P201,P202,P210,P261,P264,P272,P273,P280,P302+P352,P305+P351+P338,P312,P333+P313,P362+P364,P370+P378,P391,P403+P235, P405, P501",X,X,X,,X,,,,
SOLICITAR HDS IFF,PENDIENTE,IFF-QB00180,BOSS 3023 ACQUA DI GIO,Mezcla,-,-,-,-,1,1,1,1,,,,,
,2025-10-16 00:00:00,IFF-QB00076,BOSS 3117 NATURAL COCONUT,Mezcla,ATENCION,01 800 002 1400,H317,"P261, ,, P280, P302 + P352, P333 + P313, , P501",X,,,,,,,,
,2025-10-14 00:00:00,IFF-QB00130,BOSS 3152 MOD,Mezcla,PELIGRO,01 800 002 1400,"H227, H315, H317, H318, H350, H361, H373","P210, P260, P280, P302 + P352, P305 + P351 + P338 + P310, P308 + P313, P370 + P378",X,X,X,,,,,,
,2025-10-16 00:00:00,IFF-QB00077,BOSS 3156 TALK,Mezcla,PELIGRO,01 800 002 1400," H317, H319, H350","P261, ,, P280, P302 + P352, P305 + P351 + P338, P308 + P313, P333 + P313, P337 + P313",X,,X,,,,,,
,2025-10-16 00:00:00,IFF-QB00039,BOSS 86,Mezcla,ATENCION,01 800 002 1400,"H315, H317, H319, H361","P280, P302 + P352, P305 + P351 + P338",X,,X,,,,,,
,2025-10-14 00:00:00,IFF-QB00001,BOTANIKA,Mezcla,ATENCION,01 800 002 1400,"H227, H315, H317, H319, H351, H361","P210, P261, P280, P302 + P352, P305 + P351 + P338, P308 + P313, P333 + P313, P337 + P313, P370 + P378",X,,X,,,,,,
,2025-10-17 00:00:00,IFF-QB00001,BUENA NINA 979,Mezcla,ATENCION,01 800 002 1400,"H315, H317, H319, H361","P280, P302 + P352, P305 + P351 + P338",X,,X,,,,,,
,2025-10-28 00:00:00,BSF-QB00001,BUTONAL NX 4190,No Aplicable,PELIGRO,01 800 002 1400,"H318, H315, H360, H411, H400","P280, P273, P201, P202, P264, P305 + P351 + P338, P310, P302 + P352, P308 + P313, P391, P362 + P364, P405, P501",,X,X,,,X,,,
,2025-12-02 00:00:00,VAR-QB00032,C.M.C.,"9004-32-4, 7647-14-5",No Aplicable,01 800 002 1400,No aplicable,No Aplicable,,,,,,,,,
,2025-12-02 00:00:00,VAR-QB00180,"C.M.C. 10,000","2836-32-0, 7647-14-5, 9004-32-4",No Aplicable,01 800 002 1400,No Aplicable,No aplicable,,,,,,,,,
,2025-10-14 00:00:00,IFF-QB00182,CALVAN 1-150 ,Mezcla,PELIGRO,01 800 002 1400,"H227, H304, H315, H317, H361","P210, P261, P280, P301 + P310, P302 + P352, P331, P308 + P313, P331, P333 + P313, P370 + P378",X,,X,,,,,,
,2025-10-16 00:00:00,IFF-QB00236,CALVAN GEL 8020,Mezcla,PELIGRO,01 800 002 1400,"H227, H304, H315, H317, H361","P210, P280, P301 +P310, P302 + P352, P331",X,,X,,,,,,
,2025-10-14 00:00:00,IFF-QB00183,CANAL AZUL 921,Mezcla,ATENCION,01 800 002 1400,"H227, H315, H317, H319, H361, H373","P210, P260, P280, P302 + P352, P305 + P351 + P338 + P310, P308 + P313, P370 + P378",X,,X,,,,,,
,2025-10-16 00:00:00,IFF-QB00230,CANELLE,Mezcla,PELIGRO,01 800 002 1400,"H227, H303, H316, H317, H319, H350, H411","P201,P202,P210,P261,P264,P272,P273,P280,P302+P352,P305+P351+P338,P312,P333+P313,P362+P364,P370+P378,P391,P403+P235, P405, P501",X,,X,,,X,,,
,2025-10-17 00:00:00,ASH-QB00002,CAPAUXEIN G2 BIOFUNTIONAL,Mezcla,No Aplicable,1-800-274-5263,No Aplicable,No Aplicable,,,,,,,,,
,2025-10-23 00:00:00,VAR-QB00176,CARBOMER GBM 940,9003-01-4,No Aplicable,01 800 002 1400,No Aplicable,No Aplicable,,,,,,,,,
,2025-10-23 00:00:00,VAR-QB00178,CARBOMER LIQUID QBW,25212-88-8 ,No Aplicable,01 800 002 1400,No Aplicable,No Aplicable,,,,,,,,,
,2025-10-21 00:00:00,LUB-QB00008,CARBOPOL 934,9003-01-4,PELIGRO,01 800 002 1400,"H340, H350,","P201, P202, P281, P308 + P313",,,X,,,,,,
,2025-10-21 00:00:00,LUB-QB00009,CARBOPOL 940,Sustancia,No Aplicable,01 800 002 1400,No Aplicable,No Aplicable,,,,,,,,,
,2025-10-21 00:00:00,LUB-QB00010,CARBOPOL 956,584-08-7,No Aplicable,01 800 002 1400,No Aplicable,No Aplicable,,,,,,,,,
,2025-10-21 00:00:00,LUB-QB00013,CARBOPOL 99620,71-43-2,PELIGRO,01 800 002 1400,"H340, H350,","P201, P202, P281, P308 + P313, P405, P501",,,X,,,,,,
,2025-10-21 00:00:00,LUB-QB00014,CARBOPOL AQUA SF1,Sustancia,No Aplicable,01 800 002 1400,No Aplicable,No Aplicable,,,,,,,,,
,2025-10-21 00:00:00,LUB-QB00017,CARBOPOL CLEAR,110-82-7,ATENCION,01 800 002 1400,"H316, H412","P273, P332 + P313, P501",,X,,,,X,,,
,2025-10-21 00:00:00,LUB-QB00020,CARBOPOL EZ4,Mezcla,ATENCION,01 800 002 1400,"H319, H402","P264,P273, P280, P305 + P351 + P338, P337 + P313, P501",X,,,,,,,,
,2025-10-21 00:00:00,LUB-QB00023,CARBOPOL ULTREZ 10,Mezcla,No Aplicable,01 800 002 1400,Puede formar concentraciones de polvo combustible en el aire,,,,,,,,,,
,2025-10-21 00:00:00,LUB-QB00024,CARBOPOL ULTREZ 20,Mezcla,ATENCION,01 800 002 1400,"H319, H402","P264, P273, P280, P305 + P351 + P338, P337 + P313, P501",X,,,,,,,,
,2025-10-21 00:00:00,LUB-QB00025,CARBOPOL ULTREZ 21,Mezcla,ATENCION,01 800 002 1400,"H319, H402","P264, P273, P280, P305 + P351 + P338, P337 + P313, P501",X,,,,,,,,
,2025-10-21 00:00:00,LUB-QB00026,CARBOPOL XTRA 11 S/P,Mezcla,No Aplicable,01 800 002 1400,No Aplicable,No Aplicable,,,,,,,,,
,2025-10-17 00:00:00,IFF-QB00232,CARISMAS 2911,Mezcla,ATENCION,01 800 002 1400,"H315, H317, H319, H361","P261, P280, P302 + P352, P305 + P351 + P338, P308 + P313, P333 + P313, P337 + P313",X,,X,,,,,,
,2025-10-14 00:00:00,IFF-QB00040,CATERPILLAR 054,Mezcla,ATENCION,01 800 002 1400,"H227, H315, H317, H351, H361"," P210, P261, P280, P302 + P352, P308 + P313, P333 + P313, P370 + P378",X,,X,,,,,,
,2025-10-17 00:00:00,IFF-QB00078,CEDARLOVE 443,Mezcla,ATENCION,01 800 002 1400,H317,"P261, P280, P302 + P352, P333 + P313, P501",X,,,,,,,,
,2025-10-14 00:00:00,IFF-QB00041,CELESTIAL DREAMS 958,Mezcla,ATENCION,01 800 002 1400,"H227, H315, H317, H361, H373","P210, P260, P280, P302 + P352, P308 + P313, P333 + P313, P370 + P378",X,,X,,,,,,
,2025-11-25 00:00:00,VAR-QB00036,CERABOSS 4048 BASE,Mezcla,No aplicable,01 800 002 1400,No aplicable,No aplicable,,,,,,,,,
,2025-12-04 00:00:00,ASH-QB00004,CERAPHYL 230 S/P, 6938-94-9,No Aplicable,1-800-274-5263,No Aplicable,No Aplicable,,,,,,,,,
,2025-10-17 00:00:00,ASH-QB00005,CERAPHYL 70,Mezcla,No Aplicable,1-800-274-5263,No Aplicable,No Aplicable,,,,,,,,,
,2025-10-28 00:00:00,ASH-QB00072,CERAPHYL 847,2002427-61-2,ATENCION,1-800-274-5263,H410,"P273, P391, P501",,,,,,X,,,
,2025-10-17 00:00:00,ASH-QB00069,CERAPHYL ODS,96690-38-9,No Aplicable,1-800-274-5263,No Aplicable,No Aplicable,,,,,,,,,
,2025-10-17 00:00:00,ASH-QB00007,CERAPHYL SLK S/P, 60209-82-7,No Aplicable,1-800-274-5263,No Aplicable,No Aplicable,,,,,,,,,
SOLICITAR HDS IFF,PENDIENTE,IFF-QB00323,CESCO LV40,-,-,-,-,-,1,1,1,1,,,,,
,2025-11-18 00:00:00,VAR-QB00037,CETEARETH-20,68439-49-6,ATENCION,01 800 002 1400,"H320, H401","P273, P264, P305 + P351 + P338, P337 + P313, P501",,X,,,,X,,,
,2025-11-13 00:00:00,KAO-QB00027,CETILICO KALCOL 6098,36653-82-4,No Aplicable,+34 93 739 9445,No Aplicable,No Aplicable,,,,,,,,,
,2025-10-14 00:00:00,IFF-QB00079,CHA 251,Mezcla,ATENCION,01 800 002 1400,"H227, H315, H317, H319, H351, 361","P210, P261, P280, P302 + P352,  P305 + P351 + P338, P308 + P313, P333 + P313,  P337 + P313, P370 + P378",X,,X,,,,,,
,2025-10-14 00:00:00,IFF-QB00131,CHAMOMILLE 398 MANZANILLA,Mezcla,ATENCION,01 800 002 1400,"H317, H361","P261, P280, P302 + P352, P308+ P313, P333 + P313, ",X,,X,,,,,,
,2025-10-17 00:00:00,IFF-QB00132,CHAMP DE LA LAVAND 897,Mezcla,PELIGRO,01 800 002 1400,"H227, H315, H317, H318, H351, H361, H371","P210, P260, P280, P302 + P352, P305 + P351 + P338 HP310, P308 + P313, P333 + P313, P337 + P313, P370 + P378",X,X,X,,,,,,
,2025-10-14 00:00:00,IFF-QB00080,CHAN 001-C MOD 1,Mezcla,ATENCION,01 800 002 1400,"H315, H317, H319, H351, H361","P261, P280, P302 + P352, P305 + P351 + P338, P308 + P313, P333 + P313, P337 + P313",X,,X,,,,,,
,2025-10-21 00:00:00,LUB-QB00027,CHEMORYL SFB 10-SK,Mezcla,ATENCION,01 800 002 1400,"H315, H319, H402","P264, P273, P280, P302 + P352, P332 + P313, P321, P362 + P364, P305 + P351 + P338, P337 + P313, P501",X,,,,,,,,
,2025-10-14 00:00:00,IFF-QB00081,CHERRY 697 MOD 1,Mezcla,ATENCION,01 800 002 1400,"H226, H317, H319, H361","P210, P261, P280, P302 + P352, P305 + P351 + P338, P308 + P313, P333 + P313, P337 + P313, P370 + P378",X,,X,,X,,,,
,2025-10-14 00:00:00,IFF-QB00002,CHERRY BERRY 921,Mezcla,ATENCION,01 800 002 1400,H317,"P261, P280, P302 + P352, P333 + P313, P362 + P3624, P501",X,,,,,,,,
,2025-10-16 00:00:00,IFF-QB00233,CHICLE 001D,Mezcla,PELIGRO,01 800 002 1400,"H226, H304, H315, H317","P210, P261, P280, P301 + P310, P302 + P352, P331, P333 + P313, P370 + P378",X,,X,,X,,,,
SOLICITAR HDS IFF,PENDIENTE,IFF-QB00082,CHIRSTMAS GINGERAPPLE 712 FV,Mezcla,-,-,-,-,1,1,1,1,,,,,
SOLICITAR HDS IFF,PENDIENTE,IFF-QB00084,CHOCOLAT MOD,Mezcla,-,-,-,-,1,1,1,1,,,,,
,2025-10-16 00:00:00,IFF-QB00083,CHRISTMAS VELAQUIM 53 MOD VAINILLA,Mezcla,ATENCION,01 800 002 1400,"H317, H361","P261, P280, P302 + P352, P308 + P313, P333 + P313, P362 + P364",X,,X,,,,,,
,2025-12-04 00:00:00,ASH-QB00008,CHROMAFEN S/P,Mezcla,No Aplicable,1-800-274-5263,No Aplicable,No Aplicable,,,,,,,,,
,2025-10-14 00:00:00,IFF-QB00184,CIC 0441 HB,Mezcla,ATENCION,01 800 002 1400,"H227, H315, H317, H319, H361","P210, P261, P280, P302 + P352, P305 + P351 + P338, P308 + P313, P333 + P313, P337 + P313, P370 + P378",X,,X,,,,,,
,2025-10-23 00:00:00,VAR-QB00038,CICLODIMETICONA 8002 SILIKA,541-02-6,ATENCION,01 800 002 1400,H227,"P210, P280, P370 + P378, P403 + P235, P501",,,,,X,,,,
,2025-10-23 00:00:00,VAR-QB00039,CICLODIMETICONA 8014 SILIKA,Mezcla,ATENCION,01 800 002 1400,H227,"P210, P280, P370+P378, P403, P501",,,,,X,,,,
,2025-10-16 00:00:00,IFF-QB00234,CITRIC FRESH,Mezcla,PELIGRO,01 800 002 1400,"H227, H304, H315, H316, H317, H319, H411","P210, P233, P240, P241, P242, P243, P260, P264, P270, ,, P280, P301 + P310, P303 + P364, P370 + P378, P391, P403 + P235, P405, P501",X,,X,,X,X,,,
,2025-10-14 00:00:00,IFF-QB00003,CITRIC TWIST 592,Mezcla,ATENCION,01 800 002 1400,"H227, H315, H317, H361","P210, P261, P280, P302 + P352, P308 + P313, P333 + P313, P370 + P378",X,,X,,,,,,
,2025-10-23 00:00:00,VAR-QB00040,CITRONELLA ACEITE ES. 100,91771-61-8,PELIGRO,01 800 002 1400,"H302, H304, H315, H317, H318, H411","P261,  P280, P301 + P310, P330 + P331, P302 + P352 + P333 + P313, P305 + P351 + P338 + P310",X,X,X,,,X,,,
,2025-10-28 00:00:00,PRD-QB00005,CITRONELLA QBD09,Mezcla,PELIGRO,01 800 002 1400,"H302, H304, H315, H317, H318, H411","P261,  P280, P301 + P310, P330 + P331, P302 + P352 + P333 + P313, P305 + P351 + P338 + P310",X,X,X,,,X,,,
,2025-10-14 00:00:00,IFF-QB00004,CITRUS BLEND 144 MOD,Mezcla,PELIGRO,01 800 002 1400,"H304, H315, H317, H318, H361","P261, P280, P301 + P310, P302 + P352, P305 + P351 + P338 + P310, P308 + P313, P331, P333 + P313",X,X,X,,,,,,
,2025-10-14 00:00:00,IFF-QB00005,CITRUS FRESH 140,Mezcla,PELIGRO,01 800 002 1400,"H226, H304, H315, H317, H318, H361","P210, P261, P280, P301 + P310, P302 + P352, P305 + P351 + P338 + P310, P308 + P313, P331, P333 + P313, P370 + P378",X,X,X,,X,,,,
,2025-10-16 00:00:00,IFF-QB00133,CITRUS SPLASH 690,Mezcla,ATENCION,01 800 002 1400,"H315, H317, H319","P280, P302+P352, P305+P351+P338",X,,,,,,,,
,2025-10-14 00:00:00,IFF-QB00085,CLASSIC FLORAL 535,Mezcla,ATENCION,01 800 002 1400,"H315, H317, H361","P261, P264, P280, P302 + P352, P308 + P313, P333 + P313",X,,X,,,,,,
,2025-10-17 00:00:00,IFF-QB00205,CLEAN PLUS 049,Mezcla,ATENCION,01 800 002 1400,H317,"P261, P280, P302 + P352, P333 + P313, P362 + P364, P501",X,,,,,,,,
,2025-10-17 00:00:00,IFF-QB00134,CLEAN SCENT 655,Mezcla,ATENCION,01 800 002 1400,"H227, H315, H317, H319","P210, P280, P302 + P352, P305 + P351 + P338",X,,,,,,,,
,2025-10-17 00:00:00,IFF-QB00086,CLEANWOOD 860,Mezcla,ATENCION,01 800 002 1400,"H315, H317, H361","P280, P302 + P352",X,,X,,,,,,
,2025-10-14 00:00:00,IFF-QB00042,CLEAR WHITE 709 MOD 1,Mezcla,ATENCION,01 800 002 1400,"H227, H315, H317, H319","P210, P261, P280, P302 + P352, P305 + P351 + P338, P308 + P313, P333 + P313, P337 + P313, P370 + P378",X,,,,,,,,
,2025-10-14 00:00:00,IFF-QB00087,COCO 120-A,Mezcla,ATENCION,01 800 002 1400,"H317, H361","P261, P280, P302+P352,  P308 + P313, P333 + P313, ",X,,X,,,,,,
,2025-10-14 00:00:00,IFF-QB00135,COCONUT AND ALOE 813,Mezcla,ATENCION,01 800 002 1400,H317,"P261, P280, P302 + P352, P333 + P313, P362 + P3624, P501",X,,,,,,,,
,2025-10-14 00:00:00,IFF-QB00043,COCONUT DELICE 733,Mezcla,ATENCION,01 800 002 1400,"H227, H315, H317, H361","P210, P261, P280, P302 + P352, P308 + P313, P333 + P313, P370 + P378,",X,,X,,,,,,
,2025-10-24 00:00:00,VAR-QB00041,COLAGENO COLLATEIN N359,92113-31-0,No Aplicable,01 800 002 1400,No Aplicable,No Aplicable,,,,,,,,,
,2025-11-07 00:00:00,VAR-QB00042,COLOR AMARILLO .6 P/GEL,633-96-5,ATENCION,01 800 002 1400,H319,"P264, P280, P337+P313, P305+P351+P338",X,,,,,,,,
SOLICITAR HDS A PROVEEDOR,PENDIENTE,VAR-QB00043,COLOR AMARILLO 5 P/GEL,-,-,-,-,-,,,,,,,,,
,2025-11-28 00:00:00,VAR-QB00044,COLOR AMARILLO ACIDO 73 (LIMPIADORES) FOSFORECENTE,518-47-8,ATENCION,01 800 002 1400,H319,"P264, P280, P337+P313, P305+P351+P338",X,,,,,,,,
SOLICITAR HDS A PROVEEDOR,PENDIENTE,VAR-QB00045,COLOR AMARILLO AL ACEITE SOLVENTE S/P,,,,,,,,,,,,,,
,2025-11-07 00:00:00,VAR-QB00047,COLOR AMARILLO BASICO PARA CLORO S/P,10588 – 01 – 9,PELIGRO,01 800 002 1400,"H272, H300, H332, H312, H314, H318, H334, H340, H350, H360, H372","P301+P310 + P330, P301 + P330 + P331, P303+P361+P353, P304+P340 + P310, P305 + P351 + P338, P308 + P313, P333 + P313, P370+P378, P391",X,X,X,,,,,,
SOLICITAR HDS A PROVEEDOR,PENDIENTE,VAR-QB00048,COLOR AMARILLO METANILO 36 (SUAVIZANTE),587-98-4,PELIGRO,01 800 002 1400,"H335, H313, H401","P280, P273, P271, P264, P234, P305 + P351 + P338, P310, P303 + P361 + P353, P304 + P340, P301 + P330 + P331, P391, P390, P403 + P233, P405, P406, P501",,X,,,X,X,,,
SOLICITAR HDS A PROVEEDOR,PENDIENTE,VAR-QB00049,COLOR AZUL ACIDO 324 (SUAVIZANTE),4368-56-3,ATENCION,01 800 002 1400,"H315, H319, H335","P261, P264, P271, P280, P302 + P352, P304 + P340, P305 + P351 + P338, P312, P321, P332 + P313, P337 + P313, P362, P403 + P233, P405, P501",X,,X,,,,,,
SOLICITAR HDS A PROVEEDOR,PENDIENTE,VAR-QB00050,COLOR AZUL AL ACEITE (ACEITE MOPS),14233-37-5,ATENCION,01 800 002 1400,"H290, H314, H335, H313, H401, H411","P280, P273, P271, P260, P264, P234, P305 + P351 + P338, P310, P303 + P361 + P353, P304 + P340, P301 + P330 + P331, P391, P390, P403 + P233, P405, P406, P501",,X,,,,X,,,
,2025-12-02 00:00:00,VAR-QB00051,COLOR AZUL BASICO 200% S/P,3521-06-0,No aplicable,01 800 002 1400,No aplicable,No aplicable,,,,,,,,,
SOLICITAR HDS A PROVEEDOR,PENDIENTE,VAR-QB00052,COLOR AZUL TURQUESA DIRECTO 86 (LIMPIADORES),1330-38-7,No Aplicable,01 800 002 1400,No Aplicable,No Aplicable,,,,,,,,,
,2025-11-28 00:00:00,VAR-QB00053,COLOR DC GREEN No8 (GEL FOSFORECENTE),6358-69-6,No Aplicable,01 800 002 1400,No Aplicable,No Aplicable,,,,,,,,,
SOLICITAR HDS A PROVEEDOR,PENDIENTE,VAR-QB00054,"COLOR NEGRO ACIDO 194 (SUAVIZANTE, JABON LIQ)",61931-02-0,ATENCION,01 800 002 1400,"H302, H318, H335, H313, H315","P261, P270, P271, P273, P280, P264, P234,  P305 + P351 + P338, P310, P303 + P361 + P353, P304 + P340, P301 + P330 + P331, P331, P391, P390, P403 + P233, P405, P406, P501",X,,,,,X,,,
SOLICITAR HDS A PROVEEDOR,PENDIENTE,VAR-QB00056,"COLOR RODAMINA BASICA  (JABON LIQ,LIMPIADORES)",81-88-9,ATENCION,01 800 002 1400,"H302, H318, H335, H313, H315","P261, P270, P271, P273, P280, P264, P234,  P305 + P351 + P338, P310, P303 + P361 + P353, P304 + P340, P301 + P330 + P331, P331, P391, P390, P403 + P233, P405, P406, P501",X,,,,,X,,,
SOLICITAR HDS A PROVEEDOR,PENDIENTE,VAR-QB00057,COLOR ROJO 114 s/p,2611-82-7,ATENCION,01 800 002 1400,"H302, H318, H335, H313, H315","P261, P270, P271, P273, P280, P264, P234,  P305 + P351 + P338, P310, P303 + P361 + P353, P304 + P340, P301 + P330 + P331, P331, P391, P390, P403 + P233, P405, P406, P501",X,,,,,X,,,
SOLICITAR HDS A PROVEEDOR,PENDIENTE,VAR-QB00058,"COLOR ROJO ACIDO 52 (ROSA) (LIMPIADORES, QUITA SARRO) S/P",3520-42-1,ATENCION,01 800 002 1400,"H302, H318, H335, H313, H315","P261, P270, P271, P273, P280, P264, P234,  P305 + P351 + P338, P310, P303 + P361 + P353, P304 + P340, P301 + P330 + P331, P331, P391, P390, P403 + P233, P405, P406, P501",X,,,,,X,,,
SOLICITAR HDS A PROVEEDOR,PENDIENTE,VAR-QB00059,COLOR ROJO AL ACEITE,85-83-6,ATENCION,01 800 002 1400,"H315, H318, H319, H335","P264, P280, P302 + P352, P305 + P351 + P338, P332 + P313 , P337 + P313, P362",X,,,,,,,,
SOLICITAR HDS A PROVEEDOR,PENDIENTE,VAR-QB00060,COLOR ROJO NO. 5 GEL,-,-,-,-,-,,,,,,,,,
,2025-11-07 00:00:00,VAR-QB00061,COLOR ROJO NO.6 GEL S/P,-,ATENCION,01 800 002 1400,"H303, H320, H335","P102, P260, P264, P273, P280, P301 + P330 + P331 , P303 + P361 + P353, P304 + P340,  P305 + P351 + P338, P390, P391, P403 + P233, P405, P406, P501",X,,,,,,,,
,2025-11-28 00:00:00,VAR-QB00064,COLOR VERDE LIMON GEL (ESMERALDA),2650-18-2,ATENCION,01 800 002 1400,"H303, H320, H335","P102, P260, P264, P273, P280, P301 + P330 + P331 , P303 + P361 + P353, P304 + P340,  P305 + P351 + P338, P390, P391, P403 + P233, P405, P406, P501",X,,,,,,,,
,2025-11-07 00:00:00,VAR-QB00065,COLOR VERDE PINO (LIMPIADOR DE PINO),8005-54-7 /1330-38-7,ATENCION,01 800 002 1400,"H320, H335","P201, P202, P260, P264, P280",X,,,,,,,,
,2025-12-04 00:00:00,VAR-QB00193,COLOR VIOLETA D&C MATIZADOR,4430-18-6,ATENCION,01 800 002 1400,H318,"P280, P305 + P351 + P338, P310",,X,,,,,,,
SOLICITAR HDS A PROVEEDOR,PENDIENTE,VAR-QB00066,COLOR VIOLETA MARTACYL S4BN 215%,1694-09-3,ATENCION,01 800 002 1400,H351,"P201, P202, P281, P308 + P313, P405, P501",,,X,,,,,,
,2025-11-28 00:00:00,VAR-QB00067,COLOR VIOLETA REACTIVO XXV-VL (LIMPIADORES),56539-66-3,ATENCION,01 800 002 1400,"H303, H320, H335","P102, P260, P264, P273, P280, P301+P330+P331, P303+P361+P353, P304+P340, P305+P351+P338",X,,,,,,,,
,2025-10-17 00:00:00,IFF-QB00136,COMPLETELY NUTS,Mezcla,ATENCION,01 800 002 1400,"H227, H315, H317","P210, P280, P302 + P352",X,,,,,,,,
SOLICITAR HDS ACTUALIZADA A PROVEEDOR,PENDIENTE,ASH-QB00009,CONDITIONIZE 37E,Mezcla,No Aplicable,1-800-274-5263,No Aplicable,No Aplicable,,,,,,,,,
,2025-10-28 00:00:00,ASH-QB00064,COPOLYMER 937 LM-O,Mezcla,ATENCION,1-800-274-5263,H319,"P264, P280, P305 + P351 + P338",X,,,,,,,,
,2025-11-13 00:00:00,KAO-QB00028,CORROMIN E-4,Mezcla,PELIGRO,+34 93 739 9445,"H226, H302, H314, H318, H317, H336, H372, H400, H411","P280, P210, P241, P242, P243, P271, P273, P260, P270, P264, P272, P391, P304+P310, P303+P361+P353, P310, P405, P403 + P233, P403 + P235, P501",X,X,X,,X,X,,,
,2025-10-21 00:00:00,ASH-QB00010,COSMEDIA GUAR N HANCE 3196,Mezcla,ATENCION,1-800-274-5263,H319,"P101, P102, P103, P264, P280, P305 + P351 + P338",X,,,,,,,,
,2025-10-16 00:00:00,IFF-QB00289,COUNTRY SOFT 239 NO USAR,Mezcla,ATENCION,01 800 002 1400,"H227, H315, H317, H319, H361","P210, P261, P280,  P302 + P352, P305 + P351 + P338, P308 + P313, P333 + P313, P337 + P313, P370 + P378",X,,X,,,,,,
,2025-10-14 00:00:00,IFF-QB00206,CRYSTAL HEALING,Mezcla,ATENCION,01 800 002 1400,"H227, H315, H317, H319, H361","P210, P261, P280, P302 + P352, P305 + P351 + P338, P308 + P313, P333 + P313, P337 + P313, P370 + P378",X,,X,,,,,,
,2025-10-17 00:00:00,IFF-QB00137,CSH 983 MELON,Mezcla,ATENCION,01 800 002 1400,"H227, H315, H317, H319, H361","P210, P280, P302 + P352, P305 + P351 + P338",X,,X,,,,,,
,2025-10-23 00:00:00,VAR-QB00172,CYTOBIOL-IRIS A2 S/P,Mezcla,ATENCION,01 800 002 1400,"H226, H412",P210,,,,,X,,,,
,2025-10-14 00:00:00,IFF-QB00175,DAMOR DAMOR FFSMT1058,Mezcla,ATENCION,01 800 002 1400,"H315, H317, H361","P261, P264, P280, P302 + P352, P308 + P313, P333 + P313",X,,X,,,,,,
,2025-10-23 00:00:00,VAR-QB00068,DANAGEL 9254,9000-07-1 / 9000-40-2,No Aplicable,01 800 002 1400,No Aplicable,No Aplicable,,,,,,,,,
,2025-11-25 00:00:00,KAO-QB00029,DANOX 511-B,Mezcla,PELIGRO,+34 93 739 9445,"H302, H314, H318, H372, H400, H411","P280, P273, P260, P270, P264, P391, P304+P310, P301+P310, P330, P331, P303 + P361 + P353, P310, P363, P305 + P351 + P338, P405, P501",X,X,X,,,X,,,
,2025-10-28 00:00:00,KAO-QB00097,DANOX BH-15 (DANOX TLC-24),Mezcla,PELIGRO,+34 93 739 9445,"H315, H318, H412","PREVENCION: Llevar guantes de protección: > 8 horas (tiempo de detección): goma de butilo. Llevar gafas o máscara de protección: Recomendado: gafas anti-salpicaduras. Evitar su liberación al medio ambiente. Lavarse concienzudamente tras la manipulación. RESPUESTA: Quitar las prendas contaminadas y lavarlas antes de volver a usarlas. EN CASO DE CONTACTO CON LA PIEL: Lavar con abundante agua. En caso de irritación cutánea: Consultar a un médico. EN CASO DE CONTACTO CON LOS OJOS: Aclarar cuidadosamente con agua durante varios minutos. Quitar las lentes de contacto, si lleva y resulta fácil. Seguir aclarando. Llamar inmediatamente a un CENTRO DE INFORMACION TOXICOLOGICA o a un médico. ELIMINACIÓN: Eliminar el contenido y el recipiente de acuerdo con las normativas locales, regionales, nacionales e internacionales.",,X,,,,,,,
,2025-11-25 00:00:00,KAO-QB00030,DANOX BT60,"68424-95-3, 61789-71-7, 67-63-0",PELIGRO,+34 93 739 9445,"H226, H302 + H312, H314, H400","P280, P210, P273, P270, P264, P391, P304 + P340, P310, P301 + P310, P330, P331, P303 + P361 + P353, P310, P363, P305 + P351 + P338, P405, P501",X,X,,,X,X,,,
,2025-11-25 00:00:00,KAO-QB00031,DANOX BT70,25988-97-0,ATENCION,+34 93 739 9445,"H319, H410","P280, P273, P264, P391, P305 + P351 + P338, P337 + P313, P501",X,,,,,X,,,
,2025-11-13 00:00:00,KAO-QB00032,DANOX HC30,Mezcla,No Aplicable,+34 93 739 9445,No Aplicable,No Aplicable,,,,,,,,,
,2025-11-13 00:00:00,KAO-QB00034,DANOX PL-10,Mezcla,ATENCION,+34 93 739 9445,Provoca irritación ocular grave.,"PREVENCIÓN: Llevar gafas o máscara de protección: Recomendado: gafas anti-salpicaduras. Lavarse las manos concienzudamente tras la manipulación. RESPUESTA: EN CASO DE CONTACTO CON LOS OJOS: Aclarar cuidadosamente con agua durante varios minutos. Quitar las lentes de contacto, si lleva y resulta fácil. Seguir aclarando. Si persiste la irritación ocular: Consultar a un médico.",X,,,,,,,,
,2025-11-25 00:00:00,KAO-QB00011,DANOX RAP 305,"61788-62-3, 1317-38-0, 13463-67-7",PELIGRO,+34 93 739 9445,"Provoca irritación cutánea.
Provoca lesiones oculares graves.
Muy tóxico para los organismos acuáticos.
Tóxico para los organismos acuáticos, con efectos nocivos duraderos.","PREVENCION: Llevar guantes de protección: > 8 horas (tiempo de detección): goma de butilo, Viton®, caucho nitrílico. Llevar gafas o máscara de protección: Recomendado: gafas anti salpicaduras. Evitar su liberación al medio ambiente. Lavarse concienzudamente tras la manipulación. RESPUESTA: Recoger el vertido. Quitar las prendas contaminadas y lavarlas antes de volver a usarlas. EN CASO DE CONTACTO CON LA PIEL: Lavar con abundante agua. En caso de irritación cutánea: Consultar a un médico. EN CASO DE CONTACTO CON  LOS OJOS: Aclarar cuidadosamente con agua durante varios minutos. Quitar las lentes  de contacto, si lleva y resulta fácil. Seguir aclarando. Llamar inmediatamente a un  CENTRO DE INFORMACION TOXICOLOGICA o a un médico. ALMACENAMIENTO:  No aplicable. ELIMINACION: Eliminar el contenido y el recipiente de acuerdo con las normativas locales, regionales, nacionales e internacionales.",,X,,,,X,,,
,2025-10-23 00:00:00,VAR-QB00069,DBSS SNCH,Mezcla,ATENCION,01 800 002 1400,"H302, H315, H318","P264, P270, P261, P301+P312, P302+P352, P305+P351+P338, P321, P330, P332+P313, P501",X,,,,,,,,
,2025-10-23 00:00:00,VAR-QB00070,DEAC. DE COCO,Mezcla,ATENCION,01 800 002 1400,"H315, H319","P264, P273, P280, P303+P361+P353 , P305+P351+P338, P314, P403+P233",X,,,,,,,,
,2025-10-23 00:00:00,VAR-QB00071,DEAC. SOYA,No Aplicable,ATENCION,01 800 002 1400,H319,"P305 + P351 + P338, P313, P301 + P330 + P331, P303 + P352",X,,,,,,,,
,2025-10-14 00:00:00,IFF-QB00138,DEATH BY CHOCOLATE,Mezcla,ATENCION,01 800 002 1400,H302,P301 + P312 + P330,X,,,,,,,,
,2025-10-14 00:00:00,IFF-QB00139,DELIRIOUS JABOTICABA 335,Mezcla,ATENCION,01 800 002 1400,"H227, H315, H317, H319, H361","P210, P261, P280, P302 + P352, P305 + P351 + P338, P308 + P313, P333 + P313, P337 + P313, P370 + P378",X,,X,,,,,,
,2025-11-25 00:00:00,VAR-QB00073,DETERCL  30-12,Mezcla,ATENCION,01 800 002 1400,"H302, H318, H401, H412","P264, P270, P273, P280, P301+P312+P330, P302+P352,P362+P364,  P332+P313, P305+P351+P338, P310",X,X,,,,,,,
,2025-11-13 00:00:00,KAO-QB00037,DIAMIET 515 s/p, 61790-85-0,PELIGRO,+34 93 739 9445,"Nocivo en caso de ingestión.
Provoca lesiones oculares graves.
Provoca irritación cutánea.","PREVENCIÓN: Llevar guantes de protección: > 8 horas (tiempo de detección): goma de butilo. Llevar gafas o máscara de protección: Recomendado: gafas anti-salpicaduras. No comer,beber ni fumar durante su utilización. Lavarse las manos concienzudamente tras la manipulación. RESPUESTA: EN CASO DE INGESTIÓN: Llamar a un centro de información toxicológica o a un médico en caso de malestar. Enjuagarse la boca. EN CASO DE CONTACTO CON LA PIEL: Lave la piel contaminada con el de 3% de ácido acético o el agente que contiene Diphoterin (por ejemplo, Previn ®). Quitarse las prendas contaminadas. Lavar las prendas contaminadas antes de volver a usarlas. En caso de irritación cutánea: Consultar a un médico. EN CASO DE CONTACTO CON LOS OJOS: Aclarar cuidadosamente con agua durante varios minutos. Quitar las lentes de contacto, si lleva y resulta fácil. Seguir aclarando. Llamar inmediatamente a un centro de información toxicológica o a un médico. ELIMINACIÓN: Eliminar el contenido y el recipiente de acuerdo con las normativas locales, regionales, nacionales e internacionales.",X,X,,,,,,,
,2025-10-28 00:00:00,KAO-QB00104,DIAMIN C,61791-63-7,PELIGRO,+34 93 739 9445,"H301, H314, H318, H372","PREVENCION: Llevar guantes de protección: > 8 horas (tiempo de detección): goma de butilo, Viton®.Llevar gafas o máscara de protección: Recomendado: gafas anti-salpicaduras. Llevar prendas de protección: Recomendado: Traje de protección, bata de laboratorio. No respirar los vapores. No comer, beber ni fumar durante su utilización. Lavarse las manos concienzudamente tras la manipulación. RESPUESTA: EN CASO DE INHALACIÓN: Transportar a la víctima al exterior y mantenerla en reposo en una posición confortable para respirar. Llamar inmediatamente a un centro de información toxicológica o a un médico. EN CASO DE INGESTIÓN: Llamar inmediatamente a un centro de información toxicológica o a un médico. Enjuagarse la boca. NO provocar el vómito. EN CASO DE CONTACTO CON LA PIEL (o el pelo):Quitar inmediatamente todas las prendas contaminadas. Lave la piel contaminada con el de 3% de ácido acético o el agente que contiene Diphoterin (por ejemplo, Previn ®).Lavar las prendas contaminadas antes de volver a usarlas. Llamar inmediatamente a un centro de información toxicológica o a un médico. EN CASO DE CONTACTO CON LOS OJOS: Lavar inmediatamente con un agente que contenga Diphoterin (por ejemplo, Previn ®), levantando ocasionalmente los párpados superior e inferior. Quitar las lentes de contacto, si lleva y resulta fácil. Seguir aclarando. Llamar inmediatamente a un centro de información toxicológica o a un médico. ALMACENAMIENTO: Guardar cerrrado. ELIMINACIÓN:  Eliminar el contenido y el recipiente de acuerdo con las normativas locales, regionales, nacionales e internacionales.",,X,X,X,,,,,
,2025-10-28 00:00:00,KAO-QB00103,DIAMIN O,7173-62-8,PELIGRO,+34 93 739 9445,"H302, H314, H318, H372","PREVENCION: Llevar guantes de protección: > 8 horas (tiempo de detección): caucho nitrílico , goma de butilo. Llevar gafas o máscara de protección: Recomendado: gafas anti_x0002_salpicaduras , máscara. Llevar prendas de protección: Recomendado: Traje de protección , bata de laboratorio. No respirar los vapores. No comer, beber ni fumar durante su utilización. Lavarse las manos concienzudamente tras la manipulación. RESPUESTA: Consultar a un médico en caso de malestar. EN CASO DE INHALACIÓN: Transportar a la persona al aire libre y mantenerla en una posición que le facilite la respiración.Llamar inmediatamente a un centro de información toxicológica o a un médico. EN CASO DE INGESTIÓN: Llamar inmediatamente a un centro de información toxicológica o a un médico. Enjuagarse la boca. NO provocar el vómito. EN CASO DE CONTACTO CON LA PIEL (o el pelo): Quitar inmediatamente todas las prendas contaminadas. Lave la piel contaminada con el de 3% de ácido acético o el agente que contiene Diphoterin (por ejemplo, Previn ®). Lavar las prendas contaminadas antes de volver a usarlas. Llamar inmediatamente a un centro de información toxicológica o a un médico. EN CASO DE CONTACTO CON LOS OJOS: Lavar inmediatamente con un agente que contenga Diphoterin (por ejemplo, Previn ®), levantando ocasionalmente los párpados superior e inferior. ALMACENAMIENTO: Guardar cerrado. ELIMINACION: Eliminar el contenido y el recipiente de acuerdo con las normativas locales, regionales, nacionales e internacionales.",X,X,X,,,,,,
,2025-10-28 00:00:00,KAO-QB00039,DIAMIN T S/P, 61791-55-7,PELIGRO,+34 93 739 9445,"H302, H314, H318, H372, H400, H410","PREVENCION: Llevar guantes de protección: > 8 horas (tiempo de detección): goma de butilo, caucho nitrílico. Llevar prendas de protección: Recomendado: Traje de protección, bata de laboratorio. Llevar gafas o máscara de protección: Recomendado: gafas anti_x0002_salpicaduras , gafas de seguridad con protección lateral. Evitar su liberación al medio ambiente. No respirar el polvo. No comer, beber ni fumar durante su utilización. Lavarse concienzudamente tras la manipulación. RESPUESTA: Recoger el vertido. EN CASO DE INHALACIÓN: Transportar a la persona al aire libre y mantenerla en una posición que le facilite la respiración. Llamar inmediatamente a un CENTRO DE INFORMACION TOXICOLOGICA o a un médico. EN CASO DE INGESTIÓN: Llamar inmediatamente a un CENTRO DE INFORMACION TOXICOLOGICA o a un médico. Enjuagarse la boca. NO provocar el vómito. EN CASO DE CONTACTO CON LA PIEL (o el pelo): Quitar inmediatamente todas las prendas contaminadas. Enjuagar la piel con agua. Llamar inmediatamente a un CENTRO DE INFORMACION TOXICOLOGICA o a un médico. Lavar las prendas contaminadas antes de volver a usarlas. EN CASO DE CONTACTO CON LOS OJOS: Aclarar cuidadosamente con agua durante varios minutos. Quitar las lentes de contacto,si lleva y resulta fácil. Seguir aclarando. Llamar inmediatamente a un CENTRO DE INFORMACION TOXICOLOGICA o a un médico. ALMACENAMIENTO: Guardar bajo llave. ELIMINACIÓN:  Eliminar el contenido y el recipiente de acuerdo con las normativas locales, regionales,nacionales e internacionales.",X,X,X,,,X,,,
,2025-10-23 00:00:00,VAR-QB00074,DIPROPILEN GLICOL,Sustancia,No Aplicable,01 800 002 1400,No Aplicable,No Aplicable,,,,,,,,,
,2025-10-23 00:00:00,VAR-QB00075,D-LIMONENO,Mezcla,PELIGRO,01 800 002 1400,"H226, H304, H315, H317, H410","P102, P210, P261, P280, P273, P303+P332+P352 , P305+P352, P306+P363 , P314 , P402+P403+P404+P410 , P501",X,X,X,,,X,,,
,2025-10-14 00:00:00,IFF-QB00088,DRAK BLACK 558 MOD 1,Mezcla,ATENCION,01 800 002 1400,"H227, H315, H317, H319, H336","P210, P261, P280, P302 + P352,  P304 + P340 + P312,P305 + P351 + P338, P333 + P313,  P337 + P313, P370 + P378, P391",X,,,,,,,,
,2025-10-17 00:00:00,IFF-QB00140,DRIZZLE 691,Mezcla,ATENCION,01 800 002 1400,"H315, H317, H319, H361","P261, P280, P302 + P352, P305 + P351 + P338, P308 + P313, P333 + P313, P337 + P313",X,,X,,,,,,
,2025-10-14 00:00:00,IFF-QB00044,DSM 1007 TERSO BEBE,Mezcla,ATENCION,01 800 002 1400,"H317, H361","P261, P280, P302 + P352, P308 + P313, P333 + P313, ",X,,X,,,,,,
,2025-10-14 00:00:00,IFF-QB00045,DSM 1020 EXIT PRADE,Mezcla,ATENCION,01 800 002 1400,"H227, H315, H317, H319, H336.","P210, P261, P280, P302+P252, P304 + P340 + P312, P305+P351+P338, P333+P313, P337 + P313, P370 + P378",X,,,,,,,,
,2025-10-14 00:00:00,IFF-QB00007,DSM 1024 LAVANDA,Mezcla,ATENCION,01 800 002 1400,"H227, H315, H317, H319, H336","P210, P261, P280, P302 + P352, P304 + P340 + P312, P305 + P351 + P338, P333 + P313, P337 + P313,  P370 + P378, P403 + P233",X,,,,,,,,
,2025-10-14 00:00:00,IFF-QB00008,DSM 1034 MAR FRESCO,Mezcla,ATENCION,01 800 002 1400,"H227, H315, H317, H319","P210, P261, P280, P302 + P352, P305 + P351 + P338, P333 + P313, P337 + P313, P370 + P378",X,,,,,,,,
,2025-10-14 00:00:00,IFF-QB00207,DSM 1063 ACE,Mezcla,PELIGRO,01 800 002 1400,"H315, H317, H319, H350, H361, H373","P260, P280, P302 + P352, P305 + P351 + P338, P308 + P313, P333 + P313, P337 + P313 ",X,,X,,,,,,
,2025-10-14 00:00:00,IFF-QB00009,DSM 1068 EUCALIPTO,Mezcla,PELIGRO,01 800 002 1400,"H226, H302, H304, H315, H317, H318, H361, H371","P210, P260, P280, P301 + P310, P302 + P352, P305 + P351 + P338, P308 + P311, P331, P333 + P313, P370 + P378, P391",X,X,X,,X,,,,
,2025-10-14 00:00:00,IFF-QB00290,DSM 1082 FAB PASION FRUTAL,Mezcla,ATENCION,01 800 002 1400,H317,"P261, P280, P302 + P352, P333 + P313, , P501",X,,,,,,,,
,2025-10-17 00:00:00,IFF-QB00239,DULCE NAVIDAD,Mezcla,PELIGRO,01 800 002 1400,"H227, H304, H315, H317, H318, H361","P210, P261, P280,  P301 + P310,  P302 + P352, P305 + P351 + P338 + P310, P308 + P313, P331,  P333 + P313, P370 + P378",X,X,X,,,,,,
,2025-10-14 00:00:00,IFF-QB00046,DURAMAX 640,Mezcla,ATENCION,01 800 002 1400,"H227, H315, H317, H319, H361","P210, P261, P280, P302 + P352,  P305 + P351 + P338, P308 + P313, P333 + P313, P337 + P313, P370 + P378",X,,X,,,,,,
,2025-10-17 00:00:00,ASH-QB00012,DYNAGEN S7P,Mezcla,No Aplicable,1-800-274-5263,No Aplicable,No Aplicable,,,,,,,,,
,2025-10-28 00:00:00,ASH-QB00013,EDERLINE S/P,Mezcla,No Aplicable,1-800-274-5263,No Aplicable,No Aplicable,,,,,,,,,
,2025-10-23 00:00:00,VAR-QB00076,EDTA TETRASODICO,Mezcla,PELIGRO,01 800 002 1400,"H315, H319, H332, H351, H373","P260, P264, P270, P271, P280, P301+P312, P304+P340, P305+P361+P338, P501",X,X,X,,,,,,
,2025-10-17 00:00:00,ASH-QB00058,EFFISIN PE5,122-99-6,PELIGRO,1-800-274-5263,"H302, H318, H335","H261, H264, H270, P280, P301 + P312 + P330, P304 + P340 + P312, P305 + P351 + P338 + P310, P403 + P233, P501",X,X,,,,,,,
,2025-10-17 00:00:00,IFF-QB00141,ELDEBERRY ,Mezcla,ATENCION,01 800 002 1400,"H227, H315, H317, H319","P210, P261, P280, P302 + P352, P305 + P351 + P338, P333 + P313, P337 + P313, P370 + P378",X,,,,,,,,
,2025-10-14 00:00:00,IFF-QB00047,ELEGANT 957 ELEGANCY,Mezcla,ATENCION,01 800 002 1400,"H227, H315, H317, H319, H361 ","P210, P261, P280, P302 + P352,  P305 + P351 + P338, P333 + P313, P337 + P313, P370 + P378",X,,X,,,,,,
,2025-10-16 00:00:00,IFF-QB00199,ELEGANT MICRO SOFTNESS 957 AMARILLO,Mezcla,ATENCION,01 800 002 1400,"H315, H317, H319","P280, P302 + P352,  P305 + P351 + P338 ",X,,,,,,,,
,2025-10-28 00:00:00,KAO-QB00041,EMAL 10 PHD S/P,73296-89-6,PELIGRO,+34 93 739 9445,"H302, H315, H318, H412","PREVENCIÓN: Llevar guantes de protección: > 8 horas (tiempo de detección): goma de butilo, Viton®,caucho nitrílico, neopreno. Llevar gafas o máscara de protección: Recomendado: gafas anti-salpicaduras. Evitar su liberación al medio ambiente. No comer, beber ni fumar durante su utilización. Lavarse concienzudamente tras la manipulación. RESPUESTA: EN CASO DE INGESTIÓN: Llamar a un CENTRO DE INFORMACIÓN TOXICOLÓGICA o a un médico si la persona se encuentra mal. Enjuagarse la boca. Quitar las prendas contaminadas y lavarlas antes de volver a usarlas. EN CASO DE CONTACTO CON LA PIEL: Lavar con abundante agua. En caso de irritación cutánea: Consultar a un médico.EN CASO DE CONTACTO CON LOS OJOS: Aclarar cuidadosamente con agua durante varios minutos. Quitar las lentes de contacto, si lleva y resulta fácil. Seguir aclarando. Llamar inmediatamente a un CENTRO DE INFORMACION TOXICOLOGICA o a un médico. ELIMINACION: Eliminar el contenido y el recipiente de acuerdo con las normativas locales, regionales, nacionales e internacionales",X,X,,,,,,,
,2025-10-21 00:00:00,KAO-QB00043,EMAL 10G,73296-89-6,PELIGRO,+34 93 739 9445,"Nocivo en caso de ingestión.
Provoca irritación cutánea.
Provoca lesiones oculares graves.
Nocivo para los organismos acuáticos, con efectos nocivos duraderos.","PREVENCIÓN: Llevar guantes de protección: > 8 horas (tiempo de detección): goma de butilo, Viton®,caucho nitrílico, neopreno. Llevar gafas o máscara de protección: Recomendado: gafas anti-salpicaduras. Evitar su liberación al medio ambiente. No comer, beber ni fumar durante su utilización. Lavarse concienzudamente tras la manipulación. RESPUESTA: EN CASO DE INGESTIÓN: Llamar a un CENTRO DE INFORMACIÓN TOXICOLÓGICA o a un médico si la persona se encuentra mal. Enjuagarse la boca. Quitar las prendas contaminadas y lavarlas antes de volver a usarlas. EN CASO DE CONTACTO CON LA PIEL: Lavar con abundante agua. En caso de irritación cutánea: Consultar a un médico. EN CASO DE CONTACTO CON LOS OJOS: Aclarar cuidadosamente con agua durante varios minutos. Quitar las lentes de contacto, si lleva y resulta fácil. Seguir aclarando. Llamar inmediatamente a un CENTRO DE INFORMACION TOXICOLOGICA o a un médico. ELIMINACIÓN: Eliminar el contenido y el recipiente de acuerdo con las normativas locales, regionales, nacionales e internacionales",X,X,,,,,,,
,2025-10-21 00:00:00,KAO-QB00042,EMAL 10-N LAURIL SULFATO DE SODIO,73296-89-6,PELIGRO,+34 93 739 9445," Nocivo en caso de ingestión.
Provoca irritación cutánea.
Provoca lesiones oculares graves.
Nocivo para los organismos acuáticos, con efectos nocivos duraderos.","PREVENCIÓN: Llevar guantes de protección: > 8 horas (tiempo de detección): goma de butilo, Viton®,caucho nitrílico, neopreno. Llevar gafas o máscara de protección: Recomendado: gafas anti-salpicaduras. Evitar su liberación al medio ambiente. No comer, beber ni fumar durante su utilización. Lavarse concienzudamente tras la manipulación. RESPUESTA: EN CASO DE INGESTIÓN: Llamar a un CENTRO DE INFORMACIÓN TOXICOLÓGICA o a un médico si la persona se encuentra mal. Enjuagarse la boca. Quitar las prendas contaminadas y lavarlas antes de volver a usarlas. EN CASO DE CONTACTO CON LA PIEL: Lavar con abundante agua. En caso de irritación cutánea: Consultar a un médico.EN CASO DE CONTACTO CON LOS OJOS: Aclarar cuidadosamente con agua durante varios minutos. Quitar las lentes de contacto, si lleva y resulta fácil. Seguir aclarando. Llamar inmediatamente a un CENTRO DE INFORMACION TOXICOLOGICA o a un médico. ELIMINACIÓN: Eliminar el contenido y el recipiente de acuerdo con las normativas locales, regionales,nacionales e internacionales",X,X,,,,,,,
,2025-11-25 00:00:00,KAO-QB00044,EMAL 227 LESS QKA, 68891-38-3,PELIGRO,+34 93 739 9445,"H315, H318, H412","P280, P273, P264, P302 + P352, P332 + P313, P362 + P364, P305 + P351 + P338, P310, P501",,X,,,,,,,
,2025-11-25 00:00:00,KAO-QB00046,EMAL 30G,73296-89-6,PELIGRO,+34 93 739 9445,"H302, H315, H318, H412","P280, P273, P270, P264, P301 + P312, P330, P302 + P352, P332 + P313, P362 + P364, P305 + P351 + P338, P310, P501",X,X,,,,,,,
,2025-11-25 00:00:00,VAR-QB00077,EMULBOSS 54,143-18-0,ATENCION,01 800 002 1400,"Provoca irritación cutánea.
Provoca irritación ocular grave.","Prevención: Lavarse las manos cuidadosamente después de la manipulación. Usar guantes de protección y equipo de 
protección para los ojos/la cara.
Intervención:
EN CASO DE CONTACTO CON LA PIEL: Lavar con abundante agua. En caso de irritación cutánea consultar a un médico. Quitar 
la ropa contaminada y lavarla antes de volverla a usar.
EN CASO DE CONTACTO CON LOS OJOS: Enjuagar con agua cuidadosamente durante varios minutos. Quitar las lentes de 
contacto cuando estén presentes y pueda hacerse con facilidad. Proseguir con el lavado. Si la irritación ocular persiste, 
consultar a un médico.
Almacenamiento: No aplica.
Eliminación: No aplica.
",X,,,,,,,,
,2025-11-28 00:00:00,KAO-QB00085,EMULREC,"72230-78-5, 64-19-7",PELIGRO,+34 93 739 9445,"H315, H318","P280, P264,  P362 + P364, P302 + P352, P332 + P313, P305 + P351 + P338, P310",,X,,,,,,,
,2025-10-23 00:00:00,VAR-QB00078,EMULSION 37,Mezcla,PELIGRO,01 800 002 1400,H319,"P264, P280, P305 + P351 +P338, P337 + P313",X,,,,,,,,
,2025-10-24 00:00:00,VAR-QB00079,EMULSION 37 ULTRA S/P,Mezcla,No Aplicable,01 800 002 1400,No Aplicable,No Aplicable,,,,,,,,,
,2025-12-04 00:00:00,ASH-QB00014,ESCALOL 577,4065-45-6,ATENCION,1-800-274-5263,"H303, H315, H319","P264, P280, P302 + P352, P305 + P351 + P338, P312, P332 + P313, P362 + P364",X,,,,,,,,
,2025-11-25 00:00:00,VAR-QB00081,ESPESANTE D150 ,"9005-08-7
",No aplicable,01 800 002 1400,No aplicable,No aplicable,,,,,,,,,
,2025-11-13 00:00:00,VAR-QB00188,ESPESANTE GT-20,Mezcla,No Aplicable,01 800 002 1400,No Aplicable,No Aplicable,,,,,,,,,
,2025-11-13 00:00:00,VAR-QB00187,ESPESANTE GT-21,Mezcla,No Aplicable,01 800 002 1400,No Aplicable,No Aplicable,,,,,,,,,
,2025-11-13 00:00:00,VAR-QB00184,ESPESANTE GT-940,9007-20-9,No Aplicable,01 800 002 1400,No Aplicable,No Aplicable,,,,,,,,,
,2025-11-13 00:00:00,VAR-QB00185,ESPESANTE GT-980,9007-20-9,No Aplicable,01 800 002 1400,No Aplicable,No Aplicable,,,,,,,,,
SOLICITAR HDS A PROVEEDOR,PENDIENTE,VAR-QB00153,ESPESANTE HIDROSOLUBLE 8000,-,-,-,-,-,,,,,,,,,
,2025-11-25 00:00:00,VAR-QB00082,ESTANATO DE SODIO,"12027-70-2, 497-19-8,  1310-73-2",PELIGRO,01 800 002 1400,"H290, H314, H335, H412","P260,  P273, P303 + P361 + P353, P304 + P340, P310, P305 + P351 + P338, P321, P405, P501",X,X,,,,,,,
,2025-10-14 00:00:00,IFF-QB00089,ETERN 0021,Mezcla,PELIGRO,01 800 002 1400,"H315, H317, H350, H361","P261, P264, P280, P302 + P352, P308 + P313, P333 + P313",X,,X,,,,,,
,2025-10-17 00:00:00,ASH-QB00016,EUXYL K100,Mezcla,PELIGRO,1-800-274-5263,"H303, H314, H317","P101, P102, P103, P261, P264, P272, P280, P301 + P330 + P331 , P303 + P361 + P353, P304 + P340 + P310, P305 + P351 + P338 + P310, P312 , P333 + P313, P362 + P364, P405, P501",x,x,,,,,,,
,2025-10-17 00:00:00,ASH-QB00059,EUXYL K830,Mezcla,PELIGRO,1-800-274-5263,"H302, H318, H335","P101, P102, P103, P261, P264, P270, P271, P280, P301 + P312 + P330, P304 + P340 + P312, P305 + P351 + P338 + P310, P403 + P233 , P405, P501",X,X,,,,,,,
,2025-10-17 00:00:00,ASH-QB00076,EUXYL K900,Mezcla,PELIGRO,1-800-274-5263,"H302, H317, H318","P101, P102, P103, P261, P264, P270, P272, P280, P301 + P312 + P330, P302 + P352, P305 + P351 + P338 + P310, P333 + P313, P362 + P364 , P501",X,X,,,,,,,
,2025-10-17 00:00:00,ASH-QB00017,EUXYL PE 9010,Mezcla,PELIGRO,1-800-274-5263,"H302, H318, H335","P101, P102, P103, P261, P264, P270, P271, P280, P301 + P312 + P330, P304 + P340 + P312, P305 + P351 + P338 + P310, P403 + P233 , P405, P501",X,X,,,,,,,
SOLICITAR HDS A PROVEEDOR,PENDIENTE,VAR-QB00083,EXFOLIANTE OLIVE 6,-,-,-,-,-,,,,,,,,,
,2025-10-16 00:00:00,IFF-QB00240,EXPELL FRESH M 820,Mezcla,PELIGRO,01 800 002 1400,"H226, H227, H302, H304, H315, H317, H319, H410","P210, P233, P240, P241, P242, P243, P260, P264, P270, P272, P273, P280, P301 + P310, P303 + P364,P305 + P351 +P338, P331, P333 + P313, P362 + P364, P370 + P378, P391, P403 + P235, P405, P501",X,,X,,X,X,,,
,2025-10-24 00:00:00,VAR-QB00085,EXTRACTO DE EUCALIPTO S/P,8000-48-4,PELIGRO,01 800 002 1400,"H315, H317, H411","P210, P261, P273, P280, P301 + P310 + P331, P302 + P352 + P333 + P313, P370 + P378, P391",X,,X,,X,X,,,
,2025-10-24 00:00:00,VAR-QB00087,EXTRACTO DE JOJOBA ACUOSO,57-55-6,No Aplicable,01 800 002 1400,No Aplicable,No Aplicable,,,,,,,,,
,2025-10-24 00:00:00,VAR-QB00089,EXTRACTO DE SEMILLA DE TORONJA (GRADO ACUOSO INGERIBLE),Mezcla,No Aplicable,01 800 002 1400,No Aplicable,No Aplicable,,,,,,,,,
,2025-10-17 00:00:00,IFF-QB00142,FASHION 180,Mezcla,ATENCION,01 800 002 1400,"H217, H361","P280, P302 + P352",X,,X,,,,,,
,2025-10-14 00:00:00,IFF-QB00173,FF SMT 1023 MOD 1 (212 MEN),Mezcla,ATENCION,01 800 002 1400,"H315, H317, H319, H361","P261, P280, P302 + P352, P305 + P351 + P338, P308 + P313, P333 + P313, P337 + P313",X,,X,,,,,,
,2025-10-14 00:00:00,IFF-QB00177,FF SMT 1028 HARMANY,Mezcla,PELIGRO,01 800 002 1400,"H227, H304, H315, H317, H319, H361","P210, P261, P280, P301 + P310, P302 + P352, P305 + P351 + P338, P308 + P313, P331, P333 + P313, P337 + P313, P370 + P378",X,,X,,,,,,
,2025-10-16 00:00:00,IFF-QB00190,FF SMT 1048 DKENZO F.,Mezcla,ATENCION,01 800 002 1400,"H317, H361","P261, P280, P302 + P352, P308 + P313, P333 + P313,  P501",X,,X,,,,,,
,2025-10-14 00:00:00,IFF-QB00189,FF SMT 1059 KA,Mezcla,ATENCION,01 800 002 1400,"H315, H317, H319, H361","P261, P280, P302 +P352, P305 + P351 + P338, P308 + P313, P333 + P313, P337 + P313",X,,X,,,,,,
,2025-10-16 00:00:00,IFF-QB00185,FF SMT1055 DEUPHORIA BLOSS,Mezcla,ATENCION,01 800 002 1400,"H317, H319, H361","P261, P280, P302+P352, P305+P351+P338, P308 + P313, P333+P313, P337+P313",X,,X,,,,,,
,2025-10-16 00:00:00,IFF-QB00173,FF-SMT 1023 MEN,Mezcla,ATENCION,01 800 002 1400,"H315, H317, H319, H361","P264, P280, P302 + P352, P305 + P351 + P338, P308 + P313, P333 + P313, P337 + P313",X,,X,,,,,,
,2025-10-16 00:00:00,IFF-QB00192,FFSMT1052 DPACIFIC P.,Mezcla,ATENCION,01 800 002 1400,"H227, H315, H317, H361","P210, P261,P280, P302 + P352, P308 + P313, P333 + P313, , P370 + P378",X,,X,,,,,,
,2025-10-28 00:00:00,VAR-QB00183,FIJADOR LS,Mezcla,PELIGRO,01 800 002 1400,"H318, H335, H411","P261, P271, P273, P280, P304 + P340 + P312, P305 + P351 + P338 + P310, P391, P403 + P233",X,X,,,,X,,,
,2025-10-28 00:00:00,VAR-QB00182,FIJADOR X100,Mezcla,No Aplicable,01 800 002 1400,No Aplicable,No Aplicable,,,,,,,,,
,2025-10-23 00:00:00,VAR-QB00091,FISION HAIR MOISTURE,Mezcla,No Aplicable,01 800 002 1400,No Aplicable,No Aplicable,,,,,,,,,
,2025-10-23 00:00:00,VAR-QB00092,FISION SKIN MOUSTURE S/P,Mezcla,No Aplicable,01 800 002 1400,No Aplicable,No Aplicable,,,,,,,,,
,2025-10-16 00:00:00,IFF-QB00186,FITNESS 248,Mezcla,ATENCION,01 800 002 1400,"H227, H315, H317, H319, H361","P210, P280, P302 + P352, P305 + P351 + P338",X,,X,,,,,,
,2025-10-21 00:00:00,LUB-QB00030,FIXATE G100,No Aplicable,No Aplicable,01 800 002 1400,No Aplicable,No Aplicable,,,,,,,,,
,2025-10-21 00:00:00,LUB-QB00029,FIXATE MT FREESTYLE,No Aplicable,No Aplicable,01 800 002 1400,No Aplicable,No Aplicable,,,,,,,,,
,2025-10-21 00:00:00,LUB-QB00033,FIXATE RSP (GOOD RITE),Mezcla,No Aplicable,01 800 002 1400,No Aplicable,No Aplicable,,X,,,,,,,
,2025-10-21 00:00:00,LUB-QB00034,FIXATE SUPER HOLD,Mezcla,ATENCION,01 800 002 1400,H316,P332 + P313,,X,,,,,,,
,2025-10-24 00:00:00,VAR-QB00174,FIXATE SUPERHOLD,Sustancia,No Aplicable,01 800 002 1400,No Aplicable,No Aplicable,,,,,,,,,
,2025-10-14 00:00:00,IFF-QB00011,FLORAL 001-E MOD,Mezcla,PELIGRO,01 800 002 1400,"H226, H315, H317, H318, H361","P210, P261, P280, P302 + P352, P305 + P351 + P338 + P310, P308 + P313, P333 + P313, P370 + P378",X,X,X,,X,,,,
,2025-10-14 00:00:00,IFF-QB00012,FLORAL 841,Mezcla,PELIGRO,01 800 002 1400,"H227, H315, H317, H318, H361","P210, P261, P280, P302 + P352, P305 + P351 + P338 + P310, P308 + P313, P333 + P313, P370 + P378",X,X,X,,,,,,
,2025-10-14 00:00:00,IFF-QB00143,FLORAL BOUQUET 981,Mezcla,PELIGRO,01 800 002 1400,"H227, H304, H315, H317, H319, H361","P210, P261, P280, P301 + P310, P302 + P352, P305 + P351 + P338, P308 + P313, P331, P333 + P313, P337 + P313, P370 + P378",X,,X,,,,,,
,2025-10-17 00:00:00,IFF-QB00048,FLORAL CREAMY 275,Mezcla,ATENCION,01 800 002 1400,"H315, H317, H319, H351, H361","P280, P302 + P352, P305 + P351 + P338 + P310",X,,X,,,,,,
,2025-10-14 00:00:00,IFF-QB00090,FLORAL HOME 413,Mezcla,ATENCION,01 800 002 1400,"H315, H317, H319, H361","P261, P280, P302 + P352, P305 + P351 + P338, P308 + P P313, P333 + P313, P337 + P313",X,,X,,,,,,
,2025-10-14 00:00:00,IFF-QB00013,FLORAL P 0830,Mezcla,ATENCION,01 800 002 1400,"H315, H317, H319, H351, H361","P261, P280, P302 + P352, P305 + P351 + P338, P308 + P313, P333 + P313, P337 + P313",X,,X,,,,,,
,2025-10-16 00:00:00,IFF-QB00010,FLORAL PICCOLO 727,Mezcla,ATENCION,01 800 002 1400,"H315, H317, H319, H351, H361","P261, P280, P302 + P352, P305 + P351 + P338, P308 + P313, P333 + P313, P333 + P313, P337 + P313",X,,X,,,,,,
,2025-10-14 00:00:00,IFF-QB00049,FLORAL ROSE 001-B,Mezcla,PELIGRO,01 800 002 1400,"H315, H317, H319 , H350, H361","P261, P280, P302 + P352, P305 + P351 + P338, P308 + P313, P333 + P313, P337 + P313",X,,X,,,,,,
,2025-10-14 00:00:00,IFF-QB00050,FLORAL ROSS FS 6596 MOD,Mezcla,PELIGRO,01 800 002 1400,"H315, H317, H318, H351, H361","P261, P280, P302 + P352, P305 + P351 + P338 + P310, P308 + P313, P333 + P313",X,X,X,,,,,,
,2025-10-14 00:00:00,IFF-QB00144,FLORAL TOUCH 956,Mezcla,PELIGRO,01 800 002 1400,"H315, H317, H319, H361","P261, P280, P302 + P352, P305 + P351 + P338, P308 + P313, P333 + P313, P337 + P313",X,,X,,,,,,
,2025-10-16 00:00:00,IFF-QB00259,FLORALIS 830,Mezcla,ATENCION,01 800 002 1400,"H303, H315, H317, H319, H351, H411.","P201, P202, P261, P264, ,, P280, P302 + P352, P305 + P351 + P338, P312, P333 + P313, P337 + P313, , P391, P405, P501",X,,X,,,X,,,
,2025-10-16 00:00:00,IFF-QB00208,FLOWERCLEAN 384,Mezcla,ATENCION,01 800 002 1400,"H227, H315, H317, H319, H361","P210, P280, P302+P352, P305+P351+P338",X,,X,,,,,,
SOLICITAR HDS ACTUALIZADA CLARIANT,PENDIENTE,VAR-QB00093,FONGRABAC MG (CONSERVA GEL SHAMPOO),Mezcla,PELIGRO,01 800 002 1400,"H302, H314, H317, H318","P261, P264, P270, P272, P280, P301+ P312+ P330, P301+ P330+ P331 , P303+ P361+ P353, P304+ P340+ P310, P305+ P351+ P338+ P310, P333+ P313, P363, P405, P501",X,X,,,,,,,
SOLICITAR HDS A PROVEEDOR,PENDIENTE,VAR-QB00152,FORMOL PR,,,,,,,,,,,,,,
,2025-11-13 00:00:00,KAO-QB00048,FORMOX DM40,Mezcla,PELIGRO,+34 93 739 9445,"H315, H318, H400, H411","PREVENCIÓN: Llevar guantes de protección: > 8 horas (tiempo de detección): goma de butilo. Llevar gafas o máscara de protección: Recomendado: gafas anti-salpicaduras. Evitar su liberación al medio ambiente. Lavarse concienzudamente tras la manipulación. RESPUESTA: Recoger el vertido. Quitar las prendas contaminadas y lavarlas antes de volver a usarlas. EN CASO DE CONTACTO CON LA PIEL: Lavar con abundante agua. En caso de irritación cutánea: Consultar a un médico. EN CASO DE CONTACTO CON LOS OJOS: Aclarar cuidadosamente con agua durante varios minutos. Quitar las lentes de contacto, si lleva y resulta fácil. Seguir aclarando. Llamar inmediatamente a un CENTRO DE INFORMACION TOXICOLOGICA o a un médico. ELIMINACIÓN: Eliminar el contenido y el recipiente de acuerdo con las normativas locales, regionales, nacionales e internacionales.",,X,,,,X,,,
,2025-10-21 00:00:00,KAO-QB00049,FORMOX DMCD E,Mezcla,PELIGRO,+34 93 739 9445,"H315, H318, H400, H411","P280, P273, P264, P391,  P302 + P352, P332 + P313, P362 + P364, P305 + P351 + P338, P310, P501",,X,,,,X,,,
,2025-10-28 00:00:00,KAO-QB00052,FORMOX L75 PC,68155-09-9,PELIGRO,+34 93 739 9445,H318,"P280, P305 + P351 + P338, P310",,X,,,,,,,
,2025-10-14 00:00:00,IFF-QB00091,FOUGERE 087 DRAKKAR,Mezcla,ATENCION,01 800 002 1400,"H227, H315, H317, H319, H651, H361","P210, P261, P280, P302 + P352, P305 + P351 + P338, P308 + P313, P333 + P313, P337 + P313, P370 + P378",X,,X,,,,,,
,2025-10-14 00:00:00,IFF-QB00092,FOUGERE 959-A DRAKKAR,Mezcla,PELIGRO,01 800 002 1400,"H227, H315, H317, H319, H336, H350, H361","P210, P261, P280, P302 + P352, P304 + P340 + P312, P305 + P351 + P338, P308 + P313, P333 + P313, P337 + P313, P370 + P378, P403 + P233",X,,X,,,,,,
,2025-10-14 00:00:00,IFF-QB00051,FOUGERE FRESH 003-H,Mezcla,ATENCION,01 800 002 1400,"H227, H315, H317, H319, H361, H373","P210, P260, P280, P302 + P352, P305 + P351 + P338, P308 + P313, P333 + P313, P337 + P313, P370 + P378",X,,X,,,,,,
,2025-10-14 00:00:00,IFF-QB00052,FREEDOM 639,Mezcla,PELIGRO,01 800 002 1400,"H227, H315 H317, H318, H361 ","P210, P261, P280, P302 + P352, P305 + P351 + P338 + P310, P308 + P313, P333 + P313, P370 + P378",X,X,X,,,,,,
,2025-10-14 00:00:00,IFF-QB00093,FRESA 80,Mezcla,ATENCION,01 800 002 1400,"H227, H317, H361","P210, P261, P280, P302 + P352, P308 + P313, P333 + P31, P370 + P378",X,,X,,,,,,
,2025-10-16 00:00:00,IFF-QB00244,FRESH BREEZE,Mezcla,ATENCION,01 800 002 1400,"H226, H315, H317, H361","P210, P240, P280, P302 + P352, P403 + P235",X,,X,,X,,,,
,2025-10-14 00:00:00,IFF-QB00322,FRESH CITRUS 580,Mezcla,PELIGRO,01 800 002 1400,"H227, H304, H315, H317, H319, H361","P210, P261, P280, P301 + P310, P302 + P352, P305 + P351 + P338, P308 + P313, P331, P333 + P313, P337 + P313, P370 + P378",X,,X,,,,,,
,2025-10-14 00:00:00,IFF-QB00145,FROSTED WHITE CITRON,Mezcla,PELIGRO,01 800 002 1400,"H227, H304, H317, H361","P210, P261, P280, P301 + P310, P302 + P352, P331, P308 + P313, P331, P333 + P313, P370 + P378",X,,X,,,,,,
,2025-10-14 00:00:00,IFF-QB00014,FRUITY MIX 327,Mezcla,ATENCION,01 800 002 1400,"H315, H317, H319, H361","P261, P280, P302 + P352, P305 + P351 + P338, P308 + P313, P333 + P313, P337 + P313",X,,X,,,,,,
,2025-10-14 00:00:00,IFF-QB00146,FRUITY SOFT 624,Mezcla,PELIGRO,01 800 002 1400,"H226, H304, H315, H317, H361","P210, P261, P280, P301 + P310,P302 + P352, P308 + P313, P331, P333 + P313, P370+P378",X,,X,,X,,,,
,2025-10-14 00:00:00,IFF-QB00124,GAV 1171 SH MOD 1,Mezcla,ATENCION,01 800 002 1400,"H315, H317, H319, H361","P261, P280, P302 + P352, P305 + P351 + P338, P308 + P313, P333 + P313, P337 + P313",X,,X,,,,,,
,2025-10-17 00:00:00,ASH-QB00060,GERMALL 115,39236-46-9,ATENCION,1-800-274-5263,H317,"P261, P272, P280, P302 + P352, P333 + P313, P362 + P364, P501",X,,,,,,,,
,2025-10-21 00:00:00,ASH-QB00070,GERMALL PLUS POLVO,Mezcla,PELIGRO,1-800-274-5263,Puede formar concentraciones de polvo combustible en el aire. Puede provocar una reacción alérgica en la piel. Provoca irritación ocular grave. Perjudica a determinados órganos (laringe) por exposición prolongada o repetida.,"Se necesita consejo médico, tener a mano el envase o la etiqueta. Mantener fuera del alzance de los niños. Leer la etiqueta antes del uso. PREVENCIÓN: No respirar el polvo. Lavarse la piel concienzudamente tras la manipulación. No comer, beber ni fumar durante su utilización. La ropa de trabajo contaminada no debe salir del lugar de trabajo. Llevar guantes/equipo de protección para los ojos/ la cara. INTERVENCIÓN: Lavar con agua y jabón abundante en contacto con la piel. Enjuagar con agua cuidadosamente durate varios minutos. Quitar las lentes de contacto cuando estén presentes y pueda hacerse con facilidad. Proseguir con el lavado en caso de contacto con los ojos. Consultar a un médico. ELIMINACIÓN: Eliminar el contenido / el recipiente en una planta de eliminación de residuos autorizada.",X,,X,,,,,,
,2025-10-17 00:00:00,ASH-QB00020,GERMALL PLUSS LIQ,Mezcla,PELIGRO,1-800-274-5263,"H303, H317, H319, H372","P101, P102, P103, P260, P264, P270, P272, P280, P302 + P352, P305 + P351 + P338 + P310, P312, P333 + P313, P362 + P364, P501",X,,X,,,,,,
,2025-10-14 00:00:00,IFF-QB00187,GHOST 081,Mezcla,ATENCION,01 800 002 1400,"H227, H315, H317, H319, H361","P210, P261, P280, P302 + P352, P305 + P351 + P338, P308 + P313, P333 + P313, P337 + P313, P370 + P378",X,,X,,,,,,
,2025-10-17 00:00:00,IFF-QB00015,GINGER ESSCENCE 375,Mezcla,ATENCION,01 800 002 1400,"H227, H315, H317, H319","P210, P280, P302 + P352, P305 + P351 + P338",X,,,,,,,,
,2025-10-17 00:00:00,IFF-QB00147,GINGER TOUCH 917,Mezcla,ATENCION,01 800 002 1400,"H227, H315, H317, H319, H361","P210, P280, P302 + P352, P305 + P351 + P338",X,,X,,,,,,
,2025-10-14 00:00:00,IFF-QB00053,GLAM 359 GLAMUR,Mezcla,ATENCION,01 800 002 1400,"H227, H303, H315 H317, H319, H361 ","P210, P261, P280, P302 + P352, P305 + P351 + P338, P308 + P313, P333 + P313, P337 + P313, P370 + P378",X,,X,,,,,,
,2025-10-16 00:00:00,IFF-QB00245,GLAMOUR 50,Mezcla,ATENCION,01 800 002 1400,"H227, H315, H317, H319, H361","P210, P280, P302+P352, P305+P351+P338",X,,X,,,,,,
,2025-10-23 00:00:00,VAR-QB00099,GLICEPOL 160,"31566-31-1, 123-94-4, 11099-07-3, 85666-92-8, 85251-77-0",No Aplicable,01 800 002 1400,No Aplicable,No Aplicable,,,,,,,,,
,2025-10-23 00:00:00,VAR-QB00100,GLICERINA USP,56-81-5,No Aplicable,01 800 002 1400,No Aplicable,No Aplicable,,,,,,,,,
,2025-10-21 00:00:00,LUB-QB00037,GLUCAM P20,61849-72-7,No Aplicable,01 800 002 1400,No Aplicable,No Aplicable,,,,,,,,,
,2025-10-21 00:00:00,LUB-QB00038,GLUCAMATE LT,Mezcla,No Aplicable,01 800 002 1400,No Aplicable,No Aplicable,,,,,,,,,
,2025-10-21 00:00:00,LUB-QB00039,GLUCAMATE SSE20 s/p,72175-38-4,No Aplicable,01 800 002 1400,No Aplicable,No Aplicable,,,,,,,,,
,2025-10-21 00:00:00,LUB-QB00040,GLUCATE SS,Sustancia,No Aplicable,01 800 002 1400,No Aplicable,No Aplicable,,,,,,,,,
,2025-10-23 00:00:00,VAR-QB00102,GLUCOPON 425 S/P,Mezcla,PELIGRO,01 800 002 1400,"H318, H402","P280, P273, P305 + P351 + P338, P310, P501",,X,,,,X,,,
,2025-10-23 00:00:00,VAR-QB00103,GLUCOPON 625 S/P,110615-47-9,PELIGRO,01 800 002 1400,"H318, H315, H401","P280, P273, P264, P305 + P351 + P338, P310, P303 + P352, P332 + P313, P362 + P364, P501",,X,,,,,,,
,2025-10-24 00:00:00,VAR-QB00104,GLUTARALDEHIDO,111-30-8,PELIGRO,01 800 002 1400,"H301, H314, H317, H318, H330, H334, H335, H400, H411","P260, P264, P270, P271, P272, P273, P280, P284, P301 + P310, P321, P330, P301 + P330 + P331, P303 + P361 + P353, P333 + P313, P362 + P364, P304 + P340, P305 + P351 + P338, P310, P342 + P311, P391, P403 + P233, P405, P501",X,X,X,X,,X,,,
,2025-10-28 00:00:00,ASH-QB00021,GP4G S/P,Mezcla ,No Aplicable,1-800-274-5263,No Aplicable,No Aplicable,,,,,,,,,
,2025-10-16 00:00:00,IFF-QB00246,GREEN APPLE 1082,Mezcla,ATENCION,01 800 002 1400,H317,"P280, P302 + P352",X,,,,,,,,
,2025-10-14 00:00:00,IFF-QB00054,GREEN SENSE 842,Mezcla,ATENCION,01 800 002 1400,"H227, H315, H317, H319, H351, H361 ","P210, P261, P280, P302 + P352, P305 + P351 + P338, P308 + P313, P333 + P313, P337 + P313, P370 + P378",X,,X,,,,,,
,2025-10-14 00:00:00,IFF-QB00094,GREEN TEA & CHAI 202,Mezcla,PELIGRO,01 800 002 1400,"H227, H304, H315, H317, H319,  H361","P210, P261, P280, P301 + P310, P302 + P352, P305 + P351 + P338, P308 + P313, P333 + P313, P337 + P313, P370 + P378",X,,X,,,,,,
,2025-10-14 00:00:00,IFF-QB00319,GREEN TEA CUCUMBER 956,Mezcla,ATENCION,01 800 002 1400,"H317, H361","P261, P280, P302 + P352, P308 + P313, P333 + P313, ",X,,X,,,,,,
,2025-11-13 00:00:00,KAO-QB00012,GRIPER X2,12645-31-7,PELIGRO,+34 93 739 9445,Provoca quemaduras graves en la piel y lesiones oculares graves.,"PREVENCIÓN: Llevar guantes de protección: > 8 horas (tiempo de detección): goma de butilo. Llevar gafas o máscara de protección: Recomendado: gafas anti-salpicaduras , máscara. Llevar prendas de protección: Recomendado: Traje de protección. Lavarse las manos concienzudamente tras la manipulación. RESPUESTA: EN CASO DE INHALACIÓN: Transportar a la persona al aire libre y mantenerla en una posición que le facilite la respiración. Llamar inmediatamente a un centro de información toxicológica o a un médico. EN CASO DE INGESTIÓN: Llamar inmediatamente a un centro de información toxicológica o a un médico. Enjuagarse la boca. NO provocar el vómito. EN CASO DE CONTACTO CON LA PIEL (o el pelo): Quitar inmediatamente todas las prendas contaminadas. Aclararse la piel con agua o ducharse. Lavar las prendas contaminadas antes de volver a usarlas. Llamar inmediatamente a un centro de información toxicológica o a un médico. EN CASO DE CONTACTO CON LOS OJOS: Aclarar cuidadosamente con agua durante varios minutos. Quitar las lentes de contacto, si lleva y resulta fácil. Seguir aclarando. Llamar  inmediatamente a un centro de información toxicológica o a un médico. ELIMINACIÓN: Eliminar el contenido y el recipiente de acuerdo con las normativas locales, regionales, nacionales e internacionales",,X,,,,,,,
,2025-11-13 00:00:00,KAO-QB00013,GRIPPER 67,Mezcla,PELIGRO,+34 93 739 9445,"H314, H318","P280, P264,  P304 + P340, P310, P301 + P310, P330, P331, P303 + P361 + P353, P310, P363, P305 + P351 + P338, P310, P405, P501",,X,,,,,,,
,2025-10-14 00:00:00,IFF-QB00055,HAPPY 360,Mezcla,ATENCION,01 800 002 1400,"H317, H361","P261, P280, P302 + P352, P308 + P313, P333 + P313, ",X,,X,,,,,,
,2025-10-14 00:00:00,IFF-QB00200,HAPPY MICRO SUNSHINE 312 AZUL,Mezcla,ATENCION,01 800 002 1400,"H315, H317, H361","P261, P264, P280, P302 + P352, P308 + P313, P333 + P313",X,,X,,,,,,
,2025-10-14 00:00:00,IFF-QB00095,HERBAL 550,Mezcla,PELIGRO,01 800 002 1400,"H227, H304, H315, H317, H318, H361","P210, P261, P280,  P301 + P310,  P302 + P352, P305 + P351 + P338 + P310, P308 + P313, P331,  P333 + P313, P370 + P378",X,X,X,,,,,,
,2025-10-21 00:00:00,LUB-QB00042,HIDRAMOL PGPL s/p,Sustancia,No Aplicable,01 800 002 1400,No Aplicable,No Aplicable,,,,,,,,,
,2025-10-17 00:00:00,IFF-QB00188,HOMBRE MILLON 330,Mezcla,ATENCION,01 800 002 1400,"H227, H302, H315, H317, H319, H361","P210, P280, P301 + P312 + P330, P302 + P352, P305 + P351 + P338",X,,X,,,,,,
,2025-10-21 00:00:00,KAO-QB00083,HRB-1 S/P, 110-30-5,ATENCION,+34 93 739 9445,Puede formar concentraciones de polvo explosivas en el aire.,No Aplicable,,,,,,,,,
,2025-10-21 00:00:00,KAO-QB00086,HRB-2 S/P,Mezcla,PELIGRO,+34 93 739 9445,"H302, H314, H318, H373, H304","PREVENCIÓN:  Llevar guantes de protección: > 8 horas (tiempo de detección): goma de butilo. Llevar gafas o máscara de protección: Recomendado: Gafas anti-salpicaduras. , máscara.Llevar prendas de protección: Recomendado: Bata de laboratorio.,Traje de protección.No respirar el polvo. No comer, beber ni fumar durante su utilización. Lavarse las manos concienzudamente tras la manipulación. RESPUESTA:  Consultar a un médico en caso de malestar. EN CASO DE INHALACIÓN: Transportar a la persona al aire libre y mantenerla en una posición que le facilite la respiración. Llamar inmediatamente a un centro de información toxicológica o a un médico. EN CASO DE INGESTIÓN: Llamar inmediatamente a un centro de información toxicológica o a un médico. Enjuagarse la boca. NO provocar el vómito. EN CASO DE CONTACTO CON LA PIEL (o el pelo): Quitar inmediatamente todas las prendas contaminadas. Lave la piel contaminada con el de 3% de ácido acético o el agente que contiene Diphoterin (por ejemplo, Previn ®). Lavar las prendas contaminadas antes de volver a usarlas. Llamar inmediatamente a un centro de información toxicológica o a un médico. EN CASO DE CONTACTO CON LOS OJOS: Lavar inmediatamente con un agente que contenga Diphoterin (por ejemplo, Previn ®), levantando ocasionalmente los párpados superior e inferior. Quitar las lentes de contacto, si lleva y resulta fácil. Seguir aclarando. Llamar inmediatamente a un centro de información toxicológica o a un médico. ALMACENAMIENTO: Guardar cerrado. ELIMINACIÓN: Eliminar el contenido y el recipiente de acuerdo con las normativas locales, regionales, nacionales e internacionales.",X,X,X,,,,,,
,2025-10-17 00:00:00,IFF-QB00188,INDULGENT TOUCH 268,Mezcla,ATENCION,01 800 002 1400,"H315, H317","P280, P302 + P352, P305 + P351, P338",X,,,,,,,,
,2025-10-28 00:00:00,ASH-QB00061,INTEGRA 22,Mezcla,ATENCION,1-800-274-5263,"H303, H319","P264, P280, P305 + P351 + P338, P312",X,,,,,,,,
SOLICITAR HDS ACTUALIZADA A PROVEEDOR,PENDIENTE,VAR-QB00105,IPA,67-63-0,PELIGRO,01 800 002 1400,"H225, H319, H336","P210, P264, P280, P303 + P361 + P353, P304 + P340, P305 + P351 + P338, P337 + P313, P370 + P378, P403 + P233, P405",X,,,,,,X,,
,2025-10-23 00:00:00,VAR-QB00106,JABON POTASICO S/P,Mezcla,ATENCION,01 800 002 1400,H315,"P301+ P310, P302+ P352, P331",X,,,,,,,,
,2025-10-17 00:00:00,IFF-QB00016,JASMIN STRAWBERRY 120,Mezcla,ATENCION,01 800 002 1400,"H317, H361","P261, P280, P302 + P352, P308 + P313, P333 + P313, P501",X,,X,,,,,,
,2025-10-14 00:00:00,IFF-QB00017,JASMINE GREEN 263,Mezcla,ATENCION,01 800 002 1400,"H227, H317","P210, P261, P280, P302 + P352, P333 + P313, P370 + P378",X,,,,,,,,
,2025-10-17 00:00:00,IFF-QB00249,JUICY FRESH CITRUS 120,Mezcla,ATENCION,01 800 002 1400,"H227, H315, H317, H319,  H361","P210, P261, P280, P302 + P352, P305 + P351 + P338, P308 + P313, P333 + P313, P337 + P313, P370 + P378",X,,X,,,,,,
,2025-10-14 00:00:00,IFF-QB00249,JUNGLE FRESH,Mezcla,ATENCION,01 800 002 1400,"H227, H315, H317, H319, H361","P210, P261, P280, P302 + P352, P305 + P351 + P338, P308 + P313, P333 + P313, P337 + P313, P370 + P378",X,,X,,,,,,
,2025-10-17 00:00:00,IFF-QB00150,JUNGLE MELON,Mezcla,ATENCION,01 800 002 1400,H227,P210,,,,,,,,,
,2025-11-13 00:00:00,KAO-QB00084,KAOAMIN 12,Mezcla,PELIGRO,+34 93 739 9445,"H302, H314, H318, H318, H400, H410","PREVENCION: Llevar guantes de protección: > 8 horas (tiempo de detección): goma de butilo. Llevar prendas de protección: Recomendado: Traje de protección. Llevar gafas o máscara de protección: Recomendado: gafas de seguridad con protección lateral máscara. Evitar su liberación al medio ambiente. No comer, beber ni fumar durante su utilización. Lavarse concienzudamente tras la manipulación. RESPUESTA: EN CASO DE INHALACIÓN: Transportar a la víctima al exterior y mantenerla en reposo en una posición confortable para respirar. Llamar inmediatamente a un centro de información toxicológica o a un médico. EN CASO DE INGESTIÓN: Llamar inmediatamente a un centro de información toxicológica o a un médico. Enjuagarse la boca. NO provocar el vómito. EN CASO DE CONTACTO CON LA PIEL (o el pelo):Quitar inmediatamente todas las prendas contaminadas. Lave la piel contaminada con el de 3% de ácido acético o el agente que contiene Diphoterin (por ejemplo, Previn ®).Lavar las prendas contaminadas antes de volver a usarlas. Llamar inmediatamente a un centro de información toxicológica o a un médico. EN CASO DE CONTACTO CON LOS OJOS: Lavar inmediatamente con un agente que contenga Diphoterin (por ejemplo, Previn ®), levantando ocasionalmente los párpados superior e inferior. Quitar las lentes de contacto, si lleva y resulta fácil. Seguir aclarando. Llamar inmediatamente a un centro de información toxicológica o a un médico. ALMACENAMIENTO: Guardar bajo llave. ELIMINACION: Eliminar el contenido y el recipiente de acuerdo con las normativas locales, regionales, nacionales e internacionales.",X,X,,,,X,,,
,2025-11-13 00:00:00,KAO-QB00014,KAOAMIN 14 L,Mezcla,PELIGRO,+34 93 739 9445,"H302, H314, H318, H351, H373, H400, H410","P201, P202, P280, P273, P260, P270, P264, P391, P304 + P310, P301 + P310, P330, P331, P303 + P361 + P353, P310, P363, P305 + P351 + P338, P310, P405, P501",X,X,X,,,X,,,
,2025-11-25 00:00:00,KAO-QB00057,KAOSOFCARE  GP1,29117-02-0,No Aplicable,+34 93 739 9445,No Aplicable,No Aplicable,,,,,,,,,
,2025-11-13 00:00:00,KAO-QB00054,KAOSOFT AGL85,Mezcla,ATENCION,+34 93 739 9445,"H226, H412","PREVENCIÓN: Llevar guantes de protección: > 8 horas (tiempo de detección): goma de butilo ,neopreno. Llevar gafas o máscara de protección: Recomendado: gafas anti_x0002_salpicaduras. Mantener alejado del calor, de superficies calientes, de chispas, de  llamas abiertas y de cualquier otra fuente de ignición. No fumar. Utilizar un material eléctrico, de ventilación, de iluminación y todos los equipos de manipulación de materiales antideflagrantes. Utilizar únicamente herramientas que no produzcan chispas. Tomar medidas de precaución contra descargas electrostáticas. Mantener el recipiente herméticamente cerrado. RESPUESTA: EN CASO DE CONTACTO CON LA PIEL (o el pelo): Quitar inmediatamente todas las prendas contaminadas. Aclararse la piel con agua o ducharse. ALMACENAMIENTO: Almacenar en un lugar bien ventilado. Mantener en lugar fresco. ELIMINACIÓN: Eliminar el contenido y el recipiente de acuerdo con las normativas locales, regionales, nacionales e internacionales.",,,,,X,,,,
,2025-10-21 00:00:00,KAO-QB00056,KAOSOFT AT-50V,Mezcla,PELIGRO,+34 93 739 9445," Sólido inflamable.
Provoca irritación cutánea.
Puede provocar cáncer.
Nocivo para los organismos acuáticos, con efectos nocivos duraderos.","PREVENCIÓN: Solicitar instrucciones especiales antes del uso. No manipular la sustancia antes de haber leído y comprendido todas las instrucciones de seguridad. Llevar guantes de protección: > 8 horas (tiempo de detección): goma de butilo. Llevar prendas de protección: Recomendado: traje de protección desechable. Llevar gafas o máscara de protección: Recomendado: Gafas anti-salpicaduras.. Mantener alejado del calor, de superficies calientes, de chispas, de llamas abiertas y de cualquier otra fuente de ignición. No fumar. Evitar su liberación al medio ambiente. Lavarse concienzudamente tras la manipulación. RESPUESTA:  EN CASO DE exposición manifiesta o presunta: Consultar a un médico. Quitar las prendas contaminadas y lavarlas antes de volver a usarlas. EN CASO DE CONTACTO CON LA PIEL: Lavar con abundante agua. En caso de irritación cutánea: Consultar a un médico. ALMACENAMIENTO: Guardar bajo llave. ELIMINACIÓN: Eliminar el contenido y el recipiente de acuerdo con las normativas locales, regionales, nacionales e internacionales.",X,,X,,X,,,,
,2025-11-13 00:00:00,KAO-QB00059,KAOSOFT HW TAMBOR,Mezcla,ATENCION,+34 93 739 9445,"H226, H412","P280, P210, P241, P242, P243, P233, P273, P303 + P361 + P353, P403 + P235, P501",,,,,X,,,,
,2025-10-23 00:00:00,VAR-QB00107,KERATINA K100,Mezcla,No Aplicable,01 800 002 1400,No Aplicable,No Aplicable,,,,,,,,,
,2025-10-14 00:00:00,IFF-QB00151,KIWI FRESH 625,Mezcla,PELIGRO,01 800 002 1400,"H227, H304, H315 H317, H319, H361","P210, P261, P280, P301 + P310, P302 + P352, P305 + P351 + P338, P308 + P313, P331, P333 + P313, P337 + P313, P370 + P378",X,,X,,,,,,
,2025-10-14 00:00:00,IFF-QB00018,LAVANDA 347,Mezcla,PELIGRO,01 800 002 1400,"H227, H304, H315, H317, H319, H361, H371","P210, P260, P280, P301 + P310, P302 + P352, P305 + P351 + P338, P308 + P311, P308 + P313, P331,  P333 + P313, P337 + P313, P370 + P378",X,,X,,,,,,
,2025-10-14 00:00:00,IFF-QB00324,LAVANDER 479,Mezcla,ATENCION,01 800 002 1400,"H315, H317, H319, H361","P261, P280, P302 + P352, P305 + P351 + P338, P308 + P313, P333 + P313, P337 + P313",X,,X,,,,,,
,2025-10-16 00:00:00,IFF-QB00250,LAVENDER FRESH,Mezcla,ATENCION,01 800 002 1400,"H227, H303, H315, H317, H319, H411","P210, P261, P264, P272, P273, P301 + P310, P302 + P352, P305 + P351 + P338, P312, P331, P333 + P313, P337 + P313, P362 + P364, P370 + P378, P391, P403 + P235, P405, P501",X,,,,,X,,,
,2025-10-16 00:00:00,IFF-QB00251,LAVENDER MISTICA,Mezcla,ATENCION,01 800 002 1400,"H227, H315, H317, H319, H336","P210, P280, P302 + P352, P304 + P340 + P312, P305 + P351 + P338",X,,,,,,,,
,2025-10-14 00:00:00,IFF-QB00019,LAVENDER SKY 099 MOD,Mezcla,ATENCION,01 800 002 1400,"H227, H315, H317, H319, H361, H371","P210, P260, P280, P302 + P352, P305 + P351 + P338, P308 + P311, P308 + P313, P333 + P313, P337 + P313, P370 + P378",X,,X,,,,,,
,2025-10-14 00:00:00,IFF-QB00020,LAVENDER TOUCH 830,Mezcla,ATENCION,01 800 002 1400,"H227, H315, H317, H319, H361, H71","P210, P260, P280, P302 + P352, P305 + P351 + P338, P308 + P311, P308 + P313, P333 + P313, P337 + P313, P370 + P378",X,,X,,,,,,
,2025-10-14 00:00:00,IFF-QB00021,LEMON 926,Mezcla,PELIGRO,01 800 002 1400,"H226, H304, H315, H317, H319, H361","P210, P261, P280, P301 + P310, P302 + P352,  P305 + P351 + P338, P308 + P313, P331,  P333 + P313, P337 + P313, P370 + P378",X,,X,,X,,,,
,2025-10-23 00:00:00,VAR-QB00108,LESS 70% S/P,68891-38-3,PELIGRO,01 800 002 1400,"H315, H318","P280, P303+P361+P353, P305 + P351 + P338, P314, P403 + P233",,X,,,,,,,
,2025-10-24 00:00:00,VAR-QB00109,LESS QB,68585-34-2,ATENCION,01 800 002 1400,"H315, H319","P280, P303+P361+P353, P305 + P351 + P338, P314, P403 + P233",X,,,,,,,,
,2025-10-28 00:00:00,ASH-QB00084,LIFTYL,Mezcla ,No Aplicable,1-800-274-5263,No Aplicable,No Aplicable,,,,,,,,,
,2025-10-14 00:00:00,IFF-QB00022,LIME 146,Mezcla,PELIGRO,01 800 002 1400,"H227, H304, H315, H317, H318, H361","P210, P261, P280, P301 + P310, P302 + P352, P305 + P351 + P338 + P310, P308 + P313, P331, P333 + P313, P370 + P378",X,X,X,,,,,,
,2025-10-14 00:00:00,IFF-QB00023,LIME 223,Mezcla,PELIGRO,01 800 002 1400,"H227, H304, H315, H317, H319, H361","P210, P261, P280, P301 + P310, P302 + P352, P305 + P351 + P338, P308 + P313, P331, P333 + P313, P337 + P313, P370 + P378",X,,X,,,,,,
,2025-10-14 00:00:00,IFF-QB00024,LIMON 990,Mezcla,PELIGRO,01 800 002 1400,"H226, H304, H315, H317, H319, H336, H361","P210, P261, P280, P301 + P310, P302 + P352,  P304 + P340+ P312, P305 + P351 + P338, P308 + P313, P331, P333 + P313,  P337 + P313, P370 + P378",X,,X,,X,,,,
,2025-10-16 00:00:00,IFF-QB00096,LIQUID FEEL 382,Mezcla,ATENCION,01 800 002 1400,"H227, H317, H361","P210, P261, P280, P302 + P352, P308 + P313, P333 + P313, P370 + P378",X,,X,,,,,,
,2025-10-14 00:00:00,IFF-QB00201,LITTLE BABY CAP 420,Mezcla,ATENCION,01 800 002 1400,"H315, H317, H319, H361","P261, P280, P302 + P352, P305 + P351 + P338, P308 + P313, P333 + P313,   337 + P313",X,,X,,,,,,
,2025-10-17 00:00:00,IFF-QB00052,LOVE AND AFFECTION 2541,Mezcla,ATENCION,01 800 002 1400,"H317, H361","P261, P280, P302 + P352, P308 + P313, P333 + P313, ",X,,X,,,,,,
,2025-10-16 00:00:00,IFF-QB00097,LOVELY POSSION 504,Mezcla,ATENCION,01 800 002 1400,"H227, H315, H317, H319","P210, P280, P302 + P352, P305 + P351 + P338",X,,,,,,,,
SOLICITAR HDS ACTUALIZADA TENSOQUIMIA,PENDIENTE,VAR-QB00111,LSA QH,2235- 54- 3,PELIGRO,01 800 002 1400,"H303, H318, H320, H401, H412","P273, P280, P305 + P351 + P338, P310, P391, P501",,X,,,,,,,
,2025-10-21 00:00:00,ASH-QB00074,LUBRAGEL MARINE,Mezcla,No Aplicable,1-800-274-5263,No Aplicable,No Aplicable,,,,,,,,,
,2025-10-21 00:00:00,ASH-QB00066,LUBRAGEL OIL FREE,Mezcla,ATENCION,1-800-274-5263,Provoca irritación ocular grave.,"Si se necesita consejo médica, tener a mano al envase o la etiqueta. Mantener fuera del alcance de los niños. Leer la etiqueta antes del uso. PREVENCIÓN: Lavarse la piel concienzudamente tras la manipulación. Llevar equipo de protección para los ojos/ la cara. INTERVENCIÓN: En caso de contacto con los ojos: Enjuagar con agua cuidadosamente durante varios minutos. Quitar las lentes de contacto cuando estén presentes y pueda hacerse con facilidad. Proseguir con el lavado. Si persiste la irritación ocular. Consultar a un médico.",X,,,,,,,,
,2025-10-21 00:00:00,ASH-QB00022,LUBRAJEL 0IL S/P,Mezcla,No Aplicable,1-800-274-5263,No Aplicable,No Aplicable,,,,,,,,,
,2025-10-28 00:00:00,ASH-QB00080,LUBRAJEL DV,Mezcla ,No Aplicable,1-800-274-5263,No Aplicable,No Aplicable,,,,,,,,,
,2025-10-21 00:00:00,ASH-QB00067,LUBRAJEL NP,Mezcla,ATENCION,1-800-274-5263,H319,"P101, P102, P103, P264, P280, P305 + P351 + P338",X,,,,,,,,
,2025-10-21 00:00:00,ASH-QB00024,LUMINI SYSTEM,Mezcla,PELIGRO,1-800-274-5263,"H318, H361","P201, P202, P280, P305 + P351 + P338 + P310, P308 + P313, P405, P501",,X,X,,,,,,
,2025-10-21 00:00:00,ASH-QB00025,LUNAMATRIX,Mezcla,PELIGRO,1-800-274-5263,"H317, H318","P261, P272, P280, P302 + P352, P333 + P313, P362 + P364, P501",X,X,,,,,,,
,2025-10-17 00:00:00,IFF-QB00202,LUXEL 149 MOD 20,Mezcla,ATENCION,01 800 002 1400,"H317, H361","P261, P280, P302 + P352, P308 + P313, P333 + P313, P501, P362 + P364",X,,X,,,,,,
,2025-10-14 00:00:00,IFF-QB00056,MAGIC DELIGHT 759,Mezcla,ATENCION,01 800 002 1400,"H227, H315, H317, H319, H361","P210, P261, P280, P302 + P352, P305 + P351 + P338, P308 + P313, P333 + P313, P337 + P313, P370 + P378",X,,X,,,,,,
,2025-10-14 00:00:00,IFF-QB00057,MAJESTIC BLUE 935,Mezcla,ATENCION,01 800 002 1400,"H317, H319, H351, H361","P261, P280, P302 + P352, P305 + P351 + P338, P308 + P313, P333 + P313, P337 + P313",X,,X,,,,,,
,2025-10-16 00:00:00,IFF-QB00152,MANGIFF 188,Mezcla,ATENCION,01 800 002 1400,"H317, H361","P280, P302+P352",X,,X,,,,,,
,2025-10-14 00:00:00,IFF-QB00036,MANGOSTEEN MELODY,Mezcla,ATENCION,01 800 002 1400,"H227, H315, H317, H319, H361","P210, P261, P280, P302 + P352, P305 + P351 + P338, P308 + P313, P333 + P313, P337 + P313, P370 + P378",X,,X,,,,,,
,2025-10-14 00:00:00,IFF-QB00025,MARINE LOVE 818,Mezcla,ATENCION,01 800 002 1400,"H226, H315, H316, H317, H361","P210, P261, P280, P302 + P352, P308 + P313, P333 + P313, P370 + P378",X,,X,,X,,,,
,2025-10-21 00:00:00,LUB-QB00043,MATRIFUSSE s/p,Mezcla,No aplicable,01 800 002 1400,No Aplicable,No aplicable,,,,,,,,,
,2025-10-16 00:00:00,IFF-QB00254,MAX FLOWER 77 S/P,Mezcla,ATENCION,01 800 002 1400,"H227, H315, H317, H319, H361","P210, P280, P302 + P352, P305 + P351 + P338",X,,X,,,,,,
,2025-10-14 00:00:00,IFF-QB00209,MAX FRESCURA 777,Mezcla,PELIGRO,01 800 002 1400,"H227, H304, H315, H317, H318, H361, H371","P210, P260, P280, P301 + P310, P302 + P352, P305 + P351 + P338 + P310,  P308 + P311, P308 + P313, P331, P333 + P313, P370 + P378",X,X,X,,,,,,
,2025-10-16 00:00:00,IFF-QB00099,MC QUEEN 557,Mezcla,ATENCION,01 800 002 1400,"H227, H315, H317, H319"," P210, P280, P302 + P352, P305 + P351 + P338",X,,,,,,,,
SOLICITAR HDS IFF,PENDIENTE,IFF-QB00191,MEN 500,Mezcla,-,-,-,-,1,1,1,1,,,,,
,2025-10-23 00:00:00,VAR-QB00112,MENTA DE BRASIL S/P,68917-18-0,ATENCION,01 800 002 1400,"H227, H303, H315, H317, H411","P210, P261, P273, P280, P302+P352+P333+P313, P312, P370+P378, P391 ",X,,,,,X,,,
,2025-10-23 00:00:00,VAR-QB00113,MENTHOL,2216-51-5,ATENCION,01 800 002 1400,"H315, H319","P280, P302 + P352, P305 + P351 + P338, P332 + P313, P337 + P313, P362 + P364, P501",X,,,,,,,,
,2025-10-21 00:00:00,LUB-QB00045,MERQUAT 550PR (POLIQUATERNIUM 7),Mezcla,No Aplicable,01 800 002 1400,No Aplicable,No Aplicable,,,,,,,,,
,2025-10-17 00:00:00,IFF-QB00255,MINT BOSS 64,Mezcla,PELIGRO,01 800 002 1400,"H227, H304, H315, H317","P210, P280, P301 + P312 + P330, P302 + P352, P331",X,,X,,,,,,
,2025-10-16 00:00:00,IFF-QB00256,MINT MINT M BRM11,Mezcla,PELIGRO,01 800 002 1400,"H227, H304, H315, H317, H410","P210, P261, P264, P272, P273, P280, P301 + P310, P302 + P352, P331,P333 + P313, P362 + P364, P370 + P378, P391, P403 + P235, P405, P501",X,,X,,,X,,,
,2025-10-17 00:00:00,IFF-QB00100,MIRACLE 554,Mezcla,ATENCION,01 800 002 1400,"H227, H315, H317, H411","P210, P261, P264, P272, P273, P280, P302 + P352, P333 + P313, P362 + P364, P370 + P378, P391, P403 + P235, P501",X,,,,,X,,,
,2025-11-25 00:00:00,VAR-QB00114,MIRISTATO DE ISOPROPILO,110-27-0,ATENCION,01 800 002 1400,"H319, H335, H315","P305, P351, P338, P280",X,,,,,,,,
,2025-11-25 00:00:00,VAR-QB00115,MIT QB (CONSERVADOR LIBRE DE FORMOL) S/P,MEZCLA,PELIGRO,01 800 002 1400,"H314, H317, H410","P273, P280, P303 + P361 + P353, P305 + P351 + P338, P333 + P313, P391",X,X,,,,X,,,
,2025-10-14 00:00:00,IFF-QB00101,MNO-015G (CAR. HERR.),Mezcla,ATENCION,01 800 002 1400," H317, H351, H361","P261, P280, P302+P352, P308 + P313, P333+P313, P362+ P364",X,,X,,,,,,
,2025-10-23 00:00:00,VAR-QB00117,MONOPROPILEN GLICOL,57- 55- 6,No Aplicable,01 800 002 1400,No Aplicable,No Aplicable,,,,,,,,,
,2025-10-17 00:00:00,IFF-QB00154,MUSK 377,Mezcla,ATENCION,01 800 002 1400,"H317, H319, H351","P280, P302 + P352, P305 + P351",X,,X,,,,,,
,2025-10-17 00:00:00,IFF-QB00210,MY FLORAL 448,Mezcla,ATENCION,01 800 002 1400,"H317, H361","P261, P280, P302 + P352, P308 + P313, P333 + P313, P501",X,,X,,,,,,
,2025-10-23 00:00:00,VAR-QB00118,NACARANTE QB,Mezcla,No Aplicable,01 800 002 1400,No Aplicable,No Aplicable,,,,,,,,,
,2025-10-14 00:00:00,IFF-QB00026,NARANJA 336,Mezcla,PELIGRO,01 800 002 1400,"H226, H304, H315, H317, H319, H361","P210, P261, P280, P301 + P310, P302 + P352, P305 + P351 + P338, P 308 + P313, P331, P333 + P313, P337 + P313, P370 + P378",X,,X,,X,,,,
,2025-12-04 00:00:00,ASH-QB00029,NATRIANCE BRIGHTENER S/P,Mezcla,No Aplicable,1-800-274-5263,No Aplicable,No Aplicable,,,,,,,,,
,2025-12-04 00:00:00,ASH-QB00030,NATRIANCE SELF HYDRATE,Mezcla,No Aplicable,1-800-274-5263,No Aplicable,No Aplicable,,,,,,,,,
,2025-12-04 00:00:00,ASH-QB00031,NATRIANCE WRINKLE LESS,Mezcla,No Aplicable,1-800-274-5263,No Aplicable,No Aplicable,,,,,,,,,
,2025-10-21 00:00:00,ASH-QB00032,NATROSOL HHR250,Mezcla,No Aplicable,1-800-274-5263,No Aplicable,No Aplicable,,,,,,,,,
,2025-10-21 00:00:00,ASH-QB00026,N-DURHANCE A1000,Mezcla,No Aplicable,1-800-274-5263,No Aplicable,No Aplicable,,,,,,,,,
,2025-10-14 00:00:00,IFF-QB00027,NEVERLAND 700,Mezcla,ATENCION,01 800 002 1400,"H317, H361","P261, P280, P302 + P352, P308 + P313, P333 + P313, ",X,,X,,,,,,
,2025-10-16 00:00:00,IFF-QB00257,NEW MAXI COLOR D7754,Mezcla,ATENCION,01 800 002 1400,"H227, H304, H315, H317, H361, H411","P201, P202, P210, P261, P264, P272, P280, P302 + P352, P305 + P351 + P305 + P351 + P338, P308 + P313, P331, P333, P337 + P313, P362 + P364, P370 + P378, P391, P403 + P235, P405, P501",X,,X,,,X,,,
,2025-10-23 00:00:00,VAR-QB00119,NF-1000 QB,127087-87-0 / 9016-45-9,PELIGRO,01 800 002 1400,"H302 + H312, H318, H411","P264, P270, P273, P280, P301+P312, P302 + P352, P305 + P351 + P338, P301 + P330 + P331, P332 + P313, P337 + P313, P362 + P364, P391, P501",X,X,,,,X,,,
,2025-10-23 00:00:00,VAR-QB00122,NF-600,127087- 87- 0,ATENCION,01 800 002 1400,"H302, H313, H315, H318, H401, H411","P264, P270, P273, P280, P301+P312+P330, P302 + P352, P312, P321, P305+P351+P338, P310, P330, P332+P313, P362 + P364, P391, P401",X,X,,,,X,,,
,2025-10-28 00:00:00,ASH-QB00056,N-HANCE CCG 45,Mezcla,ATENCION,1-800-274-5263,H319,"P264, P280, P305 + P351 + P338",X,,,,,,,,
,2025-10-21 00:00:00,ASH-QB00062,N-HANCE HP40,Mezcla,ATENCION,1-800-274-5263,Puede formar concentraciones de polvo combustible en el aire.,Puede formarse una mezcla de polvo y aire explosiva si se dispersa,,,,,,,,,
,2025-12-04 00:00:00,ASH-QB00028,N-HANCE SP100, Mezcla,No Aplicable,1-800-274-5263,No Aplicable,No Aplicable,,,,,,,,,
,2025-10-17 00:00:00,IFF-QB00258,NIV KF001B CR M,Mezcla,ATENCION,01 800 002 1400,"H315, H317, H319, H351, H411","P201, P202, P272, P273, P280, P302 + P352, P305 + P351 + P338, P308 + P313, P333 + P313, P337 + P313, P362 + P364, P391, P405, P501",X,,X,,,X,,,
,2025-10-21 00:00:00,LUB-QB00047,NOVEMER EC1,Mezcla,ATENCION,01 800 002 1400,H316,P332 + P313,,X,,,,,,,
,2025-10-21 00:00:00,LUB-QB00048,NOVERITE 100,Mezcla,ATENCION,01 800 002 1400,"H316, H317, H412","P261, P272, P273, P280",X,,,,,X,,,
,2025-10-21 00:00:00,LUB-QB00049,NOVERITE 301 S/P,Mezcla,No se aplica,01 800 002 1400,H412,"P273, P501",,,,,,X,,,
,2025-10-21 00:00:00,LUB-QB00050,NOVETHIX HC200,No Aplicable,No Aplicable,01 800 002 1400,No Aplicable,No Aplicable,,,,,,,,,
,2025-10-21 00:00:00,LUB-QB00051,NOVETHIX L-10,No Aplicable,ATENCION,01 800 002 1400,H316,P332 + P313,,X,,,,,,,
SOLICITAR HDS NCARRYING,PENDIENTE,VAR-QB00124,NS MICELLAR HYALURONIC,-,-,-,-,-,,,,,,,,,
SOLICITAR HDS ACTUALIZADA CLARIANT,PENDIENTE,VAR-QB00125,OCTOPIROX S/P,68890-66-4,PELIGRO,01 800 002 1400,"H315, H318","P264, P280, P210, P233, P243, P302+P352, P305+P351+P338+P310",,X,,,,,,,
,2025-10-16 00:00:00,IFF-QB00102,OLD WOOD 789 S/P,MEZCLA,ATENCION,01 800 002 1400," H315, H317,"," P280, P302 + P352",X,,,,,,,,
,2025-10-28 00:00:00,ASH-QB00033,OPACIFICANTE A-430,Mezcla,No Aplicable,1-800-274-5263,No Aplicable,No Aplicable,,,,,,,,,
,2025-10-28 00:00:00,ASH-QB00033,OPACIFICANTE A-430 (ANTARA 430 POLYMER),Mezcla,No Aplicable,1-800-274-5263,No Aplicable,No Aplicable,,,,,,,,,
,2025-10-21 00:00:00,ASH-QB00034,OPTIPHEN,Mezcla,ATENCION,1-800-274-5263,"H303, H317, H319","P101, P102, P103, P261, P264, P272, P280, P302 + P352, P305 + P351 + P338, P312, P333 + P313, P362 + P364, P501",X,,,,,,,,
,2025-10-28 00:00:00,ASH-QB00053,OPTIPHEN BSB-W,Mezcla,ATENCION,1-800-274-5263,"H303, H317, H319","P101, P102, P103, P261, P264, P272, P280, P302 + P352, P305 + P351 + P338, P312, P333 + P313, P362 + P364, P501",X,,,,,,,,
,2025-10-21 00:00:00,ASH-QB00036,P.V.P.K 30,9003-39-8,No Aplicable,1-800-274-5263,No Aplicable,No Aplicable,,,,,,,,,
,2025-10-16 00:00:00,IFF-QB00238,PALOMA 5052 CR,Mezcla,PELIGRO,01 800 002 1400,"H227, H303, H315, H317, H318, H411","P219, P261, P264, P272, P273, P280, P302 + P352, P305 + P351 + P338, P312, P333 +P313, P362 + P378, P391, P403 + P235, P501",X,X,,,,X,,,
,2025-10-17 00:00:00,IFF-QB00309,PALOMA BLANCA 98,Mezcla,ATENCION,01 800 002 1400,"H227, H304, H315, H317, H319, H361","P210, P280, P301 + P310, P302+ P352, P305 + P351 + P338,  P331",X,,X,,,,,,
,2025-10-14 00:00:00,IFF-QB00156,PAMPERING TOUCH 927,Mezcla,ATENCION,01 800 002 1400,"H227, H315, H317, H319","P210, P280, P302 + P352, P305 + P351 + P338",X,,,,,,,,
,2025-10-16 00:00:00,IFF-QB00259,PASION FLORAL 821,Mezcla,ATENCION,01 800 002 1400,"H315, H317, H319, H351, H361","P280,  P302 + P352,  P305 + P351 + P338 ",X,,X,,,,,,
,2025-10-14 00:00:00,IFF-QB00103,PEACH 299 MOD,Mezcla,ATENCION,01 800 002 1400,"H227, H315, H317","P210, P261, P280, P302 + P352, P333 + P313, P370 + P378",X,,,,,,,,
,2025-10-17 00:00:00,IFF-QB00104,PEACH P757,Mezcla,ATENCION,01 800 002 1400,"H227, H315, H317, H319, H361","P210, P261, P280, P302 + P352,P305 + P351 + P338, P308 + P313,  P333 + P313, P337 + P313, P370 + P378",X,,X,,,,,,
,2025-10-17 00:00:00,IFF-QB00211,PERFECT BRIGHT 056,Mezcla,ATENCION,01 800 002 1400,"H227, H317, H361","P210, P261, P280, P302 + P352, P308 + P313, P333 + P313, P370 + P378",X,,X,,,,,,
,2025-10-28 00:00:00,ASH-QB00082,PERFECTYL,Mezcla ,No Aplicable,1-800-274-5263,No Aplicable,No Aplicable,,,,,,,,,
,2025-10-16 00:00:00,IFF-QB00260,PETALOS DE ROSA,Mezcla,ATENCION,01 800 002 1400,"H315,H317,H319,H351,H410,H411","P201,P202,P261,P264,P272,P273,P280,P302,P305+P351+P338, P308+P3013, P333+P303, P337 + P313, P362 + P364, P391, P405, P501",X,,X,,,X,,,
,2025-10-23 00:00:00,VAR-QB00127,PHANTENOL D,599-04-2,No Aplicable,01 800 002 1400,No Aplicable,No Aplicable,,,,,,,,,
,2025-10-14 00:00:00,IFF-QB00010,PICCOLO 727,Mezcla,ATENCION,01 800 002 1400,"H315,H317,H319,H351,H361.","P261, P280, P302 + P352, P305 + P351 + P338, P308 + 313, P333 + P313, P337 + P313",X,,X,,,,,,
,2025-10-17 00:00:00,IFF-QB00157,PINEAPPLE PARADISE,Mezcla,ATENCION,01 800 002 1400,"H227, H302, H317","P210, P280, P301 + P310, P302+ P352",X,,,,,,,,
,2025-10-14 00:00:00,IFF-QB00105,PINK LADY 819,Mezcla,ATENCION,01 800 002 1400,"H227, H315, H317","P210, P261, P280, P302 + P352, P333 + P313, P370 + P378",X,,,,,,,,
,2025-10-23 00:00:00,VAR-QB00177,PLANCHA FACIL MOD.1,Mezcla,No Aplicable,01 800 002 1400,No Aplicable,No Aplicable,,,,,,,,,
,2025-10-21 00:00:00,KAO-QB00060,POIZ 535,Mezcla,No Aplicable,+34 93 739 9445,No Aplicable,No Aplicable,,,,,,,,,
,2025-11-25 00:00:00,KAO-QB00061,POIZ 88,"57-55-6, 7732-18-5",No Aplicable,+34 93 739 9445,No Aplicable,No Aplicable,,,,,,,,,
,2025-11-13 00:00:00,VAR-QB00191,POLYQUATERNIUM 10,81859-24-7,ATENCION,01 800 002 1400,H411,P273,,,,,,X,,,
,2025-10-23 00:00:00,VAR-QB00175,POLYQUATERNIUM 7,26590-05-6,ATENCION,01 800 002 1400,H412,No Aplicable,,,,,,X,,,
,2025-10-16 00:00:00,IFF-QB00231,POTPURRI FRUIT 755 S/P,Mezcla,ATENCION,01 800 002 1400,"H227, H315, H317, H351, H361","P210, P280, P302 + P352",X,,X,,,,,,
,2025-10-23 00:00:00,VAR-QB00173,P-QUAT 37,Mezcla,No Aplicable,01 800 002 1400,No Aplicable,No Aplicable,,,,,,,,,
,2025-10-17 00:00:00,IFF-QB00231,PRECIOUS CARE 828,Mezcla,ATENCION,01 800 002 1400,"H227, H315, H317, H319, H361","P210, P261, P280, P302 + P352, P305 + P351 + P338, P308 + P313, P333 + P313, P337 + P313, P370 + P378",X,,X,,,,,,
,2025-10-17 00:00:00,IFF-QB00213,PREMIUM FABRIC 992,Mezcla,ATENCION,01 800 002 1400,H317,"P261, P280, P302 + P352, P333 + P313, P362 + P364, P501",X,,,,,,,,
,2025-10-28 00:00:00,ASH-QB00037,PROLIPID 151 S/P,Mezcla,ATENCION,1-800-274-5263,H319,"P264, P280, P305 + P351 + P338",X,,,,,,,,
,2025-10-21 00:00:00,ASH-QB00038,PROTECTAGEN S/P,Mezcla,No Aplicable,1-800-274-5263,No Aplicable,No Aplicable,,,,,,,,,
SOLICITAR HDS ACTUALIZADA A PROVEEDOR,PENDIENTE,VAR-QB00131,PULIMENTO S-N82 S/P,1020665- 14- 8,No Aplicable,01 800 002 1400,No Aplicable,No Aplicable,,,,,,,,,
SOLICITAR HDS ACTUALIZADA A PROVEEDOR,PENDIENTE,VAR-QB00132,PULIMENTO S-N85 s/p,1020665-14-8,No Aplicable,01 800 002 1400,No Aplicable,No Aplicable,,,,,,,,,
,2025-10-14 00:00:00,IFF-QB00058,PURPLE MYSTERY,Mezcla,ATENCION,01 800 002 1400,"H227, H317, H361","P210, P261, P280, P302 + P352, P308 + P313, P333 + P313, P370 + P378",X,,X,,,,,,
,2025-10-21 00:00:00,ASH-QB00039,PVP K90 S/P,9003-39-8,No Aplicable,1-800-274-5263,No Aplicable,No Aplicable,,,,,,,,,
,2025-10-21 00:00:00,ASH-QB00040,PVP/VA S-630 S/P,25086-89-9,No Aplicable,1-800-274-5263,No Aplicable,No Aplicable,,,,,,,,,
,2025-10-21 00:00:00,KAO-QB00062,QUARTAMIN 60,Mezcla,PELIGRO,+34 93 739 9445,"H315, H318, H400, H410","PREVENCIÓN: Llevar guantes de protección: > 8 horas (tiempo de detección): goma de butilo, neopreno. Llevar gafas o máscara de protección: Recomendado: gafas anti_x0002_salpicaduras. Evitar su liberación al medio ambiente. Lavarse concienzudamente tras  la manipulación. RESPUESTA: Recoger el vertido. Quitar las prendas contaminadas y lavarlas antes de volver a usarlas. EN CASO DE CONTACTO CON LA PIEL: Lavar con abundante agua. En caso de irritación cutánea: Consultar a un médico. EN CASO DE CONTACTO CON LOS OJOS: Aclarar cuidadosamente con agua durante varios minutos. Quitar las lentes de contacto, si lleva y resulta fácil. Seguir aclarando. Llamar inmediatamente a un CENTRO DE INFORMACION TOXICOLOGICA o a un médico. ELIMINACIÓN:  Eliminar el contenido y el recipiente de acuerdo con las normativas locales, regionales, nacionales e internacionales",,X,,,,X,,,
,2025-11-13 00:00:00,KAO-QB00062,QUARTAMIN 60,Mezcla,PELIGRO,+34 93 739 9445," Provoca irritación cutánea.
Provoca lesiones oculares graves.
Muy tóxico para los organismos acuáticos, con efectos nocivos duraderos.","PREVENCION:  Llevar guantes de protección: > 8 horas (tiempo de detección): goma de butilo, neopreno. Llevar gafas o máscara de protección: Recomendado: gafas anti_x0002_salpicaduras. Evitar su liberación al medio ambiente. Lavarse concienzudamente tras 
la manipulación. RESPUESTA: Recoger el vertido. Quitar las prendas contaminadas y lavarlas antes de volver a usarlas. EN CASO DE CONTACTO CON LA PIEL: Lavar con abundante agua. En 
caso de irritación cutánea: Consultar a un médico. EN CASO DE CONTACTO CON 
LOS OJOS: Aclarar cuidadosamente con agua durante varios minutos. Quitar las lentes de contacto, si lleva y resulta fácil. Seguir aclarando. Llamar inmediatamente a un CENTRO DE INFORMACION TOXICOLOGICA o a un médico. ELIMINACION:  Eliminar el contenido y el recipiente de acuerdo con las normativas locales, regionales,
nacionales e internacionales.",,X,,,,X,,,
,2025-11-13 00:00:00,KAO-QB00063,QUARTAMIN 60 S/P (TOTE),Mezcla,PELIGRO,+34 93 739 9445," Provoca irritación cutánea.
Provoca lesiones oculares graves.
Muy tóxico para los organismos acuáticos, con efectos nocivos duraderos.","PREVENCION:  Llevar guantes de protección: > 8 horas (tiempo de detección): goma de butilo, neopreno. Llevar gafas o máscara de protección: Recomendado: gafas anti_x0002_salpicaduras. Evitar su liberación al medio ambiente. Lavarse concienzudamente tras 
la manipulación. RESPUESTA: Recoger el vertido. Quitar las prendas contaminadas y lavarlas antes de volver a usarlas. EN CASO DE CONTACTO CON LA PIEL: Lavar con abundante agua. En 
caso de irritación cutánea: Consultar a un médico. EN CASO DE CONTACTO CON 
LOS OJOS: Aclarar cuidadosamente con agua durante varios minutos. Quitar las lentes de contacto, si lleva y resulta fácil. Seguir aclarando. Llamar inmediatamente a un CENTRO DE INFORMACION TOXICOLOGICA o a un médico. ELIMINACION:  Eliminar el contenido y el recipiente de acuerdo con las normativas locales, regionales,
nacionales e internacionales.",,X,,,,X,,,
,2025-11-13 00:00:00,KAO-QB00064,QUARTAMIN 60W30P,Mezcla,PELIGRO,+34 93 739 9445," Provoca irritación cutánea.
Provoca lesiones oculares graves.
Muy tóxico para los organismos acuáticos, con efectos nocivos duraderos.","PREVENCION: Llevar guantes de protección: > 8 horas (tiempo de detección): goma de butilo,neopreno. Llevar gafas o máscara de protección: Recomendado: gafas anti_x0002_salpicaduras. Evitar su liberación al medio ambiente. Lavarse concienzudamente tras 
la manipulación. RESPUESTA: Recoger el vertido. Quitar las prendas contaminadas y lavarlas antes de volver a 
usarlas. EN CASO DE CONTACTO CON LA PIEL: Lavar con abundante agua. En 
caso de irritación cutánea: Consultar a un médico. EN CASO DE CONTACTO CON 
LOS OJOS: Aclarar cuidadosamente con agua durante varios minutos. Quitar las lentes 
de contacto, si lleva y resulta fácil. Seguir aclarando. Llamar inmediatamente a un 
CENTRO DE INFORMACION TOXICOLOGICA o a un médico. ELIMINACION:  Eliminar el contenido y el recipiente de acuerdo con las normativas locales, regionales,
nacionales e internacionales.",,X,,,,X,,,
,2025-10-28 00:00:00,KAO-QB00065,QUARTAMIN AB,Mezcla,PELIGRO,+34 93 739 9445," Provoca irritación cutánea.
Provoca lesiones oculares graves.
Puede provocar daños en los órganos tras exposiciones prolongadas o repetidas. (tracto gastrointestinal)
Muy tóxico para los organismos acuáticos.
Tóxico para los organismos acuáticos, con efectos nocivos duraderos","PREVENCION: Llevar guantes de protección: > 8 horas (tiempo de detección): caucho nitrílico. Llevar gafas o máscara de protección: Recomendado: gafas anti-salpicaduras , gafas de seguridad con protección lateral. Evitar su liberación al medio ambiente. No respirar el polvo. Lavarse concienzudamente tras la manipulación. RESPUESTA: Recoger el vertido.Consultar a un médico en caso de malestar. Quitar las prendas contaminadas y lavarlas antes de volver a usarlas. EN CASO DE CONTACTO CON LA PIEL: Lavar con abundante agua. En caso de irritación cutánea: Consultar a un médico.EN CASO DE CONTACTO CON LOS OJOS: Aclarar cuidadosamente con agua durante varios minutos. Quitar las lentes de contacto, si lleva y resulta fácil. Seguir aclarando.Llamar inmediatamente a un CENTRO DE INFORMACION TOXICOLOGICA o a un médico. ELIMINACION: Eliminar el contenido y el recipiente de acuerdo con las normativas locales, regionales, nacionales e internacionales.",,X,X,,,X,,,
,2025-10-21 00:00:00,KAO-QB00066,QUARTAMIN B18,No Aplica,PELIGRO,+34 93 739 9445,"H226, H302, H312, H314, H318","PREVENCIÓN: Llevar guantes de protección: > 8 horas (tiempo de detección): goma de butilo. Llevar gafas o máscara de protección: Recomendado: gafas anti-salpicaduras , máscara. Llevar prendas de protección: Recomendado: traje protector resistente a los químicos.Mantener alejado del calor, de superficies calientes, de chispas, de llamas abiertas y de cualquier otra fuente de ignición. No fumar. Utilizar un material eléctrico, de ventilación,de iluminación y todos los equipos de manipulación de materiales antideflagrantes.Utilizar únicamente herramientas que no produzcan chispas. Tomar medidas de precaución contra descargas electrostáticas. Mantener el recipiente herméticamente cerrado. No comer, beber ni fumar durante su utilización. Lavarse las manos concienzudamente tras la manipulación. RESPUESTA: EN CASO DE INHALACIÓN: Transportar a la persona al aire libre y mantenerla en una posición que le facilite la respiración. Llamar inmediatamente a un centro de información toxicológica o a un médico. EN CASO DE INGESTIÓN: Llamar inmediatamente a un centro de información toxicológica o a un médico. Enjuagarse la boca. NO provocar el vómito. EN CASO DE CONTACTO CON LA PIEL (o el pelo): Quitar inmediatamente todas las prendas contaminadas. Aclararse la piel con agua o ducharse. Lavar las prendas contaminadas antes de volver a usarlas. Llamar inmediatamente a un centro de información toxicológica o a un médico. EN CASO DE CONTACTO CON LA PIEL: Lavar con agua y jabón abundantes. Llamar a un centro de información toxicológica o a un médico en caso de malestar. Quitar las prendas contaminadas y lavarlas antes de volver a usarlas. EN CASO DE CONTACTO CON LOS OJOS: Aclarar cuidadosamente con agua durante varios minutos. Quitar las lentes de contacto, si lleva y resulta fácil. Seguir aclarando. Llamar inmediatamente a un centro de información toxicológica o a un médico. ALMACENAMIENTO: Guardar cerrado. Almacenar en un lugar ventilado. Mantener en un lugar fresco. ELIMINACIÓN: Eliminar el contenido y el recipiente de acuerdo con las normativas locales, regionales, nacionales e internacionales.",X,X,,,X,,,,
,2025-11-13 00:00:00,KAO-QB00067,QUARTAMIN D081 S/P,Mezcla,PELIGRO,+34 93 739 9445,"H226, H302, H312, H314, H318, H400","PREVENCIÓN: Llevar guantes de protección: > 8 horas (tiempo de detección): goma de butilo. Llevar gafas o máscara de protección: Recomendado: gafas anti-salpicaduras , máscara. Llevar prendas de protección: Recomendado: traje protector resistente a los químicos.Mantener alejado del calor, de superficies calientes, de chispas, de llamas abiertas y de cualquier otra fuente de ignición. No fumar. Utilizar un material eléctrico, de ventilación,de iluminación y todos los equipos de manipulación de materiales antideflagrantes.Utilizar únicamente herramientas que no produzcan chispas. Tomar medidas de precaución contra descargas electrostáticas. Mantener el recipiente herméticamente cerrado. No comer, beber ni fumar durante su utilización. Lavarse las manos concienzudamente tras la manipulación. RESPUESTA: EN CASO DE INHALACIÓN: Transportar a la persona al aire libre y mantenerla en una posición que le facilite la respiración. Llamar inmediatamente a un centro de información toxicológica o a un médico. EN CASO DE INGESTIÓN: Llamar inmediatamente a un centro de información toxicológica o a un médico. Enjuagarse la boca. NO provocar el vómito. EN CASO DE CONTACTO CON LA PIEL (o el pelo): Quitar inmediatamente todas las prendas contaminadas. Aclararse la piel con agua o ducharse. Lavar las prendas contaminadas antes de volver a usarlas. Llamar inmediatamente a un centro de información toxicológica o a un médico. EN CASO DE CONTACTO CON LA PIEL: Lavar con agua y jabón abundantes. Llamar a un centro de información toxicológica o a un médico en caso de malestar. Quitar las prendas contaminadas y lavarlas antes de volver a usarlas. EN CASO DE CONTACTO CON LOS OJOS: Aclarar cuidadosamente con agua durante varios minutos. Quitar las lentes de contacto, si lleva y resulta fácil. Seguir aclarando. Llamar inmediatamente a un centro de información toxicológica o a un médico. ALMACENAMIENTO: Guardar cerrado. Almacenar en un lugar ventilado. Mantener en un lugar fresco. ELIMINACIÓN: Eliminar el contenido y el recipiente de acuerdo con las normativas locales, regionales, nacionales e internacionales.",X,X,,,X,X,,,
,2025-11-13 00:00:00,KAO-QB00069,QUARTAMIN D86P,Mezcla,PELIGRO,+34 93 739 9445,"Sólido inflamable. Provoca quemaduras graves en la piel y lesiones oculares graves. Muy tóxico para los organismos acuáticos, con efectos nocivos duraderos.","PREVENCIÓN: Usar guantes de protección: > 8 horas (tiempo de saturación): caucho butílico, Viton®, neopreno. Usar protección para los ojos o la cara: Recomendado: lentes anti_x0002_salpicaduras. Usar ropa protectora: Recomendado: Traje de protección. Mantener alejado del calor, superficies calientes, chispas, llamas abiertas y otras fuentes de  ignición. No fumar. Lavarse cuidadosamente las manos después de la manipulación. INTERVENCIÓN: EN CASO DE INHALACIÓN: Transportar la víctima al aire libre y mantenerla en reposo en una posición que le facilite la respiración. Llamar inmediatamente a un CENTRO DE CONTROL DE ENVENENAMIENTO o a un médico. EN CASO DE INGESTIÓN: Llamar inmediatamente a un CENTRO DE CONTROL DE ENVENENAMIENTO o a un médico. Enjuagarse la boca. NO provocar el vómito. EN CASO DE CONTACTO CON LA PIEL (o el pelo): Quitar inmediatamente toda la ropa contaminada. Lavar la piel con agua o tomar una ducha. Lavar la ropa contaminada antes de volverla a usar. Llamar inmediatamente a un CENTRO DE CONTROL DE ENVENENAMIENTO o a un médico. EN CASO DE CONTACTO CON LOS OJOS: Enjuagar con agua cuidadosamente durante varios minutos. Quitar las lentes de contacto, cuando estén presentes y pueda hacerse con facilidad. Proseguir con el lavado. Llamar inmediatamente a un CENTRO DE CONTROL DE ENVENENAMIENTO o a un médico. ALMACENAMIENTO: Guardar bajo llave. ELIMINACIÓN:  Eliminar el contenido y recipiente conforme a todas las reglamentaciones locales, regionales, nacionales e internacionales",,X,,,X,X,,,
,2025-10-14 00:00:00,IFF-QB00059,QUIM 1074 FS BLUE,Mezcla,ATENCION,01 800 002 1400,"H315, H317, H319, H361","P261,P280, P302 + P352, P305 + P351 + P338,  P308 +P313, P333 + P313, P337 + P313",X,,X,,,,,,
,2025-10-14 00:00:00,IFF-QB00060,QUIM 1075 FSE F,Mezcla,ATENCION,01 800 002 1400,"H315, H317, H361","P261, P264, P280, P302 + P352, P308 + P313, P333 + P313",X,,X,,,,,,
,2025-10-14 00:00:00,IFF-QB00061,QUIM 1147 FS,Mezcla,ATENCION,01 800 002 1400,"H227, H315, H317, H319, H361","P210, P261, P280, P302 + P352, P305 + P351 + P338, P308 + P313,  P333 + P313, P337 + P313 , P370 + P378",X,,X,,,,,,
,2025-10-16 00:00:00,IFF-QB00158,QUIM 1300 PASION FRUIT,Mezcla,ATENCION,01 800 002 1400,"H227, H315, H317, H361","P210, P261, P280, P302 + P352, P308 + P313, P333 + P313, P370 + P378 ",X,,X,,,,,,
,2025-10-16 00:00:00,IFF-QB00261,QUIM BLUE 629,Mezcla,ATENCION,01 800 002 1400,"H227, H303, H315, H317, H319, H361, H411","P201,P202,P261,P264,P272,P273,P280,P302,P305+P351+P338, P308+P3013, P333+P303, P337 + P313, P362 + P364, P391, P405, P501",X,,X,,,X,,,
,2025-10-16 00:00:00,IFF-QB00262,QUIM HIDRA 759,Mezcla,ATENCION,01 800 002 1400,"H227, H315, H317, H319, H361","P210, P280, P302 + P352, P305 + P351 + P338",X,,X,,,,,,
SOLICITAR HDS IFF,PENDIENTE,IFF-QB00263,QUIM SH MOD,Mezcla,PELIGRO,01 800 002 1400,"H227, H303, H304, H315, H317, H319, H361, H400, H361","P201, P202, P210, P261, P264, ,, P280, P301 + P310, P302 + P352, P305 + P351 + P338, P312, P331, P333 + P313, P337 + P313, , P370 + P378, P391, P403 + P235, P405, P501",g,1,h,1,,,,,
,2025-10-14 00:00:00,IFF-QB00160,RAINY WASH 530,MEZCLA,ATENCION,01 800 002 1400,"H227, H315, H317, H361","P210, P261, P280, P302 + P352, P308 + P313,  P333 + P313, P370 + P378",X,,X,,,,,,
,2025-10-21 00:00:00,ASH-QB00041,RAPITIX A-100 S/P,Mezcla,No Aplicable,1-800-274-5263,No Aplicable,No Aplicable,,,,,,,,,
SOLICITAR HDS ACTUALIZADA MERCK,PENDIENTE,VAR-QB00133,REPELENTE PARA INSECTOS,52304-36-6,ATENCION,01 800 002 1400,H319,P305 + P351 + P338,X,,,,,,,,
,2025-11-13 00:00:00,VAR-QB00192,RESINA SUPER STYLE 30H,25035-69-2,No Aplicable,01 800 002 1400,No Aplicable,No Aplicable,,,,,,,,,
,2025-10-21 00:00:00,LUB-QB00056,RESULOOK S/P,Mezcla,No Aplicable,01 800 002 1400,No Aplicable,No Aplicable,,,,,,,,,
,2025-10-14 00:00:00,IFF-QB00264,REVIVAL 006 A NATTURA,MEZCLA,ATENCION,01 800 002 1400,"H227, H303, H315, H317, H319, H361","P210, P261, P280, P302 + P352, P305 + P351 + P338, P308 + P313,  P333 + P313, P337 + P313 , P370 + P378",x,,x,,,,,,
,2025-10-17 00:00:00,IFF-QB00321,RIVOLI 912 M2,Mezcla,ATENCION,01 800 002 1400,"H317, H319, H351, H361","P261, P280, P302 + P352, P305 + P351 + P338, P308 + P313, P333 + P313, P337 + P313",X,,X,,,,,,
,2025-10-21 00:00:00,ASH-QB00079,ROSALISS,Mezcla,No Aplicable,1-800-274-5263,No Aplicable,No Aplicable,,,,,,,,,
,2025-10-16 00:00:00,IFF-QB00266,ROSETA 70,MEZCLA,ATENCION,01 800 002 1400," H315, H317, H319, H361","P280, P302 + P352, P305 + P351 + P338",X,,X,,,,,,
,2025-10-14 00:00:00,IFF-QB00029,RUPERT 933 S/P,Mezcla,ATENCION,01 800 002 1400,"H317, H319, H361","P261, P280, P302 + P352, P305 + P351 + P338, P308 + P313, P333 + P313, P337 + P313",X,,X,,,,,,
,2025-10-23 00:00:00,VAR-QB00134,SALICILATO DE METILO,119-36-8,ATENCION,01 800 002 1400,H302,"P264, P270, P301, P312,  P330, P501, P301",X,,,,,,,,
,2025-10-14 00:00:00,IFF-QB00106,SANDALWOOD 019,Mezcla,ATENCION,01 800 002 1400,"H317, H319, H361","P261, P280, P302 + P352, P305 + P351 + P338, P308 + P313, P333 + P313, P337 + P313",X,,X,,,,,,
,2025-10-21 00:00:00,LUB-QB00058,SCHERCEMOL 318 S/P,68171-33-5,No Aplicable,01 800 002 1400,No Aplicable,No Aplicable,,,,,,,,,
,2025-10-21 00:00:00,LUB-QB00060,SCHERCEMOL IDO,59231-34-4,No Aplicable,01 800 002 1400,No Aplicable,No Aplicable,,,,,,,,,
,2025-10-21 00:00:00,LUB-QB00061,SCHERCEMOL NGDO,28510-23-8,No Aplicable,01 800 002 1400,No Aplicable,No Aplicable,,,,,,,,,
,2025-10-16 00:00:00,IFF-QB00268,SEA BREEZE,MEZCLA,ATENCION,01 800 002 1400,"H226, H227, H315, H316, H317, H319, H411","P210, P233,, P240, P241, P242, P261, P264, P272, P273, P280, P302 + P352, P303 + P361 + P353, P305 + P351 + P338, P337 + P313, P370 + P378, P403 + P235, P501",X,,,,X,X,,,
,2025-10-14 00:00:00,IFF-QB00030,SEA FRESH 652,Mezcla,ATENCION,01 800 002 1400,"H227, H315, H317, H319, H361","P210, P261, P280, P302 + P352, P305 + P351 + P338, P308 + P313,  P333 + P313, P337 + P313 , P370 + P378",X,,X,,,,,,
,2025-10-14 00:00:00,IFF-QB00031,SEA FRESH 704,Mezcla,ATENCION,01 800 002 1400,"H227, H315, H317, H319,H351, H361","P210, P261, P280, P302 + P352,  P305 + P351 + P338, P308 + P313, P333 + P313, P337 + P313, P370 + P378",X,,X,,,,,,
,2025-10-14 00:00:00,IFF-QB00032,SEA FRESH 820 MARINE 667-W,Mezcla,ATENCION,01 800 002 1400,"H227, H315, H317, H361","P210, P261, P280, P302 + P352,  P305 + P351 + P338, P308 + P313, P333 + P313, P370 + P378",X,,X,,,,,,
,2025-10-17 00:00:00,IFF-QB00163,SENSE OF NATURE,Mezcla,ATENCION,01 800 002 1400,"H315, H317, H319, H361","P261, P280, P302 + P352, P305 + P351 + P338, P308 + P313,  P333 + P313, P337 + P313",X,,X,,,,,,
,2025-10-21 00:00:00,ASH-QB00075,SENSIDIN PURE,Mezcla,ATENCION,1-800-274-5263,"H303, H317, H319","P101, P102, P103, P264, P280, P302 + P352, P305 + P351 + P338, P312, P333 + P313, P362 + P364",X,,,,,,,,
,2025-10-21 00:00:00,ASH-QB00068,SENSIVA SC 83,Mezcla,ATENCION,1-800-274-5263,H319,"P264, P280, P305 + P351 + P338",X,,,,,,,,
,2025-10-21 00:00:00,ASH-QB00054,SENSIVA SC50 (TOCPHEROL),70445-33-9,PELIGRO,1-800-274-5263,"H303, H318, H332","P101, P102, P103, P261, P271, P280, P304 + P340 + P312, P305 + P351 + P338 + P310, P312",X,X,,,,,,,
,2025-10-21 00:00:00,LUB-QB00064,SENSOMER 10M POLYQUATERNIUM 10,No Aplicable,ATENCION,01 800 002 1400,"H315, H319","P264, P280, P305 + P351 + P338, P337+P313, P302+P352, P332+P313, P321, P362",X,,,,,,,,
,2025-10-17 00:00:00,IFF-QB00107,SENSUAL BREEZE 873,Mezcla,ATENCION,01 800 002 1400,"H227, H315, H317, H319, H361","P210, P280, P302 + P352, P305 + P351 + P338",X,,X,,,,,,
,2025-10-16 00:00:00,IFF-QB00033,SER 1002 PINO,Mezcla,PELIGRO,01 800 002 1400,"H226, H304, H315, H317, H319, H361","P210, P261, P280, P301 + P310, P302 + P352, P305 + P351 + P338, P308 + P313, P331, P333 + P313, P337 + P313, P370 + P378",X,,X,,X,,,,
SOLICITAR HDS IFF,PENDIENTE,IFF-QB00302,SER 1011 LAVANDA,Mezcla,-,-,-,-,1,1,1,1,,,,,
,2025-10-14 00:00:00,IFF-QB00164,SER 1013 (SHAMPOO FLORAL FRUTAL),Mezcla,PELIGRO,01 800 002 1400,"H227, H304, H315, H317, H319, H361","P210, P261, P280, P301 + P310, P302 + P352,  P305 + P351 + P338, P308 + P313, P331,  P333 + P313, P337 + P313, P370 + P378",X,,X,,,,,,
,2025-10-16 00:00:00,IFF-QB00269,SER 1050 NSUENO,Mezcla,ATENCION,01 800 002 1400,"H227, H303, H315, H317, H319, H361, H411","P201, P202, P210, P261, P264, ,, P280, P301 + P310, P302 + P352, P305 + P351 + P338, P312, P331, P333 + P313, P337 + P313, , P370 + P378, P391, P403 + P235, P405, P501",X,,X,,,X,,,
,2025-10-14 00:00:00,IFF-QB00214,SER 1054 DETERG. LIQ.,Mezcla,PELIGRO,01 800 002 1400,"H227, H315, H317, H318, H411","P210, P261, P264, P280, P302 + P352, P305 + P354 + P338 + P317, P333 + P317, P370 + P378, P391",X,X,,,,X,,,
,2025-10-14 00:00:00,IFF-QB00165,SER 1057 UVA MORADA,Mezcla,ATENCION,01 800 002 1400,"H227, H317, H361","P210, P261, P280, P302+P352,P308 + P313, P333 + P313, P370 + P378",X,,X,,,,,,
,2025-10-14 00:00:00,IFF-QB00166,SER 1098 ORQUIDEA JAZMIN,Mezcla,ATENCION,01 800 002 1400,"H227, H315, H317, H319, H361","P210, P261,  P280, P302 + P352, P305 + P351 + P338, P308 + P313, P333 + P313, P337 + P313, P370 + P378",X,,X,,,,,,
,2025-10-14 00:00:00,IFF-QB00167,SER 1100 GRAPEFRUIT,Mezcla,ATENCION,01 800 002 1400,"H227, H315, H317, H319, H361","P210, P261,  P280, P302 + P352, P305 + P351 + P338, P308 + P313, P333 + P313, P337 + P313, P370 + P378",X,,X,,,,,,
,2025-10-14 00:00:00,IFF-QB00168,SER 1104 AGUACATE,Mezcla,ATENCION,01 800 002 1400,"H227, H315, H317, H319, H361","P210, P261,  P280, P302 + P352, P305 + P351 + P338, P308 + P313, P333 + P313, P337 + P313, P370 + P378",X,,X,,,,,,
,2025-10-16 00:00:00,IFF-QB00170,SER 1110 PERA,Mezcla,ATENCION,01 800 002 1400,"H227, H315, H317, H319, H361","P210, P261, P280, P302 + P352, P305 + P351 + P338,  P308 + P313, P333 + P313, P337 + P313 , P370 + P378",X,,X,,,,,,
,2025-10-14 00:00:00,IFF-QB00171,SER 1114 TORONJA,Mezcla,PELIGRO,01 800 002 1400,"H226, H304, H315 H317, H319, H361","P210, P261, P280, P301 + P310, P302 + P352, P305 + P351 + P338, P308 + P313, P331, P333 + P313, P337 + P313, P370 + P378",X,,X,,X,,,,
,2025-10-23 00:00:00,VAR-QB00135,SILICON 1000,63148-62-9,No Aplicable,01 800 002 1400,No Aplicable,No Aplicable,,,,,,,,,
,2025-10-21 00:00:00,LUB-QB00066,SILSENSE BIO5 S/P,Mezcla,PELIGRO,01 800 002 1400,"H227, H304,","P210, P280, P301 + P310,P331, P370 + P378, P403, P405, P501",,,X,,,,,,
,2025-10-21 00:00:00,LUB-QB00067,SILSENSE DW-18,No Aplicable,No Aplicable,01 800 002 1400,No Aplicable,No Aplicable,,,,,,,,,
,2025-10-21 00:00:00,LUB-QB00068,SILSENSE TM COPOLYOL-1 SILICONE,Mezcla,ATENCION,01 800 002 1400,H316,P332 + P313,,X,,,,,,,
,2025-10-17 00:00:00,IFF-QB00270,SIMPLE POSSION 383,Mezcla,ATENCION,01 800 002 1400,H317,"P280, P302 + P352",X,,,,,,,,
,2025-10-14 00:00:00,IFF-QB00062,SIMPLY BLUE 607,Mezcla,ATENCION,01 800 002 1400," H315, H317, H319, H361","P261, P280, P302 + P352, P305 + P351 + P338, P308 + P313, P333 + P313, P337 + P313",X,,X,,,,,,
,2025-10-14 00:00:00,IFF-QB00190,SMT 1047 MOD (KENZO FLOWER),Mezcla,ATENCION,01 800 002 1400,"H317, H361","P261, P280, P302 + P352, P308 + P313, P333 + P313, P362 + P364",X,,X,,,,,,
,2025-10-17 00:00:00,IFF-QB00034,SO FRESH,Mezcla,ATENCION,01 800 002 1400,"H227, H315, H317, H319, H351, H361, H373","P210, P260, P280, P302 + P352, P305 + P351 + P338, P314",X,,X,,,,,,
,2025-10-14 00:00:00,IFF-QB00071,SOFT BABY 611,Mezcla,PELIGRO,01 800 002 1400,"H226, H317, H319, H350, H361","P210, P261, ,, P280, P302 + P352, P305 + P351 + P338, P308 + P313, P333 + P313, P337 + P313, P370 + P378",X,,X,,X,,,,
SOLICITAR HDS IFF,PENDIENTE,IFF-QB00272,SOFT BLUE M 68,-,-,-,-,-,1,1,1,1,,,,,
,2025-10-16 00:00:00,IFF-QB00273,SOFT LILY,Mezcla,PELIGRO,01 800 002 1400,"H227, H304, H315, H317, H318, H400, H411","P210, P261, P264, P273, P280, P301 + P310, P302 + P352, P305 + P351 + P338, P331, P333 + P313, P362 + P364, P370 + P378, P391, P403 + P235, P405, P501",X,X,X,,,X,,,
,2025-10-14 00:00:00,IFF-QB00199,SOFTENER ELEGANT 957 MOD,Mezcla,ATENCION,01 800 002 1400," H315, H317, H319, H361","P261, P280, P302 + P352, P305 + P351 + P338, P308 + P313, P333 + P313,  P337 + P313",X,,X,,,,,,
,2025-10-24 00:00:00,VAR-QB00166,SORBATO DE POTASIO S/P,24634-61-5,ATENCION,01 800 002 1400,H319,"P264, P280, P305+P351+P338, P337+P313",X,,,,,,,,
,2025-10-21 00:00:00,ASH-QB00043,SOREZ 100,Sustancia,No Aplicable,1-800-274-5263,No Aplicable,No Aplicable,,,,,,,,,
,2025-10-21 00:00:00,ASH-QB00044,SOREZ H5205,Mezcla,No Aplicable,1-800-274-5263,No Aplicable,No Aplicable,,,,,,,,,
,2025-10-17 00:00:00,IFF-QB00193,SOY TU HOMBRE 070,Mezcla,ATENCION,01 800 002 1400,"H227, H315, H317, H361","P210, P261, P280, P302 + P352,  P308 + P313,  P333 + P313, P370 + P378",X,,X,,,,,,
,2025-10-17 00:00:00,IFF-QB00203,SPARK FRESH 317,Mezcla,ATENCION,01 800 002 1400,"H315, H317, H319","P280, P302 + P352, P305 + P351 + P338",X,,,,,,,,
,2025-10-14 00:00:00,IFF-QB00204,SPARK PETAL 318 MICROCAPSULAS,Mezcla,PELIGRO,01 800 002 1400,"H315, H317, H318, H361","P261, P280, P302 + P352, P305 + P351 + P310, P308 + P313, P333 + P313",X,X,X,,,,,,
,2025-10-16 00:00:00,IFF-QB00108,SPICY AMBER 973,Mezcla,ATENCION,01 800 002 1400,"H317, H319","P261, P280, P302 + P352, P305 + P351 + P338, P333 + P313, P337 + P313",X,,,,,,,,
,2025-10-16 00:00:00,IFF-QB00109,SPICY LOVE 456,Mezcla,ATENCION,01 800 002 1400,"H227, H315, H317, H319, H411","P210, P261, P264, P272, P273, P302 + P352, P305 + P351 + P338, P333 + P313, P337 + P313, P370 + P378, P391, P403 + P235, P501",X,,,,,X,,,
,2025-10-16 00:00:00,IFF-QB00194,SPORTIVO 971,Mezcla,ATENCION,01 800 002 1400,"H227, H315, H317, H319, H361","P210, P280, P302 + P352, P305 + P351 + P338",X,,X,,,,,,
,2025-10-17 00:00:00,IFF-QB00275,SPORTIVO MEN 2023,Mezcla,ATENCION,01 800 002 1400,"H227, H315, H317, H319, H361","P210, P280, P302 + P352, P305 + P351 + P338",X,,X,,,,,,
,2025-10-17 00:00:00,IFF-QB00215,SPRING BREAK 290,Mezcla,ATENCION,01 800 002 1400,"H226, H304, H315, H317, H319, H361","P210, P261, P280, P301 + P310, P302 + P352,P305 + P351 + P338, P308 + P313,  P331, P333 + P313, P337 + P313, P370 + P378",X,,X,,,,X,,
,2025-10-16 00:00:00,IFF-QB00216,SPRING TIME 289,Mezcla,ATENCION,01 800 002 1400,"H227, H317, H361","P210, P261, ,, P280, P302 + P352, P308 + P313, P333 + P313, P370 + P378",X,,X,,,,,,
,2025-10-28 00:00:00,ASH-QB00063,STYLEZE CC-10,Mezcla ,No Aplicable,1-800-274-5263,No Aplicable,No Aplicable,,,,,,,,,
,2025-10-28 00:00:00,ASH-QB00086,STYLEZE ES-FORZA,Mezcla,No Aplicable,1-800-274-5263,No Aplicable,No Aplicable,,,,,,,,,
,2025-10-28 00:00:00,ASH-QB00073,STYLIZE W-17,Mezcla ,No Aplicable,1-800-274-5263,No Aplicable,No Aplicable,,,,,,,,,
,2025-10-21 00:00:00,ASH-QB00045,STYLIZE W20,Mezcla,No Aplicable,1-800-274-5263,No Aplicable,No Aplicable,,,,,,,,,
,2025-10-16 00:00:00,IFF-QB00063,SUAVE PRIMAVERA 958,Mezcla,ATENCION,01 800 002 1400,"H227, H315, H317 H361, H373","P210, P260, P280, P302 + P352, P308 + P313, P333 + P313, , P370 + P378, P391",X,,X,,,,,,
,2025-10-16 00:00:00,IFF-QB00276,SUAVIAZUL M 75,Mezcla,ATENCION,01 800 002 1400,"H227, H303, H315, H317, H319, H361, H411","P201, P202, P210, P261, P264, P272, P273, P302 + P352, P305 + P351 + P338, P312, P337 + P313, P362 + P364, P370 + P378, P391, P403 + P235, P405, P501",X,,X,,,X,,,
,2025-10-28 00:00:00,ASH-QB00046,SUBERLIFTT LIPOPHILE S/P,Mezcla ,No Aplicable,1-800-274-5263,No Aplicable,No Aplicable,,,,,,,,,
,2025-10-16 00:00:00,IFF-QB00064,SUEÑOS DE ALGODON 707,Mezcla,ATENCION,01 800 002 1400,"H315, H317, H319, H351, H361","P261, P280, P302 + P352, P305 + P351 + P338, P308 + P313, P333 + P313,  P337 + P313",X,,X,,,,,,
,2025-10-21 00:00:00,LUB-QB00069,SULFOCHEM TD3 S/P,Mezcla,ATENCION,01 800 002 1400,"H315, H319","P264, P280, P305 + P351 + P338, P337 + P313, P302 + P352, P332 + P313, P321, P362",X,X,,,,,,,
,2025-10-16 00:00:00,IFF-QB00112,SUMMER SUNSET 066,Mezcla,ATENCION,01 800 002 1400,"H317, H351","P280, P302 + P352",X,,X,,,,,,
,2025-10-17 00:00:00,IFF-QB00070,SUNSENSATION,Mezcla,ATENCION,01 800 002 1400,"H227, H315, H317, H319, , H351, H361","P210, P261, P280, P302 + P352,P305 + P351 + P338, P308 + P313,  P333 + P313, P337 + P313, P370 + P378",X,,X,,,,,,
,2025-10-23 00:00:00,VAR-QB00137,SUPERHUMECTANTE S/P,308073-86-8 ,No Aplicable,01 800 002 1400,No Aplicable,No Aplicable,,,,,,,,,
,2025-10-21 00:00:00,ASH-QB00047,SURFADONE LP100,2687-94-7,PELIGRO,1-800-274-5263,"H303 + P313, P314","P264, P280, P301 + P330 + P331, P303 + P361 + P353, P304 + P340 + P310, P305 + P351 + P338 + P310, P312, P363, P405, P501",,X,,,,,,,
SOLICITAR HDS ACTUALIZADA TENSOQUIMIA,PENDIENTE,VAR-QB00138,SURFAGEL ES QB,9005-08-7,ATENCION,01 800 002 1400,"H303 + H333, H317, H320","P264, P273, P280, P303 + P361 + P353, P305 + P351 + P338, P314, P403 + P233",X,,,,,,,,
,2025-10-21 00:00:00,ASH-QB00048,SUTTOCIDE-A,Mezcla,PELIGRO,1-800-274-5263,"H302, H3013 + H333, H315, H317, H319, H335, H341, H350","P101, P202, P261, P264, P270, P271, P272, P280, P301 + P312 + P330, P302 + P352, P304 + P340 + P312,  P305 + P351 + P338, P312, P333 + P313, P362 + P364, P403 + P233, P405, P501",X,,X,,,,,,
,2025-10-16 00:00:00,IFF-QB00113,SWEET ANIS 972,Mezcla,ATENCION,01 800 002 1400,"H317, H361","P261, P280, P302 + P352, P308 + P313, P333 + P313,  P362 + P364",X,,X,,,,,,
,2025-10-16 00:00:00,IFF-QB00114,SWEET LOVE 591,Mezcla,ATENCION,01 800 002 1400,"H317, H319, H361","P261, P280, P302 + P352, P305 + P351 + P338, P308 + P313, P333 + P313, P337 + P313",X,,X,,,,,,
,2025-10-16 00:00:00,IFF-QB00115,SWEET POWDER 361,Mezcla,PELIGRO,01 800 002 1400,"H226, H304, H315, H317, H319, H411","P210, P233, P240, P241, P242, P243, P261, P264, ,, P280, P301 + P310, P303 + P361 + P353, P305 + P351 + P338, P331, P333 + P313, P337 + P313, , P370 + P378, P391, P403 + P235, P405, P501",X,,X,,X,X,,,
,2025-10-16 00:00:00,IFF-QB00281,TANGO HIDRA,Mezcla,PELIGRO,01 800 002 1400,"H227, H303, H315, H317, H319, H361, H411","P201, P202, P210, P261, P264, P272, P273,  P280, P302 + P352, P305 + P351 + P338, P312, P333 + P313, P362 + P364, P370 + P378, P391, P403 + P235, P405, P501",X,X,X,,,X,,,
,2025-10-14 00:00:00,IFF-QB00116,TE VERDE MENTA SMT 1039,Mezcla,ATENCION,01 800 002 1400,"H227, H317, H319, H361","P210, P261, P280, P302+P352, P305 + P531 + P338, P308 + P313, P333 + P313, P337 + P313, P370 + P378",X,,X,,,,,,
,2025-10-23 00:00:00,VAR-QB00140,TEA USO INDUSTRIAL (TRIETANOLAMINA 85%),Mezcla,PELIGRO,01 800 002 1400,"H303, H315, H318, H373","P260, P264, P280, P305+P351+P338, P321, P501",,X,X,,,,,,
,2025-10-23 00:00:00,VAR-QB00141,TERPENOS DE NARANJA,68647-72-3,PELIGRO,01 800 002 1400,"H226, H315, H400, H304, H319","P210, P233, P240, P241, P242, P243, P280, P303 + P361 + P353, P332+P313, P362, P370+P378, P403+P235, P501",,,X,,X,X,,,
,2025-11-13 00:00:00,KAO-QB00070,TETRANYL AT7590 s/p,Mezcla,ATENCION,+34 93 739 9445,"Líquidos y vapores inflamables. Nocivo para los organismos acuáticos, con efectos nocivos duraderos.","P280, P210, P241, P242, P243, P233, P273, P303 + P361 + P353, P403 + P235, P501",,,,,X,,,,
,2025-11-13 00:00:00,KAO-QB00072,TETRANYL AT7590E,Mezcla,PELIGRO,+34 93 739 9445,"Líquidos y vapores inflamables. Nocivo para los organismos acuáticos, con efectos nocivos duraderos.","P280, P210, P241, P242, P243, P233, P273, P303 + P361 + P353, P403 + P235, P501",,,,,X,,,,
,2025-11-13 00:00:00,KAO-QB00075,TETRANYL BC- 50T,Mezcla,PELIGRO,+34 93 739 9445,"H304, H314, H318, H400","P280, P273, P270, P264, P391, P304+P310, P301+P310, P303+P361+P353, P310, P405, P501",X,X,,,,X,,,
,2025-11-13 00:00:00,KAO-QB00076,TETRANYL BC80E S/P,MEZCLA,PELIGRO,+34 93 739 9445,"H226, H302, H312, H314, H318","P280, P210, P241, P242, P243, P233, P270, P264, P304 + P340, P310, P301 + P310, P330, P331, P303 + P361 + P353, P310, P363, P302 + P312, P352, P305 + P351 + P338, P405, P403 + P235, P501",X,X,,,X,,,,
,2025-11-25 00:00:00,KAO-QB00078,TETRANYL BC-80T,"61789-71-7, 64-17-5",PELIGRO,+34 93 739 9445,"H226, H302 + H312, H314","P280, P210, P270, P264, P304 + P340, P310, P301 + P310, P330, P331, P303 + P361 + P353, P363, P305 + P351 + P338, P405, P501",X,X,,,X,,,,
,2025-10-28 00:00:00,KAO-QB00079,TETRANYL L17-90E,Mezcla,ATENCION,+34 93 739 9445,"H226, H315, H319, H412","PREVENCION: Llevar guantes de protección: > 8 horas (tiempo de detección): goma de butilo,neopreno. Llevar prendas de protección: Recomendado: traje de protección desechable.Llevar gafas o máscara de protección: Recomendado: Gafas anti-salpicaduras..Mantener alejado del calor, de superficies calientes, de chispas, de llamas abiertas y de cualquier otra fuente de ignición. No fumar. Utilizar un material eléctrico, de ventilación o de iluminación a prueba de explosiones. No utilizar herramientas que produzcan chispas. Tomar medidas de precaución contra las descargas electrostáticas. Mantener el recipiente herméticamente cerrado. Evitar su liberación al medio ambiente. Lavarse concienzudamente tras la manipulación. RESPUESTA: EN CASO DE CONTACTO CON LA PIEL (o el pelo): Quitar inmediatamente todas las prendas contaminadas. Enjuagar la piel con agua. EN CASO DE CONTACTO CON LA PIEL: Lavar con abundante agua. En caso de irritación cutánea: Consultar a un médico. EN CASO DE CONTACTO CON LOS OJOS: Aclarar cuidadosamente con agua durante varios minutos. Quitar las lentes de contacto, si lleva y resulta fácil. Seguir aclarando. Si persiste la irritación ocular: Consultar a un médico. ALMACENAMIENTO:  Almacenar en un lugar bien ventilado. Mantener en lugar fresco. ELIMINACION: Eliminar el contenido y el recipiente de acuerdo con las normativas locales, regionales, nacionales e internacionales.",X,X,,,,,,,
,2025-10-17 00:00:00,IFF-QB00195,TH NINA 245,Mezcla,PELIGRO,01 800 002 1400,"H315, H317, H318","P280, P302 + P352, P305 + P351 + P338",X,X,,,,,,,
,2025-10-21 00:00:00,ASH-QB00049,TOMASA SHEA BUTTER,Sustancia,No Aplicable,1-800-274-5263,No Aplicable,No Aplicable,,,,,,,,,
SOLICITAR HDS ACTUALIZADA A PROVEEDOR,PENDIENTE,VAR-QB00142,TRANSCUTOL CG,111-90-0,No Aplicable,01 800 002 1400,No Aplicable,No Aplicable,,,,,,,,,
SOLICITAR HDS ACTUALIZADA A PROVEEDOR,PENDIENTE,VAR-QB00143,TRANSCUTOL HP,111-90-0,No Aplicable,01 800 002 1400,No Aplicable,No Aplicable,,,,,,,,,
,2025-10-23 00:00:00,VAR-QB00144,TRICLOSAN,3380–34–5,PELIGRO,01 800 002 1400,"H303, H315,H319, H410","P273, P305+P351+P338, P501",X,,,,,X,,,
,2025-10-16 00:00:00,IFF-QB00282,TROPIC FRUIT M 957,Mezcla,PELIGRO,01 800 002 1400,"H226, H304, H315, H317, H319, H410, H411","P210, P240, P241, P242, P243, P261, P264, P261, P264, P280, P301 + P310, P303 + P361 + P353, P305 + P351 + P338, P331, P333 + P313, P337 + P313, P362 + P364, P370 + P378, P391, P403 + P235, P405, P501",X,,X,,X,X,,,
,2025-10-17 00:00:00,IFF-QB00117,TROPIC ICE M1210,Mezcla,ATENCION,01 800 002 1400,"H317, H361","P261, P280, P302 + P352, P308 + P313, P333 + P313, P362 + P364",X,,X,,,,,,
,2025-10-16 00:00:00,IFF-QB00066,TUBEROSE 946,Mezcla,ATENCION,01 800 002 1400,"H227, H317, H351","P210, P261, ,, P280, P302 + P352, P308 + P313, P333 + P313, P370 + P378",X,,X,,,,,,
,2025-10-16 00:00:00,IFF-QB00118,TUTTI 001,Mezcla,PELIGRO,01 800 002 1400,"H226, H304, H315, H317, H361","P210, P261, P280, P301 + P310, P302 + P352, P305 + P351 + P338, P308 + P313, P331, P333 + P313, P337 + P313, P370 + P378",X,,X,,X,,,,
,2025-11-25 00:00:00,VAR-QB00145,TWEEN 80 S/p,9005-65-6,No Aplicable,01 800 002 1400,No Aplicable,No Aplicable,,,,,,,,,
,2025-10-23 00:00:00,VAR-QB00146,TWEN 20 QE,9005-64-5,No Aplicable,01 800 002 1400,No Aplicable,No Aplicable,,,,,,,,,
SOLICITAR HDS IFF,PENDIENTE,IFF-QB00119,UVA AIR 814,Mezcla,-,-,-,-,1,1,1,1,,,,,
,2025-10-16 00:00:00,IFF-QB00283,VAINILLA CITRICO S/P,Mezcla,ATENCION,01 800 002 1400,"H302, H317","P280, P301 + P310, P302 + P352",X,,,,,,,,
,2025-10-16 00:00:00,IFF-QB00067,VCA BLUE 629 FLOR DE LUNA,Mezcla,ATENCION,01 800 002 1400,"H315, H317, H319, H361","P261, P280, P302 + P352, P305 + P351 + P338 + P310, P308 + P313, P333 + P313, P337 + P313",X,,X,,,,,,
,2025-10-16 00:00:00,IFF-QB00284,VCA FIESTA 4325,Mezcla,PELIGRO,01 800 002 1400,"H227, H304, H315, H317, H319, H411","P210, P261, P264, P272, P273, P280, P302 + P352, P305 + P351 + P338, P331, P333 + P313, P337 + P313, P370 + P378, P391, P403 + P235, P405, P501",X,,X,,,X,,,
,2025-10-16 00:00:00,IFF-QB00286,VCA MOMENTOS 2321,Mezcla,PELIGRO,01 800 002 1400,"H227, H303, H315, H317, H319, H361, H411","P201, P202, P210, P261, P264, P272, P273, P302 + P352, P305 + P351 + P338, P312, P337 + P313, P362 + P364, P370 + P378, P391, P403 + P235, P405, P501",X,X,X,,,X,,,
,2025-10-16 00:00:00,IFF-QB00068,VCB BLUE 231,Mezcla,ATENCION,01 800 002 1400,"H227, H315, H317, H319, H361","P210, P261, P280, P302 + P352, P305 + P351 + P338, P308 + P313, P333 + P313,  P337 + P313, P370 + P378",X,,X,,,,,,
,2025-10-16 00:00:00,IFF-QB00120,VELAQUIM 4 CANELA FV,Mezcla,ATENCION,01 800 002 1400,"H227, H317, H319, H361","P210, P261, P280, P302 + P352, P305 + P351 + P338, P308 + P313, P333 + P313,  P337 + P313, P370 + P378",X,,X,,,,,,
,2025-10-17 00:00:00,IFF-QB00196,VICTORY 225,Mezcla,ATENCION,01 800 002 1400,"H227, H315, H317, H319, H361","P210, P261, P280, P302 + P352, P305 + P351 + P338, P308 + P313, P333 + P313, P337 + P313, P370 + P378",X,,X,,,,,,
,2025-10-16 00:00:00,IFF-QB00287,VIOLET FLOWER,Mezcla,ATENCION,01 800 002 1400,"H227, H303, H315, H317, H319, H361, H410, H411","P201, P202, P210, P261, P264, P272, P273, P302 + P352, P305 + P351 + P338, P312, P337 + P313, P362 + P364, P370 + P378, P391, P403 + P235, P405, P501",X,,X,,,X,,,
,2025-11-25 00:00:00,VAR-QB00179,VISCOSOL QB280,Mezcla,No Aplicable,01 800 002 1400,No Aplicable,No Aplicable,,,,,,,,,
,2025-10-21 00:00:00,ASH-QB00050,VITAL ET S/P,Mezcla,ATENCION,1-800-274-5263,H303 + P313,P312,X,,,,,,,,
,2025-10-23 00:00:00,VAR-QB00148,VITAMINA E,Sustancia,No Aplicable,01 800 002 1400,No Aplicable,No Aplicable,,,,,,,,,
,2025-12-04 00:00:00,ASH-QB00051,VITS PRIMASPONGES BLUE SS MICROESFERA,57455-37-5,No Aplicable,01 800 002 1400,No Aplicable,No Aplicable,,,,,,,,,
,2025-12-04 00:00:00,VAR-QB00149,V-TONIC S/P,"90063-97-1, 84929-31-7, 84696-07-1, 91722-69-9, 89997-74-0
",PELIGRO,01 800 002 1400,"H304, H315, H319, H411","P264, P280, P301+P310+P331, P321, P337+P313, P391",X,X,,,,X,,,
,2025-10-16 00:00:00,IFF-QB00288,WAIKIKI 204,Mezcla,ATENCION,01 800 002 1400,"H302, H317","P280, P301 + P310, P302 + P352",X,,,,,,,,
,2025-10-16 00:00:00,IFF-QB00172,WASH OUT 560 S/P,Mezcla,ATENCION,01 800 002 1400,"H227, H315, H317, H319, H361","P210, P280, P302 + P352",X,,X,,,,,,
,2025-10-17 00:00:00,IFF-QB00121,WATERY TIMBRE 939,Mezcla,ATENCION,01 800 002 1400,"H227, H315, H317, H351","P210, P280, P302 + P352",X,,X,,,,,,
,2025-10-16 00:00:00,IFF-QB00291,WILD CITRONELLA 815,Mezcla,ATENCION,01 800 002 1400,"H317, H319","P261, P280, P302 + P352, P305 + P351 + P338, P333 + P313, P337 + P313",X,,,,,,,,
,2025-10-17 00:00:00,IFF-QB00069,WONDERFUL LADY 195,Mezcla,ATENCION,01 800 002 1400,"H315, H317, H319, H361","P280, P302 + P352, P305 + P351 + P338",X,,X,,,,,,
,2025-10-17 00:00:00,IFF-QB00035,WOOD WICK 122,Mezcla,ATENCION,01 800 002 1400,"H317, H361","P261, P280, P302 + P352, P308 + P313, P333 + P313, P362 + P364",X,,X,,,,,,
,2025-10-21 00:00:00,ASH-QB00052,X TEND 226 S/P,94-47-3,ATENCION,1-800-274-5263,H303,P312,X,,,,,,,,
