Codigo interno ,CODIGO VARIANTE,Chemical Name,CAS Number,Signal Word,Emergencia,H-Statements,Consejos,Pictogram 1,Pictogram 2,Pictogram 3,Pictogram 4,PESO TARA,PESO NETO,PESO BRUTO,LOTE,FECHA ELABORACION,FECHA INSPECCION,Cantidad,
IFF-QB00007,F0101001A,DSM 1024 LAVANDA,Mezcla,ATENCION,1 800 002 1400,"H227, H315, H317,
H319, H411
","P210, P261, P264, P272, P273, P280, P302 + P352, P305 + P351 + P338, P333 + P313, P337 + P313, P362 + P364, P370 + P378, P391, P403 + P235, P501

",G,1,1,1,0.09,0.5,0.59,0018500439,8/27/2025,8/27/2026,1,
IFF-QB00007,F0101001B,DSM 1024 LAVANDA,Mezcla,ATENCION,1 800 002 1400,"H227, H315, H317,
H319, H411
","P210, P261, P264, P272, P273, P280, P302 + P352, P305 + P351 + P338, P333 + P313, P337 + P313, P362 + P364, P370 + P378, P391, P403 + P235, P501

",G,1,1,1,0.09,1,1.09,0018500439,8/27/2025,8/27/2026,1,
IFF-QB00007,F0101001C,DSM 1024 LAVANDA,Mezcla,ATENCION,1 800 002 1400,"H227, H315, H317,
H319, H411
","P210, P261, P264, P272, P273, P280, P302 + P352, P305 + P351 + P338, P333 + P313, P337 + P313, P362 + P364, P370 + P378, P391, P403 + P235, P501

",G,1,1,1,0.24,1.5,1.74,0018500439,8/27/2025,8/27/2026,1,
IFF-QB00007,F0101001D,DSM 1024 LAVANDA,Mezcla,ATENCION,1 800 002 1400,"H227, H315, H317,
H319, H411
","P210, P261, P264, P272, P273, P280, P302 + P352, P305 + P351 + P338, P333 + P313, P337 + P313, P362 + P364, P370 + P378, P391, P403 + P235, P501

",G,1,1,1,0.24,2,2.24,0018500439,8/27/2025,8/27/2026,1,
IFF-QB00007,F0101001E,DSM 1024 LAVANDA,Mezcla,ATENCION,1 800 002 1400,"H227, H315, H317,
H319, H411
","P210, P261, P264, P272, P273, P280, P302 + P352, P305 + P351 + P338, P333 + P313, P337 + P313, P362 + P364, P370 + P378, P391, P403 + P235, P501

",G,1,1,1,0.24,3,3.24,0018500439,8/27/2025,8/27/2026,1,
IFF-QB00007,F0101001F,DSM 1024 LAVANDA,Mezcla,ATENCION,1 800 002 1400,"H227, H315, H317,
H319, H411
","P210, P261, P264, P272, P273, P280, P302 + P352, P305 + P351 + P338, P333 + P313, P337 + P313, P362 + P364, P370 + P378, P391, P403 + P235, P501

",G,1,1,1,0.24,4,4.24,0018500439,8/27/2025,8/27/2026,1,
IFF-QB00007,F0101001G,DSM 1024 LAVANDA,Mezcla,ATENCION,1 800 002 1400,"H227, H315, H317,
H319, H411
","P210, P261, P264, P272, P273, P280, P302 + P352, P305 + P351 + P338, P333 + P313, P337 + P313, P362 + P364, P370 + P378, P391, P403 + P235, P501

",G,1,1,1,0.28,5,5.28,0018500439,8/27/2025,8/27/2026,1,
IFF-QB00007,F0101001H,DSM 1024 LAVANDA,Mezcla,ATENCION,1 800 002 1400,"H227, H315, H317,
H319, H411
","P210, P261, P264, P272, P273, P280, P302 + P352, P305 + P351 + P338, P333 + P313, P337 + P313, P362 + P364, P370 + P378, P391, P403 + P235, P501

",G,1,1,1,0.48,10,10.48,0018500439,8/27/2025,8/27/2026,1,
IFF-QB00007,F0101001I,DSM 1024 LAVANDA,Mezcla,ATENCION,1 800 002 1400,"H227, H315, H317,
H319, H411
","P210, P261, P264, P272, P273, P280, P302 + P352, P305 + P351 + P338, P333 + P313, P337 + P313, P362 + P364, P370 + P378, P391, P403 + P235, P501

",G,1,1,1,0.9,15,15.9,0018500439,8/27/2025,8/27/2026,1,
IFF-QB00007,F0101001J,DSM 1024 LAVANDA,Mezcla,ATENCION,1 800 002 1400,"H227, H315, H317,
H319, H411
","P210, P261, P264, P272, P273, P280, P302 + P352, P305 + P351 + P338, P333 + P313, P337 + P313, P362 + P364, P370 + P378, P391, P403 + P235, P501

",G,1,1,1,0.9,20,20.9,0018500439,8/27/2025,8/27/2026,1,
,,,,,,,,,,,,,,,,,,,
IFF-QB00133,F0101003A,CITRUS SPLASH 690 ,Mezcla,ATENCION,1 800 002 1400,"H315, H317, H319, H411","P261, P264, P272, P273, P280, P302+P352, P305+P351+P338, P333+P313, P337+P313, P362+P364, P391, P501",G,1,1,1,0.09,0.5,0.59,0017050968,10/30/2025,10/30/2026,1,
IFF-QB00133,F0101003B,CITRUS SPLASH 690 ,Mezcla,ATENCION,1 800 002 1400,"H315, H317, H319, H411","P261, P264, P272, P273, P280, P302+P352, P305+P351+P338, P333+P313, P337+P313, P362+P364, P391, P501",G,1,1,1,0.09,1,1.09,0017050968,10/30/2025,10/30/2026,1,
IFF-QB00133,F0101003C,CITRUS SPLASH 690 ,Mezcla,ATENCION,1 800 002 1400,"H315, H317, H319, H411","P261, P264, P272, P273, P280, P302+P352, P305+P351+P338, P333+P313, P337+P313, P362+P364, P391, P501",G,1,1,1,0.24,1.5,1.74,0017050968,10/30/2025,10/30/2026,1,
IFF-QB00133,F0101003D,CITRUS SPLASH 690 ,Mezcla,ATENCION,1 800 002 1400,"H315, H317, H319, H411","P261, P264, P272, P273, P280, P302+P352, P305+P351+P338, P333+P313, P337+P313, P362+P364, P391, P501",G,1,1,1,0.24,2,2.24,0017050968,10/30/2025,10/30/2026,1,
IFF-QB00133,F0101003E,CITRUS SPLASH 690 ,Mezcla,ATENCION,1 800 002 1400,"H315, H317, H319, H411","P261, P264, P272, P273, P280, P302+P352, P305+P351+P338, P333+P313, P337+P313, P362+P364, P391, P501",G,1,1,1,0.24,3,3.24,0017050968,10/30/2025,10/30/2026,1,
IFF-QB00133,F0101003F,CITRUS SPLASH 690 ,Mezcla,ATENCION,1 800 002 1400,"H315, H317, H319, H411","P261, P264, P272, P273, P280, P302+P352, P305+P351+P338, P333+P313, P337+P313, P362+P364, P391, P501",G,1,1,1,0.24,4,4.24,0017050968,10/30/2025,10/30/2026,1,
IFF-QB00133,F0101003G,CITRUS SPLASH 690 ,Mezcla,ATENCION,1 800 002 1400,"H315, H317, H319, H411","P261, P264, P272, P273, P280, P302+P352, P305+P351+P338, P333+P313, P337+P313, P362+P364, P391, P501",G,1,1,1,0.28,5,5.28,0017050968,10/30/2025,10/30/2026,1,
IFF-QB00133,F0101003H,CITRUS SPLASH 690 ,Mezcla,ATENCION,1 800 002 1400,"H315, H317, H319, H411","P261, P264, P272, P273, P280, P302+P352, P305+P351+P338, P333+P313, P337+P313, P362+P364, P391, P501",G,1,1,1,0.48,10,10.48,0017050968,10/30/2025,10/30/2026,1,
IFF-QB00133,F0101003I,CITRUS SPLASH 690 ,Mezcla,ATENCION,1 800 002 1400,"H315, H317, H319, H411","P261, P264, P272, P273, P280, P302+P352, P305+P351+P338, P333+P313, P337+P313, P362+P364, P391, P501",G,1,1,1,0.9,15,15.9,0017050968,10/30/2025,10/30/2026,1,
IFF-QB00133,F0101003J,CITRUS SPLASH 690 ,Mezcla,ATENCION,1 800 002 1400,"H315, H317, H319, H411","P261, P264, P272, P273, P280, P302+P352, P305+P351+P338, P333+P313, P337+P313, P362+P364, P391, P501",G,1,1,1,0.9,20,20.9,0017050968,10/30/2025,10/30/2026,1,
,,,,,,,,,,,,,,,,,,,
IFF-QB00008,F0102001A,DSM 1034 MAR FRESCO,Mezcla,ATENCION,1 800 002 1400,"H227, H303, H315,
H317, H319, H400,
H411","P210, P261, P264, P272, P273, P280, P302 + P352, P305 + P351 + P338, P312, P333 + P313, P337 + P313 P362 + P364, P370 + P378, P391 P403 + P235, P501",G,1,1,1,0.09,0.5,0.59,0018622781,8/27/2025,8/27/2026,1,
IFF-QB00008,F0102001B,DSM 1034 MAR FRESCO,Mezcla,ATENCION,1 800 002 1400,"H227, H303, H315,
H317, H319, H400,
H411","P210, P261, P264, P272, P273, P280, P302 + P352, P305 + P351 + P338, P312, P333 + P313, P337 + P313 P362 + P364, P370 + P378, P391 P403 + P235, P501",G,1,1,1,0.09,1,1.09,0018622781,8/27/2025,8/27/2026,1,
IFF-QB00008,F0102001C,DSM 1034 MAR FRESCO,Mezcla,ATENCION,1 800 002 1400,"H227, H303, H315,
H317, H319, H400,
H411","P210, P261, P264, P272, P273, P280, P302 + P352, P305 + P351 + P338, P312, P333 + P313, P337 + P313 P362 + P364, P370 + P378, P391 P403 + P235, P501",G,1,1,1,0.24,1.5,1.74,0018622781,8/27/2025,8/27/2026,1,
IFF-QB00008,F0102001D,DSM 1034 MAR FRESCO,Mezcla,ATENCION,1 800 002 1400,"H227, H303, H315,
H317, H319, H400,
H411","P210, P261, P264, P272, P273, P280, P302 + P352, P305 + P351 + P338, P312, P333 + P313, P337 + P313 P362 + P364, P370 + P378, P391 P403 + P235, P501",G,1,1,1,0.24,2,2.24,0018622781,8/27/2025,8/27/2026,1,
IFF-QB00008,F0102001E,DSM 1034 MAR FRESCO,Mezcla,ATENCION,1 800 002 1400,"H227, H303, H315,
H317, H319, H400,
H411","P210, P261, P264, P272, P273, P280, P302 + P352, P305 + P351 + P338, P312, P333 + P313, P337 + P313 P362 + P364, P370 + P378, P391 P403 + P235, P501",G,1,1,1,0.24,3,3.24,0018622781,8/27/2025,8/27/2026,1,
IFF-QB00008,F0102001F,DSM 1034 MAR FRESCO,Mezcla,ATENCION,1 800 002 1400,"H227, H303, H315,
H317, H319, H400,
H411","P210, P261, P264, P272, P273, P280, P302 + P352, P305 + P351 + P338, P312, P333 + P313, P337 + P313 P362 + P364, P370 + P378, P391 P403 + P235, P501",G,1,1,1,0.24,4,4.24,0018622781,8/27/2025,8/27/2026,1,
IFF-QB00008,F0102001G,DSM 1034 MAR FRESCO,Mezcla,ATENCION,1 800 002 1400,"H227, H303, H315,
H317, H319, H400,
H411","P210, P261, P264, P272, P273, P280, P302 + P352, P305 + P351 + P338, P312, P333 + P313, P337 + P313 P362 + P364, P370 + P378, P391 P403 + P235, P501",G,1,1,1,0.28,5,5.28,0018622781,8/27/2025,8/27/2026,1,
IFF-QB00008,F0102001H,DSM 1034 MAR FRESCO,Mezcla,ATENCION,1 800 002 1400,"H227, H303, H315,
H317, H319, H400,
H411","P210, P261, P264, P272, P273, P280, P302 + P352, P305 + P351 + P338, P312, P333 + P313, P337 + P313 P362 + P364, P370 + P378, P391 P403 + P235, P501",G,1,1,1,0.48,10,10.48,0018622781,8/27/2025,8/27/2026,1,
IFF-QB00008,F0102001I,DSM 1034 MAR FRESCO,Mezcla,ATENCION,1 800 002 1400,"H227, H303, H315,
H317, H319, H400,
H411","P210, P261, P264, P272, P273, P280, P302 + P352, P305 + P351 + P338, P312, P333 + P313, P337 + P313 P362 + P364, P370 + P378, P391 P403 + P235, P501",G,1,1,1,0.9,15,15.9,0018622781,8/27/2025,8/27/2026,1,
IFF-QB00008,F0102001J,DSM 1034 MAR FRESCO,Mezcla,ATENCION,1 800 002 1400,"H227, H303, H315,
H317, H319, H400,
H411","P210, P261, P264, P272, P273, P280, P302 + P352, P305 + P351 + P338, P312, P333 + P313, P337 + P313 P362 + P364, P370 + P378, P391 P403 + P235, P501",G,1,1,1,0.9,20,20.9,0018622781,8/27/2025,8/27/2026,1,
,,,,,,,,,,,,,,,,,,,
IFF-QB00009,F0102003A,DSM 1068 (EUCALIPTO),Mezcla,PELIGRO,1 800 002 1400,"H226, H302, H304,
H315, H317, H319,
H371, H410","P210, P233, P240, P241, P242, P243, P260, P264, P270, P272, P273, P280, P301 + P310, P303 + P361 + P353,  P305 + P351 + P338, P308 + P311, P331, P333 + P313,  337 + P313, P362 + P364, P370 + P378, P391, P403 + P235, P405, P501",B,E,H,G,0.09,0.5,0.59,0018095284,3/20/2025,3/20/2026,1,
IFF-QB00009,F0102003B,DSM 1068 (EUCALIPTO),Mezcla,PELIGRO,1 800 002 1400,"H226, H302, H304,
H315, H317, H319,
H371, H410","P210, P233, P240, P241, P242, P243, P260, P264, P270, P272, P273, P280, P301 + P310, P303 + P361 + P353,  P305 + P351 + P338, P308 + P311, P331, P333 + P313,  337 + P313, P362 + P364, P370 + P378, P391, P403 + P235, P405, P501",B,E,H,G,0.09,1,1.09,0018095284,3/20/2025,3/20/2026,1,
IFF-QB00009,F0102003C,DSM 1068 (EUCALIPTO),Mezcla,PELIGRO,1 800 002 1400,"H226, H302, H304,
H315, H317, H319,
H371, H410","P210, P233, P240, P241, P242, P243, P260, P264, P270, P272, P273, P280, P301 + P310, P303 + P361 + P353,  P305 + P351 + P338, P308 + P311, P331, P333 + P313,  337 + P313, P362 + P364, P370 + P378, P391, P403 + P235, P405, P501",B,E,H,G,0.24,1.5,1.74,0018095284,3/20/2025,3/20/2026,1,
IFF-QB00009,F0102003D,DSM 1068 (EUCALIPTO),Mezcla,PELIGRO,1 800 002 1400,"H226, H302, H304,
H315, H317, H319,
H371, H410","P210, P233, P240, P241, P242, P243, P260, P264, P270, P272, P273, P280, P301 + P310, P303 + P361 + P353,  P305 + P351 + P338, P308 + P311, P331, P333 + P313,  337 + P313, P362 + P364, P370 + P378, P391, P403 + P235, P405, P501",B,E,H,G,0.24,2,2.24,0018095284,3/20/2025,3/20/2026,1,
IFF-QB00009,F0102003E,DSM 1068 (EUCALIPTO),Mezcla,PELIGRO,1 800 002 1400,"H226, H302, H304,
H315, H317, H319,
H371, H410","P210, P233, P240, P241, P242, P243, P260, P264, P270, P272, P273, P280, P301 + P310, P303 + P361 + P353,  P305 + P351 + P338, P308 + P311, P331, P333 + P313,  337 + P313, P362 + P364, P370 + P378, P391, P403 + P235, P405, P501",B,E,H,G,0.24,3,3.24,0018095284,3/20/2025,3/20/2026,1,
IFF-QB00009,F0102003F,DSM 1068 (EUCALIPTO),Mezcla,PELIGRO,1 800 002 1400,"H226, H302, H304,
H315, H317, H319,
H371, H410","P210, P233, P240, P241, P242, P243, P260, P264, P270, P272, P273, P280, P301 + P310, P303 + P361 + P353,  P305 + P351 + P338, P308 + P311, P331, P333 + P313,  337 + P313, P362 + P364, P370 + P378, P391, P403 + P235, P405, P501",B,E,H,G,0.24,4,4.24,0018095284,3/20/2025,3/20/2026,1,
IFF-QB00009,F0102003G,DSM 1068 (EUCALIPTO),Mezcla,PELIGRO,1 800 002 1400,"H226, H302, H304,
H315, H317, H319,
H371, H410","P210, P233, P240, P241, P242, P243, P260, P264, P270, P272, P273, P280, P301 + P310, P303 + P361 + P353,  P305 + P351 + P338, P308 + P311, P331, P333 + P313,  337 + P313, P362 + P364, P370 + P378, P391, P403 + P235, P405, P501",B,E,H,G,0.28,5,5.28,0018095284,3/20/2025,3/20/2026,1,
IFF-QB00009,F0102003H,DSM 1068 (EUCALIPTO),Mezcla,PELIGRO,1 800 002 1400,"H226, H302, H304,
H315, H317, H319,
H371, H410","P210, P233, P240, P241, P242, P243, P260, P264, P270, P272, P273, P280, P301 + P310, P303 + P361 + P353,  P305 + P351 + P338, P308 + P311, P331, P333 + P313,  337 + P313, P362 + P364, P370 + P378, P391, P403 + P235, P405, P501",B,E,H,G,0.48,10,10.48,0018095284,3/20/2025,3/20/2026,1,
IFF-QB00009,F0102003I,DSM 1068 (EUCALIPTO),Mezcla,PELIGRO,1 800 002 1400,"H226, H302, H304,
H315, H317, H319,
H371, H410","P210, P233, P240, P241, P242, P243, P260, P264, P270, P272, P273, P280, P301 + P310, P303 + P361 + P353,  P305 + P351 + P338, P308 + P311, P331, P333 + P313,  337 + P313, P362 + P364, P370 + P378, P391, P403 + P235, P405, P501",B,E,H,G,0.9,15,15.9,0018095284,3/20/2025,3/20/2026,1,
IFF-QB00009,F0102003J,DSM 1068 (EUCALIPTO),Mezcla,PELIGRO,1 800 002 1400,"H226, H302, H304,
H315, H317, H319,
H371, H410","P210, P233, P240, P241, P242, P243, P260, P264, P270, P272, P273, P280, P301 + P310, P303 + P361 + P353,  P305 + P351 + P338, P308 + P311, P331, P333 + P313,  337 + P313, P362 + P364, P370 + P378, P391, P403 + P235, P405, P501",B,E,H,G,0.9,20,20.9,0018095284,3/20/2025,3/20/2026,1,
,,,,,,,,,,,,,,,,,,,
IFF-QB00044,F0201001A,DSM 1007 TERSO BEBE,Mezcla,ATENCION,1 800 002 1400,"H316, H317, H411","P261, P272, P273, P280, P302 + P352, P333 + P313, P362 + P364, P391, P501",G,1,1,1,0.09,0.5,0.59,0017096198,6/8/2025,6/8/2026,1,
IFF-QB00044,F0201001B,DSM 1007 TERSO BEBE,Mezcla,ATENCION,1 800 002 1400,"H316, H317, H411","P261, P272, P273, P280, P302 + P352, P333 + P313, P362 + P364, P391, P501",G,1,1,1,0.09,1,1.09,0017096198,6/8/2025,6/8/2026,1,
IFF-QB00044,F0201001C,DSM 1007 TERSO BEBE,Mezcla,ATENCION,1 800 002 1400,"H316, H317, H411","P261, P272, P273, P280, P302 + P352, P333 + P313, P362 + P364, P391, P501",G,1,1,1,0.24,1.5,1.74,0017096198,6/8/2025,6/8/2026,1,
IFF-QB00044,F0201001D,DSM 1007 TERSO BEBE,Mezcla,ATENCION,1 800 002 1400,"H316, H317, H411","P261, P272, P273, P280, P302 + P352, P333 + P313, P362 + P364, P391, P501",G,1,1,1,0.24,2,2.24,0017096198,6/8/2025,6/8/2026,1,
IFF-QB00044,F0201001E,DSM 1007 TERSO BEBE,Mezcla,ATENCION,1 800 002 1400,"H316, H317, H411","P261, P272, P273, P280, P302 + P352, P333 + P313, P362 + P364, P391, P501",G,1,1,1,0.24,3,3.24,0017096198,6/8/2025,6/8/2026,1,
IFF-QB00044,F0201001F,DSM 1007 TERSO BEBE,Mezcla,ATENCION,1 800 002 1400,"H316, H317, H411","P261, P272, P273, P280, P302 + P352, P333 + P313, P362 + P364, P391, P501",G,1,1,1,0.24,4,4.24,0017096198,6/8/2025,6/8/2026,1,
IFF-QB00044,F0201001G,DSM 1007 TERSO BEBE,Mezcla,ATENCION,1 800 002 1400,"H316, H317, H411","P261, P272, P273, P280, P302 + P352, P333 + P313, P362 + P364, P391, P501",G,1,1,1,0.28,5,5.28,0017096198,6/8/2025,6/8/2026,1,
IFF-QB00044,F0201001H,DSM 1007 TERSO BEBE,Mezcla,ATENCION,1 800 002 1400,"H316, H317, H411","P261, P272, P273, P280, P302 + P352, P333 + P313, P362 + P364, P391, P501",G,1,1,1,0.48,10,10.48,0017096198,6/8/2025,6/8/2026,1,
IFF-QB00044,F0201001I,DSM 1007 TERSO BEBE,Mezcla,ATENCION,1 800 002 1400,"H316, H317, H411","P261, P272, P273, P280, P302 + P352, P333 + P313, P362 + P364, P391, P501",G,1,1,1,0.9,15,15.9,0017096198,6/8/2025,6/8/2026,1,
IFF-QB00044,F0201001J,DSM 1007 TERSO BEBE,Mezcla,ATENCION,1 800 002 1400,"H316, H317, H411","P261, P272, P273, P280, P302 + P352, P333 + P313, P362 + P364, P391, P501",G,1,1,1,0.9,20,20.9,0017096198,6/8/2025,6/8/2026,1,
,,,,,,,,,,,,,,,,,,,
IFF-QB00045,F0201002A,DSM 1020 EXIT PRADE ,Mezcla,ATENCION,1 800 002 1400,"H227, H315, H317, H319, H411.","P210, P261, P264, P272, P273, P280, P302+P252, P305+P351+P338, P333+P313, P362+P364, P370+P378, P391, P403+P235, P501.",G,1,1,1,0.09,0.5,0.59,0018622778,8/24/2025,8/27/2026,1,
IFF-QB00045,F0201002B,DSM 1020 EXIT PRADE ,Mezcla,ATENCION,1 800 002 1400,"H227, H315, H317, H319, H411.","P210, P261, P264, P272, P273, P280, P302+P252, P305+P351+P338, P333+P313, P362+P364, P370+P378, P391, P403+P235, P501.",G,1,1,1,0.09,1,1.09,0018622778,8/24/2025,8/27/2026,1,
IFF-QB00045,F0201002C,DSM 1020 EXIT PRADE ,Mezcla,ATENCION,1 800 002 1400,"H227, H315, H317, H319, H411.","P210, P261, P264, P272, P273, P280, P302+P252, P305+P351+P338, P333+P313, P362+P364, P370+P378, P391, P403+P235, P501.",G,1,1,1,0.24,1.5,1.74,0018622778,8/24/2025,8/27/2026,1,
IFF-QB00045,F0201002D,DSM 1020 EXIT PRADE ,Mezcla,ATENCION,1 800 002 1400,"H227, H315, H317, H319, H411.","P210, P261, P264, P272, P273, P280, P302+P252, P305+P351+P338, P333+P313, P362+P364, P370+P378, P391, P403+P235, P501.",G,1,1,1,0.24,2,2.24,0018622778,8/24/2025,8/27/2026,1,
IFF-QB00045,F0201002E,DSM 1020 EXIT PRADE ,Mezcla,ATENCION,1 800 002 1400,"H227, H315, H317, H319, H411.","P210, P261, P264, P272, P273, P280, P302+P252, P305+P351+P338, P333+P313, P362+P364, P370+P378, P391, P403+P235, P501.",G,1,1,1,0.24,3,3.24,0018622778,8/24/2025,8/27/2026,1,
IFF-QB00045,F0201002F,DSM 1020 EXIT PRADE ,Mezcla,ATENCION,1 800 002 1400,"H227, H315, H317, H319, H411.","P210, P261, P264, P272, P273, P280, P302+P252, P305+P351+P338, P333+P313, P362+P364, P370+P378, P391, P403+P235, P501.",G,1,1,1,0.24,4,4.24,0018622778,8/24/2025,8/27/2026,1,
IFF-QB00045,F0201002G,DSM 1020 EXIT PRADE ,Mezcla,ATENCION,1 800 002 1400,"H227, H315, H317, H319, H411.","P210, P261, P264, P272, P273, P280, P302+P252, P305+P351+P338, P333+P313, P362+P364, P370+P378, P391, P403+P235, P501.",G,1,1,1,0.28,5,5.28,0018622778,8/24/2025,8/27/2026,1,
IFF-QB00045,F0201002H,DSM 1020 EXIT PRADE ,Mezcla,ATENCION,1 800 002 1400,"H227, H315, H317, H319, H411.","P210, P261, P264, P272, P273, P280, P302+P252, P305+P351+P338, P333+P313, P362+P364, P370+P378, P391, P403+P235, P501.",G,1,1,1,0.48,10,10.48,0018622778,8/24/2025,8/27/2026,1,
IFF-QB00045,F0201002I,DSM 1020 EXIT PRADE ,Mezcla,ATENCION,1 800 002 1400,"H227, H315, H317, H319, H411.","P210, P261, P264, P272, P273, P280, P302+P252, P305+P351+P338, P333+P313, P362+P364, P370+P378, P391, P403+P235, P501.",G,1,1,1,0.9,15,15.9,0018622778,8/24/2025,8/27/2026,1,
IFF-QB00045,F0201002J,DSM 1020 EXIT PRADE ,Mezcla,ATENCION,1 800 002 1400,"H227, H315, H317, H319, H411.","P210, P261, P264, P272, P273, P280, P302+P252, P305+P351+P338, P333+P313, P362+P364, P370+P378, P391, P403+P235, P501.",G,1,1,1,0.9,20,20.9,0018622778,8/24/2025,8/27/2026,1,
,,,,,,,,,,,,,,,,,,,
IFF-QB00201,F0201004A,LITTLE BABY CAP 420,Mezcla,ATENCION,1 800 002 1400,"H315, H317, H319, H411","P261, P264, P272, P273, P280, P302 + P352, P305 + P351 + P338, P333 + P313,   337 + P313,  P362 + P364, P391,  P501",G,1,1,1,0.09,0.5,0.59,0018397691,6/17/2025,6/17/2026,1,
IFF-QB00201,F0201004B,LITTLE BABY CAP 420,Mezcla,ATENCION,1 800 002 1400,"H315, H317, H319, H411","P261, P264, P272, P273, P280, P302 + P352, P305 + P351 + P338, P333 + P313,   337 + P313,  P362 + P364, P391,  P501",G,1,1,1,0.09,1,1.09,0018397691,6/17/2025,6/17/2026,1,
IFF-QB00201,F0201004C,LITTLE BABY CAP 420,Mezcla,ATENCION,1 800 002 1400,"H315, H317, H319, H411","P261, P264, P272, P273, P280, P302 + P352, P305 + P351 + P338, P333 + P313,   337 + P313,  P362 + P364, P391,  P501",G,1,1,1,0.24,1.5,1.74,0018397691,6/17/2025,6/17/2026,1,
IFF-QB00201,F0201004D,LITTLE BABY CAP 420,Mezcla,ATENCION,1 800 002 1400,"H315, H317, H319, H411","P261, P264, P272, P273, P280, P302 + P352, P305 + P351 + P338, P333 + P313,   337 + P313,  P362 + P364, P391,  P501",G,1,1,1,0.24,2,2.24,0018397691,6/17/2025,6/17/2026,1,
IFF-QB00201,F0201004E,LITTLE BABY CAP 420,Mezcla,ATENCION,1 800 002 1400,"H315, H317, H319, H411","P261, P264, P272, P273, P280, P302 + P352, P305 + P351 + P338, P333 + P313,   337 + P313,  P362 + P364, P391,  P501",G,1,1,1,0.24,3,3.24,0018397691,6/17/2025,6/17/2026,1,
IFF-QB00201,F0201004F,LITTLE BABY CAP 420,Mezcla,ATENCION,1 800 002 1400,"H315, H317, H319, H411","P261, P264, P272, P273, P280, P302 + P352, P305 + P351 + P338, P333 + P313,   337 + P313,  P362 + P364, P391,  P501",G,1,1,1,0.24,4,4.24,0018397691,6/17/2025,6/17/2026,1,
IFF-QB00201,F0201004G,LITTLE BABY CAP 420,Mezcla,ATENCION,1 800 002 1400,"H315, H317, H319, H411","P261, P264, P272, P273, P280, P302 + P352, P305 + P351 + P338, P333 + P313,   337 + P313,  P362 + P364, P391,  P501",G,1,1,1,0.28,5,5.28,0018397691,6/17/2025,6/17/2026,1,
IFF-QB00201,F0201004H,LITTLE BABY CAP 420,Mezcla,ATENCION,1 800 002 1400,"H315, H317, H319, H411","P261, P264, P272, P273, P280, P302 + P352, P305 + P351 + P338, P333 + P313,   337 + P313,  P362 + P364, P391,  P501",G,1,1,1,0.48,10,10.48,0018397691,6/17/2025,6/17/2026,1,
IFF-QB00201,F0201004I,LITTLE BABY CAP 420,Mezcla,ATENCION,1 800 002 1400,"H315, H317, H319, H411","P261, P264, P272, P273, P280, P302 + P352, P305 + P351 + P338, P333 + P313,   337 + P313,  P362 + P364, P391,  P501",G,1,1,1,0.9,15,15.9,0018397691,6/17/2025,6/17/2026,1,
IFF-QB00201,F0201004J,LITTLE BABY CAP 420,Mezcla,ATENCION,1 800 002 1400,"H315, H317, H319, H411","P261, P264, P272, P273, P280, P302 + P352, P305 + P351 + P338, P333 + P313,   337 + P313,  P362 + P364, P391,  P501",G,1,1,1,0.9,20,20.9,0018397691,6/17/2025,6/17/2026,1,
,,,,,,,,,,,,,,,,,,,
IFF-QB00040,F0201005A,CATERPILLAR 054,Mezcla,ATENCION,1 800 002 1400,"H227, H315, H317 H361, H410","P201, P202, P210, P261, P264, P272, P273, P280, P302 + P352, P308 + P313, P333 + P313, P362 + P364, P370 + P378, P391, P403 + P235, P405, P501",G,1,H,1,0.09,0.5,0.59,0018835953,10/24/2025,10/24/2026,1,
IFF-QB00040,F0201005B,CATERPILLAR 054,Mezcla,ATENCION,1 800 002 1400,"H227, H315, H317 H361, H410","P201, P202, P210, P261, P264, P272, P273, P280, P302 + P352, P308 + P313, P333 + P313, P362 + P364, P370 + P378, P391, P403 + P235, P405, P501",G,1,H,1,0.09,1,1.09,0018835953,10/24/2025,10/24/2026,1,
IFF-QB00040,F0201005C,CATERPILLAR 054,Mezcla,ATENCION,1 800 002 1400,"H227, H315, H317 H361, H410","P201, P202, P210, P261, P264, P272, P273, P280, P302 + P352, P308 + P313, P333 + P313, P362 + P364, P370 + P378, P391, P403 + P235, P405, P501",G,1,H,1,0.24,1.5,1.74,0018835953,10/24/2025,10/24/2026,1,
IFF-QB00040,F0201005D,CATERPILLAR 054,Mezcla,ATENCION,1 800 002 1400,"H227, H315, H317 H361, H410","P201, P202, P210, P261, P264, P272, P273, P280, P302 + P352, P308 + P313, P333 + P313, P362 + P364, P370 + P378, P391, P403 + P235, P405, P501",G,1,H,1,0.24,2,2.24,0018835953,10/24/2025,10/24/2026,1,
IFF-QB00040,F0201005E,CATERPILLAR 054,Mezcla,ATENCION,1 800 002 1400,"H227, H315, H317 H361, H410","P201, P202, P210, P261, P264, P272, P273, P280, P302 + P352, P308 + P313, P333 + P313, P362 + P364, P370 + P378, P391, P403 + P235, P405, P501",G,1,H,1,0.24,3,3.24,0018835953,10/24/2025,10/24/2026,1,
IFF-QB00040,F0201005F,CATERPILLAR 054,Mezcla,ATENCION,1 800 002 1400,"H227, H315, H317 H361, H410","P201, P202, P210, P261, P264, P272, P273, P280, P302 + P352, P308 + P313, P333 + P313, P362 + P364, P370 + P378, P391, P403 + P235, P405, P501",G,1,H,1,0.24,4,4.24,0018835953,10/24/2025,10/24/2026,1,
IFF-QB00040,F0201005G,CATERPILLAR 054,Mezcla,ATENCION,1 800 002 1400,"H227, H315, H317 H361, H410","P201, P202, P210, P261, P264, P272, P273, P280, P302 + P352, P308 + P313, P333 + P313, P362 + P364, P370 + P378, P391, P403 + P235, P405, P501",G,1,H,1,0.28,5,5.28,0018835953,10/24/2025,10/24/2026,1,
IFF-QB00040,F0201005H,CATERPILLAR 054,Mezcla,ATENCION,1 800 002 1400,"H227, H315, H317 H361, H410","P201, P202, P210, P261, P264, P272, P273, P280, P302 + P352, P308 + P313, P333 + P313, P362 + P364, P370 + P378, P391, P403 + P235, P405, P501",G,1,H,1,0.48,10,10.48,0018835953,10/24/2025,10/24/2026,1,
IFF-QB00040,F0201005I,CATERPILLAR 054,Mezcla,ATENCION,1 800 002 1400,"H227, H315, H317 H361, H410","P201, P202, P210, P261, P264, P272, P273, P280, P302 + P352, P308 + P313, P333 + P313, P362 + P364, P370 + P378, P391, P403 + P235, P405, P501",G,1,H,1,0.9,15,15.9,0018835953,10/24/2025,10/24/2026,1,
IFF-QB00040,F0201005J,CATERPILLAR 054,Mezcla,ATENCION,1 800 002 1400,"H227, H315, H317 H361, H410","P201, P202, P210, P261, P264, P272, P273, P280, P302 + P352, P308 + P313, P333 + P313, P362 + P364, P370 + P378, P391, P403 + P235, P405, P501",G,1,H,1,0.9,20,20.9,0018835953,10/24/2025,10/24/2026,1,
,,,,,,,,,,,,,,,,,,,
IFF-QB00055,F0201006A,HAPPY 360,Mezcla,ATENCION,1 800 002 1400,"H315, H317, H410","P261, P264, P272, P273, P280, P302 + P352, P333 + P313, P362 + P364, P391, P501",G,1,1,1,0.09,0.5,0.59,0018277939,6/2/2025,6/2/2026,1,
IFF-QB00055,F0201006B,HAPPY 360,Mezcla,ATENCION,1 800 002 1400,"H315, H317, H410","P261, P264, P272, P273, P280, P302 + P352, P333 + P313, P362 + P364, P391, P501",G,1,1,1,0.09,1,1.09,0018277939,6/2/2025,6/2/2026,1,
IFF-QB00055,F0201006C,HAPPY 360,Mezcla,ATENCION,1 800 002 1400,"H315, H317, H410","P261, P264, P272, P273, P280, P302 + P352, P333 + P313, P362 + P364, P391, P501",G,1,1,1,0.24,1.5,1.74,0018277939,6/2/2025,6/2/2026,1,
IFF-QB00055,F0201006D,HAPPY 360,Mezcla,ATENCION,1 800 002 1400,"H315, H317, H410","P261, P264, P272, P273, P280, P302 + P352, P333 + P313, P362 + P364, P391, P501",G,1,1,1,0.24,2,2.24,0018277939,6/2/2025,6/2/2026,1,
IFF-QB00055,F0201006E,HAPPY 360,Mezcla,ATENCION,1 800 002 1400,"H315, H317, H410","P261, P264, P272, P273, P280, P302 + P352, P333 + P313, P362 + P364, P391, P501",G,1,1,1,0.24,3,3.24,0018277939,6/2/2025,6/2/2026,1,
IFF-QB00055,F0201006F,HAPPY 360,Mezcla,ATENCION,1 800 002 1400,"H315, H317, H410","P261, P264, P272, P273, P280, P302 + P352, P333 + P313, P362 + P364, P391, P501",G,1,1,1,0.24,4,4.24,0018277939,6/2/2025,6/2/2026,1,
IFF-QB00055,F0201006G,HAPPY 360,Mezcla,ATENCION,1 800 002 1400,"H315, H317, H410","P261, P264, P272, P273, P280, P302 + P352, P333 + P313, P362 + P364, P391, P501",G,1,1,1,0.28,5,5.28,0018277939,6/2/2025,6/2/2026,1,
IFF-QB00055,F0201006H,HAPPY 360,Mezcla,ATENCION,1 800 002 1400,"H315, H317, H410","P261, P264, P272, P273, P280, P302 + P352, P333 + P313, P362 + P364, P391, P501",G,1,1,1,0.48,10,10.48,0018277939,6/2/2025,6/2/2026,1,
IFF-QB00055,F0201006I,HAPPY 360,Mezcla,ATENCION,1 800 002 1400,"H315, H317, H410","P261, P264, P272, P273, P280, P302 + P352, P333 + P313, P362 + P364, P391, P501",G,1,1,1,0.9,15,15.9,0018277939,6/2/2025,6/2/2026,1,
IFF-QB00055,F0201006J,HAPPY 360,Mezcla,ATENCION,1 800 002 1400,"H315, H317, H410","P261, P264, P272, P273, P280, P302 + P352, P333 + P313, P362 + P364, P391, P501",G,1,1,1,0.9,20,20.9,0018277939,6/2/2025,6/2/2026,1,
,,,,,,,,,,,,,,,,,,,
IFF-QB00073,F0301004A,BAMBOO BOO 664,Mezcla,PELIGRO,1 800 002 1400,"H227, H303, H304, H315, H317, H319,  H361, H400, H411","P201, P202, P210, P261, P264, P272, P273, P280, P301 + P310, P302 + P352, P305 + P351 + P338, P312, P331, P333 + P313, P337 + P313, P362 + P364, P370 + P378, 391, P403 + P235, P405, P501",G,1,H,1,0.09,0.5,0.59,0018622755,8/28/2025,8/28/2026,1,
IFF-QB00073,F0301004B,BAMBOO BOO 664,Mezcla,PELIGRO,1 800 002 1400,"H227, H303, H304, H315, H317, H319,  H361, H400, H411","P201, P202, P210, P261, P264, P272, P273, P280, P301 + P310, P302 + P352, P305 + P351 + P338, P312, P331, P333 + P313, P337 + P313, P362 + P364, P370 + P378, 391, P403 + P235, P405, P501",G,1,H,1,0.09,1,1.09,0018622755,8/28/2025,8/28/2026,1,
IFF-QB00073,F0301004C,BAMBOO BOO 664,Mezcla,PELIGRO,1 800 002 1400,"H227, H303, H304, H315, H317, H319,  H361, H400, H411","P201, P202, P210, P261, P264, P272, P273, P280, P301 + P310, P302 + P352, P305 + P351 + P338, P312, P331, P333 + P313, P337 + P313, P362 + P364, P370 + P378, 391, P403 + P235, P405, P501",G,1,H,1,0.24,1.5,1.74,0018622755,8/28/2025,8/28/2026,1,
IFF-QB00073,F0301004D,BAMBOO BOO 664,Mezcla,PELIGRO,1 800 002 1400,"H227, H303, H304, H315, H317, H319,  H361, H400, H411","P201, P202, P210, P261, P264, P272, P273, P280, P301 + P310, P302 + P352, P305 + P351 + P338, P312, P331, P333 + P313, P337 + P313, P362 + P364, P370 + P378, 391, P403 + P235, P405, P501",G,1,H,1,0.24,2,2.24,0018622755,8/28/2025,8/28/2026,1,
IFF-QB00073,F0301004E,BAMBOO BOO 664,Mezcla,PELIGRO,1 800 002 1400,"H227, H303, H304, H315, H317, H319,  H361, H400, H411","P201, P202, P210, P261, P264, P272, P273, P280, P301 + P310, P302 + P352, P305 + P351 + P338, P312, P331, P333 + P313, P337 + P313, P362 + P364, P370 + P378, 391, P403 + P235, P405, P501",G,1,H,1,0.24,3,3.24,0018622755,8/28/2025,8/28/2026,1,
IFF-QB00073,F0301004F,BAMBOO BOO 664,Mezcla,PELIGRO,1 800 002 1400,"H227, H303, H304, H315, H317, H319,  H361, H400, H411","P201, P202, P210, P261, P264, P272, P273, P280, P301 + P310, P302 + P352, P305 + P351 + P338, P312, P331, P333 + P313, P337 + P313, P362 + P364, P370 + P378, 391, P403 + P235, P405, P501",G,1,H,1,0.24,4,4.24,0018622755,8/28/2025,8/28/2026,1,
IFF-QB00073,F0301004G,BAMBOO BOO 664,Mezcla,PELIGRO,1 800 002 1400,"H227, H303, H304, H315, H317, H319,  H361, H400, H411","P201, P202, P210, P261, P264, P272, P273, P280, P301 + P310, P302 + P352, P305 + P351 + P338, P312, P331, P333 + P313, P337 + P313, P362 + P364, P370 + P378, 391, P403 + P235, P405, P501",G,1,H,1,0.28,5,5.28,0018622755,8/28/2025,8/28/2026,1,
IFF-QB00073,F0301004H,BAMBOO BOO 664,Mezcla,PELIGRO,1 800 002 1400,"H227, H303, H304, H315, H317, H319,  H361, H400, H411","P201, P202, P210, P261, P264, P272, P273, P280, P301 + P310, P302 + P352, P305 + P351 + P338, P312, P331, P333 + P313, P337 + P313, P362 + P364, P370 + P378, 391, P403 + P235, P405, P501",G,1,H,1,0.48,10,10.48,0018622755,8/28/2025,8/28/2026,1,
IFF-QB00073,F0301004I,BAMBOO BOO 664,Mezcla,PELIGRO,1 800 002 1400,"H227, H303, H304, H315, H317, H319,  H361, H400, H411","P201, P202, P210, P261, P264, P272, P273, P280, P301 + P310, P302 + P352, P305 + P351 + P338, P312, P331, P333 + P313, P337 + P313, P362 + P364, P370 + P378, 391, P403 + P235, P405, P501",G,1,H,1,0.9,15,15.9,0018622755,8/28/2025,8/28/2026,1,
IFF-QB00073,F0301004J,BAMBOO BOO 664,Mezcla,PELIGRO,1 800 002 1400,"H227, H303, H304, H315, H317, H319,  H361, H400, H411","P201, P202, P210, P261, P264, P272, P273, P280, P301 + P310, P302 + P352, P305 + P351 + P338, P312, P331, P333 + P313, P337 + P313, P362 + P364, P370 + P378, 391, P403 + P235, P405, P501",G,1,H,1,0.9,20,20.9,0018622755,8/28/2025,8/28/2026,1,
,,,,,,,,,,,,,,,,,,,
IFF-QB00207,F0401004A,DSM 1063 (ACE),Mezcla,ATENCION,1 800 002 1400,"H315, H317, H319, H361, H410
","P201, P202, P261, P264, P272, P273, P280, P302 + P352, P305 + P351 + P338, P308 + P313 P333 + P313, P337 + P313 P362 + P364, P391, P405, P501",G,1,H,1,0.09,0.5,0.59,0018611443,8/15/2025,8/15/2026,1,
IFF-QB00207,F0401004B,DSM 1063 (ACE),Mezcla,ATENCION,1 800 002 1400,"H315, H317, H319, H361, H410
","P201, P202, P261, P264, P272, P273, P280, P302 + P352, P305 + P351 + P338, P308 + P313 P333 + P313, P337 + P313 P362 + P364, P391, P405, P501",G,1,H,1,0.09,1,1.09,0018611443,8/15/2025,8/15/2026,1,
IFF-QB00207,F0401004C,DSM 1063 (ACE),Mezcla,ATENCION,1 800 002 1400,"H315, H317, H319, H361, H410
","P201, P202, P261, P264, P272, P273, P280, P302 + P352, P305 + P351 + P338, P308 + P313 P333 + P313, P337 + P313 P362 + P364, P391, P405, P501",G,1,H,1,0.24,1.5,1.74,0018611443,8/15/2025,8/15/2026,1,
IFF-QB00207,F0401004D,DSM 1063 (ACE),Mezcla,ATENCION,1 800 002 1400,"H315, H317, H319, H361, H410
","P201, P202, P261, P264, P272, P273, P280, P302 + P352, P305 + P351 + P338, P308 + P313 P333 + P313, P337 + P313 P362 + P364, P391, P405, P501",G,1,H,1,0.24,2,2.24,0018611443,8/15/2025,8/15/2026,1,
IFF-QB00207,F0401004E,DSM 1063 (ACE),Mezcla,ATENCION,1 800 002 1400,"H315, H317, H319, H361, H410
","P201, P202, P261, P264, P272, P273, P280, P302 + P352, P305 + P351 + P338, P308 + P313 P333 + P313, P337 + P313 P362 + P364, P391, P405, P501",G,1,H,1,0.24,3,3.24,0018611443,8/15/2025,8/15/2026,1,
IFF-QB00207,F0401004F,DSM 1063 (ACE),Mezcla,ATENCION,1 800 002 1400,"H315, H317, H319, H361, H410
","P201, P202, P261, P264, P272, P273, P280, P302 + P352, P305 + P351 + P338, P308 + P313 P333 + P313, P337 + P313 P362 + P364, P391, P405, P501",G,1,H,1,0.24,4,4.24,0018611443,8/15/2025,8/15/2026,1,
IFF-QB00207,F0401004G,DSM 1063 (ACE),Mezcla,ATENCION,1 800 002 1400,"H315, H317, H319, H361, H410
","P201, P202, P261, P264, P272, P273, P280, P302 + P352, P305 + P351 + P338, P308 + P313 P333 + P313, P337 + P313 P362 + P364, P391, P405, P501",G,1,H,1,0.28,5,5.28,0018611443,8/15/2025,8/15/2026,1,
IFF-QB00207,F0401004H,DSM 1063 (ACE),Mezcla,ATENCION,1 800 002 1400,"H315, H317, H319, H361, H410
","P201, P202, P261, P264, P272, P273, P280, P302 + P352, P305 + P351 + P338, P308 + P313 P333 + P313, P337 + P313 P362 + P364, P391, P405, P501",G,1,H,1,0.48,10,10.48,0018611443,8/15/2025,8/15/2026,1,
IFF-QB00207,F0401004I,DSM 1063 (ACE),Mezcla,ATENCION,1 800 002 1400,"H315, H317, H319, H361, H410
","P201, P202, P261, P264, P272, P273, P280, P302 + P352, P305 + P351 + P338, P308 + P313 P333 + P313, P337 + P313 P362 + P364, P391, P405, P501",G,1,H,1,0.9,15,15.9,0018611443,8/15/2025,8/15/2026,1,
IFF-QB00207,F0401004J,DSM 1063 (ACE),Mezcla,ATENCION,1 800 002 1400,"H315, H317, H319, H361, H410
","P201, P202, P261, P264, P272, P273, P280, P302 + P352, P305 + P351 + P338, P308 + P313 P333 + P313, P337 + P313 P362 + P364, P391, P405, P501",G,1,H,1,0.9,20,20.9,0018611443,8/15/2025,8/15/2026,1,
,,,,,,,,,,,,,,,,,,,
IFF-QB00290,F0401007A,DSM 1082 FAB PASION FRUTAL,Mezcla,ATENCION,1 800 002 1400,"H316, H317, H411","P261, P272, P273, P280 P302 + P352, P333 + P313 P362 + P364, P391, P501",G,1,1,1,0.09,0.5,0.59,0018721460,9/25/2025,9/25/2026,1,
IFF-QB00290,F0401007B,DSM 1082 FAB PASION FRUTAL,Mezcla,ATENCION,1 800 002 1400,"H316, H317, H411","P261, P272, P273, P280 P302 + P352, P333 + P313 P362 + P364, P391, P501",G,1,1,1,0.09,1,1.09,0018721460,9/25/2025,9/25/2026,1,
IFF-QB00290,F0401007C,DSM 1082 FAB PASION FRUTAL,Mezcla,ATENCION,1 800 002 1400,"H316, H317, H411","P261, P272, P273, P280 P302 + P352, P333 + P313 P362 + P364, P391, P501",G,1,1,1,0.24,1.5,1.74,0018721460,9/25/2025,9/25/2026,1,
IFF-QB00290,F0401007D,DSM 1082 FAB PASION FRUTAL,Mezcla,ATENCION,1 800 002 1400,"H316, H317, H411","P261, P272, P273, P280 P302 + P352, P333 + P313 P362 + P364, P391, P501",G,1,1,1,0.24,2,2.24,0018721460,9/25/2025,9/25/2026,1,
IFF-QB00290,F0401007E,DSM 1082 FAB PASION FRUTAL,Mezcla,ATENCION,1 800 002 1400,"H316, H317, H411","P261, P272, P273, P280 P302 + P352, P333 + P313 P362 + P364, P391, P501",G,1,1,1,0.24,3,3.24,0018721460,9/25/2025,9/25/2026,1,
IFF-QB00290,F0401007F,DSM 1082 FAB PASION FRUTAL,Mezcla,ATENCION,1 800 002 1400,"H316, H317, H411","P261, P272, P273, P280 P302 + P352, P333 + P313 P362 + P364, P391, P501",G,1,1,1,0.24,4,4.24,0018721460,9/25/2025,9/25/2026,1,
IFF-QB00290,F0401007G,DSM 1082 FAB PASION FRUTAL,Mezcla,ATENCION,1 800 002 1400,"H316, H317, H411","P261, P272, P273, P280 P302 + P352, P333 + P313 P362 + P364, P391, P501",G,1,1,1,0.28,5,5.28,0018721460,9/25/2025,9/25/2026,1,
IFF-QB00290,F0401007H,DSM 1082 FAB PASION FRUTAL,Mezcla,ATENCION,1 800 002 1400,"H316, H317, H411","P261, P272, P273, P280 P302 + P352, P333 + P313 P362 + P364, P391, P501",G,1,1,1,0.48,10,10.48,0018721460,9/25/2025,9/25/2026,1,
IFF-QB00290,F0401007I,DSM 1082 FAB PASION FRUTAL,Mezcla,ATENCION,1 800 002 1400,"H316, H317, H411","P261, P272, P273, P280 P302 + P352, P333 + P313 P362 + P364, P391, P501",G,1,1,1,0.9,15,15.9,0018721460,9/25/2025,9/25/2026,1,
IFF-QB00290,F0401007J,DSM 1082 FAB PASION FRUTAL,Mezcla,ATENCION,1 800 002 1400,"H316, H317, H411","P261, P272, P273, P280 P302 + P352, P333 + P313 P362 + P364, P391, P501",G,1,1,1,0.9,20,20.9,0018721460,9/25/2025,9/25/2026,1,
,,,,,,,,,,,,,,,,,,,
IFF-QB00173,P0101002A,FF-SMT 1023 MEN,Mezcla,ATENCION,1 800 002 1400,"H227, H315, H317, H319, H361, H411","P201, P202, P210, P261, P264, P272, P273, P280, P302 + P352, P305 + P351 + P338, P333 + P313, P337 + P313, P362 + P364, P370 + P378, P391, P403 + P235, P501",G,1,H,1,0.09,0.5,0.59,0018403255,6/12/2025,6/12/2026,1,
IFF-QB00173,P0101002B,FF-SMT 1023 MEN,Mezcla,ATENCION,1 800 002 1400,"H227, H315, H317, H319, H361, H411","P201, P202, P210, P261, P264, P272, P273, P280, P302 + P352, P305 + P351 + P338, P333 + P313, P337 + P313, P362 + P364, P370 + P378, P391, P403 + P235, P501",G,1,H,1,0.09,1,1.09,0018403255,6/12/2025,6/12/2026,1,
IFF-QB00173,P0101002C,FF-SMT 1023 MEN,Mezcla,ATENCION,1 800 002 1400,"H227, H315, H317, H319, H361, H411","P201, P202, P210, P261, P264, P272, P273, P280, P302 + P352, P305 + P351 + P338, P333 + P313, P337 + P313, P362 + P364, P370 + P378, P391, P403 + P235, P501",G,1,H,1,0.24,1.5,1.74,0018403255,6/12/2025,6/12/2026,1,
IFF-QB00173,P0101002D,FF-SMT 1023 MEN,Mezcla,ATENCION,1 800 002 1400,"H227, H315, H317, H319, H361, H411","P201, P202, P210, P261, P264, P272, P273, P280, P302 + P352, P305 + P351 + P338, P333 + P313, P337 + P313, P362 + P364, P370 + P378, P391, P403 + P235, P501",G,1,H,1,0.24,2,2.24,0018403255,6/12/2025,6/12/2026,1,
IFF-QB00173,P0101002E,FF-SMT 1023 MEN,Mezcla,ATENCION,1 800 002 1400,"H227, H315, H317, H319, H361, H411","P201, P202, P210, P261, P264, P272, P273, P280, P302 + P352, P305 + P351 + P338, P333 + P313, P337 + P313, P362 + P364, P370 + P378, P391, P403 + P235, P501",G,1,H,1,0.24,3,3.24,0018403255,6/12/2025,6/12/2026,1,
IFF-QB00173,P0101002F,FF-SMT 1023 MEN,Mezcla,ATENCION,1 800 002 1400,"H227, H315, H317, H319, H361, H411","P201, P202, P210, P261, P264, P272, P273, P280, P302 + P352, P305 + P351 + P338, P333 + P313, P337 + P313, P362 + P364, P370 + P378, P391, P403 + P235, P501",G,1,H,1,0.24,4,4.24,0018403255,6/12/2025,6/12/2026,1,
IFF-QB00173,P0101002G,FF-SMT 1023 MEN,Mezcla,ATENCION,1 800 002 1400,"H227, H315, H317, H319, H361, H411","P201, P202, P210, P261, P264, P272, P273, P280, P302 + P352, P305 + P351 + P338, P333 + P313, P337 + P313, P362 + P364, P370 + P378, P391, P403 + P235, P501",G,1,H,1,0.28,5,5.28,0018403255,6/12/2025,6/12/2026,1,
IFF-QB00173,P0101002H,FF-SMT 1023 MEN,Mezcla,ATENCION,1 800 002 1400,"H227, H315, H317, H319, H361, H411","P201, P202, P210, P261, P264, P272, P273, P280, P302 + P352, P305 + P351 + P338, P333 + P313, P337 + P313, P362 + P364, P370 + P378, P391, P403 + P235, P501",G,1,H,1,0.48,10,10.48,0018403255,6/12/2025,6/12/2026,1,
IFF-QB00173,P0101002I,FF-SMT 1023 MEN,Mezcla,ATENCION,1 800 002 1400,"H227, H315, H317, H319, H361, H411","P201, P202, P210, P261, P264, P272, P273, P280, P302 + P352, P305 + P351 + P338, P333 + P313, P337 + P313, P362 + P364, P370 + P378, P391, P403 + P235, P501",G,1,H,1,0.9,15,15.9,0018403255,6/12/2025,6/12/2026,1,
IFF-QB00173,P0101002J,FF-SMT 1023 MEN,Mezcla,ATENCION,1 800 002 1400,"H227, H315, H317, H319, H361, H411","P201, P202, P210, P261, P264, P272, P273, P280, P302 + P352, P305 + P351 + P338, P333 + P313, P337 + P313, P362 + P364, P370 + P378, P391, P403 + P235, P501",G,1,H,1,0.9,20,20.9,0018403255,6/12/2025,6/12/2026,1,
,,,,,,,,,,,,,,,,,,,
,P0101003A,SUSPIRO 991 ,Mezcla, - , - , - , - ,1,1,1,1,0.09,0.5,0.59,,00/00/0000,00/00/0000,1,
,P0101003B,SUSPIRO 991 ,Mezcla, - , - , - , - ,1,1,1,1,0.09,1,1.09,,00/00/0000,00/00/0000,1,
,P0101003C,SUSPIRO 991 ,Mezcla, - , - , - , - ,1,1,1,1,0.24,1.5,1.74,,00/00/0000,00/00/0000,1,
,P0101003D,SUSPIRO 991 ,Mezcla, - , - , - , - ,1,1,1,1,0.24,2,2.24,,00/00/0000,00/00/0000,1,
,P0101003E,SUSPIRO 991 ,Mezcla, - , - , - , - ,1,1,1,1,0.24,3,3.24,,00/00/0000,00/00/0000,1,
,P0101003F,SUSPIRO 991 ,Mezcla, - , - , - , - ,1,1,1,1,0.24,4,4.24,,00/00/0000,00/00/0000,1,
,P0101003G,SUSPIRO 991 ,Mezcla, - , - , - , - ,1,1,1,1,0.28,5,5.28,,00/00/0000,00/00/0000,1,
,P0101003H,SUSPIRO 991 ,Mezcla, - , - , - , - ,1,1,1,1,0.48,10,10.48,,00/00/0000,00/00/0000,1,
,P0101003I,SUSPIRO 991 ,Mezcla, - , - , - , - ,1,1,1,1,0.9,15,15.9,,00/00/0000,00/00/0000,1,
,P0101003J,SUSPIRO 991 ,Mezcla, - , - , - , - ,1,1,1,1,0.9,20,20.9,,00/00/0000,00/00/0000,1,
,,,,,,,,,,,,,,,,,,,
IFF-QB00189,P0101040A,FF SMT 1059 KA,Mezcla,ATENCION,1 800 002 1400,"H315, H317, H319,  H361, H410","P201, P202, P261, P264, P272, P273, P280, P302 + P352, P305 + P351 + P338, P308 + P313, P333 + P313, P337 + P313, P362 + P364, P391, P405, P501",G,1,H,1,0.09,0.5,0.59,0018499735,7/31/2025,7/31/2026,1,
IFF-QB00189,P0101040B,FF SMT 1059 KA,Mezcla,ATENCION,1 800 002 1400,"H315, H317, H319,  H361, H410","P201, P202, P261, P264, P272, P273, P280, P302 + P352, P305 + P351 + P338, P308 + P313, P333 + P313, P337 + P313, P362 + P364, P391, P405, P501",G,1,H,1,0.09,1,1.09,0018499735,7/31/2025,7/31/2026,1,
IFF-QB00189,P0101040C,FF SMT 1059 KA,Mezcla,ATENCION,1 800 002 1400,"H315, H317, H319,  H361, H410","P201, P202, P261, P264, P272, P273, P280, P302 + P352, P305 + P351 + P338, P308 + P313, P333 + P313, P337 + P313, P362 + P364, P391, P405, P501",G,1,H,1,0.24,1.5,1.74,0018499735,7/31/2025,7/31/2026,1,
IFF-QB00189,P0101040D,FF SMT 1059 KA,Mezcla,ATENCION,1 800 002 1400,"H315, H317, H319,  H361, H410","P201, P202, P261, P264, P272, P273, P280, P302 + P352, P305 + P351 + P338, P308 + P313, P333 + P313, P337 + P313, P362 + P364, P391, P405, P501",G,1,H,1,0.24,2,2.24,0018499735,7/31/2025,7/31/2026,1,
IFF-QB00189,P0101040E,FF SMT 1059 KA,Mezcla,ATENCION,1 800 002 1400,"H315, H317, H319,  H361, H410","P201, P202, P261, P264, P272, P273, P280, P302 + P352, P305 + P351 + P338, P308 + P313, P333 + P313, P337 + P313, P362 + P364, P391, P405, P501",G,1,H,1,0.24,3,3.24,0018499735,7/31/2025,7/31/2026,1,
IFF-QB00189,P0101040F,FF SMT 1059 KA,Mezcla,ATENCION,1 800 002 1400,"H315, H317, H319,  H361, H410","P201, P202, P261, P264, P272, P273, P280, P302 + P352, P305 + P351 + P338, P308 + P313, P333 + P313, P337 + P313, P362 + P364, P391, P405, P501",G,1,H,1,0.24,4,4.24,0018499735,7/31/2025,7/31/2026,1,
IFF-QB00189,P0101040G,FF SMT 1059 KA,Mezcla,ATENCION,1 800 002 1400,"H315, H317, H319,  H361, H410","P201, P202, P261, P264, P272, P273, P280, P302 + P352, P305 + P351 + P338, P308 + P313, P333 + P313, P337 + P313, P362 + P364, P391, P405, P501",G,1,H,1,0.28,5,5.28,0018499735,7/31/2025,7/31/2026,1,
IFF-QB00189,P0101040H,FF SMT 1059 KA,Mezcla,ATENCION,1 800 002 1400,"H315, H317, H319,  H361, H410","P201, P202, P261, P264, P272, P273, P280, P302 + P352, P305 + P351 + P338, P308 + P313, P333 + P313, P337 + P313, P362 + P364, P391, P405, P501",G,1,H,1,0.48,10,10.48,0018499735,7/31/2025,7/31/2026,1,
IFF-QB00189,P0101040I,FF SMT 1059 KA,Mezcla,ATENCION,1 800 002 1400,"H315, H317, H319,  H361, H410","P201, P202, P261, P264, P272, P273, P280, P302 + P352, P305 + P351 + P338, P308 + P313, P333 + P313, P337 + P313, P362 + P364, P391, P405, P501",G,1,H,1,0.9,15,15.9,0018499735,7/31/2025,7/31/2026,1,
IFF-QB00189,P0101040J,FF SMT 1059 KA,Mezcla,ATENCION,1 800 002 1400,"H315, H317, H319,  H361, H410","P201, P202, P261, P264, P272, P273, P280, P302 + P352, P305 + P351 + P338, P308 + P313, P333 + P313, P337 + P313, P362 + P364, P391, P405, P501",G,1,H,1,0.9,20,20.9,0018499735,7/31/2025,7/31/2026,1,
,,,,,,,,,,,,,,,,,,,
IFF-QB00185,P0101041A,FF SMT1055 DEUPHORIA BLOSS,Mezcla,ATENCION,1 800 002 1400,"H316, H317, H319, H411","P261, P264, P272, P273, P280, P302 + P352, P305 + P351 + P338, P333 + P313, P337 + P313, P362 + P364, P391, P501",G,1,1,1,0.09,0.5,0.59,0017520815,5/5/2025,5/5/2026,1,
IFF-QB00185,P0101041B,FF SMT1055 DEUPHORIA BLOSS,Mezcla,ATENCION,1 800 002 1400,"H316, H317, H319, H411","P261, P264, P272, P273, P280, P302 + P352, P305 + P351 + P338, P333 + P313, P337 + P313, P362 + P364, P391, P501",G,1,1,1,0.09,1,1.09,0017520815,5/5/2025,5/5/2026,1,
IFF-QB00185,P0101041C,FF SMT1055 DEUPHORIA BLOSS,Mezcla,ATENCION,1 800 002 1400,"H316, H317, H319, H411","P261, P264, P272, P273, P280, P302 + P352, P305 + P351 + P338, P333 + P313, P337 + P313, P362 + P364, P391, P501",G,1,1,1,0.24,1.5,1.74,0017520815,5/5/2025,5/5/2026,1,
IFF-QB00185,P0101041D,FF SMT1055 DEUPHORIA BLOSS,Mezcla,ATENCION,1 800 002 1400,"H316, H317, H319, H411","P261, P264, P272, P273, P280, P302 + P352, P305 + P351 + P338, P333 + P313, P337 + P313, P362 + P364, P391, P501",G,1,1,1,0.24,2,2.24,0017520815,5/5/2025,5/5/2026,1,
IFF-QB00185,P0101041E,FF SMT1055 DEUPHORIA BLOSS,Mezcla,ATENCION,1 800 002 1400,"H316, H317, H319, H411","P261, P264, P272, P273, P280, P302 + P352, P305 + P351 + P338, P333 + P313, P337 + P313, P362 + P364, P391, P501",G,1,1,1,0.24,3,3.24,0017520815,5/5/2025,5/5/2026,1,
IFF-QB00185,P0101041F,FF SMT1055 DEUPHORIA BLOSS,Mezcla,ATENCION,1 800 002 1400,"H316, H317, H319, H411","P261, P264, P272, P273, P280, P302 + P352, P305 + P351 + P338, P333 + P313, P337 + P313, P362 + P364, P391, P501",G,1,1,1,0.24,4,4.24,0017520815,5/5/2025,5/5/2026,1,
IFF-QB00185,P0101041G,FF SMT1055 DEUPHORIA BLOSS,Mezcla,ATENCION,1 800 002 1400,"H316, H317, H319, H411","P261, P264, P272, P273, P280, P302 + P352, P305 + P351 + P338, P333 + P313, P337 + P313, P362 + P364, P391, P501",G,1,1,1,0.28,5,5.28,0017520815,5/5/2025,5/5/2026,1,
IFF-QB00185,P0101041H,FF SMT1055 DEUPHORIA BLOSS,Mezcla,ATENCION,1 800 002 1400,"H316, H317, H319, H411","P261, P264, P272, P273, P280, P302 + P352, P305 + P351 + P338, P333 + P313, P337 + P313, P362 + P364, P391, P501",G,1,1,1,0.48,10,10.48,0017520815,5/5/2025,5/5/2026,1,
IFF-QB00185,P0101041I,FF SMT1055 DEUPHORIA BLOSS,Mezcla,ATENCION,1 800 002 1400,"H316, H317, H319, H411","P261, P264, P272, P273, P280, P302 + P352, P305 + P351 + P338, P333 + P313, P337 + P313, P362 + P364, P391, P501",G,1,1,1,0.9,15,15.9,0017520815,5/5/2025,5/5/2026,1,
IFF-QB00185,P0101041J,FF SMT1055 DEUPHORIA BLOSS,Mezcla,ATENCION,1 800 002 1400,"H316, H317, H319, H411","P261, P264, P272, P273, P280, P302 + P352, P305 + P351 + P338, P333 + P313, P337 + P313, P362 + P364, P391, P501",G,1,1,1,0.9,20,20.9,0017520815,5/5/2025,5/5/2026,1,
,,,,,,,,,,,,,,,,,,,
IFF-QB00190,P0101042A,FF SMT 1047 DKENZO F.,Mezcla,ATENCION,1 800 002 1400,"H316, H317, H410","P261, P272, P273, P280, P302 + P352, P333 + P313, P362 + P364, P391, P501",G,1,1,1,0.09,0.5,0.59,0018499725,7/31/2025,7/31/2026,1,
IFF-QB00190,P0101042B,FF SMT 1047 DKENZO F.,Mezcla,ATENCION,1 800 002 1400,"H316, H317, H410","P261, P272, P273, P280, P302 + P352, P333 + P313, P362 + P364, P391, P501",G,1,1,1,0.09,1,1.09,0018499725,7/31/2025,7/31/2026,1,
IFF-QB00190,P0101042C,FF SMT 1047 DKENZO F.,Mezcla,ATENCION,1 800 002 1400,"H316, H317, H410","P261, P272, P273, P280, P302 + P352, P333 + P313, P362 + P364, P391, P501",G,1,1,1,0.24,1.5,1.74,0018499725,7/31/2025,7/31/2026,1,
IFF-QB00190,P0101042D,FF SMT 1047 DKENZO F.,Mezcla,ATENCION,1 800 002 1400,"H316, H317, H410","P261, P272, P273, P280, P302 + P352, P333 + P313, P362 + P364, P391, P501",G,1,1,1,0.24,2,2.24,0018499725,7/31/2025,7/31/2026,1,
IFF-QB00190,P0101042E,FF SMT 1047 DKENZO F.,Mezcla,ATENCION,1 800 002 1400,"H316, H317, H410","P261, P272, P273, P280, P302 + P352, P333 + P313, P362 + P364, P391, P501",G,1,1,1,0.24,3,3.24,0018499725,7/31/2025,7/31/2026,1,
IFF-QB00190,P0101042F,FF SMT 1047 DKENZO F.,Mezcla,ATENCION,1 800 002 1400,"H316, H317, H410","P261, P272, P273, P280, P302 + P352, P333 + P313, P362 + P364, P391, P501",G,1,1,1,0.24,4,4.24,0018499725,7/31/2025,7/31/2026,1,
IFF-QB00190,P0101042G,FF SMT 1047 DKENZO F.,Mezcla,ATENCION,1 800 002 1400,"H316, H317, H410","P261, P272, P273, P280, P302 + P352, P333 + P313, P362 + P364, P391, P501",G,1,1,1,0.28,5,5.28,0018499725,7/31/2025,7/31/2026,1,
IFF-QB00190,P0101042H,FF SMT 1047 DKENZO F.,Mezcla,ATENCION,1 800 002 1400,"H316, H317, H410","P261, P272, P273, P280, P302 + P352, P333 + P313, P362 + P364, P391, P501",G,1,1,1,0.48,10,10.48,0018499725,7/31/2025,7/31/2026,1,
IFF-QB00190,P0101042I,FF SMT 1047 DKENZO F.,Mezcla,ATENCION,1 800 002 1400,"H316, H317, H410","P261, P272, P273, P280, P302 + P352, P333 + P313, P362 + P364, P391, P501",G,1,1,1,0.9,15,15.9,0018499725,7/31/2025,7/31/2026,1,
IFF-QB00190,P0101042J,FF SMT 1047 DKENZO F.,Mezcla,ATENCION,1 800 002 1400,"H316, H317, H410","P261, P272, P273, P280, P302 + P352, P333 + P313, P362 + P364, P391, P501",G,1,1,1,0.9,20,20.9,0018499725,7/31/2025,7/31/2026,1,
,,,,,,,,,,,,,,,,,,,
IFF-QB00175,P0101043A,DAMOR DAMOR FFSMT1057,Mezcla,ATENCION,1 800 002 1400,"H315, H317, H411","P261, P264, P272, P273, P280, P302 + P352, P333 + P313, P362 + P364, P391, P501",G,1,H,1,0.09,0.5,0.59,0018622834,9/1/2025,9/1/2026,1,
IFF-QB00175,P0101043B,DAMOR DAMOR FFSMT1057,Mezcla,ATENCION,1 800 002 1400,"H315, H317, H411","P261, P264, P272, P273, P280, P302 + P352, P333 + P313, P362 + P364, P391, P501",G,1,H,1,0.09,1,1.09,0018622834,9/1/2025,9/1/2026,1,
IFF-QB00175,P0101043C,DAMOR DAMOR FFSMT1057,Mezcla,ATENCION,1 800 002 1400,"H315, H317, H411","P261, P264, P272, P273, P280, P302 + P352, P333 + P313, P362 + P364, P391, P501",G,1,H,1,0.24,1.5,1.74,0018622834,9/1/2025,9/1/2026,1,
IFF-QB00175,P0101043D,DAMOR DAMOR FFSMT1057,Mezcla,ATENCION,1 800 002 1400,"H315, H317, H411","P261, P264, P272, P273, P280, P302 + P352, P333 + P313, P362 + P364, P391, P501",G,1,H,1,0.24,2,2.24,0018622834,9/1/2025,9/1/2026,1,
IFF-QB00175,P0101043E,DAMOR DAMOR FFSMT1057,Mezcla,ATENCION,1 800 002 1400,"H315, H317, H411","P261, P264, P272, P273, P280, P302 + P352, P333 + P313, P362 + P364, P391, P501",G,1,H,1,0.24,3,3.24,0018622834,9/1/2025,9/1/2026,1,
IFF-QB00175,P0101043F,DAMOR DAMOR FFSMT1057,Mezcla,ATENCION,1 800 002 1400,"H315, H317, H411","P261, P264, P272, P273, P280, P302 + P352, P333 + P313, P362 + P364, P391, P501",G,1,H,1,0.24,4,4.24,0018622834,9/1/2025,9/1/2026,1,
IFF-QB00175,P0101043G,DAMOR DAMOR FFSMT1057,Mezcla,ATENCION,1 800 002 1400,"H315, H317, H411","P261, P264, P272, P273, P280, P302 + P352, P333 + P313, P362 + P364, P391, P501",G,1,H,1,0.28,5,5.28,0018622834,9/1/2025,9/1/2026,1,
IFF-QB00175,P0101043H,DAMOR DAMOR FFSMT1057,Mezcla,ATENCION,1 800 002 1400,"H315, H317, H411","P261, P264, P272, P273, P280, P302 + P352, P333 + P313, P362 + P364, P391, P501",G,1,H,1,0.48,10,10.48,0018622834,9/1/2025,9/1/2026,1,
IFF-QB00175,P0101043I,DAMOR DAMOR FFSMT1057,Mezcla,ATENCION,1 800 002 1400,"H315, H317, H411","P261, P264, P272, P273, P280, P302 + P352, P333 + P313, P362 + P364, P391, P501",G,1,H,1,0.9,15,15.9,0018622834,9/1/2025,9/1/2026,1,
IFF-QB00175,P0101043J,DAMOR DAMOR FFSMT1057,Mezcla,ATENCION,1 800 002 1400,"H315, H317, H411","P261, P264, P272, P273, P280, P302 + P352, P333 + P313, P362 + P364, P391, P501",G,1,H,1,0.9,20,20.9,0018622834,9/1/2025,9/1/2026,1,
,,,,,,,,,,,,,,,,,,,
,P0101048A,COOL WATER FFSMT1034 ,Mezcla, - , - , - , - ,1,1,1,1,0.09,0.5,0.59,,00/00/0000,00/00/0000,1,
,P0101048B,COOL WATER FFSMT1034 ,Mezcla, - , - , - , - ,1,1,1,1,0.09,1,1.09,,00/00/0000,00/00/0000,1,
,P0101048C,COOL WATER FFSMT1034 ,Mezcla, - , - , - , - ,1,1,1,1,0.24,1.5,1.74,,00/00/0000,00/00/0000,1,
,P0101048D,COOL WATER FFSMT1034 ,Mezcla, - , - , - , - ,1,1,1,1,0.24,2,2.24,,00/00/0000,00/00/0000,1,
,P0101048E,COOL WATER FFSMT1034 ,Mezcla, - , - , - , - ,1,1,1,1,0.24,3,3.24,,00/00/0000,00/00/0000,1,
,P0101048F,COOL WATER FFSMT1034 ,Mezcla, - , - , - , - ,1,1,1,1,0.24,4,4.24,,00/00/0000,00/00/0000,1,
,P0101048G,COOL WATER FFSMT1034 ,Mezcla, - , - , - , - ,1,1,1,1,0.28,5,5.28,,00/00/0000,00/00/0000,1,
,P0101048H,COOL WATER FFSMT1034 ,Mezcla, - , - , - , - ,1,1,1,1,0.48,10,10.48,,00/00/0000,00/00/0000,1,
,P0101048I,COOL WATER FFSMT1034 ,Mezcla, - , - , - , - ,1,1,1,1,0.9,15,15.9,,00/00/0000,00/00/0000,1,
,P0101048J,COOL WATER FFSMT1034 ,Mezcla, - , - , - , - ,1,1,1,1,0.9,20,20.9,,00/00/0000,00/00/0000,1,
,,,,,,,,,,,,,,,,,,,
IFF-QB00192,P0101049A,FFSMT1052  DPACIFIC P.,Mezcla,ATENCION,1 800 002 1400,"H227, H315, H317,
H361, H411","P201, P202, P210, P261, P264, P272, P273, P280, P302 + P352, P308 + P313, P333 + P313, P362 + P364, P370 + P378, P391, P403 + P235, P405, P501",G,1,H,1,0.09,0.5,0.59,0017786940,5/12/2025,5/12/2026,1,
IFF-QB00192,P0101049B,FFSMT1052  DPACIFIC P.,Mezcla,ATENCION,1 800 002 1400,"H227, H315, H317,
H361, H411","P201, P202, P210, P261, P264, P272, P273, P280, P302 + P352, P308 + P313, P333 + P313, P362 + P364, P370 + P378, P391, P403 + P235, P405, P501",G,1,H,1,0.09,1,1.09,0017786940,5/12/2025,5/12/2026,1,
IFF-QB00192,P0101049C,FFSMT1052  DPACIFIC P.,Mezcla,ATENCION,1 800 002 1400,"H227, H315, H317,
H361, H411","P201, P202, P210, P261, P264, P272, P273, P280, P302 + P352, P308 + P313, P333 + P313, P362 + P364, P370 + P378, P391, P403 + P235, P405, P501",G,1,H,1,0.24,1.5,1.74,0017786940,5/12/2025,5/12/2026,1,
IFF-QB00192,P0101049D,FFSMT1052  DPACIFIC P.,Mezcla,ATENCION,1 800 002 1400,"H227, H315, H317,
H361, H411","P201, P202, P210, P261, P264, P272, P273, P280, P302 + P352, P308 + P313, P333 + P313, P362 + P364, P370 + P378, P391, P403 + P235, P405, P501",G,1,H,1,0.24,2,2.24,0017786940,5/12/2025,5/12/2026,1,
IFF-QB00192,P0101049E,FFSMT1052  DPACIFIC P.,Mezcla,ATENCION,1 800 002 1400,"H227, H315, H317,
H361, H411","P201, P202, P210, P261, P264, P272, P273, P280, P302 + P352, P308 + P313, P333 + P313, P362 + P364, P370 + P378, P391, P403 + P235, P405, P501",G,1,H,1,0.24,3,3.24,0017786940,5/12/2025,5/12/2026,1,
IFF-QB00192,P0101049F,FFSMT1052  DPACIFIC P.,Mezcla,ATENCION,1 800 002 1400,"H227, H315, H317,
H361, H411","P201, P202, P210, P261, P264, P272, P273, P280, P302 + P352, P308 + P313, P333 + P313, P362 + P364, P370 + P378, P391, P403 + P235, P405, P501",G,1,H,1,0.24,4,4.24,0017786940,5/12/2025,5/12/2026,1,
IFF-QB00192,P0101049G,FFSMT1052  DPACIFIC P.,Mezcla,ATENCION,1 800 002 1400,"H227, H315, H317,
H361, H411","P201, P202, P210, P261, P264, P272, P273, P280, P302 + P352, P308 + P313, P333 + P313, P362 + P364, P370 + P378, P391, P403 + P235, P405, P501",G,1,H,1,0.28,5,5.28,0017786940,5/12/2025,5/12/2026,1,
IFF-QB00192,P0101049H,FFSMT1052  DPACIFIC P.,Mezcla,ATENCION,1 800 002 1400,"H227, H315, H317,
H361, H411","P201, P202, P210, P261, P264, P272, P273, P280, P302 + P352, P308 + P313, P333 + P313, P362 + P364, P370 + P378, P391, P403 + P235, P405, P501",G,1,H,1,0.48,10,10.48,0017786940,5/12/2025,5/12/2026,1,
IFF-QB00192,P0101049I,FFSMT1052  DPACIFIC P.,Mezcla,ATENCION,1 800 002 1400,"H227, H315, H317,
H361, H411","P201, P202, P210, P261, P264, P272, P273, P280, P302 + P352, P308 + P313, P333 + P313, P362 + P364, P370 + P378, P391, P403 + P235, P405, P501",G,1,H,1,0.9,15,15.9,0017786940,5/12/2025,5/12/2026,1,
IFF-QB00192,P0101049J,FFSMT1052  DPACIFIC P.,Mezcla,ATENCION,1 800 002 1400,"H227, H315, H317,
H361, H411","P201, P202, P210, P261, P264, P272, P273, P280, P302 + P352, P308 + P313, P333 + P313, P362 + P364, P370 + P378, P391, P403 + P235, P405, P501",G,1,H,1,0.9,20,20.9,0017786940,5/12/2025,5/12/2026,1,
,,,,,,,,,,,,,,,,,,,
IFF-QB00184,P0102022A,CIC 0441 HB,Mezcla,ATENCION,1 800 002 1400,"H227, H315, H317,
H319, H411","P210, P261, P264, P272, P273, P280, P302 + P352, P305 + P351 + P338, P333 + P313, P337 + P313, P362 + P364, P370 + P378, P391, P403 + P235, P501",G,H,,1,0.09,0.5,0.59,0018281847,5/15/2025,5/15/2026,1,
IFF-QB00184,P0102022B,CIC 0441 HB,Mezcla,ATENCION,1 800 002 1400,"H227, H315, H317,
H319, H411","P210, P261, P264, P272, P273, P280, P302 + P352, P305 + P351 + P338, P333 + P313, P337 + P313, P362 + P364, P370 + P378, P391, P403 + P235, P501",G,H,1,1,0.09,1,1.09,0018281847,5/15/2025,5/15/2026,1,
IFF-QB00184,P0102022C,CIC 0441 HB,Mezcla,ATENCION,1 800 002 1400,"H227, H315, H317,
H319, H411","P210, P261, P264, P272, P273, P280, P302 + P352, P305 + P351 + P338, P333 + P313, P337 + P313, P362 + P364, P370 + P378, P391, P403 + P235, P501",G,H,1,1,0.24,1.5,1.74,0018281847,5/15/2025,5/15/2026,1,
IFF-QB00184,P0102022D,CIC 0441 HB,Mezcla,ATENCION,1 800 002 1400,"H227, H315, H317,
H319, H411","P210, P261, P264, P272, P273, P280, P302 + P352, P305 + P351 + P338, P333 + P313, P337 + P313, P362 + P364, P370 + P378, P391, P403 + P235, P501",G,H,1,1,0.24,2,2.24,0018281847,5/15/2025,5/15/2026,1,
IFF-QB00184,P0102022E,CIC 0441 HB,Mezcla,ATENCION,1 800 002 1400,"H227, H315, H317,
H319, H411","P210, P261, P264, P272, P273, P280, P302 + P352, P305 + P351 + P338, P333 + P313, P337 + P313, P362 + P364, P370 + P378, P391, P403 + P235, P501",G,H,1,1,0.24,3,3.24,0018281847,5/15/2025,5/15/2026,1,
IFF-QB00184,P0102022F,CIC 0441 HB,Mezcla,ATENCION,1 800 002 1400,"H227, H315, H317,
H319, H411","P210, P261, P264, P272, P273, P280, P302 + P352, P305 + P351 + P338, P333 + P313, P337 + P313, P362 + P364, P370 + P378, P391, P403 + P235, P501",G,H,1,1,0.24,4,4.24,0018281847,5/15/2025,5/15/2026,1,
IFF-QB00184,P0102022G,CIC 0441 HB,Mezcla,ATENCION,1 800 002 1400,"H227, H315, H317,
H319, H411","P210, P261, P264, P272, P273, P280, P302 + P352, P305 + P351 + P338, P333 + P313, P337 + P313, P362 + P364, P370 + P378, P391, P403 + P235, P501",G,H,1,1,0.28,5,5.28,0018281847,5/15/2025,5/15/2026,1,
IFF-QB00184,P0102022H,CIC 0441 HB,Mezcla,ATENCION,1 800 002 1400,"H227, H315, H317,
H319, H411","P210, P261, P264, P272, P273, P280, P302 + P352, P305 + P351 + P338, P333 + P313, P337 + P313, P362 + P364, P370 + P378, P391, P403 + P235, P501",G,H,1,1,0.48,10,10.48,0018281847,5/15/2025,5/15/2026,1,
IFF-QB00184,P0102022I,CIC 0441 HB,Mezcla,ATENCION,1 800 002 1400,"H227, H315, H317,
H319, H411","P210, P261, P264, P272, P273, P280, P302 + P352, P305 + P351 + P338, P333 + P313, P337 + P313, P362 + P364, P370 + P378, P391, P403 + P235, P501",G,H,1,1,0.9,15,15.9,0018281847,5/15/2025,5/15/2026,1,
IFF-QB00184,P0102022J,CIC 0441 HB,Mezcla,ATENCION,1 800 002 1400,"H227, H315, H317,
H319, H411","P210, P261, P264, P272, P273, P280, P302 + P352, P305 + P351 + P338, P333 + P313, P337 + P313, P362 + P364, P370 + P378, P391, P403 + P235, P501",G,H,1,1,0.9,20,20.9,0018281847,5/15/2025,5/15/2026,1,
,,,,,,,,,,,,,,,,,,,
IFF-QB00177,P0102032A,FF SMT 1028 HARMANY,Mezcla,ATENCION,1 800 002 1400,"H227, H315, H317,
H319, H411","P210, P261, P264, P272, P273, P280, P302 + P352, P305 + P351 + P338, P333 + P313, P337 + P313, P362 + P364, P370 + P378, P391, P403 + P235, P501",G,H,1,1,0.09,0.5,0.59,0018742824,9/12/2025,9/12/2026,1,
IFF-QB00177,P0102032B,FF SMT 1028 HARMANY,Mezcla,ATENCION,1 800 002 1400,"H227, H315, H317,
H319, H411","P210, P261, P264, P272, P273, P280, P302 + P352, P305 + P351 + P338, P333 + P313, P337 + P313, P362 + P364, P370 + P378, P391, P403 + P235, P501",G,H,1,1,0.09,1,1.09,0018742824,9/12/2025,9/12/2026,1,
IFF-QB00177,P0102032C,FF SMT 1028 HARMANY,Mezcla,ATENCION,1 800 002 1400,"H227, H315, H317,
H319, H411","P210, P261, P264, P272, P273, P280, P302 + P352, P305 + P351 + P338, P333 + P313, P337 + P313, P362 + P364, P370 + P378, P391, P403 + P235, P501",G,H,1,1,0.24,1.5,1.74,0018742824,9/12/2025,9/12/2026,1,
IFF-QB00177,P0102032D,FF SMT 1028 HARMANY,Mezcla,ATENCION,1 800 002 1400,"H227, H315, H317,
H319, H411","P210, P261, P264, P272, P273, P280, P302 + P352, P305 + P351 + P338, P333 + P313, P337 + P313, P362 + P364, P370 + P378, P391, P403 + P235, P501",G,H,1,1,0.24,2,2.24,0018742824,9/12/2025,9/12/2026,1,
IFF-QB00177,P0102032E,FF SMT 1028 HARMANY,Mezcla,ATENCION,1 800 002 1400,"H227, H315, H317,
H319, H411","P210, P261, P264, P272, P273, P280, P302 + P352, P305 + P351 + P338, P333 + P313, P337 + P313, P362 + P364, P370 + P378, P391, P403 + P235, P501",G,H,1,1,0.24,3,3.24,0018742824,9/12/2025,9/12/2026,1,
IFF-QB00177,P0102032F,FF SMT 1028 HARMANY,Mezcla,ATENCION,1 800 002 1400,"H227, H315, H317,
H319, H411","P210, P261, P264, P272, P273, P280, P302 + P352, P305 + P351 + P338, P333 + P313, P337 + P313, P362 + P364, P370 + P378, P391, P403 + P235, P501",G,H,1,1,0.24,4,4.24,0018742824,9/12/2025,9/12/2026,1,
IFF-QB00177,P0102032G,FF SMT 1028 HARMANY,Mezcla,ATENCION,1 800 002 1400,"H227, H315, H317,
H319, H411","P210, P261, P264, P272, P273, P280, P302 + P352, P305 + P351 + P338, P333 + P313, P337 + P313, P362 + P364, P370 + P378, P391, P403 + P235, P501",G,H,1,1,0.28,5,5.28,0018742824,9/12/2025,9/12/2026,1,
IFF-QB00177,P0102032H,FF SMT 1028 HARMANY,Mezcla,ATENCION,1 800 002 1400,"H227, H315, H317,
H319, H411","P210, P261, P264, P272, P273, P280, P302 + P352, P305 + P351 + P338, P333 + P313, P337 + P313, P362 + P364, P370 + P378, P391, P403 + P235, P501",G,H,1,1,0.48,10,10.48,0018742824,9/12/2025,9/12/2026,1,
IFF-QB00177,P0102032I,FF SMT 1028 HARMANY,Mezcla,ATENCION,1 800 002 1400,"H227, H315, H317,
H319, H411","P210, P261, P264, P272, P273, P280, P302 + P352, P305 + P351 + P338, P333 + P313, P337 + P313, P362 + P364, P370 + P378, P391, P403 + P235, P501",G,H,1,1,0.9,15,15.9,0018742824,9/12/2025,9/12/2026,1,
IFF-QB00177,P0102032J,FF SMT 1028 HARMANY,Mezcla,ATENCION,1 800 002 1400,"H227, H315, H317,
H319, H411","P210, P261, P264, P272, P273, P280, P302 + P352, P305 + P351 + P338, P333 + P313, P337 + P313, P362 + P364, P370 + P378, P391, P403 + P235, P501",G,H,1,1,0.9,20,20.9,0018742824,9/12/2025,9/12/2026,1,
,,,,,,,,,,,,,,,,,,,
IFF-QB00194,P0104020A,SPORTIVO 971 ,Mezcla, - , - , - , - ,1,1,1,1,0.09,0.5,0.59,,00/00/0000,00/00/0000,1,
IFF-QB00194,P0104020B,SPORTIVO 971 ,Mezcla, - , - , - , - ,1,1,1,1,0.09,1,1.09,,00/00/0000,00/00/0000,1,
IFF-QB00194,P0104020C,SPORTIVO 971 ,Mezcla, - , - , - , - ,1,1,1,1,0.24,1.5,1.74,,00/00/0000,00/00/0000,1,
IFF-QB00194,P0104020D,SPORTIVO 971 ,Mezcla, - , - , - , - ,1,1,1,1,0.24,2,2.24,,00/00/0000,00/00/0000,1,
IFF-QB00194,P0104020E,SPORTIVO 971 ,Mezcla, - , - , - , - ,1,1,1,1,0.24,3,3.24,,00/00/0000,00/00/0000,1,
IFF-QB00194,P0104020F,SPORTIVO 971 ,Mezcla, - , - , - , - ,1,1,1,1,0.24,4,4.24,,00/00/0000,00/00/0000,1,
IFF-QB00194,P0104020G,SPORTIVO 971 ,Mezcla, - , - , - , - ,1,1,1,1,0.28,5,5.28,,00/00/0000,00/00/0000,1,
IFF-QB00194,P0104020H,SPORTIVO 971 ,Mezcla, - , - , - , - ,1,1,1,1,0.48,10,10.48,,00/00/0000,00/00/0000,1,
IFF-QB00194,P0104020I,SPORTIVO 971 ,Mezcla, - , - , - , - ,1,1,1,1,0.9,15,15.9,,00/00/0000,00/00/0000,1,
IFF-QB00194,P0104020J,SPORTIVO 971 ,Mezcla, - , - , - , - ,1,1,1,1,0.9,20,20.9,,00/00/0000,00/00/0000,1,
,,,,,,,,,,,,,,,,,,,
IFF-QB00191,P0104021A,MEN 500,Mezcla, - , - , - , - ,1,1,1,1,0.09,0.5,0.59,,00/00/0000,00/00/0000,1,
IFF-QB00191,P0104021B,MEN 500,Mezcla, - , - , - , - ,1,1,1,1,0.09,1,1.09,,00/00/0000,00/00/0000,1,
IFF-QB00191,P0104021C,MEN 500,Mezcla, - , - , - , - ,1,1,1,1,0.24,1.5,1.74,,00/00/0000,00/00/0000,1,
IFF-QB00191,P0104021D,MEN 500,Mezcla, - , - , - , - ,1,1,1,1,0.24,2,2.24,,00/00/0000,00/00/0000,1,
IFF-QB00191,P0104021E,MEN 500,Mezcla, - , - , - , - ,1,1,1,1,0.24,3,3.24,,00/00/0000,00/00/0000,1,
IFF-QB00191,P0104021F,MEN 500,Mezcla, - , - , - , - ,1,1,1,1,0.24,4,4.24,,00/00/0000,00/00/0000,1,
IFF-QB00191,P0104021G,MEN 500,Mezcla, - , - , - , - ,1,1,1,1,0.28,5,5.28,,00/00/0000,00/00/0000,1,
IFF-QB00191,P0104021H,MEN 500,Mezcla, - , - , - , - ,1,1,1,1,0.48,10,10.48,,00/00/0000,00/00/0000,1,
IFF-QB00191,P0104021I,MEN 500,Mezcla, - , - , - , - ,1,1,1,1,0.9,15,15.9,,00/00/0000,00/00/0000,1,
IFF-QB00191,P0104021J,MEN 500,Mezcla, - , - , - , - ,1,1,1,1,0.9,20,20.9,,00/00/0000,00/00/0000,1,
,,,,,,,,,,,,,,,,,,,
IFF-QB00186,P0104022A,FITNESS 248,Mezcla, - , - , - , - ,1,1,1,1,0.09,0.5,0.59,,,,1,
IFF-QB00186,P0104022B,FITNESS 248,Mezcla, - , - , - , - ,1,1,1,1,0.09,1,1.09,,,,1,
IFF-QB00186,P0104022C,FITNESS 248,Mezcla, - , - , - , - ,1,1,1,1,0.24,1.5,1.74,,,,1,
IFF-QB00186,P0104022D,FITNESS 248,Mezcla, - , - , - , - ,1,1,1,1,0.24,2,2.24,,,,1,
IFF-QB00186,P0104022E,FITNESS 248,Mezcla, - , - , - , - ,1,1,1,1,0.24,3,3.24,,,,1,
IFF-QB00186,P0104022F,FITNESS 248,Mezcla, - , - , - , - ,1,1,1,1,0.24,4,4.24,,,,1,
IFF-QB00186,P0104022G,FITNESS 248,Mezcla, - , - , - , - ,1,1,1,1,0.28,5,5.28,,,,1,
IFF-QB00186,P0104022H,FITNESS 248,Mezcla, - , - , - , - ,1,1,1,1,0.48,10,10.48,,,,1,
IFF-QB00186,P0104022I,FITNESS 248,Mezcla, - , - , - , - ,1,1,1,1,0.9,15,15.9,,,,1,
IFF-QB00186,P0104022J,FITNESS 248,Mezcla, - , - , - , - ,1,1,1,1,0.9,20,20.9,,,,1,
,,,,,,,,,,,,,,,,,,,
IFF-QB00021,P0201001A,LEMON 926,Mezcla,PELIGRO,1 800 002 1400,"H226, H304, H315,
H317, H319, H411","P210, P233, P240, P241, P242, P243, P261, P264, P272, P273, P280, P301 + P310,
P303 + P361 + P353,  P305 + P351 + P338, P331,  P333 + P313, P337 + P313, P362 + P364, P370 + P378, P391, P403 + P235, P405, P501",G,H,B,1,0.09,0.5,0.59,0018042396,12/2/2025,12/2/2026,1,
IFF-QB00021,P0201001B,LEMON 926,Mezcla,PELIGRO,1 800 002 1400,"H226, H304, H315,
H317, H319, H411","P210, P233, P240, P241, P242, P243, P261, P264, P272, P273, P280, P301 + P310,
P303 + P361 + P353,  P305 + P351 + P338, P331,  P333 + P313, P337 + P313, P362 + P364, P370 + P378, P391, P403 + P235, P405, P501",G,H,B,1,0.24,1,1.24,0018042396,12/2/2025,12/2/2026,1,
IFF-QB00021,P0201001C,LEMON 926,Mezcla,PELIGRO,1 800 002 1400,"H226, H304, H315,
H317, H319, H411","P210, P233, P240, P241, P242, P243, P261, P264, P272, P273, P280, P301 + P310,
P303 + P361 + P353,  P305 + P351 + P338, P331,  P333 + P313, P337 + P313, P362 + P364, P370 + P378, P391, P403 + P235, P405, P501",G,H,B,1,0.24,1.5,1.74,0018042396,12/2/2025,12/2/2026,1,
IFF-QB00021,P0201001D,LEMON 926,Mezcla,PELIGRO,1 800 002 1400,"H226, H304, H315,
H317, H319, H411","P210, P233, P240, P241, P242, P243, P261, P264, P272, P273, P280, P301 + P310,
P303 + P361 + P353,  P305 + P351 + P338, P331,  P333 + P313, P337 + P313, P362 + P364, P370 + P378, P391, P403 + P235, P405, P501",G,H,B,1,0.24,2,2.24,0018042396,12/2/2025,12/2/2026,1,
IFF-QB00021,P0201001E,LEMON 926,Mezcla,PELIGRO,1 800 002 1400,"H226, H304, H315,
H317, H319, H411","P210, P233, P240, P241, P242, P243, P261, P264, P272, P273, P280, P301 + P310,
P303 + P361 + P353,  P305 + P351 + P338, P331,  P333 + P313, P337 + P313, P362 + P364, P370 + P378, P391, P403 + P235, P405, P501",G,H,B,1,0.24,3,3.24,0018042396,12/2/2025,12/2/2026,1,
IFF-QB00021,P0201001F,LEMON 926,Mezcla,PELIGRO,1 800 002 1400,"H226, H304, H315,
H317, H319, H411","P210, P233, P240, P241, P242, P243, P261, P264, P272, P273, P280, P301 + P310,
P303 + P361 + P353,  P305 + P351 + P338, P331,  P333 + P313, P337 + P313, P362 + P364, P370 + P378, P391, P403 + P235, P405, P501",G,H,B,1,0.28,4,4.28,0018042396,12/2/2025,12/2/2026,1,
IFF-QB00021,P0201001G,LEMON 926,Mezcla,PELIGRO,1 800 002 1400,"H226, H304, H315,
H317, H319, H411","P210, P233, P240, P241, P242, P243, P261, P264, P272, P273, P280, P301 + P310,
P303 + P361 + P353,  P305 + P351 + P338, P331,  P333 + P313, P337 + P313, P362 + P364, P370 + P378, P391, P403 + P235, P405, P501",G,H,B,1,0.48,5,5.48,0018042396,12/2/2025,12/2/2026,1,
IFF-QB00021,P0201001H,LEMON 926,Mezcla,PELIGRO,1 800 002 1400,"H226, H304, H315,
H317, H319, H411","P210, P233, P240, P241, P242, P243, P261, P264, P272, P273, P280, P301 + P310,
P303 + P361 + P353,  P305 + P351 + P338, P331,  P333 + P313, P337 + P313, P362 + P364, P370 + P378, P391, P403 + P235, P405, P501",G,H,B,1,0.9,10,10.9,0018042396,12/2/2025,12/2/2026,1,
IFF-QB00021,P0201001i,LEMON 926,Mezcla,PELIGRO,1 800 002 1400,"H226, H304, H315,
H317, H319, H411","P210, P233, P240, P241, P242, P243, P261, P264, P272, P273, P280, P301 + P310,
P303 + P361 + P353,  P305 + P351 + P338, P331,  P333 + P313, P337 + P313, P362 + P364, P370 + P378, P391, P403 + P235, P405, P501",G,H,B,1,0.9,15,15.9,0018042396,12/2/2025,12/2/2026,1,
IFF-QB00021,P0201001J,LEMON 926,Mezcla,PELIGRO,1 800 002 1400,"H226, H304, H315,
H317, H319, H411","P210, P233, P240, P241, P242, P243, P261, P264, P272, P273, P280, P301 + P310,
P303 + P361 + P353,  P305 + P351 + P338, P331,  P333 + P313, P337 + P313, P362 + P364, P370 + P378, P391, P403 + P235, P405, P501",G,H,B,1,0.9,20,20.9,0018042396,12/2/2025,12/2/2026,1,
,,,,,,,,,,,,,,,,,,,
IFF-QB00022,P0201002A,LIME 146,Mezcla,PELIGRO,1 800 002 1400,"H227, H304, H315, H317, H318, H410","P210, P261, P264, P272, P273, P280, P301 + P310, P302 + P352, P305 + P351 + P338, P331, P333 + P313, P337 + P313, P362 + P364, P370 + P378, P391, P403 + P235, P405, P501",G,H,1,E,0.09,0.5,0.59,0018630087,9/1/2025,9/1/2026,1,
IFF-QB00022,P0201002B,LIME 146,Mezcla,PELIGRO,1 800 002 1400,"H227, H304, H315, H317, H318, H410","P210, P261, P264, P272, P273, P280, P301 + P310, P302 + P352, P305 + P351 + P338, P331, P333 + P313, P337 + P313, P362 + P364, P370 + P378, P391, P403 + P235, P405, P501",G,H,1,E,0.24,1,1.24,0018630087,9/1/2025,9/1/2026,1,
IFF-QB00022,P0201002C,LIME 146,Mezcla,PELIGRO,1 800 002 1400,"H227, H304, H315, H317, H318, H410","P210, P261, P264, P272, P273, P280, P301 + P310, P302 + P352, P305 + P351 + P338, P331, P333 + P313, P337 + P313, P362 + P364, P370 + P378, P391, P403 + P235, P405, P501",G,H,1,E,0.24,1.5,1.74,0018630087,9/1/2025,9/1/2026,1,
IFF-QB00022,P0201002D,LIME 146,Mezcla,PELIGRO,1 800 002 1400,"H227, H304, H315, H317, H318, H410","P210, P261, P264, P272, P273, P280, P301 + P310, P302 + P352, P305 + P351 + P338, P331, P333 + P313, P337 + P313, P362 + P364, P370 + P378, P391, P403 + P235, P405, P501",G,H,1,E,0.24,2,2.24,0018630087,9/1/2025,9/1/2026,1,
IFF-QB00022,P0201002E,LIME 146,Mezcla,PELIGRO,1 800 002 1400,"H227, H304, H315, H317, H318, H410","P210, P261, P264, P272, P273, P280, P301 + P310, P302 + P352, P305 + P351 + P338, P331, P333 + P313, P337 + P313, P362 + P364, P370 + P378, P391, P403 + P235, P405, P501",G,H,1,E,0.24,3,3.24,0018630087,9/1/2025,9/1/2026,1,
IFF-QB00022,P0201002F,LIME 146,Mezcla,PELIGRO,1 800 002 1400,"H227, H304, H315, H317, H318, H410","P210, P261, P264, P272, P273, P280, P301 + P310, P302 + P352, P305 + P351 + P338, P331, P333 + P313, P337 + P313, P362 + P364, P370 + P378, P391, P403 + P235, P405, P501",G,H,1,E,0.28,4,4.28,0018630087,9/1/2025,9/1/2026,1,
IFF-QB00022,P0201002G,LIME 146,Mezcla,PELIGRO,1 800 002 1400,"H227, H304, H315, H317, H318, H410","P210, P261, P264, P272, P273, P280, P301 + P310, P302 + P352, P305 + P351 + P338, P331, P333 + P313, P337 + P313, P362 + P364, P370 + P378, P391, P403 + P235, P405, P501",G,H,1,E,0.48,5,5.48,0018630087,9/1/2025,9/1/2026,1,
IFF-QB00022,P0201002H,LIME 146,Mezcla,PELIGRO,1 800 002 1400,"H227, H304, H315, H317, H318, H410","P210, P261, P264, P272, P273, P280, P301 + P310, P302 + P352, P305 + P351 + P338, P331, P333 + P313, P337 + P313, P362 + P364, P370 + P378, P391, P403 + P235, P405, P501",G,H,1,E,0.9,10,10.9,0018630087,9/1/2025,9/1/2026,1,
IFF-QB00022,P0201002I,LIME 146,Mezcla,PELIGRO,1 800 002 1400,"H227, H304, H315, H317, H318, H410","P210, P261, P264, P272, P273, P280, P301 + P310, P302 + P352, P305 + P351 + P338, P331, P333 + P313, P337 + P313, P362 + P364, P370 + P378, P391, P403 + P235, P405, P501",G,H,1,E,0.9,15,15.9,0018630087,9/1/2025,9/1/2026,1,
IFF-QB00022,P0201002J,LIME 146,Mezcla,PELIGRO,1 800 002 1400,"H227, H304, H315, H317, H318, H410","P210, P261, P264, P272, P273, P280, P301 + P310, P302 + P352, P305 + P351 + P338, P331, P333 + P313, P337 + P313, P362 + P364, P370 + P378, P391, P403 + P235, P405, P501",G,H,1,E,0.9,20,20.9,0018630087,9/1/2025,9/1/2026,1,
,,,,,,,,,,,,,,,,,,,
IFF-QB00023,P0201003A,LIME 223,Mezcla,PELIGRO,1 800 002 1400,"H226, H304, H315,
H317, H318, H400,
H411","P210, P233, P240, P241, P242, P243, P261, P264, P272, P273, P280, P301 + P310, P303 + P361 + P353,  P305 + P351 + P338 + P310, P331, P333 + P313, P362 + P364,
P370 + P378, P391, P403 + P235, P405, P501 ",H,G,1,1,0.09,0.5,0.59,0018861163,11/26/2025,11/26/2026,1,
IFF-QB00023,P0201003B,LIME 223,Mezcla,PELIGRO,1 800 002 1400,"H226, H304, H315,
H317, H318, H400,
H411","P210, P233, P240, P241, P242, P243, P261, P264, P272, P273, P280, P301 + P310, P303 + P361 + P353,  P305 + P351 + P338 + P310, P331, P333 + P313, P362 + P364,
P370 + P378, P391, P403 + P235, P405, P501 ",H,G,1,1,0.09,1,1.09,0018861163,11/26/2025,11/26/2026,1,
IFF-QB00023,P0201003C,LIME 223,Mezcla,PELIGRO,1 800 002 1400,"H226, H304, H315,
H317, H318, H400,
H411","P210, P233, P240, P241, P242, P243, P261, P264, P272, P273, P280, P301 + P310, P303 + P361 + P353,  P305 + P351 + P338 + P310, P331, P333 + P313, P362 + P364,
P370 + P378, P391, P403 + P235, P405, P501 ",H,G,1,1,0.24,1.5,1.74,0018861163,11/26/2025,11/26/2026,1,
IFF-QB00023,P0201003D,LIME 223,Mezcla,PELIGRO,1 800 002 1400,"H226, H304, H315,
H317, H318, H400,
H411","P210, P233, P240, P241, P242, P243, P261, P264, P272, P273, P280, P301 + P310, P303 + P361 + P353,  P305 + P351 + P338 + P310, P331, P333 + P313, P362 + P364,
P370 + P378, P391, P403 + P235, P405, P501 ",H,G,1,1,0.24,2,2.24,0018861163,11/26/2025,11/26/2026,1,
IFF-QB00023,P0201003E,LIME 223,Mezcla,PELIGRO,1 800 002 1400,"H226, H304, H315,
H317, H318, H400,
H411","P210, P233, P240, P241, P242, P243, P261, P264, P272, P273, P280, P301 + P310, P303 + P361 + P353,  P305 + P351 + P338 + P310, P331, P333 + P313, P362 + P364,
P370 + P378, P391, P403 + P235, P405, P501 ",H,G,1,1,0.24,3,3.24,0018861163,11/26/2025,11/26/2026,1,
IFF-QB00023,P0201003F,LIME 223,Mezcla,PELIGRO,1 800 002 1400,"H226, H304, H315,
H317, H318, H400,
H411","P210, P233, P240, P241, P242, P243, P261, P264, P272, P273, P280, P301 + P310, P303 + P361 + P353,  P305 + P351 + P338 + P310, P331, P333 + P313, P362 + P364,
P370 + P378, P391, P403 + P235, P405, P501 ",H,G,1,1,0.28,4,4.28,0018861163,11/26/2025,11/26/2026,1,
IFF-QB00023,P0201003G,LIME 223,Mezcla,PELIGRO,1 800 002 1400,"H226, H304, H315,
H317, H318, H400,
H411","P210, P233, P240, P241, P242, P243, P261, P264, P272, P273, P280, P301 + P310, P303 + P361 + P353,  P305 + P351 + P338 + P310, P331, P333 + P313, P362 + P364,
P370 + P378, P391, P403 + P235, P405, P501 ",H,G,1,1,0.48,5,5.48,0018861163,11/26/2025,11/26/2026,1,
IFF-QB00023,P0201003H,LIME 223,Mezcla,PELIGRO,1 800 002 1400,"H226, H304, H315,
H317, H318, H400,
H411","P210, P233, P240, P241, P242, P243, P261, P264, P272, P273, P280, P301 + P310, P303 + P361 + P353,  P305 + P351 + P338 + P310, P331, P333 + P313, P362 + P364,
P370 + P378, P391, P403 + P235, P405, P501 ",H,G,1,1,0.9,10,10.9,0018861163,11/26/2025,11/26/2026,1,
IFF-QB00023,P0201003I,LIME 223,Mezcla,PELIGRO,1 800 002 1400,"H226, H304, H315,
H317, H318, H400,
H411","P210, P233, P240, P241, P242, P243, P261, P264, P272, P273, P280, P301 + P310, P303 + P361 + P353,  P305 + P351 + P338 + P310, P331, P333 + P313, P362 + P364,
P370 + P378, P391, P403 + P235, P405, P501 ",H,G,1,1,0.9,15,15.9,0018861163,11/26/2025,11/26/2026,1,
IFF-QB00023,P0201003J,LIME 223,Mezcla,PELIGRO,1 800 002 1400,"H226, H304, H315,
H317, H318, H400,
H411","P210, P233, P240, P241, P242, P243, P261, P264, P272, P273, P280, P301 + P310, P303 + P361 + P353,  P305 + P351 + P338 + P310, P331, P333 + P313, P362 + P364,
P370 + P378, P391, P403 + P235, P405, P501 ",H,G,1,1,0.9,20,20.9,0018861163,11/26/2025,11/26/2026,1,
,,,,,,,,,,,,,,,                                                            ,,,,
IFF-QB00014,P0201004A,FRUITY MIX 327,Mezcla,ATENCION,1 800 002 1400,"H303, H315, H317, H319, H411","P261, P264, P272, P273, P280, P302 + P352, P305 + P351 + P338, P312, P333 + P313, P337 + P313, P362 + P364, P391, P501",G,H,1,1,0.09,0.5,0.59,0018742665,9/12/2025,9/12/2026,1,
IFF-QB00014,P0201004B,FRUITY MIX 327,Mezcla,ATENCION,1 800 002 1400,"H303, H315, H317, H319, H411","P261, P264, P272, P273, P280, P302 + P352, P305 + P351 + P338, P312, P333 + P313, P337 + P313, P362 + P364, P391, P501",G,H,1,1,0.09,1,1.09,0018742665,9/12/2025,9/12/2026,1,
IFF-QB00014,P0201004C,FRUITY MIX 327,Mezcla,ATENCION,1 800 002 1400,"H303, H315, H317, H319, H411","P261, P264, P272, P273, P280, P302 + P352, P305 + P351 + P338, P312, P333 + P313, P337 + P313, P362 + P364, P391, P501",G,H,1,1,0.24,1.5,1.74,0018742665,9/12/2025,9/12/2026,1,
IFF-QB00014,P0201004D,FRUITY MIX 327,Mezcla,ATENCION,1 800 002 1400,"H303, H315, H317, H319, H411","P261, P264, P272, P273, P280, P302 + P352, P305 + P351 + P338, P312, P333 + P313, P337 + P313, P362 + P364, P391, P501",G,H,1,1,0.24,2,2.24,0018742665,9/12/2025,9/12/2026,1,
IFF-QB00014,P0201004E,FRUITY MIX 327,Mezcla,ATENCION,1 800 002 1400,"H303, H315, H317, H319, H411","P261, P264, P272, P273, P280, P302 + P352, P305 + P351 + P338, P312, P333 + P313, P337 + P313, P362 + P364, P391, P501",G,H,1,1,0.24,3,3.24,0018742665,9/12/2025,9/12/2026,1,
IFF-QB00014,P0201004F,FRUITY MIX 327,Mezcla,ATENCION,1 800 002 1400,"H303, H315, H317, H319, H411","P261, P264, P272, P273, P280, P302 + P352, P305 + P351 + P338, P312, P333 + P313, P337 + P313, P362 + P364, P391, P501",G,H,1,1,0.24,4,4.24,0018742665,9/12/2025,9/12/2026,1,
IFF-QB00014,P0201004G,FRUITY MIX 327,Mezcla,ATENCION,1 800 002 1400,"H303, H315, H317, H319, H411","P261, P264, P272, P273, P280, P302 + P352, P305 + P351 + P338, P312, P333 + P313, P337 + P313, P362 + P364, P391, P501",G,H,1,1,0.28,5,5.28,0018742665,9/12/2025,9/12/2026,1,
IFF-QB00014,P0201004H,FRUITY MIX 327,Mezcla,ATENCION,1 800 002 1400,"H303, H315, H317, H319, H411","P261, P264, P272, P273, P280, P302 + P352, P305 + P351 + P338, P312, P333 + P313, P337 + P313, P362 + P364, P391, P501",G,H,1,1,0.48,10,10.48,0018742665,9/12/2025,9/12/2026,1,
IFF-QB00014,P0201004I,FRUITY MIX 327,Mezcla,ATENCION,1 800 002 1400,"H303, H315, H317, H319, H411","P261, P264, P272, P273, P280, P302 + P352, P305 + P351 + P338, P312, P333 + P313, P337 + P313, P362 + P364, P391, P501",G,H,1,1,0.9,15,15.9,0018742665,9/12/2025,9/12/2026,1,
IFF-QB00014,P0201004J,FRUITY MIX 327,Mezcla,ATENCION,1 800 002 1400,"H303, H315, H317, H319, H411","P261, P264, P272, P273, P280, P302 + P352, P305 + P351 + P338, P312, P333 + P313, P337 + P313, P362 + P364, P391, P501",G,H,1,1,0.9,20,20.9,0018742665,9/12/2025,9/12/2026,1,
,,,,,,,,,,,,,,,,,,,
IFF-QB00024,P0201006A,LIMON 990,Mezcla,PELIGRO,1 800 002 1400,"H226, H304, H315, H317, H319, H411","P210, P233, P240, P241, P242, P243, P261, P264, P272, P273, P280, P301 + P310, P303 + P361 + P353,  P305 + P351 + P338, P331, P333 + P313,  P337 + P313, P362 + P364, P370 + P378, P391, P403 + P235, P405, P501",B,G,H,1,0.09,0.5,0.59,0018939153,11/25/2025,11/25/2026,1,
IFF-QB00024,P0201006B,LIMON 990,Mezcla,PELIGRO,1 800 002 1400,"H226, H304, H315, H317, H319, H411","P210, P233, P240, P241, P242, P243, P261, P264, P272, P273, P280, P301 + P310, P303 + P361 + P353,  P305 + P351 + P338, P331, P333 + P313,  P337 + P313, P362 + P364, P370 + P378, P391, P403 + P235, P405, P501",B,G,H,1,0.24,1,1.24,0018939153,11/25/2025,11/25/2026,1,
IFF-QB00024,P0201006C,LIMON 990,Mezcla,PELIGRO,1 800 002 1400,"H226, H304, H315, H317, H319, H411","P210, P233, P240, P241, P242, P243, P261, P264, P272, P273, P280, P301 + P310, P303 + P361 + P353,  P305 + P351 + P338, P331, P333 + P313,  P337 + P313, P362 + P364, P370 + P378, P391, P403 + P235, P405, P501",B,G,H,1,0.24,1.5,1.74,0018939153,11/25/2025,11/25/2026,1,
IFF-QB00024,P0201006D,LIMON 990,Mezcla,PELIGRO,1 800 002 1400,"H226, H304, H315, H317, H319, H411","P210, P233, P240, P241, P242, P243, P261, P264, P272, P273, P280, P301 + P310, P303 + P361 + P353,  P305 + P351 + P338, P331, P333 + P313,  P337 + P313, P362 + P364, P370 + P378, P391, P403 + P235, P405, P501",B,G,H,1,0.24,2,2.24,0018939153,11/25/2025,11/25/2026,1,
IFF-QB00024,P0201006E,LIMON 990,Mezcla,PELIGRO,1 800 002 1400,"H226, H304, H315, H317, H319, H411","P210, P233, P240, P241, P242, P243, P261, P264, P272, P273, P280, P301 + P310, P303 + P361 + P353,  P305 + P351 + P338, P331, P333 + P313,  P337 + P313, P362 + P364, P370 + P378, P391, P403 + P235, P405, P501",B,G,H,1,0.24,3,3.24,0018939153,11/25/2025,11/25/2026,1,
IFF-QB00024,P0201006F,LIMON 990,Mezcla,PELIGRO,1 800 002 1400,"H226, H304, H315, H317, H319, H411","P210, P233, P240, P241, P242, P243, P261, P264, P272, P273, P280, P301 + P310, P303 + P361 + P353,  P305 + P351 + P338, P331, P333 + P313,  P337 + P313, P362 + P364, P370 + P378, P391, P403 + P235, P405, P501",B,G,H,1,0.28,4,4.28,0018939153,11/25/2025,11/25/2026,1,
IFF-QB00024,P0201006G,LIMON 990,Mezcla,PELIGRO,1 800 002 1400,"H226, H304, H315, H317, H319, H411","P210, P233, P240, P241, P242, P243, P261, P264, P272, P273, P280, P301 + P310, P303 + P361 + P353,  P305 + P351 + P338, P331, P333 + P313,  P337 + P313, P362 + P364, P370 + P378, P391, P403 + P235, P405, P501",B,G,H,1,0.48,5,5.48,0018939153,11/25/2025,11/25/2026,1,
IFF-QB00024,P0201006H,LIMON 990,Mezcla,PELIGRO,1 800 002 1400,"H226, H304, H315, H317, H319, H411","P210, P233, P240, P241, P242, P243, P261, P264, P272, P273, P280, P301 + P310, P303 + P361 + P353,  P305 + P351 + P338, P331, P333 + P313,  P337 + P313, P362 + P364, P370 + P378, P391, P403 + P235, P405, P501",B,G,H,1,0.9,10,10.9,0018939153,11/25/2025,11/25/2026,1,
IFF-QB00024,P0201006I,LIMON 990,Mezcla,PELIGRO,1 800 002 1400,"H226, H304, H315, H317, H319, H411","P210, P233, P240, P241, P242, P243, P261, P264, P272, P273, P280, P301 + P310, P303 + P361 + P353,  P305 + P351 + P338, P331, P333 + P313,  P337 + P313, P362 + P364, P370 + P378, P391, P403 + P235, P405, P501",B,G,H,1,0.9,15,15.9,0018939153,11/25/2025,11/25/2026,1,
IFF-QB00024,P0201006J,LIMON 990,Mezcla,PELIGRO,1 800 002 1400,"H226, H304, H315, H317, H319, H411","P210, P233, P240, P241, P242, P243, P261, P264, P272, P273, P280, P301 + P310, P303 + P361 + P353,  P305 + P351 + P338, P331, P333 + P313,  P337 + P313, P362 + P364, P370 + P378, P391, P403 + P235, P405, P501",B,G,H,1,0.9,18,18.9,0018939153,11/25/2025,11/25/2026,1,
,,,,,,,,,,,,,,,,,,,
IFF-QB00004,P0201007A,CITRUS BLEND 144 EXPPLOSION FRUTAL,Mezcla,PELIGRO,1 800 002 1400,"H303, H304, H315, H317, H318, H410","P261, P264, P272, P273, P280, P301 + P310, P302 + P352, P305 + P351 + P338 + P310, P312, P331, P333 + P313, P362 + P364, P391, P405, P501",G,1,H,E,0.09,0.5,0.59,0018622077,8/15/2025,8/15/2026,1,
IFF-QB00004,P0201007B,CITRUS BLEND 144 EXPPLOSION FRUTAL,Mezcla,PELIGRO,1 800 002 1400,"H303, H304, H315, H317, H318, H410","P261, P264, P272, P273, P280, P301 + P310, P302 + P352, P305 + P351 + P338 + P310, P312, P331, P333 + P313, P362 + P364, P391, P405, P501",G,1,H,E,0.24,1,1.24,0018622077,8/15/2025,8/15/2026,1,
IFF-QB00004,P0201007C,CITRUS BLEND 144 EXPPLOSION FRUTAL,Mezcla,PELIGRO,1 800 002 1400,"H303, H304, H315, H317, H318, H410","P261, P264, P272, P273, P280, P301 + P310, P302 + P352, P305 + P351 + P338 + P310, P312, P331, P333 + P313, P362 + P364, P391, P405, P501",G,1,H,E,0.24,1.5,1.74,0018622077,8/15/2025,8/15/2026,1,
IFF-QB00004,P0201007D,CITRUS BLEND 144 EXPPLOSION FRUTAL,Mezcla,PELIGRO,1 800 002 1400,"H303, H304, H315, H317, H318, H410","P261, P264, P272, P273, P280, P301 + P310, P302 + P352, P305 + P351 + P338 + P310, P312, P331, P333 + P313, P362 + P364, P391, P405, P501",G,1,H,E,0.24,2,2.24,0018622077,8/15/2025,8/15/2026,1,
IFF-QB00004,P0201007E,CITRUS BLEND 144 EXPPLOSION FRUTAL,Mezcla,PELIGRO,1 800 002 1400,"H303, H304, H315, H317, H318, H410","P261, P264, P272, P273, P280, P301 + P310, P302 + P352, P305 + P351 + P338 + P310, P312, P331, P333 + P313, P362 + P364, P391, P405, P501",G,1,H,E,0.24,3,3.24,0018622077,8/15/2025,8/15/2026,1,
IFF-QB00004,P0201007F,CITRUS BLEND 144 EXPPLOSION FRUTAL,Mezcla,PELIGRO,1 800 002 1400,"H303, H304, H315, H317, H318, H410","P261, P264, P272, P273, P280, P301 + P310, P302 + P352, P305 + P351 + P338 + P310, P312, P331, P333 + P313, P362 + P364, P391, P405, P501",G,1,H,E,0.28,4,4.28,0018622077,8/15/2025,8/15/2026,1,
IFF-QB00004,P0201007G,CITRUS BLEND 144 EXPPLOSION FRUTAL,Mezcla,PELIGRO,1 800 002 1400,"H303, H304, H315, H317, H318, H410","P261, P264, P272, P273, P280, P301 + P310, P302 + P352, P305 + P351 + P338 + P310, P312, P331, P333 + P313, P362 + P364, P391, P405, P501",G,1,H,E,0.48,5,5.48,0018622077,8/15/2025,8/15/2026,1,
IFF-QB00004,P0201007H,CITRUS BLEND 144 EXPPLOSION FRUTAL,Mezcla,PELIGRO,1 800 002 1400,"H303, H304, H315, H317, H318, H410","P261, P264, P272, P273, P280, P301 + P310, P302 + P352, P305 + P351 + P338 + P310, P312, P331, P333 + P313, P362 + P364, P391, P405, P501",G,1,H,E,0.9,10,10.9,0018622077,8/15/2025,8/15/2026,1,
IFF-QB00004,P0201007I,CITRUS BLEND 144 EXPPLOSION FRUTAL,Mezcla,PELIGRO,1 800 002 1400,"H303, H304, H315, H317, H318, H410","P261, P264, P272, P273, P280, P301 + P310, P302 + P352, P305 + P351 + P338 + P310, P312, P331, P333 + P313, P362 + P364, P391, P405, P501",G,1,H,E,0.9,15,15.9,0018622077,8/15/2025,8/15/2026,1,
IFF-QB00004,P0201007J,CITRUS BLEND 144 EXPPLOSION FRUTAL,Mezcla,PELIGRO,1 800 002 1400,"H303, H304, H315, H317, H318, H410","P261, P264, P272, P273, P280, P301 + P310, P302 + P352, P305 + P351 + P338 + P310, P312, P331, P333 + P313, P362 + P364, P391, P405, P501",G,1,H,E,0.9,18,18.9,0018622077,8/15/2025,8/15/2026,1,
,,,,,,,,,,,,,,,,,,,
IFF-QB00005,P0201008A,CITRUS FRESH 140,Mezcla,PELIGRO,1 800 002 1400,"H226, H304, H315, H317, H318, H410","P210, P233, P240, P241, P242, P243, P261, P264, P272, P273, P280, P301 + P310, P303 + P361 + P353, P305 + P351 + P338 + P310, P331, P333 + P313, P362 + P364,
P370 + P378, P391, P403 + P235, P405, P501",B,G,H,E,0.09,0.5,0.59,0018742511,9/12/2025,9/12/2026,1,
IFF-QB00005,P0201008B,CITRUS FRESH 140,Mezcla,PELIGRO,1 800 002 1400,"H226, H304, H315, H317, H318, H410","P210, P233, P240, P241, P242, P243, P261, P264, P272, P273, P280, P301 + P310, P303 + P361 + P353, P305 + P351 + P338 + P310, P331, P333 + P313, P362 + P364,
P370 + P378, P391, P403 + P235, P405, P501",B,G,H,E,0.24,1,1.24,0018742511,9/12/2025,9/12/2026,1,
IFF-QB00005,P0201008C,CITRUS FRESH 140,Mezcla,PELIGRO,1 800 002 1400,"H226, H304, H315, H317, H318, H410","P210, P233, P240, P241, P242, P243, P261, P264, P272, P273, P280, P301 + P310, P303 + P361 + P353, P305 + P351 + P338 + P310, P331, P333 + P313, P362 + P364,
P370 + P378, P391, P403 + P235, P405, P501",B,G,H,E,0.24,1.5,1.74,0018742511,9/12/2025,9/12/2026,1,
IFF-QB00005,P0201008D,CITRUS FRESH 140,Mezcla,PELIGRO,1 800 002 1400,"H226, H304, H315, H317, H318, H410","P210, P233, P240, P241, P242, P243, P261, P264, P272, P273, P280, P301 + P310, P303 + P361 + P353, P305 + P351 + P338 + P310, P331, P333 + P313, P362 + P364,
P370 + P378, P391, P403 + P235, P405, P501",B,G,H,E,0.24,2,2.24,0018742511,9/12/2025,9/12/2026,1,
IFF-QB00005,P0201008E,CITRUS FRESH 140,Mezcla,PELIGRO,1 800 002 1400,"H226, H304, H315, H317, H318, H410","P210, P233, P240, P241, P242, P243, P261, P264, P272, P273, P280, P301 + P310, P303 + P361 + P353, P305 + P351 + P338 + P310, P331, P333 + P313, P362 + P364,
P370 + P378, P391, P403 + P235, P405, P501",B,G,H,E,0.24,3,3.24,0018742511,9/12/2025,9/12/2026,1,
IFF-QB00005,P0201008F,CITRUS FRESH 140,Mezcla,PELIGRO,1 800 002 1400,"H226, H304, H315, H317, H318, H410","P210, P233, P240, P241, P242, P243, P261, P264, P272, P273, P280, P301 + P310, P303 + P361 + P353, P305 + P351 + P338 + P310, P331, P333 + P313, P362 + P364,
P370 + P378, P391, P403 + P235, P405, P501",B,G,H,E,0.28,4,4.28,0018742511,9/12/2025,9/12/2026,1,
IFF-QB00005,P0201008G,CITRUS FRESH 140,Mezcla,PELIGRO,1 800 002 1400,"H226, H304, H315, H317, H318, H410","P210, P233, P240, P241, P242, P243, P261, P264, P272, P273, P280, P301 + P310, P303 + P361 + P353, P305 + P351 + P338 + P310, P331, P333 + P313, P362 + P364,
P370 + P378, P391, P403 + P235, P405, P501",B,G,H,E,0.48,5,5.48,0018742511,9/12/2025,9/12/2026,1,
IFF-QB00005,P0201008H,CITRUS FRESH 140,Mezcla,PELIGRO,1 800 002 1400,"H226, H304, H315, H317, H318, H410","P210, P233, P240, P241, P242, P243, P261, P264, P272, P273, P280, P301 + P310, P303 + P361 + P353, P305 + P351 + P338 + P310, P331, P333 + P313, P362 + P364,
P370 + P378, P391, P403 + P235, P405, P501",B,G,H,E,0.9,10,10.9,0018742511,9/12/2025,9/12/2026,1,
IFF-QB00005,P0201008I,CITRUS FRESH 140,Mezcla,PELIGRO,1 800 002 1400,"H226, H304, H315, H317, H318, H410","P210, P233, P240, P241, P242, P243, P261, P264, P272, P273, P280, P301 + P310, P303 + P361 + P353, P305 + P351 + P338 + P310, P331, P333 + P313, P362 + P364,
P370 + P378, P391, P403 + P235, P405, P501",B,G,H,E,0.9,15,15.9,0018742511,9/12/2025,9/12/2026,1,
IFF-QB00005,P0201008J,CITRUS FRESH 140,Mezcla,PELIGRO,1 800 002 1400,"H226, H304, H315, H317, H318, H410","P210, P233, P240, P241, P242, P243, P261, P264, P272, P273, P280, P301 + P310, P303 + P361 + P353, P305 + P351 + P338 + P310, P331, P333 + P313, P362 + P364,
P370 + P378, P391, P403 + P235, P405, P501",B,G,H,E,0.9,18,18.9,0018742511,9/12/2025,9/12/2026,1,
,,,,,,,,,,,,,,,,,,,
IFF-QB00026,P0201009A,NARANJA 336,Mezcla,PELIGRO,1 800 002 1400,"H226, H304, H315, H317, H319, H410","P210, P233, P240, P241, P242, 243, P261, P264, P272, P273, P280, P301 + P310, P303 + P361 + P353, P305 + P351 + P338, P331, P333 + P313, P337 + P313, P362 + P364, P370 + P378, P391, P403 + P235, P405, P501",B,G,H,1,0.09,0.5,0.59,0018835951,10/23/2025,10/23/2026,1,
IFF-QB00026,P0201009B,NARANJA 336,Mezcla,PELIGRO,1 800 002 1400,"H226, H304, H315, H317, H319, H410","P210, P233, P240, P241, P242, 243, P261, P264, P272, P273, P280, P301 + P310, P303 + P361 + P353, P305 + P351 + P338, P331, P333 + P313, P337 + P313, P362 + P364, P370 + P378, P391, P403 + P235, P405, P501",B,G,H,1,0.24,1,1.24,0018835951,10/23/2025,10/23/2026,1,
IFF-QB00026,P0201009C,NARANJA 336,Mezcla,PELIGRO,1 800 002 1400,"H226, H304, H315, H317, H319, H410","P210, P233, P240, P241, P242, 243, P261, P264, P272, P273, P280, P301 + P310, P303 + P361 + P353, P305 + P351 + P338, P331, P333 + P313, P337 + P313, P362 + P364, P370 + P378, P391, P403 + P235, P405, P501",B,G,H,1,0.24,1.5,1.74,0018835951,10/23/2025,10/23/2026,1,
IFF-QB00026,P0201009D,NARANJA 336,Mezcla,PELIGRO,1 800 002 1400,"H226, H304, H315, H317, H319, H410","P210, P233, P240, P241, P242, 243, P261, P264, P272, P273, P280, P301 + P310, P303 + P361 + P353, P305 + P351 + P338, P331, P333 + P313, P337 + P313, P362 + P364, P370 + P378, P391, P403 + P235, P405, P501",B,G,H,1,0.24,2,2.24,0018835951,10/23/2025,10/23/2026,1,
IFF-QB00026,P0201009E,NARANJA 336,Mezcla,PELIGRO,1 800 002 1400,"H226, H304, H315, H317, H319, H410","P210, P233, P240, P241, P242, 243, P261, P264, P272, P273, P280, P301 + P310, P303 + P361 + P353, P305 + P351 + P338, P331, P333 + P313, P337 + P313, P362 + P364, P370 + P378, P391, P403 + P235, P405, P501",B,G,H,1,0.24,3,3.24,0018835951,10/23/2025,10/23/2026,1,
IFF-QB00026,P0201009F,NARANJA 336,Mezcla,PELIGRO,1 800 002 1400,"H226, H304, H315, H317, H319, H410","P210, P233, P240, P241, P242, 243, P261, P264, P272, P273, P280, P301 + P310, P303 + P361 + P353, P305 + P351 + P338, P331, P333 + P313, P337 + P313, P362 + P364, P370 + P378, P391, P403 + P235, P405, P501",B,G,H,1,0.28,4,4.28,0018835951,10/23/2025,10/23/2026,1,
IFF-QB00026,P0201009G,NARANJA 336,Mezcla,PELIGRO,1 800 002 1400,"H226, H304, H315, H317, H319, H410","P210, P233, P240, P241, P242, 243, P261, P264, P272, P273, P280, P301 + P310, P303 + P361 + P353, P305 + P351 + P338, P331, P333 + P313, P337 + P313, P362 + P364, P370 + P378, P391, P403 + P235, P405, P501",B,G,H,1,0.48,5,5.48,0018835951,10/23/2025,10/23/2026,1,
IFF-QB00026,P0201009H,NARANJA 336,Mezcla,PELIGRO,1 800 002 1400,"H226, H304, H315, H317, H319, H410","P210, P233, P240, P241, P242, 243, P261, P264, P272, P273, P280, P301 + P310, P303 + P361 + P353, P305 + P351 + P338, P331, P333 + P313, P337 + P313, P362 + P364, P370 + P378, P391, P403 + P235, P405, P501",B,G,H,1,0.9,10,10.9,0018835951,10/23/2025,10/23/2026,1,
IFF-QB00026,P0201009I,NARANJA 336,Mezcla,PELIGRO,1 800 002 1400,"H226, H304, H315, H317, H319, H410","P210, P233, P240, P241, P242, 243, P261, P264, P272, P273, P280, P301 + P310, P303 + P361 + P353, P305 + P351 + P338, P331, P333 + P313, P337 + P313, P362 + P364, P370 + P378, P391, P403 + P235, P405, P501",B,G,H,1,0.9,15,15.9,0018835951,10/23/2025,10/23/2026,1,
IFF-QB00026,P0201009J,NARANJA 336,Mezcla,PELIGRO,1 800 002 1400,"H226, H304, H315, H317, H319, H410","P210, P233, P240, P241, P242, 243, P261, P264, P272, P273, P280, P301 + P310, P303 + P361 + P353, P305 + P351 + P338, P331, P333 + P313, P337 + P313, P362 + P364, P370 + P378, P391, P403 + P235, P405, P501",B,G,H,1,0.9,18,18.9,0018835951,10/23/2025,10/23/2026,1,
,,,,,,,,,,,,,,,,,,,
IFF-QB00003,P0201015A,CITRIC TWIST 592 ,Mezcla,ATENCION,1 800 002 1400,"H227, H315, H317, H411","P210, P261, P264, P272, P273, P280, P302 + P352, P333 + P313, P362 + P364, P370 + P378, P391 P403 + P235, P501",G,H,1,1,0.09,0.5,0.59,0018500472,8/28/2025,8/28/2026,1,
IFF-QB00003,P0201015B,CITRIC TWIST 592 ,Mezcla,ATENCION,1 800 002 1400,"H227, H315, H317, H411","P210, P261, P264, P272, P273, P280, P302 + P352, P333 + P313, P362 + P364, P370 + P378, P391 P403 + P235, P501",G,H,1,1,0.09,1,1.09,0018500472,8/28/2025,8/28/2026,1,
IFF-QB00003,P0201015C,CITRIC TWIST 592 ,Mezcla,ATENCION,1 800 002 1400,"H227, H315, H317, H411","P210, P261, P264, P272, P273, P280, P302 + P352, P333 + P313, P362 + P364, P370 + P378, P391 P403 + P235, P501",G,H,1,1,0.24,1.5,1.74,0018500472,8/28/2025,8/28/2026,1,
IFF-QB00003,P0201015D,CITRIC TWIST 592 ,Mezcla,ATENCION,1 800 002 1400,"H227, H315, H317, H411","P210, P261, P264, P272, P273, P280, P302 + P352, P333 + P313, P362 + P364, P370 + P378, P391 P403 + P235, P501",G,H,1,1,0.24,2,2.24,0018500472,8/28/2025,8/28/2026,1,
IFF-QB00003,P0201015E,CITRIC TWIST 592 ,Mezcla,ATENCION,1 800 002 1400,"H227, H315, H317, H411","P210, P261, P264, P272, P273, P280, P302 + P352, P333 + P313, P362 + P364, P370 + P378, P391 P403 + P235, P501",G,H,1,1,0.24,3,3.24,0018500472,8/28/2025,8/28/2026,1,
IFF-QB00003,P0201015F,CITRIC TWIST 592 ,Mezcla,ATENCION,1 800 002 1400,"H227, H315, H317, H411","P210, P261, P264, P272, P273, P280, P302 + P352, P333 + P313, P362 + P364, P370 + P378, P391 P403 + P235, P501",G,H,1,1,0.24,4,4.24,0018500472,8/28/2025,8/28/2026,1,
IFF-QB00003,P0201015G,CITRIC TWIST 592 ,Mezcla,ATENCION,1 800 002 1400,"H227, H315, H317, H411","P210, P261, P264, P272, P273, P280, P302 + P352, P333 + P313, P362 + P364, P370 + P378, P391 P403 + P235, P501",G,H,1,1,0.28,5,5.28,0018500472,8/28/2025,8/28/2026,1,
IFF-QB00003,P0201015H,CITRIC TWIST 592 ,Mezcla,ATENCION,1 800 002 1400,"H227, H315, H317, H411","P210, P261, P264, P272, P273, P280, P302 + P352, P333 + P313, P362 + P364, P370 + P378, P391 P403 + P235, P501",G,H,1,1,0.48,10,10.48,0018500472,8/28/2025,8/28/2026,1,
IFF-QB00003,P0201015I,CITRIC TWIST 592 ,Mezcla,ATENCION,1 800 002 1400,"H227, H315, H317, H411","P210, P261, P264, P272, P273, P280, P302 + P352, P333 + P313, P362 + P364, P370 + P378, P391 P403 + P235, P501",G,H,1,1,0.9,15,15.9,0018500472,8/28/2025,8/28/2026,1,
IFF-QB00003,P0201015J,CITRIC TWIST 592 ,Mezcla,ATENCION,1 800 002 1400,"H227, H315, H317, H411","P210, P261, P264, P272, P273, P280, P302 + P352, P333 + P313, P362 + P364, P370 + P378, P391 P403 + P235, P501",G,H,1,1,0.9,20,20.9,0018500472,8/28/2025,8/28/2026,1,
,,,,,,,,,,,,,,,,,,,
IFF-QB00018,P0202001A,LAVANDA 347,Mezcla,PELIGRO,1 800 002 1400,"H227, H304, H315, H317, H319, H411","P210, P261, P264, P272, P273, P280, P301 + P310, P302 + P352, P305 + P351 + P338, P331,  P333 + P313, P337 + P313, P362 + P364, P370 + P378, P391, P403 + P235, P405, P501",G,1,H,1,0.09,0.5,0.59,0018622793,8/29/2025,8/29/2026,1,
IFF-QB00018,P0202001B,LAVANDA 347,Mezcla,PELIGRO,1 800 002 1400,"H227, H304, H315, H317, H319, H411","P210, P261, P264, P272, P273, P280, P301 + P310, P302 + P352, P305 + P351 + P338, P331,  P333 + P313, P337 + P313, P362 + P364, P370 + P378, P391, P403 + P235, P405, P501",G,1,H,1,0.09,1,1.09,0018622793,8/29/2025,8/29/2026,1,
IFF-QB00018,P0202001C,LAVANDA 347,Mezcla,PELIGRO,1 800 002 1400,"H227, H304, H315, H317, H319, H411","P210, P261, P264, P272, P273, P280, P301 + P310, P302 + P352, P305 + P351 + P338, P331,  P333 + P313, P337 + P313, P362 + P364, P370 + P378, P391, P403 + P235, P405, P501",G,1,H,1,0.24,1.5,1.74,0018622793,8/29/2025,8/29/2026,1,
IFF-QB00018,P0202001D,LAVANDA 347,Mezcla,PELIGRO,1 800 002 1400,"H227, H304, H315, H317, H319, H411","P210, P261, P264, P272, P273, P280, P301 + P310, P302 + P352, P305 + P351 + P338, P331,  P333 + P313, P337 + P313, P362 + P364, P370 + P378, P391, P403 + P235, P405, P501",G,1,H,1,0.24,2,2.24,0018622793,8/29/2025,8/29/2026,1,
IFF-QB00018,P0202001E,LAVANDA 347,Mezcla,PELIGRO,1 800 002 1400,"H227, H304, H315, H317, H319, H411","P210, P261, P264, P272, P273, P280, P301 + P310, P302 + P352, P305 + P351 + P338, P331,  P333 + P313, P337 + P313, P362 + P364, P370 + P378, P391, P403 + P235, P405, P501",G,1,H,1,0.24,3,3.24,0018622793,8/29/2025,8/29/2026,1,
IFF-QB00018,P0202001F,LAVANDA 347,Mezcla,PELIGRO,1 800 002 1400,"H227, H304, H315, H317, H319, H411","P210, P261, P264, P272, P273, P280, P301 + P310, P302 + P352, P305 + P351 + P338, P331,  P333 + P313, P337 + P313, P362 + P364, P370 + P378, P391, P403 + P235, P405, P501",G,1,H,1,0.24,4,4.24,0018622793,8/29/2025,8/29/2026,1,
IFF-QB00018,P0202001G,LAVANDA 347,Mezcla,PELIGRO,1 800 002 1400,"H227, H304, H315, H317, H319, H411","P210, P261, P264, P272, P273, P280, P301 + P310, P302 + P352, P305 + P351 + P338, P331,  P333 + P313, P337 + P313, P362 + P364, P370 + P378, P391, P403 + P235, P405, P501",G,1,H,1,0.28,5,5.28,0018622793,8/29/2025,8/29/2026,1,
IFF-QB00018,P0202001H,LAVANDA 347,Mezcla,PELIGRO,1 800 002 1400,"H227, H304, H315, H317, H319, H411","P210, P261, P264, P272, P273, P280, P301 + P310, P302 + P352, P305 + P351 + P338, P331,  P333 + P313, P337 + P313, P362 + P364, P370 + P378, P391, P403 + P235, P405, P501",G,1,H,1,0.48,10,10.48,0018622793,8/29/2025,8/29/2026,1,
IFF-QB00018,P0202001I,LAVANDA 347,Mezcla,PELIGRO,1 800 002 1400,"H227, H304, H315, H317, H319, H411","P210, P261, P264, P272, P273, P280, P301 + P310, P302 + P352, P305 + P351 + P338, P331,  P333 + P313, P337 + P313, P362 + P364, P370 + P378, P391, P403 + P235, P405, P501",G,1,H,1,0.9,15,15.9,0018622793,8/29/2025,8/29/2026,1,
IFF-QB00018,P0202001J,LAVANDA 347,Mezcla,PELIGRO,1 800 002 1400,"H227, H304, H315, H317, H319, H411","P210, P261, P264, P272, P273, P280, P301 + P310, P302 + P352, P305 + P351 + P338, P331,  P333 + P313, P337 + P313, P362 + P364, P370 + P378, P391, P403 + P235, P405, P501",G,1,H,1,0.9,20,20.9,0018622793,8/29/2025,8/29/2026,1,
,,,,,,,,,,,,,,,,,,,
IFF-QB00019,P0202008A,LAVENDER SKY 099 MOD,Mezcla,ATENCION,1 800 002 1400,"H227, H303, H315, H317, H319, H411","P210, P261, P264, P272, P273, P280, P302 + P352,  P305 + P351 + P338, P312,  P333 + P313, P337 + P313, P362 + P364, P370 + P378, P391, P403 + P235, P405, P501",G,H,1,1,0.09,0.5,0.59,0018511002,7/17/2025,7/17/2026,1,
IFF-QB00019,P0202008B,LAVENDER SKY 099 MOD,Mezcla,ATENCION,1 800 002 1400,"H227, H303, H315, H317, H319, H411","P210, P261, P264, P272, P273, P280, P302 + P352,  P305 + P351 + P338, P312,  P333 + P313, P337 + P313, P362 + P364, P370 + P378, P391, P403 + P235, P405, P501",G,H,1,1,0.09,1,1.09,0018511002,7/17/2025,7/17/2026,1,
IFF-QB00019,P0202008C,LAVENDER SKY 099 MOD,Mezcla,ATENCION,1 800 002 1400,"H227, H303, H315, H317, H319, H411","P210, P261, P264, P272, P273, P280, P302 + P352,  P305 + P351 + P338, P312,  P333 + P313, P337 + P313, P362 + P364, P370 + P378, P391, P403 + P235, P405, P501",G,H,1,1,0.24,1.5,1.74,0018511002,7/17/2025,7/17/2026,1,
IFF-QB00019,P0202008D,LAVENDER SKY 099 MOD,Mezcla,ATENCION,1 800 002 1400,"H227, H303, H315, H317, H319, H411","P210, P261, P264, P272, P273, P280, P302 + P352,  P305 + P351 + P338, P312,  P333 + P313, P337 + P313, P362 + P364, P370 + P378, P391, P403 + P235, P405, P501",G,H,1,1,0.24,2,2.24,0018511002,7/17/2025,7/17/2026,1,
IFF-QB00019,P0202008E,LAVENDER SKY 099 MOD,Mezcla,ATENCION,1 800 002 1400,"H227, H303, H315, H317, H319, H411","P210, P261, P264, P272, P273, P280, P302 + P352,  P305 + P351 + P338, P312,  P333 + P313, P337 + P313, P362 + P364, P370 + P378, P391, P403 + P235, P405, P501",G,H,1,1,0.24,3,3.24,0018511002,7/17/2025,7/17/2026,1,
IFF-QB00019,P0202008F,LAVENDER SKY 099 MOD,Mezcla,ATENCION,1 800 002 1400,"H227, H303, H315, H317, H319, H411","P210, P261, P264, P272, P273, P280, P302 + P352,  P305 + P351 + P338, P312,  P333 + P313, P337 + P313, P362 + P364, P370 + P378, P391, P403 + P235, P405, P501",G,H,1,1,0.24,4,4.24,0018511002,7/17/2025,7/17/2026,1,
IFF-QB00019,P0202008G,LAVENDER SKY 099 MOD,Mezcla,ATENCION,1 800 002 1400,"H227, H303, H315, H317, H319, H411","P210, P261, P264, P272, P273, P280, P302 + P352,  P305 + P351 + P338, P312,  P333 + P313, P337 + P313, P362 + P364, P370 + P378, P391, P403 + P235, P405, P501",G,H,1,1,0.28,5,5.28,0018511002,7/17/2025,7/17/2026,1,
IFF-QB00019,P0202008H,LAVENDER SKY 099 MOD,Mezcla,ATENCION,1 800 002 1400,"H227, H303, H315, H317, H319, H411","P210, P261, P264, P272, P273, P280, P302 + P352,  P305 + P351 + P338, P312,  P333 + P313, P337 + P313, P362 + P364, P370 + P378, P391, P403 + P235, P405, P501",G,H,1,1,0.48,10,10.48,0018511002,7/17/2025,7/17/2026,1,
IFF-QB00019,P0202008I,LAVENDER SKY 099 MOD,Mezcla,ATENCION,1 800 002 1400,"H227, H303, H315, H317, H319, H411","P210, P261, P264, P272, P273, P280, P302 + P352,  P305 + P351 + P338, P312,  P333 + P313, P337 + P313, P362 + P364, P370 + P378, P391, P403 + P235, P405, P501",G,H,1,1,0.9,15,15.9,0018511002,7/17/2025,7/17/2026,1,
IFF-QB00019,P0202008J,LAVENDER SKY 099 MOD,Mezcla,ATENCION,1 800 002 1400,"H227, H303, H315, H317, H319, H411","P210, P261, P264, P272, P273, P280, P302 + P352,  P305 + P351 + P338, P312,  P333 + P313, P337 + P313, P362 + P364, P370 + P378, P391, P403 + P235, P405, P501",G,H,1,1,0.9,20,20.9,0018511002,7/17/2025,7/17/2026,1,
,,,,,,,,,,,,,,,,,,,
IFF-QB00020,P0202009A,LAVENDER TOUCH 830,Mezcla,ATENCION,1 800 002 1400,"H227, H315, H317, H319, H411","P210, P261, P264, P272, P273, P280, P302 + P352, P305 + P351 + P338, P333 + P313, P337 + P313, P362 + P364, P370 + P378, P391, P403 + P235, P405, P501",G,H,1,1,0.09,0.5,0.59,0018982716,11/24/2025,11/24/2026,1,
IFF-QB00020,P0202009B,LAVENDER TOUCH 830,Mezcla,ATENCION,1 800 002 1400,"H227, H315, H317, H319, H411","P210, P261, P264, P272, P273, P280, P302 + P352, P305 + P351 + P338, P333 + P313, P337 + P313, P362 + P364, P370 + P378, P391, P403 + P235, P405, P501",G,H,1,1,0.09,1,1.09,0018982716,11/24/2025,11/24/2026,1,
IFF-QB00020,P0202009C,LAVENDER TOUCH 830,Mezcla,ATENCION,1 800 002 1400,"H227, H315, H317, H319, H411","P210, P261, P264, P272, P273, P280, P302 + P352, P305 + P351 + P338, P333 + P313, P337 + P313, P362 + P364, P370 + P378, P391, P403 + P235, P405, P501",G,H,1,1,0.24,1.5,1.74,0018982716,11/24/2025,11/24/2026,1,
IFF-QB00020,P0202009D,LAVENDER TOUCH 830,Mezcla,ATENCION,1 800 002 1400,"H227, H315, H317, H319, H411","P210, P261, P264, P272, P273, P280, P302 + P352, P305 + P351 + P338, P333 + P313, P337 + P313, P362 + P364, P370 + P378, P391, P403 + P235, P405, P501",G,H,1,1,0.24,2,2.24,0018982716,11/24/2025,11/24/2026,1,
IFF-QB00020,P0202009E,LAVENDER TOUCH 830,Mezcla,ATENCION,1 800 002 1400,"H227, H315, H317, H319, H411","P210, P261, P264, P272, P273, P280, P302 + P352, P305 + P351 + P338, P333 + P313, P337 + P313, P362 + P364, P370 + P378, P391, P403 + P235, P405, P501",G,H,1,1,0.24,3,3.24,0018982716,11/24/2025,11/24/2026,1,
IFF-QB00020,P0202009F,LAVENDER TOUCH 830,Mezcla,ATENCION,1 800 002 1400,"H227, H315, H317, H319, H411","P210, P261, P264, P272, P273, P280, P302 + P352, P305 + P351 + P338, P333 + P313, P337 + P313, P362 + P364, P370 + P378, P391, P403 + P235, P405, P501",G,H,1,1,0.24,4,4.24,0018982716,11/24/2025,11/24/2026,1,
IFF-QB00020,P0202009G,LAVENDER TOUCH 830,Mezcla,ATENCION,1 800 002 1400,"H227, H315, H317, H319, H411","P210, P261, P264, P272, P273, P280, P302 + P352, P305 + P351 + P338, P333 + P313, P337 + P313, P362 + P364, P370 + P378, P391, P403 + P235, P405, P501",G,H,1,1,0.28,5,5.28,0018982716,11/24/2025,11/24/2026,1,
IFF-QB00020,P0202009H,LAVENDER TOUCH 830,Mezcla,ATENCION,1 800 002 1400,"H227, H315, H317, H319, H411","P210, P261, P264, P272, P273, P280, P302 + P352, P305 + P351 + P338, P333 + P313, P337 + P313, P362 + P364, P370 + P378, P391, P403 + P235, P405, P501",G,H,1,1,0.48,10,10.48,0018982716,11/24/2025,11/24/2026,1,
IFF-QB00020,P0202009I,LAVENDER TOUCH 830,Mezcla,ATENCION,1 800 002 1400,"H227, H315, H317, H319, H411","P210, P261, P264, P272, P273, P280, P302 + P352, P305 + P351 + P338, P333 + P313, P337 + P313, P362 + P364, P370 + P378, P391, P403 + P235, P405, P501",G,H,1,1,0.9,15,15.9,0018982716,11/24/2025,11/24/2026,1,
IFF-QB00020,P0202009J,LAVENDER TOUCH 830,Mezcla,ATENCION,1 800 002 1400,"H227, H315, H317, H319, H411","P210, P261, P264, P272, P273, P280, P302 + P352, P305 + P351 + P338, P333 + P313, P337 + P313, P362 + P364, P370 + P378, P391, P403 + P235, P405, P501",G,H,1,1,0.9,20,20.9,0018982716,11/24/2025,11/24/2026,1,
,,,,,,,,,,,,,,,,,,,
IFF-QB00030,P0203001A,SEA FRESH 652,Mezcla,ATENCION,1 800 002 1400,"H227, H315, H317,
H319, H411","P210, P261, P264, P272, P273, P280, P302 + P352,  P305 + P351 + P338, P333 + P313, P337 + P313, P362 + P364, P370 + P378, P391, P403 + P235, P501",G,1,1,1,0.09,0.5,0.59,0018742835,9/12/2025,9/12/2026,1,
IFF-QB00030,P0203001B,SEA FRESH 652,Mezcla,ATENCION,1 800 002 1400,"H227, H315, H317,
H319, H411","P210, P261, P264, P272, P273, P280, P302 + P352,  P305 + P351 + P338, P333 + P313, P337 + P313, P362 + P364, P370 + P378, P391, P403 + P235, P501",G,1,1,1,0.09,1,1.09,0018742835,9/12/2025,9/12/2026,1,
IFF-QB00030,P0203001C,SEA FRESH 652,Mezcla,ATENCION,1 800 002 1400,"H227, H315, H317,
H319, H411","P210, P261, P264, P272, P273, P280, P302 + P352,  P305 + P351 + P338, P333 + P313, P337 + P313, P362 + P364, P370 + P378, P391, P403 + P235, P501",G,1,1,1,0.24,1.5,1.74,0018742835,9/12/2025,9/12/2026,1,
IFF-QB00030,P0203001D,SEA FRESH 652,Mezcla,ATENCION,1 800 002 1400,"H227, H315, H317,
H319, H411","P210, P261, P264, P272, P273, P280, P302 + P352,  P305 + P351 + P338, P333 + P313, P337 + P313, P362 + P364, P370 + P378, P391, P403 + P235, P501",G,1,1,1,0.24,2,2.24,0018742835,9/12/2025,9/12/2026,1,
IFF-QB00030,P0203001E,SEA FRESH 652,Mezcla,ATENCION,1 800 002 1400,"H227, H315, H317,
H319, H411","P210, P261, P264, P272, P273, P280, P302 + P352,  P305 + P351 + P338, P333 + P313, P337 + P313, P362 + P364, P370 + P378, P391, P403 + P235, P501",G,1,1,1,0.24,3,3.24,0018742835,9/12/2025,9/12/2026,1,
IFF-QB00030,P0203001F,SEA FRESH 652,Mezcla,ATENCION,1 800 002 1400,"H227, H315, H317,
H319, H411","P210, P261, P264, P272, P273, P280, P302 + P352,  P305 + P351 + P338, P333 + P313, P337 + P313, P362 + P364, P370 + P378, P391, P403 + P235, P501",G,1,1,1,0.24,4,4.24,0018742835,9/12/2025,9/12/2026,1,
IFF-QB00030,P0203001G,SEA FRESH 652,Mezcla,ATENCION,1 800 002 1400,"H227, H315, H317,
H319, H411","P210, P261, P264, P272, P273, P280, P302 + P352,  P305 + P351 + P338, P333 + P313, P337 + P313, P362 + P364, P370 + P378, P391, P403 + P235, P501",G,1,1,1,0.28,5,5.28,0018742835,9/12/2025,9/12/2026,1,
IFF-QB00030,P0203001H,SEA FRESH 652,Mezcla,ATENCION,1 800 002 1400,"H227, H315, H317,
H319, H411","P210, P261, P264, P272, P273, P280, P302 + P352,  P305 + P351 + P338, P333 + P313, P337 + P313, P362 + P364, P370 + P378, P391, P403 + P235, P501",G,1,1,1,0.48,10,10.48,0018742835,9/12/2025,9/12/2026,1,
IFF-QB00030,P0203001I,SEA FRESH 652,Mezcla,ATENCION,1 800 002 1400,"H227, H315, H317,
H319, H411","P210, P261, P264, P272, P273, P280, P302 + P352,  P305 + P351 + P338, P333 + P313, P337 + P313, P362 + P364, P370 + P378, P391, P403 + P235, P501",G,1,1,1,0.9,15,15.9,0018742835,9/12/2025,9/12/2026,1,
IFF-QB00030,P0203001J,SEA FRESH 652,Mezcla,ATENCION,1 800 002 1400,"H227, H315, H317,
H319, H411","P210, P261, P264, P272, P273, P280, P302 + P352,  P305 + P351 + P338, P333 + P313, P337 + P313, P362 + P364, P370 + P378, P391, P403 + P235, P501",G,1,1,1,0.9,20,20.9,0018742835,9/12/2025,9/12/2026,1,
,,,,,,,,,,,,,,,,,,,
IFF-QB00032,P0203003A,SEA FRESH 820 (MARINE 667-W),Mezcla,ATENCION,1 800 002 1400,"H227, H315, H317,
H411","P210, P261, P264, P272, P273, P280, P302 + P352, P333 + P313, P362 + P364, P370 + P378, P391, P403 + P235, P501",G,H,1,1,0.09,0.5,0.59,0018757989,10/22/2025,10/22/2026,1,
IFF-QB00032,P0203003B,SEA FRESH 820 (MARINE 667-W),Mezcla,ATENCION,1 800 002 1400,"H227, H315, H317,
H411","P210, P261, P264, P272, P273, P280, P302 + P352, P333 + P313, P362 + P364, P370 + P378, P391, P403 + P235, P501",G,H,1,1,0.09,1,1.09,0018757989,10/22/2025,10/22/2026,1,
IFF-QB00032,P0203003C,SEA FRESH 820 (MARINE 667-W),Mezcla,ATENCION,1 800 002 1400,"H227, H315, H317,
H411","P210, P261, P264, P272, P273, P280, P302 + P352, P333 + P313, P362 + P364, P370 + P378, P391, P403 + P235, P501",G,H,1,1,0.24,1.5,1.74,0018757989,10/22/2025,10/22/2026,1,
IFF-QB00032,P0203003D,SEA FRESH 820 (MARINE 667-W),Mezcla,ATENCION,1 800 002 1400,"H227, H315, H317,
H411","P210, P261, P264, P272, P273, P280, P302 + P352, P333 + P313, P362 + P364, P370 + P378, P391, P403 + P235, P501",G,H,1,1,0.24,2,2.24,0018757989,10/22/2025,10/22/2026,1,
IFF-QB00032,P0203003E,SEA FRESH 820 (MARINE 667-W),Mezcla,ATENCION,1 800 002 1400,"H227, H315, H317,
H411","P210, P261, P264, P272, P273, P280, P302 + P352, P333 + P313, P362 + P364, P370 + P378, P391, P403 + P235, P501",G,H,1,1,0.24,3,3.24,0018757989,10/22/2025,10/22/2026,1,
IFF-QB00032,P0203003F,SEA FRESH 820 (MARINE 667-W),Mezcla,ATENCION,1 800 002 1400,"H227, H315, H317,
H411","P210, P261, P264, P272, P273, P280, P302 + P352, P333 + P313, P362 + P364, P370 + P378, P391, P403 + P235, P501",G,H,1,1,0.24,4,4.24,0018757989,10/22/2025,10/22/2026,1,
IFF-QB00032,P0203003G,SEA FRESH 820 (MARINE 667-W),Mezcla,ATENCION,1 800 002 1400,"H227, H315, H317,
H411","P210, P261, P264, P272, P273, P280, P302 + P352, P333 + P313, P362 + P364, P370 + P378, P391, P403 + P235, P501",G,H,1,1,0.28,5,5.28,0018757989,10/22/2025,10/22/2026,1,
IFF-QB00032,P0203003H,SEA FRESH 820 (MARINE 667-W),Mezcla,ATENCION,1 800 002 1400,"H227, H315, H317,
H411","P210, P261, P264, P272, P273, P280, P302 + P352, P333 + P313, P362 + P364, P370 + P378, P391, P403 + P235, P501",G,H,1,1,0.48,10,10.48,0018757989,10/22/2025,10/22/2026,1,
IFF-QB00032,P0203003I,SEA FRESH 820 (MARINE 667-W),Mezcla,ATENCION,1 800 002 1400,"H227, H315, H317,
H411","P210, P261, P264, P272, P273, P280, P302 + P352, P333 + P313, P362 + P364, P370 + P378, P391, P403 + P235, P501",G,H,1,1,0.9,15,15.9,0018757989,10/22/2025,10/22/2026,1,
IFF-QB00032,P0203003J,SEA FRESH 820 (MARINE 667-W),Mezcla,ATENCION,1 800 002 1400,"H227, H315, H317,
H411","P210, P261, P264, P272, P273, P280, P302 + P352, P333 + P313, P362 + P364, P370 + P378, P391, P403 + P235, P501",G,H,1,1,0.9,20,20.9,0018757989,10/22/2025,10/22/2026,1,
,,,,,,,,,,,,,,,,,,,
IFF-QB00031,P0203004A,SEA FRESH 704,Mezcla,ATENCION,1 800 002 1400,"H227, H315, H317,
H319, H411","P210, P261, P264, P272, P273, P280, P302 + P352,  P305 + P351 + P338, P333 + P313, P337 + P313, P362 + P364, P370 + P378, P391, P403 + P235, P501",G,H,1,1,0.09,0.5,0.59,0018622850,8/29/2025,8/29/2026,1,
IFF-QB00031,P0203004B,SEA FRESH 704,Mezcla,ATENCION,1 800 002 1400,"H227, H315, H317,
H319, H411","P210, P261, P264, P272, P273, P280, P302 + P352,  P305 + P351 + P338, P333 + P313, P337 + P313, P362 + P364, P370 + P378, P391, P403 + P235, P501",G,H,1,1,0.09,1,1.09,0018622850,8/29/2025,8/29/2026,1,
IFF-QB00031,P0203004C,SEA FRESH 704,Mezcla,ATENCION,1 800 002 1400,"H227, H315, H317,
H319, H411","P210, P261, P264, P272, P273, P280, P302 + P352,  P305 + P351 + P338, P333 + P313, P337 + P313, P362 + P364, P370 + P378, P391, P403 + P235, P501",G,H,1,1,0.24,1.5,1.74,0018622850,8/29/2025,8/29/2026,1,
IFF-QB00031,P0203004D,SEA FRESH 704,Mezcla,ATENCION,1 800 002 1400,"H227, H315, H317,
H319, H411","P210, P261, P264, P272, P273, P280, P302 + P352,  P305 + P351 + P338, P333 + P313, P337 + P313, P362 + P364, P370 + P378, P391, P403 + P235, P501",G,H,1,1,0.24,2,2.24,0018622850,8/29/2025,8/29/2026,1,
IFF-QB00031,P0203004E,SEA FRESH 704,Mezcla,ATENCION,1 800 002 1400,"H227, H315, H317,
H319, H411","P210, P261, P264, P272, P273, P280, P302 + P352,  P305 + P351 + P338, P333 + P313, P337 + P313, P362 + P364, P370 + P378, P391, P403 + P235, P501",G,H,1,1,0.24,3,3.24,0018622850,8/29/2025,8/29/2026,1,
IFF-QB00031,P0203004F,SEA FRESH 704,Mezcla,ATENCION,1 800 002 1400,"H227, H315, H317,
H319, H411","P210, P261, P264, P272, P273, P280, P302 + P352,  P305 + P351 + P338, P333 + P313, P337 + P313, P362 + P364, P370 + P378, P391, P403 + P235, P501",G,H,1,1,0.24,4,4.24,0018622850,8/29/2025,8/29/2026,1,
IFF-QB00031,P0203004G,SEA FRESH 704,Mezcla,ATENCION,1 800 002 1400,"H227, H315, H317,
H319, H411","P210, P261, P264, P272, P273, P280, P302 + P352,  P305 + P351 + P338, P333 + P313, P337 + P313, P362 + P364, P370 + P378, P391, P403 + P235, P501",G,H,1,1,0.28,5,5.28,0018622850,8/29/2025,8/29/2026,1,
IFF-QB00031,P0203004H,SEA FRESH 704,Mezcla,ATENCION,1 800 002 1400,"H227, H315, H317,
H319, H411","P210, P261, P264, P272, P273, P280, P302 + P352,  P305 + P351 + P338, P333 + P313, P337 + P313, P362 + P364, P370 + P378, P391, P403 + P235, P501",G,H,1,1,0.48,10,10.48,0018622850,8/29/2025,8/29/2026,1,
IFF-QB00031,P0203004I,SEA FRESH 704,Mezcla,ATENCION,1 800 002 1400,"H227, H315, H317,
H319, H411","P210, P261, P264, P272, P273, P280, P302 + P352,  P305 + P351 + P338, P333 + P313, P337 + P313, P362 + P364, P370 + P378, P391, P403 + P235, P501",G,H,1,1,0.9,15,15.9,0018622850,8/29/2025,8/29/2026,1,
IFF-QB00031,P0203004J,SEA FRESH 704,Mezcla,ATENCION,1 800 002 1400,"H227, H315, H317,
H319, H411","P210, P261, P264, P272, P273, P280, P302 + P352,  P305 + P351 + P338, P333 + P313, P337 + P313, P362 + P364, P370 + P378, P391, P403 + P235, P501",G,H,1,1,0.9,20,20.9,0018622850,8/29/2025,8/29/2026,1,
,,,,,,,,,,,,,,,,,,,
IFF-QB00033,P0203006A,SER 1002 (PINO),Mezcla,PELIGRO,1 800 002 1400,"H226, H304, H315, H317,
H319, H410","P210, P233, P240, P241, P242, P243, P261, P264, P272, P273, P280, P301 + P310,
P303 + P361 + P353, P305 + P351 + P338, P331, P333 + P313, P337 + P313, P362 + P364, P370 + P378, P391, P403 + P235, P405, P501",G,1,H,B,0.09,0.5,0.59,0018742839,9/12/2025,9/12/2026,1,
IFF-QB00033,P0203006B,SER 1002 (PINO),Mezcla,PELIGRO,1 800 002 1400,"H226, H304, H315, H317,
H319, H410","P210, P233, P240, P241, P242, P243, P261, P264, P272, P273, P280, P301 + P310,
P303 + P361 + P353, P305 + P351 + P338, P331, P333 + P313, P337 + P313, P362 + P364, P370 + P378, P391, P403 + P235, P405, P501",G,1,H,B,0.24,1,1.24,0018742839,9/12/2025,9/12/2026,1,
IFF-QB00033,P0203006C,SER 1002 (PINO),Mezcla,PELIGRO,1 800 002 1400,"H226, H304, H315, H317,
H319, H410","P210, P233, P240, P241, P242, P243, P261, P264, P272, P273, P280, P301 + P310,
P303 + P361 + P353, P305 + P351 + P338, P331, P333 + P313, P337 + P313, P362 + P364, P370 + P378, P391, P403 + P235, P405, P501",G,1,H,B,0.24,1.5,1.74,0018742839,9/12/2025,9/12/2026,1,
IFF-QB00033,P0203006D,SER 1002 (PINO),Mezcla,PELIGRO,1 800 002 1400,"H226, H304, H315, H317,
H319, H410","P210, P233, P240, P241, P242, P243, P261, P264, P272, P273, P280, P301 + P310,
P303 + P361 + P353, P305 + P351 + P338, P331, P333 + P313, P337 + P313, P362 + P364, P370 + P378, P391, P403 + P235, P405, P501",G,1,H,B,0.24,2,2.24,0018742839,9/12/2025,9/12/2026,1,
IFF-QB00033,P0203006E,SER 1002 (PINO),Mezcla,PELIGRO,1 800 002 1400,"H226, H304, H315, H317,
H319, H410","P210, P233, P240, P241, P242, P243, P261, P264, P272, P273, P280, P301 + P310,
P303 + P361 + P353, P305 + P351 + P338, P331, P333 + P313, P337 + P313, P362 + P364, P370 + P378, P391, P403 + P235, P405, P501",G,1,H,B,0.24,3,3.24,0018742839,9/12/2025,9/12/2026,1,
IFF-QB00033,P0203006F,SER 1002 (PINO),Mezcla,PELIGRO,1 800 002 1400,"H226, H304, H315, H317,
H319, H410","P210, P233, P240, P241, P242, P243, P261, P264, P272, P273, P280, P301 + P310,
P303 + P361 + P353, P305 + P351 + P338, P331, P333 + P313, P337 + P313, P362 + P364, P370 + P378, P391, P403 + P235, P405, P501",G,1,H,B,0.28,4,4.28,0018742839,9/12/2025,9/12/2026,1,
IFF-QB00033,P0203006G,SER 1002 (PINO),Mezcla,PELIGRO,1 800 002 1400,"H226, H304, H315, H317,
H319, H410","P210, P233, P240, P241, P242, P243, P261, P264, P272, P273, P280, P301 + P310,
P303 + P361 + P353, P305 + P351 + P338, P331, P333 + P313, P337 + P313, P362 + P364, P370 + P378, P391, P403 + P235, P405, P501",G,1,H,B,0.48,5,5.48,0018742839,9/12/2025,9/12/2026,1,
IFF-QB00033,P0203006H,SER 1002 (PINO),Mezcla,PELIGRO,1 800 002 1400,"H226, H304, H315, H317,
H319, H410","P210, P233, P240, P241, P242, P243, P261, P264, P272, P273, P280, P301 + P310,
P303 + P361 + P353, P305 + P351 + P338, P331, P333 + P313, P337 + P313, P362 + P364, P370 + P378, P391, P403 + P235, P405, P501",G,1,H,B,0.9,10,10.9,0018742839,9/12/2025,9/12/2026,1,
IFF-QB00033,P0203006I,SER 1002 (PINO),Mezcla,PELIGRO,1 800 002 1400,"H226, H304, H315, H317,
H319, H410","P210, P233, P240, P241, P242, P243, P261, P264, P272, P273, P280, P301 + P310,
P303 + P361 + P353, P305 + P351 + P338, P331, P333 + P313, P337 + P313, P362 + P364, P370 + P378, P391, P403 + P235, P405, P501",G,1,H,B,0.9,15,15.9,0018742839,9/12/2025,9/12/2026,1,
IFF-QB00033,P0203006J,SER 1002 (PINO),Mezcla,PELIGRO,1 800 002 1400,"H226, H304, H315, H317,
H319, H410","P210, P233, P240, P241, P242, P243, P261, P264, P272, P273, P280, P301 + P310,
P303 + P361 + P353, P305 + P351 + P338, P331, P333 + P313, P337 + P313, P362 + P364, P370 + P378, P391, P403 + P235, P405, P501",G,1,H,B,0.9,18,18.9,0018742839,9/12/2025,9/12/2026,1,
,,,,,,,,,,,,,,,,,,,
IFF-QB00025,P0203014A,MARINE LOVE 818,Mezcla,ATENCION,1 800 002 1400,"H226, H316, H317,
H411","P210, P233, P240, P241, P242, P243, P261, P272, P273, P280, P303 + P361 + P353, P333 + P313, P362 + P364, P370 + P378, P391, P403 + P235, P501",B,G,H,1,0.09,0.5,0.59,0018939147,11/24/2025,11/24/2026,1,
IFF-QB00025,P0203014B,MARINE LOVE 818,Mezcla,ATENCION,1 800 002 1400,"H226, H316, H317,
H411","P210, P233, P240, P241, P242, P243, P261, P272, P273, P280, P303 + P361 + P353, P333 + P313, P362 + P364, P370 + P378, P391, P403 + P235, P501",B,G,H,1,0.09,1,1.09,0018939147,11/24/2025,11/24/2026,1,
IFF-QB00025,P0203014C,MARINE LOVE 818,Mezcla,ATENCION,1 800 002 1400,"H226, H316, H317,
H411","P210, P233, P240, P241, P242, P243, P261, P272, P273, P280, P303 + P361 + P353, P333 + P313, P362 + P364, P370 + P378, P391, P403 + P235, P501",B,G,H,1,0.24,1.5,1.74,0018939147,11/24/2025,11/24/2026,1,
IFF-QB00025,P0203014D,MARINE LOVE 818,Mezcla,ATENCION,1 800 002 1400,"H226, H316, H317,
H411","P210, P233, P240, P241, P242, P243, P261, P272, P273, P280, P303 + P361 + P353, P333 + P313, P362 + P364, P370 + P378, P391, P403 + P235, P501",B,G,H,1,0.24,2,2.24,0018939147,11/24/2025,11/24/2026,1,
IFF-QB00025,P0203014E,MARINE LOVE 818,Mezcla,ATENCION,1 800 002 1400,"H226, H316, H317,
H411","P210, P233, P240, P241, P242, P243, P261, P272, P273, P280, P303 + P361 + P353, P333 + P313, P362 + P364, P370 + P378, P391, P403 + P235, P501",B,G,H,1,0.24,3,3.24,0018939147,11/24/2025,11/24/2026,1,
IFF-QB00025,P0203014F,MARINE LOVE 818,Mezcla,ATENCION,1 800 002 1400,"H226, H316, H317,
H411","P210, P233, P240, P241, P242, P243, P261, P272, P273, P280, P303 + P361 + P353, P333 + P313, P362 + P364, P370 + P378, P391, P403 + P235, P501",B,G,H,1,0.24,4,4.24,0018939147,11/24/2025,11/24/2026,1,
IFF-QB00025,P0203014G,MARINE LOVE 818,Mezcla,ATENCION,1 800 002 1400,"H226, H316, H317,
H411","P210, P233, P240, P241, P242, P243, P261, P272, P273, P280, P303 + P361 + P353, P333 + P313, P362 + P364, P370 + P378, P391, P403 + P235, P501",B,G,H,1,0.28,5,5.28,0018939147,11/24/2025,11/24/2026,1,
IFF-QB00025,P0203014H,MARINE LOVE 818,Mezcla,ATENCION,1 800 002 1400,"H226, H316, H317,
H411","P210, P233, P240, P241, P242, P243, P261, P272, P273, P280, P303 + P361 + P353, P333 + P313, P362 + P364, P370 + P378, P391, P403 + P235, P501",B,G,H,1,0.48,10,10.48,0018939147,11/24/2025,11/24/2026,1,
IFF-QB00025,P0203014I,MARINE LOVE 818,Mezcla,ATENCION,1 800 002 1400,"H226, H316, H317,
H411","P210, P233, P240, P241, P242, P243, P261, P272, P273, P280, P303 + P361 + P353, P333 + P313, P362 + P364, P370 + P378, P391, P403 + P235, P501",B,G,H,1,0.9,15,15.9,0018939147,11/24/2025,11/24/2026,1,
IFF-QB00025,P0203014J,MARINE LOVE 818,Mezcla,ATENCION,1 800 002 1400,"H226, H316, H317,
H411","P210, P233, P240, P241, P242, P243, P261, P272, P273, P280, P303 + P361 + P353, P333 + P313, P362 + P364, P370 + P378, P391, P403 + P235, P501",B,G,H,1,0.9,20,20.9,0018939147,11/24/2025,11/24/2026,1,
,,,,,,,,,,,,,,,,,,,
IFF-QB00011,P0204001A,FLORAL 001-E MOD,Mezcla,PELIGRO,1 800 002 1400,"H226, H315, H317,
H318, H361, H410","P201, P202, P210, P233, P240, P241, P242, P243, P261, P264, P272, P273, P280, P303 + P361 + P353, P305 + P351 + P338 + P310, P333 + P313,  P362 + P364, P391, P403 + P235, P405, P501
",E,G,H,B,0.09,0.5,0.59,0018553476,7/24/2025,7/24/2026,1,
IFF-QB00011,P0204001B,FLORAL 001-E MOD,Mezcla,PELIGRO,1 800 002 1400,"H226, H315, H317,
H318, H361, H410","P201, P202, P210, P233, P240, P241, P242, P243, P261, P264, P272, P273, P280, P303 + P361 + P353, P305 + P351 + P338 + P310, P333 + P313,  P362 + P364, P391, P403 + P235, P405, P501
",E,G,H,B,0.09,1,1.09,0018553476,7/24/2025,7/24/2026,1,
IFF-QB00011,P0204001C,FLORAL 001-E MOD,Mezcla,PELIGRO,1 800 002 1400,"H226, H315, H317,
H318, H361, H410","P201, P202, P210, P233, P240, P241, P242, P243, P261, P264, P272, P273, P280, P303 + P361 + P353, P305 + P351 + P338 + P310, P333 + P313,  P362 + P364, P391, P403 + P235, P405, P501
",E,G,H,B,0.24,1.5,1.74,0018553476,7/24/2025,7/24/2026,1,
IFF-QB00011,P0204001D,FLORAL 001-E MOD,Mezcla,PELIGRO,1 800 002 1400,"H226, H315, H317,
H318, H361, H410","P201, P202, P210, P233, P240, P241, P242, P243, P261, P264, P272, P273, P280, P303 + P361 + P353, P305 + P351 + P338 + P310, P333 + P313,  P362 + P364, P391, P403 + P235, P405, P501
",E,G,H,B,0.24,2,2.24,0018553476,7/24/2025,7/24/2026,1,
IFF-QB00011,P0204001E,FLORAL 001-E MOD,Mezcla,PELIGRO,1 800 002 1400,"H226, H315, H317,
H318, H361, H410","P201, P202, P210, P233, P240, P241, P242, P243, P261, P264, P272, P273, P280, P303 + P361 + P353, P305 + P351 + P338 + P310, P333 + P313,  P362 + P364, P391, P403 + P235, P405, P501
",E,G,H,B,0.24,3,3.24,0018553476,7/24/2025,7/24/2026,1,
IFF-QB00011,P0204001F,FLORAL 001-E MOD,Mezcla,PELIGRO,1 800 002 1400,"H226, H315, H317,
H318, H361, H410","P201, P202, P210, P233, P240, P241, P242, P243, P261, P264, P272, P273, P280, P303 + P361 + P353, P305 + P351 + P338 + P310, P333 + P313,  P362 + P364, P391, P403 + P235, P405, P501
",E,G,H,B,0.24,4,4.24,0018553476,7/24/2025,7/24/2026,1,
IFF-QB00011,P0204001G,FLORAL 001-E MOD,Mezcla,PELIGRO,1 800 002 1400,"H226, H315, H317,
H318, H361, H410","P201, P202, P210, P233, P240, P241, P242, P243, P261, P264, P272, P273, P280, P303 + P361 + P353, P305 + P351 + P338 + P310, P333 + P313,  P362 + P364, P391, P403 + P235, P405, P501
",E,G,H,B,0.28,5,5.28,0018553476,7/24/2025,7/24/2026,1,
IFF-QB00011,P0204001H,FLORAL 001-E MOD,Mezcla,PELIGRO,1 800 002 1400,"H226, H315, H317,
H318, H361, H410","P201, P202, P210, P233, P240, P241, P242, P243, P261, P264, P272, P273, P280, P303 + P361 + P353, P305 + P351 + P338 + P310, P333 + P313,  P362 + P364, P391, P403 + P235, P405, P501
",E,G,H,B,0.48,10,10.48,0018553476,7/24/2025,7/24/2026,1,
IFF-QB00011,P0204001I,FLORAL 001-E MOD,Mezcla,PELIGRO,1 800 002 1400,"H226, H315, H317,
H318, H361, H410","P201, P202, P210, P233, P240, P241, P242, P243, P261, P264, P272, P273, P280, P303 + P361 + P353, P305 + P351 + P338 + P310, P333 + P313,  P362 + P364, P391, P403 + P235, P405, P501
",E,G,H,B,0.9,15,15.9,0018553476,7/24/2025,7/24/2026,1,
IFF-QB00011,P0204001J,FLORAL 001-E MOD,Mezcla,PELIGRO,1 800 002 1400,"H226, H315, H317,
H318, H361, H410","P201, P202, P210, P233, P240, P241, P242, P243, P261, P264, P272, P273, P280, P303 + P361 + P353, P305 + P351 + P338 + P310, P333 + P313,  P362 + P364, P391, P403 + P235, P405, P501
",E,G,H,B,0.9,20,20.9,0018553476,7/24/2025,7/24/2026,1,
,,,,,,,,,,,,,,,,,,,
IFF-QB00012,P0204002A,FLORAL 841,Mezcla,PELIGRO,1 800 002 1400,"H227, H315, H317,
H318, H361, H411","P201, P202, P261, P264, P272, P273, P280, P302 + P352, P305 + P351 + P338 + P310, P308 + P313, P333 + P313, P362 + P364, P370 + P378, P391, P403 + P235, P405, P501",G,E,H,1,0.09,0.5,0.59,0018611461,8/18/2025,8/18/2026,1,
IFF-QB00012,P0204002B,FLORAL 841,Mezcla,PELIGRO,1 800 002 1400,"H227, H315, H317,
H318, H361, H411","P201, P202, P261, P264, P272, P273, P280, P302 + P352, P305 + P351 + P338 + P310, P308 + P313, P333 + P313, P362 + P364, P370 + P378, P391, P403 + P235, P405, P501",G,E,H,1,0.09,1,1.09,0018611461,8/18/2025,8/18/2026,1,
IFF-QB00012,P0204002C,FLORAL 841,Mezcla,PELIGRO,1 800 002 1400,"H227, H315, H317,
H318, H361, H411","P201, P202, P261, P264, P272, P273, P280, P302 + P352, P305 + P351 + P338 + P310, P308 + P313, P333 + P313, P362 + P364, P370 + P378, P391, P403 + P235, P405, P501",G,E,H,1,0.24,1.5,1.74,0018611461,8/18/2025,8/18/2026,1,
IFF-QB00012,P0204002D,FLORAL 841,Mezcla,PELIGRO,1 800 002 1400,"H227, H315, H317,
H318, H361, H411","P201, P202, P261, P264, P272, P273, P280, P302 + P352, P305 + P351 + P338 + P310, P308 + P313, P333 + P313, P362 + P364, P370 + P378, P391, P403 + P235, P405, P501",G,E,H,1,0.24,2,2.24,0018611461,8/18/2025,8/18/2026,1,
IFF-QB00012,P0204002E,FLORAL 841,Mezcla,PELIGRO,1 800 002 1400,"H227, H315, H317,
H318, H361, H411","P201, P202, P261, P264, P272, P273, P280, P302 + P352, P305 + P351 + P338 + P310, P308 + P313, P333 + P313, P362 + P364, P370 + P378, P391, P403 + P235, P405, P501",G,E,H,1,0.24,3,3.24,0018611461,8/18/2025,8/18/2026,1,
IFF-QB00012,P0204002F,FLORAL 841,Mezcla,PELIGRO,1 800 002 1400,"H227, H315, H317,
H318, H361, H411","P201, P202, P261, P264, P272, P273, P280, P302 + P352, P305 + P351 + P338 + P310, P308 + P313, P333 + P313, P362 + P364, P370 + P378, P391, P403 + P235, P405, P501",G,E,H,1,0.24,4,4.24,0018611461,8/18/2025,8/18/2026,1,
IFF-QB00012,P0204002G,FLORAL 841,Mezcla,PELIGRO,1 800 002 1400,"H227, H315, H317,
H318, H361, H411","P201, P202, P261, P264, P272, P273, P280, P302 + P352, P305 + P351 + P338 + P310, P308 + P313, P333 + P313, P362 + P364, P370 + P378, P391, P403 + P235, P405, P501",G,E,H,1,0.28,5,5.28,0018611461,8/18/2025,8/18/2026,1,
IFF-QB00012,P0204002H,FLORAL 841,Mezcla,PELIGRO,1 800 002 1400,"H227, H315, H317,
H318, H361, H411","P201, P202, P261, P264, P272, P273, P280, P302 + P352, P305 + P351 + P338 + P310, P308 + P313, P333 + P313, P362 + P364, P370 + P378, P391, P403 + P235, P405, P501",G,E,H,1,0.48,10,10.48,0018611461,8/18/2025,8/18/2026,1,
IFF-QB00012,P0204002I,FLORAL 841,Mezcla,PELIGRO,1 800 002 1400,"H227, H315, H317,
H318, H361, H411","P201, P202, P261, P264, P272, P273, P280, P302 + P352, P305 + P351 + P338 + P310, P308 + P313, P333 + P313, P362 + P364, P370 + P378, P391, P403 + P235, P405, P501",G,E,H,1,0.9,15,15.9,0018611461,8/18/2025,8/18/2026,1,
IFF-QB00012,P0204002J,FLORAL 841,Mezcla,PELIGRO,1 800 002 1400,"H227, H315, H317,
H318, H361, H411","P201, P202, P261, P264, P272, P273, P280, P302 + P352, P305 + P351 + P338 + P310, P308 + P313, P333 + P313, P362 + P364, P370 + P378, P391, P403 + P235, P405, P501",G,E,H,1,0.9,20,20.9,0018611461,8/18/2025,8/18/2026,1,
,,,,,,,,,,,,,,,,,,,
IFF-QB00010,P0204004A,FLORAL (PICCOLO 727),Mezcla,ATENCION,1 800 002 1400,"H303, H315, H317,
H319, H351, H411","P201, P202, P261, P264, P272, P273, P280, P302 + P352, P305 + P351 + P338, P312, P333 + P313, P337 + P313, P362 + P364, P391, P405, P501",G,H,1,1,0.09,0.5,0.59,0018780960,9/30/2025,9/30/2026,1,
IFF-QB00010,P0204004B,FLORAL (PICCOLO 727),Mezcla,ATENCION,1 800 002 1400,"H303, H315, H317,
H319, H351, H411","P201, P202, P261, P264, P272, P273, P280, P302 + P352, P305 + P351 + P338, P312, P333 + P313, P337 + P313, P362 + P364, P391, P405, P501",G,H,1,1,0.09,1,1.09,0018780960,9/30/2025,9/30/2026,1,
IFF-QB00010,P0204004C,FLORAL (PICCOLO 727),Mezcla,ATENCION,1 800 002 1400,"H303, H315, H317,
H319, H351, H411","P201, P202, P261, P264, P272, P273, P280, P302 + P352, P305 + P351 + P338, P312, P333 + P313, P337 + P313, P362 + P364, P391, P405, P501",G,H,1,1,0.24,1.5,1.74,0018780960,9/30/2025,9/30/2026,1,
IFF-QB00010,P0204004D,FLORAL (PICCOLO 727),Mezcla,ATENCION,1 800 002 1400,"H303, H315, H317,
H319, H351, H411","P201, P202, P261, P264, P272, P273, P280, P302 + P352, P305 + P351 + P338, P312, P333 + P313, P337 + P313, P362 + P364, P391, P405, P501",G,H,1,1,0.24,2,2.24,0018780960,9/30/2025,9/30/2026,1,
IFF-QB00010,P0204004E,FLORAL (PICCOLO 727),Mezcla,ATENCION,1 800 002 1400,"H303, H315, H317,
H319, H351, H411","P201, P202, P261, P264, P272, P273, P280, P302 + P352, P305 + P351 + P338, P312, P333 + P313, P337 + P313, P362 + P364, P391, P405, P501",G,H,1,1,0.24,3,3.24,0018780960,9/30/2025,9/30/2026,1,
IFF-QB00010,P0204004F,FLORAL (PICCOLO 727),Mezcla,ATENCION,1 800 002 1400,"H303, H315, H317,
H319, H351, H411","P201, P202, P261, P264, P272, P273, P280, P302 + P352, P305 + P351 + P338, P312, P333 + P313, P337 + P313, P362 + P364, P391, P405, P501",G,H,1,1,0.24,4,4.24,0018780960,9/30/2025,9/30/2026,1,
IFF-QB00010,P0204004G,FLORAL (PICCOLO 727),Mezcla,ATENCION,1 800 002 1400,"H303, H315, H317,
H319, H351, H411","P201, P202, P261, P264, P272, P273, P280, P302 + P352, P305 + P351 + P338, P312, P333 + P313, P337 + P313, P362 + P364, P391, P405, P501",G,H,1,1,0.28,5,5.28,0018780960,9/30/2025,9/30/2026,1,
IFF-QB00010,P0204004H,FLORAL (PICCOLO 727),Mezcla,ATENCION,1 800 002 1400,"H303, H315, H317,
H319, H351, H411","P201, P202, P261, P264, P272, P273, P280, P302 + P352, P305 + P351 + P338, P312, P333 + P313, P337 + P313, P362 + P364, P391, P405, P501",G,H,1,1,0.48,10,10.48,0018780960,9/30/2025,9/30/2026,1,
IFF-QB00010,P0204004I,FLORAL (PICCOLO 727),Mezcla,ATENCION,1 800 002 1400,"H303, H315, H317,
H319, H351, H411","P201, P202, P261, P264, P272, P273, P280, P302 + P352, P305 + P351 + P338, P312, P333 + P313, P337 + P313, P362 + P364, P391, P405, P501",G,H,1,1,0.9,15,15.9,0018780960,9/30/2025,9/30/2026,1,
IFF-QB00010,P0204004J,FLORAL (PICCOLO 727),Mezcla,ATENCION,1 800 002 1400,"H303, H315, H317,
H319, H351, H411","P201, P202, P261, P264, P272, P273, P280, P302 + P352, P305 + P351 + P338, P312, P333 + P313, P337 + P313, P362 + P364, P391, P405, P501",G,H,1,1,0.9,20,20.9,0018780960,9/30/2025,9/30/2026,1,
,,,,,,,,,,,,,,,,,,,
IFF-QB00013,P0209005A,FLORAL P 0830,Mezcla,ATENCION,1 800 002 1400,"H315, H317, H319,
H411","P261, P264, P272, P273, P280, P302 + P352, P305 + P351 + P338, P333 + P313,  337 + P313,  P362 + P364, P391, P501",G,H,1,1,0.09,0.5,0.59,0018861164,10/10/2025,10/10/2026,1,
IFF-QB00013,P0209005B,FLORAL P 0830,Mezcla,ATENCION,1 800 002 1400,"H315, H317, H319,
H411","P261, P264, P272, P273, P280, P302 + P352, P305 + P351 + P338, P333 + P313,  337 + P313,  P362 + P364, P391, P501",G,H,1,1,0.09,1,1.09,0018861164,10/10/2025,10/10/2026,1,
IFF-QB00013,P0209005C,FLORAL P 0830,Mezcla,ATENCION,1 800 002 1400,"H315, H317, H319,
H411","P261, P264, P272, P273, P280, P302 + P352, P305 + P351 + P338, P333 + P313,  337 + P313,  P362 + P364, P391, P501",G,H,1,1,0.24,1.5,1.74,0018861164,10/10/2025,10/10/2026,1,
IFF-QB00013,P0209005D,FLORAL P 0830,Mezcla,ATENCION,1 800 002 1400,"H315, H317, H319,
H411","P261, P264, P272, P273, P280, P302 + P352, P305 + P351 + P338, P333 + P313,  337 + P313,  P362 + P364, P391, P501",G,H,1,1,0.24,2,2.24,0018861164,10/10/2025,10/10/2026,1,
IFF-QB00013,P0209005E,FLORAL P 0830,Mezcla,ATENCION,1 800 002 1400,"H315, H317, H319,
H411","P261, P264, P272, P273, P280, P302 + P352, P305 + P351 + P338, P333 + P313,  337 + P313,  P362 + P364, P391, P501",G,H,1,1,0.24,3,3.24,0018861164,10/10/2025,10/10/2026,1,
IFF-QB00013,P0209005F,FLORAL P 0830,Mezcla,ATENCION,1 800 002 1400,"H315, H317, H319,
H411","P261, P264, P272, P273, P280, P302 + P352, P305 + P351 + P338, P333 + P313,  337 + P313,  P362 + P364, P391, P501",G,H,1,1,0.24,4,4.24,0018861164,10/10/2025,10/10/2026,1,
IFF-QB00013,P0209005G,FLORAL P 0830,Mezcla,ATENCION,1 800 002 1400,"H315, H317, H319,
H411","P261, P264, P272, P273, P280, P302 + P352, P305 + P351 + P338, P333 + P313,  337 + P313,  P362 + P364, P391, P501",G,H,1,1,0.28,5,5.28,0018861164,10/10/2025,10/10/2026,1,
IFF-QB00013,P0209005H,FLORAL P 0830,Mezcla,ATENCION,1 800 002 1400,"H315, H317, H319,
H411","P261, P264, P272, P273, P280, P302 + P352, P305 + P351 + P338, P333 + P313,  337 + P313,  P362 + P364, P391, P501",G,H,1,1,0.48,10,10.48,0018861164,10/10/2025,10/10/2026,1,
IFF-QB00013,P0209005I,FLORAL P 0830,Mezcla,ATENCION,1 800 002 1400,"H315, H317, H319,
H411","P261, P264, P272, P273, P280, P302 + P352, P305 + P351 + P338, P333 + P313,  337 + P313,  P362 + P364, P391, P501",G,H,1,1,0.9,15,15.9,0018861164,10/10/2025,10/10/2026,1,
IFF-QB00013,P0209005J,FLORAL P 0830,Mezcla,ATENCION,1 800 002 1400,"H315, H317, H319,
H411","P261, P264, P272, P273, P280, P302 + P352, P305 + P351 + P338, P333 + P313,  337 + P313,  P362 + P364, P391, P501",G,H,1,1,0.9,20,20.9,0018861164,10/10/2025,10/10/2026,1,
,,,,,,,,,,,,,,,,,,,
IFF-QB00214,P0209007A,SER 1054 (DETERG. LIQ.),Mezcla,PELIGRO,1 800 002 1400,"H227, H304, H315, H317, H319, H411","P210, P261, P264, P272, P273, P280, P301 + P310, P302 + P352, P305 + P351 + P338, P333 + P313, P337 + P313, P362 + P364,  P370 + P378, P391, P403 + P235, P405, P501",G,E,H,1,0.09,0.5,0.59,0018835986,10/23/2025,10/23/2026,1,
IFF-QB00214,P0209007B,SER 1054 (DETERG. LIQ.),Mezcla,PELIGRO,1 800 002 1400,"H227, H304, H315, H317, H319, H411","P210, P261, P264, P272, P273, P280, P301 + P310, P302 + P352, P305 + P351 + P338, P333 + P313, P337 + P313, P362 + P364,  P370 + P378, P391, P403 + P235, P405, P501",G,E,H,1,0.09,1,1.09,0018835986,10/23/2025,10/23/2026,1,
IFF-QB00214,P0209007C,SER 1054 (DETERG. LIQ.),Mezcla,PELIGRO,1 800 002 1400,"H227, H304, H315, H317, H319, H411","P210, P261, P264, P272, P273, P280, P301 + P310, P302 + P352, P305 + P351 + P338, P333 + P313, P337 + P313, P362 + P364,  P370 + P378, P391, P403 + P235, P405, P501",G,E,H,1,0.24,1.5,1.74,0018835986,10/23/2025,10/23/2026,1,
IFF-QB00214,P0209007D,SER 1054 (DETERG. LIQ.),Mezcla,PELIGRO,1 800 002 1400,"H227, H304, H315, H317, H319, H411","P210, P261, P264, P272, P273, P280, P301 + P310, P302 + P352, P305 + P351 + P338, P333 + P313, P337 + P313, P362 + P364,  P370 + P378, P391, P403 + P235, P405, P501",G,E,H,1,0.24,2,2.24,0018835986,10/23/2025,10/23/2026,1,
IFF-QB00214,P0209007E,SER 1054 (DETERG. LIQ.),Mezcla,PELIGRO,1 800 002 1400,"H227, H304, H315, H317, H319, H411","P210, P261, P264, P272, P273, P280, P301 + P310, P302 + P352, P305 + P351 + P338, P333 + P313, P337 + P313, P362 + P364,  P370 + P378, P391, P403 + P235, P405, P501",G,E,H,1,0.24,3,3.24,0018835986,10/23/2025,10/23/2026,1,
IFF-QB00214,P0209007F,SER 1054 (DETERG. LIQ.),Mezcla,PELIGRO,1 800 002 1400,"H227, H304, H315, H317, H319, H411","P210, P261, P264, P272, P273, P280, P301 + P310, P302 + P352, P305 + P351 + P338, P333 + P313, P337 + P313, P362 + P364,  P370 + P378, P391, P403 + P235, P405, P501",G,E,H,1,0.24,4,4.24,0018835986,10/23/2025,10/23/2026,1,
IFF-QB00214,P0209007G,SER 1054 (DETERG. LIQ.),Mezcla,PELIGRO,1 800 002 1400,"H227, H304, H315, H317, H319, H411","P210, P261, P264, P272, P273, P280, P301 + P310, P302 + P352, P305 + P351 + P338, P333 + P313, P337 + P313, P362 + P364,  P370 + P378, P391, P403 + P235, P405, P501",G,E,H,1,0.28,5,5.28,0018835986,10/23/2025,10/23/2026,1,
IFF-QB00214,P0209007H,SER 1054 (DETERG. LIQ.),Mezcla,PELIGRO,1 800 002 1400,"H227, H304, H315, H317, H319, H411","P210, P261, P264, P272, P273, P280, P301 + P310, P302 + P352, P305 + P351 + P338, P333 + P313, P337 + P313, P362 + P364,  P370 + P378, P391, P403 + P235, P405, P501",G,E,H,1,0.48,10,10.48,0018835986,10/23/2025,10/23/2026,1,
IFF-QB00214,P0209007I,SER 1054 (DETERG. LIQ.),Mezcla,PELIGRO,1 800 002 1400,"H227, H304, H315, H317, H319, H411","P210, P261, P264, P272, P273, P280, P301 + P310, P302 + P352, P305 + P351 + P338, P333 + P313, P337 + P313, P362 + P364,  P370 + P378, P391, P403 + P235, P405, P501",G,E,H,1,0.9,15,15.9,0018835986,10/23/2025,10/23/2026,1,
IFF-QB00214,P0209007J,SER 1054 (DETERG. LIQ.),Mezcla,PELIGRO,1 800 002 1400,"H227, H304, H315, H317, H319, H411","P210, P261, P264, P272, P273, P280, P301 + P310, P302 + P352, P305 + P351 + P338, P333 + P313, P337 + P313, P362 + P364,  P370 + P378, P391, P403 + P235, P405, P501",G,E,H,1,0.9,20,20.9,0018835986,10/23/2025,10/23/2026,1,
,,,,,,,,,,,,,,,,,,,
IFF-QB00209,P0209008A,MAX FRESCURA 777 ,Mezcla,ATENCION,1 800 002 1400,"H227, H315, H317,
H361, H411","P201, P202, P210, P261, P264, P272, P273, P280, P302 + P352, P308 + P313, P333 + P313, P362 + P364, P370 + P378, P391, P403 + P235, P405, P501
",G,E,H,1,0.09,0.5,0.59,0018622821,8/29/2025,8/29/2026,1,
IFF-QB00209,P0209008B,MAX FRESCURA 777 ,Mezcla,ATENCION,1 800 002 1400,"H227, H315, H317,
H361, H411","P201, P202, P210, P261, P264, P272, P273, P280, P302 + P352, P308 + P313, P333 + P313, P362 + P364, P370 + P378, P391, P403 + P235, P405, P501
",G,E,H,1,0.09,1,1.09,0018622821,8/29/2025,8/29/2026,1,
IFF-QB00209,P0209008C,MAX FRESCURA 777 ,Mezcla,ATENCION,1 800 002 1400,"H227, H315, H317,
H361, H411","P201, P202, P210, P261, P264, P272, P273, P280, P302 + P352, P308 + P313, P333 + P313, P362 + P364, P370 + P378, P391, P403 + P235, P405, P501
",G,E,H,1,0.24,1.5,1.74,0018622821,8/29/2025,8/29/2026,1,
IFF-QB00209,P0209008D,MAX FRESCURA 777 ,Mezcla,ATENCION,1 800 002 1400,"H227, H315, H317,
H361, H411","P201, P202, P210, P261, P264, P272, P273, P280, P302 + P352, P308 + P313, P333 + P313, P362 + P364, P370 + P378, P391, P403 + P235, P405, P501
",G,E,H,1,0.24,2,2.24,0018622821,8/29/2025,8/29/2026,1,
IFF-QB00209,P0209008E,MAX FRESCURA 777 ,Mezcla,ATENCION,1 800 002 1400,"H227, H315, H317,
H361, H411","P201, P202, P210, P261, P264, P272, P273, P280, P302 + P352, P308 + P313, P333 + P313, P362 + P364, P370 + P378, P391, P403 + P235, P405, P501
",G,E,H,1,0.24,3,3.24,0018622821,8/29/2025,8/29/2026,1,
IFF-QB00209,P0209008F,MAX FRESCURA 777 ,Mezcla,ATENCION,1 800 002 1400,"H227, H315, H317,
H361, H411","P201, P202, P210, P261, P264, P272, P273, P280, P302 + P352, P308 + P313, P333 + P313, P362 + P364, P370 + P378, P391, P403 + P235, P405, P501
",G,E,H,1,0.24,4,4.24,0018622821,8/29/2025,8/29/2026,1,
IFF-QB00209,P0209008G,MAX FRESCURA 777 ,Mezcla,ATENCION,1 800 002 1400,"H227, H315, H317,
H361, H411","P201, P202, P210, P261, P264, P272, P273, P280, P302 + P352, P308 + P313, P333 + P313, P362 + P364, P370 + P378, P391, P403 + P235, P405, P501
",G,E,H,1,0.28,5,5.28,0018622821,8/29/2025,8/29/2026,1,
IFF-QB00209,P0209008H,MAX FRESCURA 777 ,Mezcla,ATENCION,1 800 002 1400,"H227, H315, H317,
H361, H411","P201, P202, P210, P261, P264, P272, P273, P280, P302 + P352, P308 + P313, P333 + P313, P362 + P364, P370 + P378, P391, P403 + P235, P405, P501
",G,E,H,1,0.48,10,10.48,0018622821,8/29/2025,8/29/2026,1,
IFF-QB00209,P0209008I,MAX FRESCURA 777 ,Mezcla,ATENCION,1 800 002 1400,"H227, H315, H317,
H361, H411","P201, P202, P210, P261, P264, P272, P273, P280, P302 + P352, P308 + P313, P333 + P313, P362 + P364, P370 + P378, P391, P403 + P235, P405, P501
",G,E,H,1,0.9,15,15.9,0018622821,8/29/2025,8/29/2026,1,
IFF-QB00209,P0209008J,MAX FRESCURA 777 ,Mezcla,ATENCION,1 800 002 1400,"H227, H315, H317,
H361, H411","P201, P202, P210, P261, P264, P272, P273, P280, P302 + P352, P308 + P313, P333 + P313, P362 + P364, P370 + P378, P391, P403 + P235, P405, P501
",G,E,H,1,0.9,20,20.9,0018622821,8/29/2025,8/29/2026,1,
,,,,,,,,,,,,,,,,,,,
IFF-QB00116,P0301001A,TE VERDE SMT 1039,Mezcla,ATENCION,1 800 002 1400,"H227, H316, H317,
H319, H411","P210, P261, P264, P272, P273, P280, P302 + P352, P333 + P313, P337 + P313, P362 + P364,  P370 + P378, P391, P403 + P235, P501",G,H,1,1,0.09,0.5,0.59,0018758284,9/30/2025,9/30/2026,1,
IFF-QB00116,P0301001B,TE VERDE SMT 1039,Mezcla,ATENCION,1 800 002 1400,"H227, H316, H317,
H319, H411","P210, P261, P264, P272, P273, P280, P302 + P352, P333 + P313, P337 + P313, P362 + P364,  P370 + P378, P391, P403 + P235, P501",G,H,1,1,0.09,1,1.09,0018758284,9/30/2025,9/30/2026,1,
IFF-QB00116,P0301001C,TE VERDE SMT 1039,Mezcla,ATENCION,1 800 002 1400,"H227, H316, H317,
H319, H411","P210, P261, P264, P272, P273, P280, P302 + P352, P333 + P313, P337 + P313, P362 + P364,  P370 + P378, P391, P403 + P235, P501",G,H,1,1,0.24,1.5,1.74,0018758284,9/30/2025,9/30/2026,1,
IFF-QB00116,P0301001D,TE VERDE SMT 1039,Mezcla,ATENCION,1 800 002 1400,"H227, H316, H317,
H319, H411","P210, P261, P264, P272, P273, P280, P302 + P352, P333 + P313, P337 + P313, P362 + P364,  P370 + P378, P391, P403 + P235, P501",G,H,1,1,0.24,2,2.24,0018758284,9/30/2025,9/30/2026,1,
IFF-QB00116,P0301001E,TE VERDE SMT 1039,Mezcla,ATENCION,1 800 002 1400,"H227, H316, H317,
H319, H411","P210, P261, P264, P272, P273, P280, P302 + P352, P333 + P313, P337 + P313, P362 + P364,  P370 + P378, P391, P403 + P235, P501",G,H,1,1,0.24,3,3.24,0018758284,9/30/2025,9/30/2026,1,
IFF-QB00116,P0301001F,TE VERDE SMT 1039,Mezcla,ATENCION,1 800 002 1400,"H227, H316, H317,
H319, H411","P210, P261, P264, P272, P273, P280, P302 + P352, P333 + P313, P337 + P313, P362 + P364,  P370 + P378, P391, P403 + P235, P501",G,H,1,1,0.24,4,4.24,0018758284,9/30/2025,9/30/2026,1,
IFF-QB00116,P0301001G,TE VERDE SMT 1039,Mezcla,ATENCION,1 800 002 1400,"H227, H316, H317,
H319, H411","P210, P261, P264, P272, P273, P280, P302 + P352, P333 + P313, P337 + P313, P362 + P364,  P370 + P378, P391, P403 + P235, P501",G,H,1,1,0.28,5,5.28,0018758284,9/30/2025,9/30/2026,1,
IFF-QB00116,P0301001H,TE VERDE SMT 1039,Mezcla,ATENCION,1 800 002 1400,"H227, H316, H317,
H319, H411","P210, P261, P264, P272, P273, P280, P302 + P352, P333 + P313, P337 + P313, P362 + P364,  P370 + P378, P391, P403 + P235, P501",G,H,1,1,0.48,10,10.48,0018758284,9/30/2025,9/30/2026,1,
IFF-QB00116,P0301001I,TE VERDE SMT 1039,Mezcla,ATENCION,1 800 002 1400,"H227, H316, H317,
H319, H411","P210, P261, P264, P272, P273, P280, P302 + P352, P333 + P313, P337 + P313, P362 + P364,  P370 + P378, P391, P403 + P235, P501",G,H,1,1,0.9,15,15.9,0018758284,9/30/2025,9/30/2026,1,
IFF-QB00116,P0301001J,TE VERDE SMT 1039,Mezcla,ATENCION,1 800 002 1400,"H227, H316, H317,
H319, H411","P210, P261, P264, P272, P273, P280, P302 + P352, P333 + P313, P337 + P313, P362 + P364,  P370 + P378, P391, P403 + P235, P501",G,H,1,1,0.9,20,20.9,0018758284,9/30/2025,9/30/2026,1,
,,,,,,,,,,,,,,,,,,,
IFF-QB00075,P0301004A,BOSQUE 904-A,Mezcla,ATENCION,1 800 002 1400,"H227, H316, H317,
H411","P210, P261, P272, P273, P280, P302 + P352, P333 + P313 , P362 + P364, P370 + P378, P391, P403 + P235, P501",G,1,1,1,0.09,0.5,0.59,0018622799,8/28/2025,8/28/2026,1,
IFF-QB00075,P0301004B,BOSQUE 904-A,Mezcla,ATENCION,1 800 002 1400,"H227, H316, H317,
H411","P210, P261, P272, P273, P280, P302 + P352, P333 + P313 , P362 + P364, P370 + P378, P391, P403 + P235, P501",G,1,1,1,0.09,1,1.09,0018622799,8/28/2025,8/28/2026,1,
IFF-QB00075,P0301004C,BOSQUE 904-A,Mezcla,ATENCION,1 800 002 1400,"H227, H316, H317,
H411","P210, P261, P272, P273, P280, P302 + P352, P333 + P313 , P362 + P364, P370 + P378, P391, P403 + P235, P501",G,1,1,1,0.24,1.5,1.74,0018622799,8/28/2025,8/28/2026,1,
IFF-QB00075,P0301004D,BOSQUE 904-A,Mezcla,ATENCION,1 800 002 1400,"H227, H316, H317,
H411","P210, P261, P272, P273, P280, P302 + P352, P333 + P313 , P362 + P364, P370 + P378, P391, P403 + P235, P501",G,1,1,1,0.24,2,2.24,0018622799,8/28/2025,8/28/2026,1,
IFF-QB00075,P0301004E,BOSQUE 904-A,Mezcla,ATENCION,1 800 002 1400,"H227, H316, H317,
H411","P210, P261, P272, P273, P280, P302 + P352, P333 + P313 , P362 + P364, P370 + P378, P391, P403 + P235, P501",G,1,1,1,0.24,3,3.24,0018622799,8/28/2025,8/28/2026,1,
IFF-QB00075,P0301004F,BOSQUE 904-A,Mezcla,ATENCION,1 800 002 1400,"H227, H316, H317,
H411","P210, P261, P272, P273, P280, P302 + P352, P333 + P313 , P362 + P364, P370 + P378, P391, P403 + P235, P501",G,1,1,1,0.24,4,4.24,0018622799,8/28/2025,8/28/2026,1,
IFF-QB00075,P0301004G,BOSQUE 904-A,Mezcla,ATENCION,1 800 002 1400,"H227, H316, H317,
H411","P210, P261, P272, P273, P280, P302 + P352, P333 + P313 , P362 + P364, P370 + P378, P391, P403 + P235, P501",G,1,1,1,0.28,5,5.28,0018622799,8/28/2025,8/28/2026,1,
IFF-QB00075,P0301004H,BOSQUE 904-A,Mezcla,ATENCION,1 800 002 1400,"H227, H316, H317,
H411","P210, P261, P272, P273, P280, P302 + P352, P333 + P313 , P362 + P364, P370 + P378, P391, P403 + P235, P501",G,1,1,1,0.48,10,10.48,0018622799,8/28/2025,8/28/2026,1,
IFF-QB00075,P0301004I,BOSQUE 904-A,Mezcla,ATENCION,1 800 002 1400,"H227, H316, H317,
H411","P210, P261, P272, P273, P280, P302 + P352, P333 + P313 , P362 + P364, P370 + P378, P391, P403 + P235, P501",G,1,1,1,0.9,15,15.9,0018622799,8/28/2025,8/28/2026,1,
IFF-QB00075,P0301004J,BOSQUE 904-A,Mezcla,ATENCION,1 800 002 1400,"H227, H316, H317,
H411","P210, P261, P272, P273, P280, P302 + P352, P333 + P313 , P362 + P364, P370 + P378, P391, P403 + P235, P501",G,1,1,1,0.9,20,20.9,0018622799,8/28/2025,8/28/2026,1,
,,,,,,,,,,,,,,,,,,,
IFF-QB00091,P0301009A,FOUGERE 087 (DRAKKAR),Mezcla,ATENCION,1 800 002 1400,"H227, H315, H317,
H319, H411","P210, P261, P264, P272, P273, P280, P302 + P352 P305 + P351 + P338, P333 + P313, P337 + P313, P362 + P364, P370 + P378, P391, P403 + P235, P501",G,H,1,1,0.09,0.5,0.59,0018982740,11/25/2025,11/25/2026,1,
IFF-QB00091,P0301009B,FOUGERE 087 (DRAKKAR),Mezcla,ATENCION,1 800 002 1400,"H227, H315, H317,
H319, H411","P210, P261, P264, P272, P273, P280, P302 + P352 P305 + P351 + P338, P333 + P313, P337 + P313, P362 + P364, P370 + P378, P391, P403 + P235, P501",G,H,1,1,0.09,1,1.09,0018982740,11/25/2025,11/25/2026,1,
IFF-QB00091,P0301009C,FOUGERE 087 (DRAKKAR),Mezcla,ATENCION,1 800 002 1400,"H227, H315, H317,
H319, H411","P210, P261, P264, P272, P273, P280, P302 + P352 P305 + P351 + P338, P333 + P313, P337 + P313, P362 + P364, P370 + P378, P391, P403 + P235, P501",G,H,1,1,0.24,1.5,1.74,0018982740,11/25/2025,11/25/2026,1,
IFF-QB00091,P0301009D,FOUGERE 087 (DRAKKAR),Mezcla,ATENCION,1 800 002 1400,"H227, H315, H317,
H319, H411","P210, P261, P264, P272, P273, P280, P302 + P352 P305 + P351 + P338, P333 + P313, P337 + P313, P362 + P364, P370 + P378, P391, P403 + P235, P501",G,H,1,1,0.24,2,2.24,0018982740,11/25/2025,11/25/2026,1,
IFF-QB00091,P0301009E,FOUGERE 087 (DRAKKAR),Mezcla,ATENCION,1 800 002 1400,"H227, H315, H317,
H319, H411","P210, P261, P264, P272, P273, P280, P302 + P352 P305 + P351 + P338, P333 + P313, P337 + P313, P362 + P364, P370 + P378, P391, P403 + P235, P501",G,H,1,1,0.24,3,3.24,0018982740,11/25/2025,11/25/2026,1,
IFF-QB00091,P0301009F,FOUGERE 087 (DRAKKAR),Mezcla,ATENCION,1 800 002 1400,"H227, H315, H317,
H319, H411","P210, P261, P264, P272, P273, P280, P302 + P352 P305 + P351 + P338, P333 + P313, P337 + P313, P362 + P364, P370 + P378, P391, P403 + P235, P501",G,H,1,1,0.24,4,4.24,0018982740,11/25/2025,11/25/2026,1,
IFF-QB00091,P0301009G,FOUGERE 087 (DRAKKAR),Mezcla,ATENCION,1 800 002 1400,"H227, H315, H317,
H319, H411","P210, P261, P264, P272, P273, P280, P302 + P352 P305 + P351 + P338, P333 + P313, P337 + P313, P362 + P364, P370 + P378, P391, P403 + P235, P501",G,H,1,1,0.28,5,5.28,0018982740,11/25/2025,11/25/2026,1,
IFF-QB00091,P0301009H,FOUGERE 087 (DRAKKAR),Mezcla,ATENCION,1 800 002 1400,"H227, H315, H317,
H319, H411","P210, P261, P264, P272, P273, P280, P302 + P352 P305 + P351 + P338, P333 + P313, P337 + P313, P362 + P364, P370 + P378, P391, P403 + P235, P501",G,H,1,1,0.48,10,10.48,0018982740,11/25/2025,11/25/2026,1,
IFF-QB00091,P0301009I,FOUGERE 087 (DRAKKAR),Mezcla,ATENCION,1 800 002 1400,"H227, H315, H317,
H319, H411","P210, P261, P264, P272, P273, P280, P302 + P352 P305 + P351 + P338, P333 + P313, P337 + P313, P362 + P364, P370 + P378, P391, P403 + P235, P501",G,H,1,1,0.9,15,15.9,0018982740,11/25/2025,11/25/2026,1,
IFF-QB00091,P0301009J,FOUGERE 087 (DRAKKAR),Mezcla,ATENCION,1 800 002 1400,"H227, H315, H317,
H319, H411","P210, P261, P264, P272, P273, P280, P302 + P352 P305 + P351 + P338, P333 + P313, P337 + P313, P362 + P364, P370 + P378, P391, P403 + P235, P501",G,H,1,1,0.9,20,20.9,0018982740,11/25/2025,11/25/2026,1,
,,,,,,,,,,,,,,,,,,,
IFF-QB00092,P0301010A,FOUGERE 959-A (DRAKKAR),Mezcla,ATENCION,1 800 002 1400,"H227, H315, H317,
H319, H411","P210, P261, P264, P272, P273, P280, P302 + P352, P305 + P351 + P338, P333 + P313, P337 + P313, P362 + P364, P370 + P378,P391, P403 + P235, P501",G,H,1,1,0.09,0.5,0.59,0018780110,9/23/2025,9/23/2026,1,
IFF-QB00092,P0301010B,FOUGERE 959-A (DRAKKAR),Mezcla,ATENCION,1 800 002 1400,"H227, H315, H317,
H319, H411","P210, P261, P264, P272, P273, P280, P302 + P352, P305 + P351 + P338, P333 + P313, P337 + P313, P362 + P364, P370 + P378,P391, P403 + P235, P501",G,H,1,1,0.09,1,1.09,0018780110,9/23/2025,9/23/2026,1,
IFF-QB00092,P0301010C,FOUGERE 959-A (DRAKKAR),Mezcla,ATENCION,1 800 002 1400,"H227, H315, H317,
H319, H411","P210, P261, P264, P272, P273, P280, P302 + P352, P305 + P351 + P338, P333 + P313, P337 + P313, P362 + P364, P370 + P378,P391, P403 + P235, P501",G,H,1,1,0.24,1.5,1.74,0018780110,9/23/2025,9/23/2026,1,
IFF-QB00092,P0301010D,FOUGERE 959-A (DRAKKAR),Mezcla,ATENCION,1 800 002 1400,"H227, H315, H317,
H319, H411","P210, P261, P264, P272, P273, P280, P302 + P352, P305 + P351 + P338, P333 + P313, P337 + P313, P362 + P364, P370 + P378,P391, P403 + P235, P501",G,H,1,1,0.24,2,2.24,0018780110,9/23/2025,9/23/2026,1,
IFF-QB00092,P0301010E,FOUGERE 959-A (DRAKKAR),Mezcla,ATENCION,1 800 002 1400,"H227, H315, H317,
H319, H411","P210, P261, P264, P272, P273, P280, P302 + P352, P305 + P351 + P338, P333 + P313, P337 + P313, P362 + P364, P370 + P378,P391, P403 + P235, P501",G,H,1,1,0.24,3,3.24,0018780110,9/23/2025,9/23/2026,1,
IFF-QB00092,P0301010F,FOUGERE 959-A (DRAKKAR),Mezcla,ATENCION,1 800 002 1400,"H227, H315, H317,
H319, H411","P210, P261, P264, P272, P273, P280, P302 + P352, P305 + P351 + P338, P333 + P313, P337 + P313, P362 + P364, P370 + P378,P391, P403 + P235, P501",G,H,1,1,0.24,4,4.24,0018780110,9/23/2025,9/23/2026,1,
IFF-QB00092,P0301010G,FOUGERE 959-A (DRAKKAR),Mezcla,ATENCION,1 800 002 1400,"H227, H315, H317,
H319, H411","P210, P261, P264, P272, P273, P280, P302 + P352, P305 + P351 + P338, P333 + P313, P337 + P313, P362 + P364, P370 + P378,P391, P403 + P235, P501",G,H,1,1,0.28,5,5.28,0018780110,9/23/2025,9/23/2026,1,
IFF-QB00092,P0301010H,FOUGERE 959-A (DRAKKAR),Mezcla,ATENCION,1 800 002 1400,"H227, H315, H317,
H319, H411","P210, P261, P264, P272, P273, P280, P302 + P352, P305 + P351 + P338, P333 + P313, P337 + P313, P362 + P364, P370 + P378,P391, P403 + P235, P501",G,H,1,1,0.48,10,10.48,0018780110,9/23/2025,9/23/2026,1,
IFF-QB00092,P0301010I,FOUGERE 959-A (DRAKKAR),Mezcla,ATENCION,1 800 002 1400,"H227, H315, H317,
H319, H411","P210, P261, P264, P272, P273, P280, P302 + P352, P305 + P351 + P338, P333 + P313, P337 + P313, P362 + P364, P370 + P378,P391, P403 + P235, P501",G,H,1,1,0.9,15,15.9,0018780110,9/23/2025,9/23/2026,1,
IFF-QB00092,P0301010J,FOUGERE 959-A (DRAKKAR),Mezcla,ATENCION,1 800 002 1400,"H227, H315, H317,
H319, H411","P210, P261, P264, P272, P273, P280, P302 + P352, P305 + P351 + P338, P333 + P313, P337 + P313, P362 + P364, P370 + P378,P391, P403 + P235, P501",G,H,1,1,0.9,20,20.9,0018780110,9/23/2025,9/23/2026,1,
,,,,,,,,,,,,,,,,,,,
IFF-QB00076,P0301014A,BOSS 3117 (NATURAL COCONUT),Mezcla,ATENCION,1 800 002 1400,"H316, H317, H402","P261, P272, P273, P280, P302 + P352, P333 + P313, P362 + P364, P501",G,1,1,1,0.09,0.5,0.59,0018047799,10/26/2025,10/26/2026,1,
IFF-QB00076,P0301014B,BOSS 3117 (NATURAL COCONUT),Mezcla,ATENCION,1 800 002 1400,"H316, H317, H402","P261, P272, P273, P280, P302 + P352, P333 + P313, P362 + P364, P501",G,1,1,1,0.09,1,1.09,0018047799,10/26/2025,10/26/2026,1,
IFF-QB00076,P0301014C,BOSS 3117 (NATURAL COCONUT),Mezcla,ATENCION,1 800 002 1400,"H316, H317, H402","P261, P272, P273, P280, P302 + P352, P333 + P313, P362 + P364, P501",G,1,1,1,0.24,1.5,1.74,0018047799,10/26/2025,10/26/2026,1,
IFF-QB00076,P0301014D,BOSS 3117 (NATURAL COCONUT),Mezcla,ATENCION,1 800 002 1400,"H316, H317, H402","P261, P272, P273, P280, P302 + P352, P333 + P313, P362 + P364, P501",G,1,1,1,0.24,2,2.24,0018047799,10/26/2025,10/26/2026,1,
IFF-QB00076,P0301014E,BOSS 3117 (NATURAL COCONUT),Mezcla,ATENCION,1 800 002 1400,"H316, H317, H402","P261, P272, P273, P280, P302 + P352, P333 + P313, P362 + P364, P501",G,1,1,1,0.24,3,3.24,0018047799,10/26/2025,10/26/2026,1,
IFF-QB00076,P0301014F,BOSS 3117 (NATURAL COCONUT),Mezcla,ATENCION,1 800 002 1400,"H316, H317, H402","P261, P272, P273, P280, P302 + P352, P333 + P313, P362 + P364, P501",G,1,1,1,0.24,4,4.24,0018047799,10/26/2025,10/26/2026,1,
IFF-QB00076,P0301014G,BOSS 3117 (NATURAL COCONUT),Mezcla,ATENCION,1 800 002 1400,"H316, H317, H402","P261, P272, P273, P280, P302 + P352, P333 + P313, P362 + P364, P501",G,1,1,1,0.28,5,5.28,0018047799,10/26/2025,10/26/2026,1,
IFF-QB00076,P0301014H,BOSS 3117 (NATURAL COCONUT),Mezcla,ATENCION,1 800 002 1400,"H316, H317, H402","P261, P272, P273, P280, P302 + P352, P333 + P313, P362 + P364, P501",G,1,1,1,0.48,10,10.48,0018047799,10/26/2025,10/26/2026,1,
IFF-QB00076,P0301014I,BOSS 3117 (NATURAL COCONUT),Mezcla,ATENCION,1 800 002 1400,"H316, H317, H402","P261, P272, P273, P280, P302 + P352, P333 + P313, P362 + P364, P501",G,1,1,1,0.9,15,15.9,0018047799,10/26/2025,10/26/2026,1,
IFF-QB00076,P0301014J,BOSS 3117 (NATURAL COCONUT),Mezcla,ATENCION,1 800 002 1400,"H316, H317, H402","P261, P272, P273, P280, P302 + P352, P333 + P313, P362 + P364, P501",G,1,1,1,0.9,20,20.9,0018047799,10/26/2025,10/26/2026,1,
,,,,,,,,,,,,,,,,,,,
IFF-QB00077,P0301017A,BOSS 3156 (TALK),Mezcla,PELIGRO,1 800 002 1400,"H316, H317, H318,
H411","P261, P272, P273, P280, P302 + P352, P305 + P351 + P338 + P310, P333 + P313,
P362 + P364, P391, P501",G,H,1,1,0.09,0.5,0.59,0013017496,4/26/2021,4/26/2022,1,
IFF-QB00077,P0301017B,BOSS 3156 (TALK),Mezcla,PELIGRO,1 800 002 1400,"H316, H317, H318,
H411","P261, P272, P273, P280, P302 + P352, P305 + P351 + P338 + P310, P333 + P313,
P362 + P364, P391, P501",G,H,1,1,0.09,1,1.09,0013017496,4/26/2021,4/26/2022,1,
IFF-QB00077,P0301017C,BOSS 3156 (TALK),Mezcla,PELIGRO,1 800 002 1400,"H316, H317, H318,
H411","P261, P272, P273, P280, P302 + P352, P305 + P351 + P338 + P310, P333 + P313,
P362 + P364, P391, P501",G,H,1,1,0.24,1.5,1.74,0013017496,4/26/2021,4/26/2022,1,
IFF-QB00077,P0301017D,BOSS 3156 (TALK),Mezcla,PELIGRO,1 800 002 1400,"H316, H317, H318,
H411","P261, P272, P273, P280, P302 + P352, P305 + P351 + P338 + P310, P333 + P313,
P362 + P364, P391, P501",G,H,1,1,0.24,2,2.24,0013017496,4/26/2021,4/26/2022,1,
IFF-QB00077,P0301017E,BOSS 3156 (TALK),Mezcla,PELIGRO,1 800 002 1400,"H316, H317, H318,
H411","P261, P272, P273, P280, P302 + P352, P305 + P351 + P338 + P310, P333 + P313,
P362 + P364, P391, P501",G,H,1,1,0.24,3,3.24,0013017496,4/26/2021,4/26/2022,1,
IFF-QB00077,P0301017F,BOSS 3156 (TALK),Mezcla,PELIGRO,1 800 002 1400,"H316, H317, H318,
H411","P261, P272, P273, P280, P302 + P352, P305 + P351 + P338 + P310, P333 + P313,
P362 + P364, P391, P501",G,H,1,1,0.24,4,4.24,0013017496,4/26/2021,4/26/2022,1,
IFF-QB00077,P0301017G,BOSS 3156 (TALK),Mezcla,PELIGRO,1 800 002 1400,"H316, H317, H318,
H411","P261, P272, P273, P280, P302 + P352, P305 + P351 + P338 + P310, P333 + P313,
P362 + P364, P391, P501",G,H,1,1,0.28,5,5.28,0013017496,4/26/2021,4/26/2022,1,
IFF-QB00077,P0301017H,BOSS 3156 (TALK),Mezcla,PELIGRO,1 800 002 1400,"H316, H317, H318,
H411","P261, P272, P273, P280, P302 + P352, P305 + P351 + P338 + P310, P333 + P313,
P362 + P364, P391, P501",G,H,1,1,0.48,10,10.48,0013017496,4/26/2021,4/26/2022,1,
IFF-QB00077,P0301017I,BOSS 3156 (TALK),Mezcla,PELIGRO,1 800 002 1400,"H316, H317, H318,
H411","P261, P272, P273, P280, P302 + P352, P305 + P351 + P338 + P310, P333 + P313,
P362 + P364, P391, P501",G,H,1,1,0.9,15,15.9,0013017496,4/26/2021,4/26/2022,1,
IFF-QB00077,P0301017J,BOSS 3156 (TALK),Mezcla,PELIGRO,1 800 002 1400,"H316, H317, H318,
H411","P261, P272, P273, P280, P302 + P352, P305 + P351 + P338 + P310, P333 + P313,
P362 + P364, P391, P501",G,H,1,1,0.9,20,20.9,0013017496,5/18/2020,4/26/2022,1,
,,,,,,,,,,,,,,,,,,,
IFF-QB00079,P0301018A,CHA 251,Mezcla,ATENCION,1 800 002 1400,"H227, H315, H317,
H319, H411","P210, P261, P264, P272, P273, P280, P302 + P352,  P305 + P351 + P338, P333 + P313,  P337 + P313,  P362 + P364,  P370 + P378, P391, P403 + P235, P501  ",G,H,1,1,0.09,0.5,0.59,0017691966,8/9/2025,8/9/2026,1,
IFF-QB00079,P0301018B,CHA 251,Mezcla,ATENCION,1 800 002 1400,"H227, H315, H317,
H319, H411","P210, P261, P264, P272, P273, P280, P302 + P352,  P305 + P351 + P338, P333 + P313,  P337 + P313,  P362 + P364,  P370 + P378, P391, P403 + P235, P501  ",G,H,1,1,0.09,1,1.09,0017691966,8/9/2025,8/9/2026,1,
IFF-QB00079,P0301018C,CHA 251,Mezcla,ATENCION,1 800 002 1400,"H227, H315, H317,
H319, H411","P210, P261, P264, P272, P273, P280, P302 + P352,  P305 + P351 + P338, P333 + P313,  P337 + P313,  P362 + P364,  P370 + P378, P391, P403 + P235, P501  ",G,H,1,1,0.24,1.5,1.74,0017691966,8/9/2025,8/9/2026,1,
IFF-QB00079,P0301018D,CHA 251,Mezcla,ATENCION,1 800 002 1400,"H227, H315, H317,
H319, H411","P210, P261, P264, P272, P273, P280, P302 + P352,  P305 + P351 + P338, P333 + P313,  P337 + P313,  P362 + P364,  P370 + P378, P391, P403 + P235, P501  ",G,H,1,1,0.24,2,2.24,0017691966,8/9/2025,8/9/2026,1,
IFF-QB00079,P0301018E,CHA 251,Mezcla,ATENCION,1 800 002 1400,"H227, H315, H317,
H319, H411","P210, P261, P264, P272, P273, P280, P302 + P352,  P305 + P351 + P338, P333 + P313,  P337 + P313,  P362 + P364,  P370 + P378, P391, P403 + P235, P501  ",G,H,1,1,0.24,3,3.24,0017691966,8/9/2025,8/9/2026,1,
IFF-QB00079,P0301018F,CHA 251,Mezcla,ATENCION,1 800 002 1400,"H227, H315, H317,
H319, H411","P210, P261, P264, P272, P273, P280, P302 + P352,  P305 + P351 + P338, P333 + P313,  P337 + P313,  P362 + P364,  P370 + P378, P391, P403 + P235, P501  ",G,H,1,1,0.24,4,4.24,0017691966,8/9/2025,8/9/2026,1,
IFF-QB00079,P0301018G,CHA 251,Mezcla,ATENCION,1 800 002 1400,"H227, H315, H317,
H319, H411","P210, P261, P264, P272, P273, P280, P302 + P352,  P305 + P351 + P338, P333 + P313,  P337 + P313,  P362 + P364,  P370 + P378, P391, P403 + P235, P501  ",G,H,1,1,0.28,5,5.28,0017691966,8/9/2025,8/9/2026,1,
IFF-QB00079,P0301018H,CHA 251,Mezcla,ATENCION,1 800 002 1400,"H227, H315, H317,
H319, H411","P210, P261, P264, P272, P273, P280, P302 + P352,  P305 + P351 + P338, P333 + P313,  P337 + P313,  P362 + P364,  P370 + P378, P391, P403 + P235, P501  ",G,H,1,1,0.48,10,10.48,0017691966,8/9/2025,8/9/2026,1,
IFF-QB00079,P0301018I,CHA 251,Mezcla,ATENCION,1 800 002 1400,"H227, H315, H317,
H319, H411","P210, P261, P264, P272, P273, P280, P302 + P352,  P305 + P351 + P338, P333 + P313,  P337 + P313,  P362 + P364,  P370 + P378, P391, P403 + P235, P501  ",G,H,1,1,0.9,15,15.9,0017691966,8/9/2025,8/9/2026,1,
IFF-QB00079,P0301018J,CHA 251,Mezcla,ATENCION,1 800 002 1400,"H227, H315, H317,
H319, H411","P210, P261, P264, P272, P273, P280, P302 + P352,  P305 + P351 + P338, P333 + P313,  P337 + P313,  P362 + P364,  P370 + P378, P391, P403 + P235, P501  ",G,H,1,1,0.9,20,20.9,0017691966,8/9/2025,8/9/2026,1,
,,,,,,,,,,,,,,,,,,,
IFF-QB00089,P0301019A,ETERN 0021,Mezcla,ATENCION,1 800 002 1400,"H315, H317, H411","P261, P264, P272, P273, P280, P302 + P352, P333 + P313, P362 + P364, P391, P501",G,H,1,1,0.09,0.5,0.59,0018622797,8/29/2025,8/29/2026,1,
IFF-QB00089,P0301019B,ETERN 0021,Mezcla,ATENCION,1 800 002 1400,"H315, H317, H411","P261, P264, P272, P273, P280, P302 + P352, P333 + P313, P362 + P364, P391, P501",G,H,1,1,0.09,1,1.09,0018622797,8/29/2025,8/29/2026,1,
IFF-QB00089,P0301019C,ETERN 0021,Mezcla,ATENCION,1 800 002 1400,"H315, H317, H411","P261, P264, P272, P273, P280, P302 + P352, P333 + P313, P362 + P364, P391, P501",G,H,1,1,0.24,1.5,1.74,0018622797,8/29/2025,8/29/2026,1,
IFF-QB00089,P0301019D,ETERN 0021,Mezcla,ATENCION,1 800 002 1400,"H315, H317, H411","P261, P264, P272, P273, P280, P302 + P352, P333 + P313, P362 + P364, P391, P501",G,H,1,1,0.24,2,2.24,0018622797,8/29/2025,8/29/2026,1,
IFF-QB00089,P0301019E,ETERN 0021,Mezcla,ATENCION,1 800 002 1400,"H315, H317, H411","P261, P264, P272, P273, P280, P302 + P352, P333 + P313, P362 + P364, P391, P501",G,H,1,1,0.24,3,3.24,0018622797,8/29/2025,8/29/2026,1,
IFF-QB00089,P0301019F,ETERN 0021,Mezcla,ATENCION,1 800 002 1400,"H315, H317, H411","P261, P264, P272, P273, P280, P302 + P352, P333 + P313, P362 + P364, P391, P501",G,H,1,1,0.24,4,4.24,0018622797,8/29/2025,8/29/2026,1,
IFF-QB00089,P0301019G,ETERN 0021,Mezcla,ATENCION,1 800 002 1400,"H315, H317, H411","P261, P264, P272, P273, P280, P302 + P352, P333 + P313, P362 + P364, P391, P501",G,H,1,1,0.28,5,5.28,0018622797,8/29/2025,8/29/2026,1,
IFF-QB00089,P0301019H,ETERN 0021,Mezcla,ATENCION,1 800 002 1400,"H315, H317, H411","P261, P264, P272, P273, P280, P302 + P352, P333 + P313, P362 + P364, P391, P501",G,H,1,1,0.48,10,10.48,0018622797,8/29/2025,8/29/2026,1,
IFF-QB00089,P0301019I,ETERN 0021,Mezcla,ATENCION,1 800 002 1400,"H315, H317, H411","P261, P264, P272, P273, P280, P302 + P352, P333 + P313, P362 + P364, P391, P501",G,H,1,1,0.9,15,15.9,0018622797,8/29/2025,8/29/2026,1,
IFF-QB00089,P0301019J,ETERN 0021,Mezcla,ATENCION,1 800 002 1400,"H315, H317, H411","P261, P264, P272, P273, P280, P302 + P352, P333 + P313, P362 + P364, P391, P501",G,H,1,1,0.9,20,20.9,0018622797,8/29/2025,8/29/2026,1,
,,,,,,,,,,,,,,,,,,,
IFF-QB00072,P0301022A,APPLE 930,Mezcla,ATENCION,1 800 002 1400,"H227, H316, H317,
H411","P210, P261, P272, P273, P280, P302 + P352, P333 + P313, P362 + P364, P370 + P378, P391, P403 + P235, P501
",G,1,1,1,0.09,0.5,0.59,0018343644,6/19/2025,6/19/2026,1,
IFF-QB00072,P0301022B,APPLE 930,Mezcla,ATENCION,1 800 002 1400,"H227, H316, H317,
H411","P210, P261, P272, P273, P280, P302 + P352, P333 + P313, P362 + P364, P370 + P378, P391, P403 + P235, P501
",G,1,1,1,0.09,1,1.09,0018343644,6/19/2025,6/19/2026,1,
IFF-QB00072,P0301022C,APPLE 930,Mezcla,ATENCION,1 800 002 1400,"H227, H316, H317,
H411","P210, P261, P272, P273, P280, P302 + P352, P333 + P313, P362 + P364, P370 + P378, P391, P403 + P235, P501
",G,1,1,1,0.24,1.5,1.74,0018343644,6/19/2025,6/19/2026,1,
IFF-QB00072,P0301022D,APPLE 930,Mezcla,ATENCION,1 800 002 1400,"H227, H316, H317,
H411","P210, P261, P272, P273, P280, P302 + P352, P333 + P313, P362 + P364, P370 + P378, P391, P403 + P235, P501
",G,1,1,1,0.24,2,2.24,0018343644,6/19/2025,6/19/2026,1,
IFF-QB00072,P0301022E,APPLE 930,Mezcla,ATENCION,1 800 002 1400,"H227, H316, H317,
H411","P210, P261, P272, P273, P280, P302 + P352, P333 + P313, P362 + P364, P370 + P378, P391, P403 + P235, P501
",G,1,1,1,0.24,3,3.24,0018343644,6/19/2025,6/19/2026,1,
IFF-QB00072,P0301022F,APPLE 930,Mezcla,ATENCION,1 800 002 1400,"H227, H316, H317,
H411","P210, P261, P272, P273, P280, P302 + P352, P333 + P313, P362 + P364, P370 + P378, P391, P403 + P235, P501
",G,1,1,1,0.24,4,4.24,0018343644,6/19/2025,6/19/2026,1,
IFF-QB00072,P0301022G,APPLE 930,Mezcla,ATENCION,1 800 002 1400,"H227, H316, H317,
H411","P210, P261, P272, P273, P280, P302 + P352, P333 + P313, P362 + P364, P370 + P378, P391, P403 + P235, P501
",G,1,1,1,0.28,5,5.28,0018343644,6/19/2025,6/19/2026,1,
IFF-QB00072,P0301022H,APPLE 930,Mezcla,ATENCION,1 800 002 1400,"H227, H316, H317,
H411","P210, P261, P272, P273, P280, P302 + P352, P333 + P313, P362 + P364, P370 + P378, P391, P403 + P235, P501
",G,1,1,1,0.48,10,10.48,0018343644,6/19/2025,6/19/2026,1,
IFF-QB00072,P0301022I,APPLE 930,Mezcla,ATENCION,1 800 002 1400,"H227, H316, H317,
H411","P210, P261, P272, P273, P280, P302 + P352, P333 + P313, P362 + P364, P370 + P378, P391, P403 + P235, P501
",G,1,1,1,0.9,15,15.9,0018343644,6/19/2025,6/19/2026,1,
IFF-QB00072,P0301022J,APPLE 930,Mezcla,ATENCION,1 800 002 1400,"H227, H316, H317,
H411","P210, P261, P272, P273, P280, P302 + P352, P333 + P313, P362 + P364, P370 + P378, P391, P403 + P235, P501
",G,1,1,1,0.9,20,20.9,0018343644,6/19/2025,6/19/2026,1,
,,,,,,,,,,,,,,,,,,,
IFF-QB00081,P0301023A,CHERRY 697,Mezcla,ATENCION,1 800 002 1400,"H226, H316, H317,
H319, H410","P210, P233, P240, P241, P242, P243, P261, P264, P272, P273, P280, P303 + P361 + P353, P305 + P351 + P338, P333 + P313, P337 + P313, P362 + P364, P370 + P378, P391, P403 + P235, P501",B,G,H,1,0.09,0.5,0.59,0018780711,9/25/2025,9/25/2026,1,
IFF-QB00081,P0301023B,CHERRY 697,Mezcla,ATENCION,1 800 002 1400,"H226, H316, H317,
H319, H410","P210, P233, P240, P241, P242, P243, P261, P264, P272, P273, P280, P303 + P361 + P353, P305 + P351 + P338, P333 + P313, P337 + P313, P362 + P364, P370 + P378, P391, P403 + P235, P501",B,G,H,1,0.09,1,1.09,0018780711,9/25/2025,9/25/2026,1,
IFF-QB00081,P0301023C,CHERRY 697,Mezcla,ATENCION,1 800 002 1400,"H226, H316, H317,
H319, H410","P210, P233, P240, P241, P242, P243, P261, P264, P272, P273, P280, P303 + P361 + P353, P305 + P351 + P338, P333 + P313, P337 + P313, P362 + P364, P370 + P378, P391, P403 + P235, P501",B,G,H,1,0.24,1.5,1.74,0018780711,9/25/2025,9/25/2026,1,
IFF-QB00081,P0301023D,CHERRY 697,Mezcla,ATENCION,1 800 002 1400,"H226, H316, H317,
H319, H410","P210, P233, P240, P241, P242, P243, P261, P264, P272, P273, P280, P303 + P361 + P353, P305 + P351 + P338, P333 + P313, P337 + P313, P362 + P364, P370 + P378, P391, P403 + P235, P501",B,G,H,1,0.24,2,2.24,0018780711,9/25/2025,9/25/2026,1,
IFF-QB00081,P0301023E,CHERRY 697,Mezcla,ATENCION,1 800 002 1400,"H226, H316, H317,
H319, H410","P210, P233, P240, P241, P242, P243, P261, P264, P272, P273, P280, P303 + P361 + P353, P305 + P351 + P338, P333 + P313, P337 + P313, P362 + P364, P370 + P378, P391, P403 + P235, P501",B,G,H,1,0.24,3,3.24,0018780711,9/25/2025,9/25/2026,1,
IFF-QB00081,P0301023F,CHERRY 697,Mezcla,ATENCION,1 800 002 1400,"H226, H316, H317,
H319, H410","P210, P233, P240, P241, P242, P243, P261, P264, P272, P273, P280, P303 + P361 + P353, P305 + P351 + P338, P333 + P313, P337 + P313, P362 + P364, P370 + P378, P391, P403 + P235, P501",B,G,H,1,0.24,4,4.24,0018780711,9/25/2025,9/25/2026,1,
IFF-QB00081,P0301023G,CHERRY 697,Mezcla,ATENCION,1 800 002 1400,"H226, H316, H317,
H319, H410","P210, P233, P240, P241, P242, P243, P261, P264, P272, P273, P280, P303 + P361 + P353, P305 + P351 + P338, P333 + P313, P337 + P313, P362 + P364, P370 + P378, P391, P403 + P235, P501",B,G,H,1,0.28,5,5.28,0018780711,9/25/2025,9/25/2026,1,
IFF-QB00081,P0301023H,CHERRY 697,Mezcla,ATENCION,1 800 002 1400,"H226, H316, H317,
H319, H410","P210, P233, P240, P241, P242, P243, P261, P264, P272, P273, P280, P303 + P361 + P353, P305 + P351 + P338, P333 + P313, P337 + P313, P362 + P364, P370 + P378, P391, P403 + P235, P501",B,G,H,1,0.48,10,10.48,0018780711,9/25/2025,9/25/2026,1,
IFF-QB00081,P0301023I,CHERRY 697,Mezcla,ATENCION,1 800 002 1400,"H226, H316, H317,
H319, H410","P210, P233, P240, P241, P242, P243, P261, P264, P272, P273, P280, P303 + P361 + P353, P305 + P351 + P338, P333 + P313, P337 + P313, P362 + P364, P370 + P378, P391, P403 + P235, P501",B,G,H,1,0.9,15,15.9,0018780711,9/25/2025,9/25/2026,1,
IFF-QB00081,P0301023J,CHERRY 697,Mezcla,ATENCION,1 800 002 1400,"H226, H316, H317,
H319, H410","P210, P233, P240, P241, P242, P243, P261, P264, P272, P273, P280, P303 + P361 + P353, P305 + P351 + P338, P333 + P313, P337 + P313, P362 + P364, P370 + P378, P391, P403 + P235, P501",B,G,H,1,0.9,20,20.9,0018780711,9/25/2025,9/25/2026,1,
,,,,,,,,,,,,,,,,,,,
IFF-QB00103,P0301024A,PEACH 299 MOD,Mezcla,ATENCION,1 800 002 1400,"H227, H316, H317,
H411","P210, P261, P272, P273, P280, P302 + P352, P333 + P313, P362 + P364, P370 + P378, P391, P403 + P235, P501",G,1,1,1,0.09,0.5,0.59,0018835995,10/22/2025,10/22/2026,1,
IFF-QB00103,P0301024B,PEACH 299 MOD,Mezcla,ATENCION,1 800 002 1400,"H227, H316, H317,
H411","P210, P261, P272, P273, P280, P302 + P352, P333 + P313, P362 + P364, P370 + P378, P391, P403 + P235, P501",G,1,1,1,0.09,1,1.09,0018835995,10/22/2025,10/22/2026,1,
IFF-QB00103,P0301024C,PEACH 299 MOD,Mezcla,ATENCION,1 800 002 1400,"H227, H316, H317,
H411","P210, P261, P272, P273, P280, P302 + P352, P333 + P313, P362 + P364, P370 + P378, P391, P403 + P235, P501",G,1,1,1,0.24,1.5,1.74,0018835995,10/22/2025,10/22/2026,1,
IFF-QB00103,P0301024D,PEACH 299 MOD,Mezcla,ATENCION,1 800 002 1400,"H227, H316, H317,
H411","P210, P261, P272, P273, P280, P302 + P352, P333 + P313, P362 + P364, P370 + P378, P391, P403 + P235, P501",G,1,1,1,0.24,2,2.24,0018835995,10/22/2025,10/22/2026,1,
IFF-QB00103,P0301024E,PEACH 299 MOD,Mezcla,ATENCION,1 800 002 1400,"H227, H316, H317,
H411","P210, P261, P272, P273, P280, P302 + P352, P333 + P313, P362 + P364, P370 + P378, P391, P403 + P235, P501",G,1,1,1,0.24,3,3.24,0018835995,10/22/2025,10/22/2026,1,
IFF-QB00103,P0301024F,PEACH 299 MOD,Mezcla,ATENCION,1 800 002 1400,"H227, H316, H317,
H411","P210, P261, P272, P273, P280, P302 + P352, P333 + P313, P362 + P364, P370 + P378, P391, P403 + P235, P501",G,1,1,1,0.24,4,4.24,0018835995,10/22/2025,10/22/2026,1,
IFF-QB00103,P0301024G,PEACH 299 MOD,Mezcla,ATENCION,1 800 002 1400,"H227, H316, H317,
H411","P210, P261, P272, P273, P280, P302 + P352, P333 + P313, P362 + P364, P370 + P378, P391, P403 + P235, P501",G,1,1,1,0.28,5,5.28,0018835995,10/22/2025,10/22/2026,1,
IFF-QB00103,P0301024H,PEACH 299 MOD,Mezcla,ATENCION,1 800 002 1400,"H227, H316, H317,
H411","P210, P261, P272, P273, P280, P302 + P352, P333 + P313, P362 + P364, P370 + P378, P391, P403 + P235, P501",G,1,1,1,0.48,10,10.48,0018835995,10/22/2025,10/22/2026,1,
IFF-QB00103,P0301024I,PEACH 299 MOD,Mezcla,ATENCION,1 800 002 1400,"H227, H316, H317,
H411","P210, P261, P272, P273, P280, P302 + P352, P333 + P313, P362 + P364, P370 + P378, P391, P403 + P235, P501",G,1,1,1,0.9,15,15.9,0018835995,10/22/2025,10/22/2026,1,
IFF-QB00103,P0301024J,PEACH 299 MOD,Mezcla,ATENCION,1 800 002 1400,"H227, H316, H317,
H411","P210, P261, P272, P273, P280, P302 + P352, P333 + P313, P362 + P364, P370 + P378, P391, P403 + P235, P501",G,1,1,1,0.9,20,20.9,0018835995,10/22/2025,10/22/2026,1,
,,,,,,,,,,,,,,,,,,,
IFF-QB00093,P0301025A,FRESA 80,Mezcla,ATENCION,1 800 002 1400,"H227, H316, H317,
H411","P210, P261, P272, P273, P280, P302 + P352, P333 + P313, P362 + P364, P370 + P378, P391, P403 + P235, P501",G,1,1,1,0.09,0.5,0.59,0018622794,8/28/2025,8/28/2026,1,
IFF-QB00093,P0301025B,FRESA 80,Mezcla,ATENCION,1 800 002 1400,"H227, H316, H317,
H411","P210, P261, P272, P273, P280, P302 + P352, P333 + P313, P362 + P364, P370 + P378, P391, P403 + P235, P501",G,1,1,1,0.09,1,1.09,0018622794,8/28/2025,8/28/2026,1,
IFF-QB00093,P0301025C,FRESA 80,Mezcla,ATENCION,1 800 002 1400,"H227, H316, H317,
H411","P210, P261, P272, P273, P280, P302 + P352, P333 + P313, P362 + P364, P370 + P378, P391, P403 + P235, P501",G,1,1,1,0.24,1.5,1.74,0018622794,8/28/2025,8/28/2026,1,
IFF-QB00093,P0301025D,FRESA 80,Mezcla,ATENCION,1 800 002 1400,"H227, H316, H317,
H411","P210, P261, P272, P273, P280, P302 + P352, P333 + P313, P362 + P364, P370 + P378, P391, P403 + P235, P501",G,1,1,1,0.24,2,2.24,0018622794,8/28/2025,8/28/2026,1,
IFF-QB00093,P0301025E,FRESA 80,Mezcla,ATENCION,1 800 002 1400,"H227, H316, H317,
H411","P210, P261, P272, P273, P280, P302 + P352, P333 + P313, P362 + P364, P370 + P378, P391, P403 + P235, P501",G,1,1,1,0.24,3,3.24,0018622794,8/28/2025,8/28/2026,1,
IFF-QB00093,P0301025F,FRESA 80,Mezcla,ATENCION,1 800 002 1400,"H227, H316, H317,
H411","P210, P261, P272, P273, P280, P302 + P352, P333 + P313, P362 + P364, P370 + P378, P391, P403 + P235, P501",G,1,1,1,0.24,4,4.24,0018622794,8/28/2025,8/28/2026,1,
IFF-QB00093,P0301025G,FRESA 80,Mezcla,ATENCION,1 800 002 1400,"H227, H316, H317,
H411","P210, P261, P272, P273, P280, P302 + P352, P333 + P313, P362 + P364, P370 + P378, P391, P403 + P235, P501",G,1,1,1,0.28,5,5.28,0018622794,8/28/2025,8/28/2026,1,
IFF-QB00093,P0301025H,FRESA 80,Mezcla,ATENCION,1 800 002 1400,"H227, H316, H317,
H411","P210, P261, P272, P273, P280, P302 + P352, P333 + P313, P362 + P364, P370 + P378, P391, P403 + P235, P501",G,1,1,1,0.48,10,10.48,0018622794,8/28/2025,8/28/2026,1,
IFF-QB00093,P0301025I,FRESA 80,Mezcla,ATENCION,1 800 002 1400,"H227, H316, H317,
H411","P210, P261, P272, P273, P280, P302 + P352, P333 + P313, P362 + P364, P370 + P378, P391, P403 + P235, P501",G,1,1,1,0.9,15,15.9,0018622794,8/28/2025,8/28/2026,1,
IFF-QB00093,P0301025J,FRESA 80,Mezcla,ATENCION,1 800 002 1400,"H227, H316, H317,
H411","P210, P261, P272, P273, P280, P302 + P352, P333 + P313, P362 + P364, P370 + P378, P391, P403 + P235, P501",G,1,1,1,0.9,20,20.9,0018622794,8/28/2025,8/28/2026,1,
,,,,,,,,,,,,,,,,,,,
IFF-QB00071,P0301028A,SOFT BABY 611,Mezcla,PELIGRO,1 800 002 1400,"H226, H316, H317,
H318, H411","P210, P233, P240, P241, P242, P243, P261, P272, P273, P280, P303 + P361 + P353,
P305 + P351 + P338 + P310, P333 + P313, P362 + P364, P370 + P378, P391, P403 + P235, P501",G,1,H,B,0.09,0.5,0.59,0018490808,7/31/2025,7/31/2026,1,
IFF-QB00071,P0301028B,SOFT BABY 611,Mezcla,PELIGRO,1 800 002 1400,"H226, H316, H317,
H318, H411","P210, P233, P240, P241, P242, P243, P261, P272, P273, P280, P303 + P361 + P353,
P305 + P351 + P338 + P310, P333 + P313, P362 + P364, P370 + P378, P391, P403 + P235, P501",G,1,H,B,0.09,1,1.09,0018490808,7/31/2025,7/31/2026,1,
IFF-QB00071,P0301028C,SOFT BABY 611,Mezcla,PELIGRO,1 800 002 1400,"H226, H316, H317,
H318, H411","P210, P233, P240, P241, P242, P243, P261, P272, P273, P280, P303 + P361 + P353,
P305 + P351 + P338 + P310, P333 + P313, P362 + P364, P370 + P378, P391, P403 + P235, P501",G,1,H,B,0.24,1.5,1.74,0018490808,7/31/2025,7/31/2026,1,
IFF-QB00071,P0301028D,SOFT BABY 611,Mezcla,PELIGRO,1 800 002 1400,"H226, H316, H317,
H318, H411","P210, P233, P240, P241, P242, P243, P261, P272, P273, P280, P303 + P361 + P353,
P305 + P351 + P338 + P310, P333 + P313, P362 + P364, P370 + P378, P391, P403 + P235, P501",G,1,H,B,0.24,2,2.24,0018490808,7/31/2025,7/31/2026,1,
IFF-QB00071,P0301028E,SOFT BABY 611,Mezcla,PELIGRO,1 800 002 1400,"H226, H316, H317,
H318, H411","P210, P233, P240, P241, P242, P243, P261, P272, P273, P280, P303 + P361 + P353,
P305 + P351 + P338 + P310, P333 + P313, P362 + P364, P370 + P378, P391, P403 + P235, P501",G,1,H,B,0.24,3,3.24,0018490808,7/31/2025,7/31/2026,1,
IFF-QB00071,P0301028F,SOFT BABY 611,Mezcla,PELIGRO,1 800 002 1400,"H226, H316, H317,
H318, H411","P210, P233, P240, P241, P242, P243, P261, P272, P273, P280, P303 + P361 + P353,
P305 + P351 + P338 + P310, P333 + P313, P362 + P364, P370 + P378, P391, P403 + P235, P501",G,1,H,B,0.24,4,4.24,0018490808,7/31/2025,7/31/2026,1,
IFF-QB00071,P0301028G,SOFT BABY 611,Mezcla,PELIGRO,1 800 002 1400,"H226, H316, H317,
H318, H411","P210, P233, P240, P241, P242, P243, P261, P272, P273, P280, P303 + P361 + P353,
P305 + P351 + P338 + P310, P333 + P313, P362 + P364, P370 + P378, P391, P403 + P235, P501",G,1,H,B,0.28,5,5.28,0018490808,7/31/2025,7/31/2026,1,
IFF-QB00071,P0301028H,SOFT BABY 611,Mezcla,PELIGRO,1 800 002 1400,"H226, H316, H317,
H318, H411","P210, P233, P240, P241, P242, P243, P261, P272, P273, P280, P303 + P361 + P353,
P305 + P351 + P338 + P310, P333 + P313, P362 + P364, P370 + P378, P391, P403 + P235, P501",G,1,H,B,0.48,10,10.48,0018490808,7/31/2025,7/31/2026,1,
IFF-QB00071,P0301028I,SOFT BABY 611,Mezcla,PELIGRO,1 800 002 1400,"H226, H316, H317,
H318, H411","P210, P233, P240, P241, P242, P243, P261, P272, P273, P280, P303 + P361 + P353,
P305 + P351 + P338 + P310, P333 + P313, P362 + P364, P370 + P378, P391, P403 + P235, P501",G,1,H,B,0.9,15,15.9,0018490808,7/31/2025,7/31/2026,1,
IFF-QB00071,P0301028J,SOFT BABY 611,Mezcla,PELIGRO,1 800 002 1400,"H226, H316, H317,
H318, H411","P210, P233, P240, P241, P242, P243, P261, P272, P273, P280, P303 + P361 + P353,
P305 + P351 + P338 + P310, P333 + P313, P362 + P364, P370 + P378, P391, P403 + P235, P501",G,1,H,B,0.9,20,20.9,0018490808,7/31/2025,7/31/2026,1,
,,,,,,,,,,,,,,,,,,,
IFF-QB00101,P0301111A,MNO-015G (CAR. HERR.),Mezcla,ATENCION,1 800 002 1400,"H316, H317, H411","P261, P272, P273, P280, P302+P352, P333+P313,
P362+ P364, P391, P501",G,H,1,1,0.09,0.5,0.59,0018742519,9/18/2025,9/18/2026,1,
IFF-QB00101,P0301111B,MNO-015G (CAR. HERR.),Mezcla,ATENCION,1 800 002 1400,"H316, H317, H411","P261, P272, P273, P280, P302+P352, P333+P313,
P362+ P364, P391, P501",G,H,1,1,0.09,1,1.09,0018742519,9/18/2025,9/18/2026,1,
IFF-QB00101,P0301111C,MNO-015G (CAR. HERR.),Mezcla,ATENCION,1 800 002 1400,"H316, H317, H411","P261, P272, P273, P280, P302+P352, P333+P313,
P362+ P364, P391, P501",G,H,1,1,0.24,1.5,1.74,0018742519,9/18/2025,9/18/2026,1,
IFF-QB00101,P0301111D,MNO-015G (CAR. HERR.),Mezcla,ATENCION,1 800 002 1400,"H316, H317, H411","P261, P272, P273, P280, P302+P352, P333+P313,
P362+ P364, P391, P501",G,H,1,1,0.24,2,2.24,0018742519,9/18/2025,9/18/2026,1,
IFF-QB00101,P0301111E,MNO-015G (CAR. HERR.),Mezcla,ATENCION,1 800 002 1400,"H316, H317, H411","P261, P272, P273, P280, P302+P352, P333+P313,
P362+ P364, P391, P501",G,H,1,1,0.24,3,3.24,0018742519,9/18/2025,9/18/2026,1,
IFF-QB00101,P0301111F,MNO-015G (CAR. HERR.),Mezcla,ATENCION,1 800 002 1400,"H316, H317, H411","P261, P272, P273, P280, P302+P352, P333+P313,
P362+ P364, P391, P501",G,H,1,1,0.24,4,4.24,0018742519,9/18/2025,9/18/2026,1,
IFF-QB00101,P0301111G,MNO-015G (CAR. HERR.),Mezcla,ATENCION,1 800 002 1400,"H316, H317, H411","P261, P272, P273, P280, P302+P352, P333+P313,
P362+ P364, P391, P501",G,H,1,1,0.28,5,5.28,0018742519,9/18/2025,9/18/2026,1,
IFF-QB00101,P0301111H,MNO-015G (CAR. HERR.),Mezcla,ATENCION,1 800 002 1400,"H316, H317, H411","P261, P272, P273, P280, P302+P352, P333+P313,
P362+ P364, P391, P501",G,H,1,1,0.48,10,10.48,0018742519,9/18/2025,9/18/2026,1,
IFF-QB00101,P0301111I,MNO-015G (CAR. HERR.),Mezcla,ATENCION,1 800 002 1400,"H316, H317, H411","P261, P272, P273, P280, P302+P352, P333+P313,
P362+ P364, P391, P501",G,H,1,1,0.9,15,15.9,0018742519,9/18/2025,9/18/2026,1,
IFF-QB00101,P0301111J,MNO-015G (CAR. HERR.),Mezcla,ATENCION,1 800 002 1400,"H316, H317, H411","P261, P272, P273, P280, P302+P352, P333+P313,
P362+ P364, P391, P501",G,H,1,1,0.9,20,20.9,0018742519,9/18/2025,9/18/2026,1,
,,,,,,,,,,,,,,,,,,,
IFF-QB00087,P0301112A,COCO 120-A,Mezcla,ATENCION,1 800 002 1400,"H316, H317","P261, P272, P280, P302+P352, 
P333+P313, P362+ P364, P501",G,1,1,1,0.09,0.5,0.59,0018982726,11/24/2025,11/24/2026,1,
IFF-QB00087,P0301112B,COCO 120-A,Mezcla,ATENCION,1 800 002 1400,"H316, H317","P261, P272, P280, P302+P352, 
P333+P313, P362+ P364, P501",G,1,1,1,0.09,1,1.09,0018982726,11/24/2025,11/24/2026,1,
IFF-QB00087,P0301112C,COCO 120-A,Mezcla,ATENCION,1 800 002 1400,"H316, H317","P261, P272, P280, P302+P352, 
P333+P313, P362+ P364, P501",G,1,1,1,0.24,1.5,1.74,0018982726,11/24/2025,11/24/2026,1,
IFF-QB00087,P0301112D,COCO 120-A,Mezcla,ATENCION,1 800 002 1400,"H316, H317","P261, P272, P280, P302+P352, 
P333+P313, P362+ P364, P501",G,1,1,1,0.24,2,2.24,0018982726,11/24/2025,11/24/2026,1,
IFF-QB00087,P0301112E,COCO 120-A,Mezcla,ATENCION,1 800 002 1400,"H316, H317","P261, P272, P280, P302+P352, 
P333+P313, P362+ P364, P501",G,1,1,1,0.24,3,3.24,0018982726,11/24/2025,11/24/2026,1,
IFF-QB00087,P0301112F,COCO 120-A,Mezcla,ATENCION,1 800 002 1400,"H316, H317","P261, P272, P280, P302+P352, 
P333+P313, P362+ P364, P501",G,1,1,1,0.24,4,4.24,0018982726,11/24/2025,11/24/2026,1,
IFF-QB00087,P0301112G,COCO 120-A,Mezcla,ATENCION,1 800 002 1400,"H316, H317","P261, P272, P280, P302+P352, 
P333+P313, P362+ P364, P501",G,1,1,1,0.28,5,5.28,0018982726,11/24/2025,11/24/2026,1,
IFF-QB00087,P0301112H,COCO 120-A,Mezcla,ATENCION,1 800 002 1400,"H316, H317","P261, P272, P280, P302+P352, 
P333+P313, P362+ P364, P501",G,1,1,1,0.48,10,10.48,0018982726,11/24/2025,11/24/2026,1,
IFF-QB00087,P0301112I,COCO 120-A,Mezcla,ATENCION,1 800 002 1400,"H316, H317","P261, P272, P280, P302+P352, 
P333+P313, P362+ P364, P501",G,1,1,1,0.9,15,15.9,0018982726,11/24/2025,11/24/2026,1,
IFF-QB00087,P0301112J,COCO 120-A,Mezcla,ATENCION,1 800 002 1400,"H316, H317","P261, P272, P280, P302+P352, 
P333+P313, P362+ P364, P501",G,1,1,1,0.9,20,20.9,0018982726,11/24/2025,11/24/2026,1,
,,,,,,,,,,,,,,,,,,,
IFF-QB00074,P0302003A,BELL CINNAMOND 575 FV,Mezcla,ATENCION,1 800 002 1400,"H227, H316, H317
H401, H412
","P210, P261, P272, P273, P280
P302 + P352, P333 + P313
P362 + P364, P370 + P378
P403 + P235, P501",G,1,1,1,0.09,0.5,0.59,0018630054,9/2/2025,9/2/2026,1,
IFF-QB00074,P0302003B,BELL CINNAMOND 575 FV,Mezcla,ATENCION,1 800 002 1400,"H227, H316, H317
H401, H412
","P210, P261, P272, P273, P280
P302 + P352, P333 + P313
P362 + P364, P370 + P378
P403 + P235, P501",G,1,1,1,0.09,1,1.09,0018630054,9/2/2025,9/2/2026,1,
IFF-QB00074,P0302003C,BELL CINNAMOND 575 FV,Mezcla,ATENCION,1 800 002 1400,"H227, H316, H317
H401, H412
","P210, P261, P272, P273, P280
P302 + P352, P333 + P313
P362 + P364, P370 + P378
P403 + P235, P501",G,1,1,1,0.24,1.5,1.74,0018630054,9/2/2025,9/2/2026,1,
IFF-QB00074,P0302003D,BELL CINNAMOND 575 FV,Mezcla,ATENCION,1 800 002 1400,"H227, H316, H317
H401, H412
","P210, P261, P272, P273, P280
P302 + P352, P333 + P313
P362 + P364, P370 + P378
P403 + P235, P501",G,1,1,1,0.24,2,2.24,0018630054,9/2/2025,9/2/2026,1,
IFF-QB00074,P0302003E,BELL CINNAMOND 575 FV,Mezcla,ATENCION,1 800 002 1400,"H227, H316, H317
H401, H412
","P210, P261, P272, P273, P280
P302 + P352, P333 + P313
P362 + P364, P370 + P378
P403 + P235, P501",G,1,1,1,0.24,3,3.24,0018630054,9/2/2025,9/2/2026,1,
IFF-QB00074,P0302003F,BELL CINNAMOND 575 FV,Mezcla,ATENCION,1 800 002 1400,"H227, H316, H317
H401, H412
","P210, P261, P272, P273, P280
P302 + P352, P333 + P313
P362 + P364, P370 + P378
P403 + P235, P501",G,1,1,1,0.28,4,4.28,0018630054,9/2/2025,9/2/2026,1,
IFF-QB00074,P0302003G,BELL CINNAMOND 575 FV,Mezcla,ATENCION,1 800 002 1400,"H227, H316, H317
H401, H412
","P210, P261, P272, P273, P280
P302 + P352, P333 + P313
P362 + P364, P370 + P378
P403 + P235, P501",G,1,1,1,0.48,5,5.48,0018630054,9/2/2025,9/2/2026,1,
IFF-QB00074,P0302003H,BELL CINNAMOND 575 FV,Mezcla,ATENCION,1 800 002 1400,"H227, H316, H317
H401, H412
","P210, P261, P272, P273, P280
P302 + P352, P333 + P313
P362 + P364, P370 + P378
P403 + P235, P501",G,1,1,1,0.9,10,10.9,0018630054,9/2/2025,9/2/2026,1,
IFF-QB00074,P0302003I,BELL CINNAMOND 575 FV,Mezcla,ATENCION,1 800 002 1400,"H227, H316, H317
H401, H412
","P210, P261, P272, P273, P280
P302 + P352, P333 + P313
P362 + P364, P370 + P378
P403 + P235, P501",G,1,1,1,0.9,15,15.9,0018630054,9/2/2025,9/2/2026,1,
IFF-QB00074,P0302003J,BELL CINNAMOND 575 FV,Mezcla,ATENCION,1 800 002 1400,"H227, H316, H317
H401, H412
","P210, P261, P272, P273, P280
P302 + P352, P333 + P313
P362 + P364, P370 + P378
P403 + P235, P501",G,1,1,1,0.9,18,18.9,0018630054,9/2/2025,9/2/2026,1,
IFF-QB00074,P0302003K,BELL CINNAMOND 575 FV,Mezcla,ATENCION,1 800 002 1400,"H227, H316, H317
H401, H412
","P210, P261, P272, P273, P280
P302 + P352, P333 + P313
P362 + P364, P370 + P378
P403 + P235, P501",G,1,1,1,2.2,47,49.2,0018630054,9/2/2025,9/2/2026,1,
,,,,,,,,,,,,,,,,,,,
IFF-QB00120,P0302011A,VELAQUIM 4 (CANELA) FV,Mezcla,PELIGRO,1 800 002 1400,"H227, H303, H316,
H317, H319, H350,
H411","P201, P202, P210, P261, P264, P272, P273, P280,
P302 + P352, P305 + P351 + P338, P312, P333 + P313,
P337 + P313,  P362 + P364, P370 + P378, P391, P403 + P235, P405, P501

",G,1,1,1,0.09,0.5,0.59,0018986991,11/25/2025,11/25/2026,1,
IFF-QB00120,P0302011B,VELAQUIM 4 (CANELA) FV,Mezcla,PELIGRO,1 800 002 1400,"H227, H303, H316,
H317, H319, H350,
H411","P201, P202, P210, P261, P264, P272, P273, P280,
P302 + P352, P305 + P351 + P338, P312, P333 + P313,
P337 + P313,  P362 + P364, P370 + P378, P391, P403 + P235, P405, P501

",G,1,1,1,0.09,1,1.09,0018986991,11/25/2025,11/25/2026,1,
IFF-QB00120,P0302011C,VELAQUIM 4 (CANELA) FV,Mezcla,PELIGRO,1 800 002 1400,"H227, H303, H316,
H317, H319, H350,
H411","P201, P202, P210, P261, P264, P272, P273, P280,
P302 + P352, P305 + P351 + P338, P312, P333 + P313,
P337 + P313,  P362 + P364, P370 + P378, P391, P403 + P235, P405, P501

",G,1,1,1,0.24,1.5,1.74,0018986991,11/25/2025,11/25/2026,1,
IFF-QB00120,P0302011D,VELAQUIM 4 (CANELA) FV,Mezcla,PELIGRO,1 800 002 1400,"H227, H303, H316,
H317, H319, H350,
H411","P201, P202, P210, P261, P264, P272, P273, P280,
P302 + P352, P305 + P351 + P338, P312, P333 + P313,
P337 + P313,  P362 + P364, P370 + P378, P391, P403 + P235, P405, P501

",G,1,1,1,0.24,2,2.24,0018986991,11/25/2025,11/25/2026,1,
IFF-QB00120,P0302011E,VELAQUIM 4 (CANELA) FV,Mezcla,PELIGRO,1 800 002 1400,"H227, H303, H316,
H317, H319, H350,
H411","P201, P202, P210, P261, P264, P272, P273, P280,
P302 + P352, P305 + P351 + P338, P312, P333 + P313,
P337 + P313,  P362 + P364, P370 + P378, P391, P403 + P235, P405, P501

",G,1,1,1,0.24,3,3.24,0018986991,11/25/2025,11/25/2026,1,
IFF-QB00120,P0302011F,VELAQUIM 4 (CANELA) FV,Mezcla,PELIGRO,1 800 002 1400,"H227, H303, H316,
H317, H319, H350,
H411","P201, P202, P210, P261, P264, P272, P273, P280,
P302 + P352, P305 + P351 + P338, P312, P333 + P313,
P337 + P313,  P362 + P364, P370 + P378, P391, P403 + P235, P405, P501

",G,1,1,1,0.24,4,4.24,0018986991,11/25/2025,11/25/2026,1,
IFF-QB00120,P0302011G,VELAQUIM 4 (CANELA) FV,Mezcla,PELIGRO,1 800 002 1400,"H227, H303, H316,
H317, H319, H350,
H411","P201, P202, P210, P261, P264, P272, P273, P280,
P302 + P352, P305 + P351 + P338, P312, P333 + P313,
P337 + P313,  P362 + P364, P370 + P378, P391, P403 + P235, P405, P501

",G,1,1,1,0.28,5,5.28,0018986991,11/25/2025,11/25/2026,1,
IFF-QB00120,P0302011H,VELAQUIM 4 (CANELA) FV,Mezcla,PELIGRO,1 800 002 1400,"H227, H303, H316,
H317, H319, H350,
H411","P201, P202, P210, P261, P264, P272, P273, P280,
P302 + P352, P305 + P351 + P338, P312, P333 + P313,
P337 + P313,  P362 + P364, P370 + P378, P391, P403 + P235, P405, P501

",G,1,1,1,0.48,10,10.48,0018986991,11/25/2025,11/25/2026,1,
IFF-QB00120,P0302011I,VELAQUIM 4 (CANELA) FV,Mezcla,PELIGRO,1 800 002 1400,"H227, H303, H316,
H317, H319, H350,
H411","P201, P202, P210, P261, P264, P272, P273, P280,
P302 + P352, P305 + P351 + P338, P312, P333 + P313,
P337 + P313,  P362 + P364, P370 + P378, P391, P403 + P235, P405, P501

",G,1,1,1,0.9,15,15.9,0018986991,11/25/2025,11/25/2026,1,
IFF-QB00120,P0302011J,VELAQUIM 4 (CANELA) FV,Mezcla,PELIGRO,1 800 002 1400,"H227, H303, H316,
H317, H319, H350,
H411","P201, P202, P210, P261, P264, P272, P273, P280,
P302 + P352, P305 + P351 + P338, P312, P333 + P313,
P337 + P313,  P362 + P364, P370 + P378, P391, P403 + P235, P405, P501

",G,1,1,1,0.9,20,20.9,0018986991,11/25/2025,11/25/2026,1,
,,,,,,,,,,,,,,,,,,,
IFF-QB00083,P0302014A,CHIRSTMAS VELAQUIM 53 (VAINILLA) FV,Mezcla, - , - , - , - ,1,1,1,1,0.09,0.5,0.59,0018255613,5/7/2025,5/7/2026,1,
IFF-QB00083,P0302014B,CHIRSTMAS VELAQUIM 53 (VAINILLA) FV,Mezcla, - , - , - , - ,1,1,1,1,0.09,1,1.09,0018255613,5/7/2025,5/7/2026,1,
IFF-QB00083,P0302014C,CHIRSTMAS VELAQUIM 53 (VAINILLA) FV,Mezcla, - , - , - , - ,1,1,1,1,0.24,1.5,1.74,0018255613,5/7/2025,5/7/2026,1,
IFF-QB00083,P0302014D,CHIRSTMAS VELAQUIM 53 (VAINILLA) FV,Mezcla, - , - , - , - ,1,1,1,1,0.24,2,2.24,0018255613,5/7/2025,5/7/2026,1,
IFF-QB00083,P0302014E,CHIRSTMAS VELAQUIM 53 (VAINILLA) FV,Mezcla, - , - , - , - ,1,1,1,1,0.24,3,3.24,0018255613,5/7/2025,5/7/2026,1,
IFF-QB00083,P0302014F,CHIRSTMAS VELAQUIM 53 (VAINILLA) FV,Mezcla, - , - , - , - ,1,1,1,1,0.24,4,4.24,0018255613,5/7/2025,5/7/2026,1,
IFF-QB00083,P0302014G,CHIRSTMAS VELAQUIM 53 (VAINILLA) FV,Mezcla, - , - , - , - ,1,1,1,1,0.28,5,5.28,0018255613,5/7/2025,5/7/2026,1,
IFF-QB00083,P0302014H,CHIRSTMAS VELAQUIM 53 (VAINILLA) FV,Mezcla, - , - , - , - ,1,1,1,1,0.48,10,10.48,0018255613,5/7/2025,5/7/2026,1,
IFF-QB00083,P0302014I,CHIRSTMAS VELAQUIM 53 (VAINILLA) FV,Mezcla, - , - , - , - ,1,1,1,1,0.9,15,15.9,0018255613,5/7/2025,5/7/2026,1,
IFF-QB00083,P0302014J,CHIRSTMAS VELAQUIM 53 (VAINILLA) FV,Mezcla, - , - , - , - ,1,1,1,1,0.9,20,20.9,0018255613,5/7/2025,5/7/2026,1,
,,,,,,,,,,,,,,,,,,,
IFF-QB00108,P0302015A,SPICY AMBER 973 ,Mezcla,PELIGRO,1 800 002 1400,"H303, H316, H317, H319, H350, H411","P201, P202, P261, P264, P272, P273, P280, P302 + P352, P305 + P351 + P338, P312, P333 + P313, P337 + P313, P362 + P364, P391, P405, P501",H,G,I,1,0.09,0.5,0.59,,00/00/0000,00/00/0000,1,
IFF-QB00108,P0302015B,SPICY AMBER 973 ,Mezcla,PELIGRO,1 800 002 1400,"H303, H316, H317, H319, H350, H411","P201, P202, P261, P264, P272, P273, P280, P302 + P352, P305 + P351 + P338, P312, P333 + P313, P337 + P313, P362 + P364, P391, P405, P501",H,G,I,1,0.09,1,1.09,,00/00/0000,00/00/0000,1,
IFF-QB00108,P0302015C,SPICY AMBER 973 ,Mezcla,PELIGRO,1 800 002 1400,"H303, H316, H317, H319, H350, H411","P201, P202, P261, P264, P272, P273, P280, P302 + P352, P305 + P351 + P338, P312, P333 + P313, P337 + P313, P362 + P364, P391, P405, P501",H,G,I,1,0.24,1.5,1.74,,00/00/0000,00/00/0000,1,
IFF-QB00108,P0302015D,SPICY AMBER 973 ,Mezcla,PELIGRO,1 800 002 1400,"H303, H316, H317, H319, H350, H411","P201, P202, P261, P264, P272, P273, P280, P302 + P352, P305 + P351 + P338, P312, P333 + P313, P337 + P313, P362 + P364, P391, P405, P501",H,G,I,1,0.24,2,2.24,,00/00/0000,00/00/0000,1,
IFF-QB00108,P0302015E,SPICY AMBER 973 ,Mezcla,PELIGRO,1 800 002 1400,"H303, H316, H317, H319, H350, H411","P201, P202, P261, P264, P272, P273, P280, P302 + P352, P305 + P351 + P338, P312, P333 + P313, P337 + P313, P362 + P364, P391, P405, P501",H,G,I,1,0.24,3,3.24,,00/00/0000,00/00/0000,1,
IFF-QB00108,P0302015F,SPICY AMBER 973 ,Mezcla,PELIGRO,1 800 002 1400,"H303, H316, H317, H319, H350, H411","P201, P202, P261, P264, P272, P273, P280, P302 + P352, P305 + P351 + P338, P312, P333 + P313, P337 + P313, P362 + P364, P391, P405, P501",H,G,I,1,0.24,4,4.24,,00/00/0000,00/00/0000,1,
IFF-QB00108,P0302015G,SPICY AMBER 973 ,Mezcla,PELIGRO,1 800 002 1400,"H303, H316, H317, H319, H350, H411","P201, P202, P261, P264, P272, P273, P280, P302 + P352, P305 + P351 + P338, P312, P333 + P313, P337 + P313, P362 + P364, P391, P405, P501",H,G,I,1,0.28,5,5.28,,00/00/0000,00/00/0000,1,
IFF-QB00108,P0302015H,SPICY AMBER 973 ,Mezcla,PELIGRO,1 800 002 1400,"H303, H316, H317, H319, H350, H411","P201, P202, P261, P264, P272, P273, P280, P302 + P352, P305 + P351 + P338, P312, P333 + P313, P337 + P313, P362 + P364, P391, P405, P501",H,G,I,1,0.48,10,10.48,,00/00/0000,00/00/0000,1,
IFF-QB00108,P0302015I,SPICY AMBER 973 ,Mezcla,PELIGRO,1 800 002 1400,"H303, H316, H317, H319, H350, H411","P201, P202, P261, P264, P272, P273, P280, P302 + P352, P305 + P351 + P338, P312, P333 + P313, P337 + P313, P362 + P364, P391, P405, P501",H,G,I,1,0.9,15,15.9,,00/00/0000,00/00/0000,1,
IFF-QB00108,P0302015J,SPICY AMBER 973 ,Mezcla,PELIGRO,1 800 002 1400,"H303, H316, H317, H319, H350, H411","P201, P202, P261, P264, P272, P273, P280, P302 + P352, P305 + P351 + P338, P312, P333 + P313, P337 + P313, P362 + P364, P391, P405, P501",H,G,I,1,0.9,20,20.9,,00/00/0000,00/00/0000,1,
,,,,,,,,,,,,,,,,,,,
,P0303002A,POTPOURRI 105,Mezcla, - ,1 800 002 1400, - , - ,1,1,1,1,0.09,0.5,0.59,,00/00/0000,00/00/0000,1,
,P0303002B,POTPOURRI 105,Mezcla, - ,1 800 002 1400, - , - ,1,1,1,1,0.09,1,1.09,,00/00/0000,00/00/0000,1,
,P0303002C,POTPOURRI 105,Mezcla, - ,1 800 002 1400, - , - ,1,1,1,1,0.24,1.5,1.74,,00/00/0000,00/00/0000,1,
,P0303002D,POTPOURRI 105,Mezcla, - ,1 800 002 1400, - , - ,1,1,1,1,0.24,2,2.24,,00/00/0000,00/00/0000,1,
,P0303002E,POTPOURRI 105,Mezcla, - ,1 800 002 1400, - , - ,1,1,1,1,0.24,3,3.24,,00/00/0000,00/00/0000,1,
,P0303002F,POTPOURRI 105,Mezcla, - ,1 800 002 1400, - , - ,1,1,1,1,0.24,4,4.24,,00/00/0000,00/00/0000,1,
,P0303002G,POTPOURRI 105,Mezcla, - ,1 800 002 1400, - , - ,1,1,1,1,0.28,5,5.28,,00/00/0000,00/00/0000,1,
,P0303002H,POTPOURRI 105,Mezcla, - ,1 800 002 1400, - , - ,1,1,1,1,0.48,10,10.48,,00/00/0000,00/00/0000,1,
,P0303002I,POTPOURRI 105,Mezcla, - ,1 800 002 1400, - , - ,1,1,1,1,0.9,15,15.9,,00/00/0000,00/00/0000,1,
,P0303002J,POTPOURRI 105,Mezcla, - ,1 800 002 1400, - , - ,1,1,1,1,0.9,20,20.9,,00/00/0000,00/00/0000,1,
,P0303002K,POTPOURRI 105,Mezcla, - ,1 800 002 1400, - , - ,1,1,1,1,2.2,50,52.2,,00/00/0000,00/00/0000,1,
,,,,,,,,,,,,,,,,,,,
IFF-QB00095,P0303003A,HERBAL 550,Mezcla,PELIGRO,1 800 002 1400,"H227, H304, H315,
H317, H318, H400,
H411","P210, P261, P264,
P272, P273, P280, 
P301 + P310, 
P302 + P352,
P305 + P351 + P338 + P310, P331, 
P333 + P313,
P362 + P364,
P370 + P378, P391,
P403 + P235, P405,
P501",G,1,H,E,0.09,0.5,0.59,0018611464,8/15/2025,8/15/2026,1,
IFF-QB00095,P0303003B,HERBAL 550,Mezcla,PELIGRO,1 800 002 1400,"H227, H304, H315,
H317, H318, H400,
H411","P210, P261, P264,
P272, P273, P280, 
P301 + P310, 
P302 + P352,
P305 + P351 + P338 + P310, P331, 
P333 + P313,
P362 + P364,
P370 + P378, P391,
P403 + P235, P405,
P501",G,1,H,E,0.09,1,1.09,0018611464,8/15/2025,8/15/2026,1,
IFF-QB00095,P0303003C,HERBAL 550,Mezcla,PELIGRO,1 800 002 1400,"H227, H304, H315,
H317, H318, H400,
H411","P210, P261, P264,
P272, P273, P280, 
P301 + P310, 
P302 + P352,
P305 + P351 + P338 + P310, P331, 
P333 + P313,
P362 + P364,
P370 + P378, P391,
P403 + P235, P405,
P501",G,1,H,E,0.24,1.5,1.74,0018611464,8/15/2025,8/15/2026,1,
IFF-QB00095,P0303003D,HERBAL 550,Mezcla,PELIGRO,1 800 002 1400,"H227, H304, H315,
H317, H318, H400,
H411","P210, P261, P264,
P272, P273, P280, 
P301 + P310, 
P302 + P352,
P305 + P351 + P338 + P310, P331, 
P333 + P313,
P362 + P364,
P370 + P378, P391,
P403 + P235, P405,
P501",G,1,H,E,0.24,2,2.24,0018611464,8/15/2025,8/15/2026,1,
IFF-QB00095,P0303003E,HERBAL 550,Mezcla,PELIGRO,1 800 002 1400,"H227, H304, H315,
H317, H318, H400,
H411","P210, P261, P264,
P272, P273, P280, 
P301 + P310, 
P302 + P352,
P305 + P351 + P338 + P310, P331, 
P333 + P313,
P362 + P364,
P370 + P378, P391,
P403 + P235, P405,
P501",G,1,H,E,0.24,3,3.24,0018611464,8/15/2025,8/15/2026,1,
IFF-QB00095,P0303003F,HERBAL 550,Mezcla,PELIGRO,1 800 002 1400,"H227, H304, H315,
H317, H318, H400,
H411","P210, P261, P264,
P272, P273, P280, 
P301 + P310, 
P302 + P352,
P305 + P351 + P338 + P310, P331, 
P333 + P313,
P362 + P364,
P370 + P378, P391,
P403 + P235, P405,
P501",G,1,H,E,0.24,4,4.24,0018611464,8/15/2025,8/15/2026,1,
IFF-QB00095,P0303003G,HERBAL 550,Mezcla,PELIGRO,1 800 002 1400,"H227, H304, H315,
H317, H318, H400,
H411","P210, P261, P264,
P272, P273, P280, 
P301 + P310, 
P302 + P352,
P305 + P351 + P338 + P310, P331, 
P333 + P313,
P362 + P364,
P370 + P378, P391,
P403 + P235, P405,
P501",G,1,H,E,0.28,5,5.28,0018611464,8/15/2025,8/15/2026,1,
IFF-QB00095,P0303003H,HERBAL 550,Mezcla,PELIGRO,1 800 002 1400,"H227, H304, H315,
H317, H318, H400,
H411","P210, P261, P264,
P272, P273, P280, 
P301 + P310, 
P302 + P352,
P305 + P351 + P338 + P310, P331, 
P333 + P313,
P362 + P364,
P370 + P378, P391,
P403 + P235, P405,
P501",G,1,H,E,0.48,10,10.48,0018611464,8/15/2025,8/15/2026,1,
IFF-QB00095,P0303003I,HERBAL 550,Mezcla,PELIGRO,1 800 002 1400,"H227, H304, H315,
H317, H318, H400,
H411","P210, P261, P264,
P272, P273, P280, 
P301 + P310, 
P302 + P352,
P305 + P351 + P338 + P310, P331, 
P333 + P313,
P362 + P364,
P370 + P378, P391,
P403 + P235, P405,
P501",G,1,H,E,0.9,15,15.9,0018611464,8/15/2025,8/15/2026,1,
IFF-QB00095,P0303003J,HERBAL 550,Mezcla,PELIGRO,1 800 002 1400,"H227, H304, H315,
H317, H318, H400,
H411","P210, P261, P264,
P272, P273, P280, 
P301 + P310, 
P302 + P352,
P305 + P351 + P338 + P310, P331, 
P333 + P313,
P362 + P364,
P370 + P378, P391,
P403 + P235, P405,
P501",G,1,H,E,0.9,20,20.9,0018611464,8/15/2025,8/15/2026,1,
,,,,,,,,,,,,,,,,,,,
IFF-QB00099,P0311018A,MC QUEEN 557,Mezcla,ATENCION,1 800 002 1400,"H227, H303, H315, H317, H319, H361, H411","P201, P202, P210, P261, P264, P272, P273, P280, P302 + P352, P305 + P351 + P338, P312, P333 + P313, P337 + P313, P362 + P364, P370 + P378, P391, P403 + P235, P405, P501",H,G,I,1,0.09,0.5,0.59,0016865944,5/30/2025,5/30/2026,1,
IFF-QB00099,P0311018B,MC QUEEN 557,Mezcla,ATENCION,1 800 002 1400,"H227, H303, H315, H317, H319, H361, H411","P201, P202, P210, P261, P264, P272, P273, P280, P302 + P352, P305 + P351 + P338, P312, P333 + P313, P337 + P313, P362 + P364, P370 + P378, P391, P403 + P235, P405, P501",H,G,I,1,0.09,1,1.09,0016865944,5/30/2025,5/30/2026,1,
IFF-QB00099,P0311018C,MC QUEEN 557,Mezcla,ATENCION,1 800 002 1400,"H227, H303, H315, H317, H319, H361, H411","P201, P202, P210, P261, P264, P272, P273, P280, P302 + P352, P305 + P351 + P338, P312, P333 + P313, P337 + P313, P362 + P364, P370 + P378, P391, P403 + P235, P405, P501",H,G,I,1,0.24,1.5,1.74,0016865944,5/30/2025,5/30/2026,1,
IFF-QB00099,P0311018D,MC QUEEN 557,Mezcla,ATENCION,1 800 002 1400,"H227, H303, H315, H317, H319, H361, H411","P201, P202, P210, P261, P264, P272, P273, P280, P302 + P352, P305 + P351 + P338, P312, P333 + P313, P337 + P313, P362 + P364, P370 + P378, P391, P403 + P235, P405, P501",H,G,I,1,0.24,2,2.24,0016865944,5/30/2025,5/30/2026,1,
IFF-QB00099,P0311018E,MC QUEEN 557,Mezcla,ATENCION,1 800 002 1400,"H227, H303, H315, H317, H319, H361, H411","P201, P202, P210, P261, P264, P272, P273, P280, P302 + P352, P305 + P351 + P338, P312, P333 + P313, P337 + P313, P362 + P364, P370 + P378, P391, P403 + P235, P405, P501",H,G,I,1,0.24,3,3.24,0016865944,5/30/2025,5/30/2026,1,
IFF-QB00099,P0311018F,MC QUEEN 557,Mezcla,ATENCION,1 800 002 1400,"H227, H303, H315, H317, H319, H361, H411","P201, P202, P210, P261, P264, P272, P273, P280, P302 + P352, P305 + P351 + P338, P312, P333 + P313, P337 + P313, P362 + P364, P370 + P378, P391, P403 + P235, P405, P501",H,G,I,1,0.24,4,4.24,0016865944,5/30/2025,5/30/2026,1,
IFF-QB00099,P0311018G,MC QUEEN 557,Mezcla,ATENCION,1 800 002 1400,"H227, H303, H315, H317, H319, H361, H411","P201, P202, P210, P261, P264, P272, P273, P280, P302 + P352, P305 + P351 + P338, P312, P333 + P313, P337 + P313, P362 + P364, P370 + P378, P391, P403 + P235, P405, P501",H,G,I,1,0.28,5,5.28,0016865944,5/30/2025,5/30/2026,1,
IFF-QB00099,P0311018H,MC QUEEN 557,Mezcla,ATENCION,1 800 002 1400,"H227, H303, H315, H317, H319, H361, H411","P201, P202, P210, P261, P264, P272, P273, P280, P302 + P352, P305 + P351 + P338, P312, P333 + P313, P337 + P313, P362 + P364, P370 + P378, P391, P403 + P235, P405, P501",H,G,I,1,0.48,10,10.48,0016865944,5/30/2025,5/30/2026,1,
IFF-QB00099,P0311018I,MC QUEEN 557,Mezcla,ATENCION,1 800 002 1400,"H227, H303, H315, H317, H319, H361, H411","P201, P202, P210, P261, P264, P272, P273, P280, P302 + P352, P305 + P351 + P338, P312, P333 + P313, P337 + P313, P362 + P364, P370 + P378, P391, P403 + P235, P405, P501",H,G,I,1,0.9,15,15.9,0016865944,5/30/2025,5/30/2026,1,
IFF-QB00099,P0311018J,MC QUEEN 557,Mezcla,ATENCION,1 800 002 1400,"H227, H303, H315, H317, H319, H361, H411","P201, P202, P210, P261, P264, P272, P273, P280, P302 + P352, P305 + P351 + P338, P312, P333 + P313, P337 + P313, P362 + P364, P370 + P378, P391, P403 + P235, P405, P501",H,G,I,1,0.9,20,20.9,0016865944,5/30/2025,5/30/2026,1,
,,,,,,,,,,,,,,,,,,,
IFF-QB00088,P0311019A,DRAK BLACK 558 ,Mezcla,ATENCION,1 800 002 1400,"H227, H315, H317,
H319, H410","P210, P261, P264, P272, P273, P280, P302 + P352,  P305 + P351 + P338, P333 + P313,  P337 + P313, P362 + P364,  P370 + P378, P391, P403 + P235, P501 ",G,1,1,1,0.09,0.5,0.59,0018982746,11/24/2025,11/24/2026,1,
IFF-QB00088,P0311019B,DRAK BLACK 558 ,Mezcla,ATENCION,1 800 002 1400,"H227, H315, H317,
H319, H410","P210, P261, P264, P272, P273, P280, P302 + P352,  P305 + P351 + P338, P333 + P313,  P337 + P313, P362 + P364,  P370 + P378, P391, P403 + P235, P501 ",G,1,1,1,0.09,1,1.09,0018982746,11/24/2025,11/24/2026,1,
IFF-QB00088,P0311019C,DRAK BLACK 558 ,Mezcla,ATENCION,1 800 002 1400,"H227, H315, H317,
H319, H410","P210, P261, P264, P272, P273, P280, P302 + P352,  P305 + P351 + P338, P333 + P313,  P337 + P313, P362 + P364,  P370 + P378, P391, P403 + P235, P501 ",G,1,1,1,0.24,1.5,1.74,0018982746,11/24/2025,11/24/2026,1,
IFF-QB00088,P0311019D,DRAK BLACK 558 ,Mezcla,ATENCION,1 800 002 1400,"H227, H315, H317,
H319, H410","P210, P261, P264, P272, P273, P280, P302 + P352,  P305 + P351 + P338, P333 + P313,  P337 + P313, P362 + P364,  P370 + P378, P391, P403 + P235, P501 ",G,1,1,1,0.24,2,2.24,0018982746,11/24/2025,11/24/2026,1,
IFF-QB00088,P0311019E,DRAK BLACK 558 ,Mezcla,ATENCION,1 800 002 1400,"H227, H315, H317,
H319, H410","P210, P261, P264, P272, P273, P280, P302 + P352,  P305 + P351 + P338, P333 + P313,  P337 + P313, P362 + P364,  P370 + P378, P391, P403 + P235, P501 ",G,1,1,1,0.24,3,3.24,0018982746,11/24/2025,11/24/2026,1,
IFF-QB00088,P0311019F,DRAK BLACK 558 ,Mezcla,ATENCION,1 800 002 1400,"H227, H315, H317,
H319, H410","P210, P261, P264, P272, P273, P280, P302 + P352,  P305 + P351 + P338, P333 + P313,  P337 + P313, P362 + P364,  P370 + P378, P391, P403 + P235, P501 ",G,1,1,1,0.24,4,4.24,0018982746,11/24/2025,11/24/2026,1,
IFF-QB00088,P0311019G,DRAK BLACK 558 ,Mezcla,ATENCION,1 800 002 1400,"H227, H315, H317,
H319, H410","P210, P261, P264, P272, P273, P280, P302 + P352,  P305 + P351 + P338, P333 + P313,  P337 + P313, P362 + P364,  P370 + P378, P391, P403 + P235, P501 ",G,1,1,1,0.28,5,5.28,0018982746,11/24/2025,11/24/2026,1,
IFF-QB00088,P0311019H,DRAK BLACK 558 ,Mezcla,ATENCION,1 800 002 1400,"H227, H315, H317,
H319, H410","P210, P261, P264, P272, P273, P280, P302 + P352,  P305 + P351 + P338, P333 + P313,  P337 + P313, P362 + P364,  P370 + P378, P391, P403 + P235, P501 ",G,1,1,1,0.48,10,10.48,0018982746,11/24/2025,11/24/2026,1,
IFF-QB00088,P0311019I,DRAK BLACK 558 ,Mezcla,ATENCION,1 800 002 1400,"H227, H315, H317,
H319, H410","P210, P261, P264, P272, P273, P280, P302 + P352,  P305 + P351 + P338, P333 + P313,  P337 + P313, P362 + P364,  P370 + P378, P391, P403 + P235, P501 ",G,1,1,1,0.9,15,15.9,0018982746,11/24/2025,11/24/2026,1,
IFF-QB00088,P0311019J,DRAK BLACK 558 ,Mezcla,ATENCION,1 800 002 1400,"H227, H315, H317,
H319, H410","P210, P261, P264, P272, P273, P280, P302 + P352,  P305 + P351 + P338, P333 + P313,  P337 + P313, P362 + P364,  P370 + P378, P391, P403 + P235, P501 ",G,1,1,1,0.9,20,20.9,0018982746,11/24/2025,11/24/2026,1,
,,,,,,,,,,,,,,,,,,,
IFF-QB00090,P0311022A,FLORAL HOME 413,Mezcla,ATENCION,1 800 002 1400,"H227, H315, H317,
H319, H410","P261, P264, P272, P273, P280, P310, P302 + P352, P305 + P351 + P338, P312, P333 + P313, P337 + P313, P362 + P364, P392, P501",G,H,1,1,0.09,0.5,0.59,0018499727,7/31/2025,7/31/2026,1,
IFF-QB00090,P0311022B,FLORAL HOME 413,Mezcla,ATENCION,1 800 002 1400,"H227, H315, H317,
H319, H410","P261, P264, P272, P273, P280, P310, P302 + P352, P305 + P351 + P338, P312, P333 + P313, P337 + P313, P362 + P364, P392, P501",G,H,1,1,0.09,1,1.09,0018499727,7/31/2025,7/31/2026,1,
IFF-QB00090,P0311022C,FLORAL HOME 413,Mezcla,ATENCION,1 800 002 1400,"H227, H315, H317,
H319, H410","P261, P264, P272, P273, P280, P310, P302 + P352, P305 + P351 + P338, P312, P333 + P313, P337 + P313, P362 + P364, P392, P501",G,H,1,1,0.24,1.5,1.74,0018499727,7/31/2025,7/31/2026,1,
IFF-QB00090,P0311022D,FLORAL HOME 413,Mezcla,ATENCION,1 800 002 1400,"H227, H315, H317,
H319, H410","P261, P264, P272, P273, P280, P310, P302 + P352, P305 + P351 + P338, P312, P333 + P313, P337 + P313, P362 + P364, P392, P501",G,H,1,1,0.24,2,2.24,0018499727,7/31/2025,7/31/2026,1,
IFF-QB00090,P0311022E,FLORAL HOME 413,Mezcla,ATENCION,1 800 002 1400,"H227, H315, H317,
H319, H410","P261, P264, P272, P273, P280, P310, P302 + P352, P305 + P351 + P338, P312, P333 + P313, P337 + P313, P362 + P364, P392, P501",G,H,1,1,0.24,3,3.24,0018499727,7/31/2025,7/31/2026,1,
IFF-QB00090,P0311022F,FLORAL HOME 413,Mezcla,ATENCION,1 800 002 1400,"H227, H315, H317,
H319, H410","P261, P264, P272, P273, P280, P310, P302 + P352, P305 + P351 + P338, P312, P333 + P313, P337 + P313, P362 + P364, P392, P501",G,H,1,1,0.24,4,4.24,0018499727,7/31/2025,7/31/2026,1,
IFF-QB00090,P0311022G,FLORAL HOME 413,Mezcla,ATENCION,1 800 002 1400,"H227, H315, H317,
H319, H410","P261, P264, P272, P273, P280, P310, P302 + P352, P305 + P351 + P338, P312, P333 + P313, P337 + P313, P362 + P364, P392, P501",G,H,1,1,0.28,5,5.28,0018499727,7/31/2025,7/31/2026,1,
IFF-QB00090,P0311022H,FLORAL HOME 413,Mezcla,ATENCION,1 800 002 1400,"H227, H315, H317,
H319, H410","P261, P264, P272, P273, P280, P310, P302 + P352, P305 + P351 + P338, P312, P333 + P313, P337 + P313, P362 + P364, P392, P501",G,H,1,1,0.48,10,10.48,0018499727,7/31/2025,7/31/2026,1,
IFF-QB00090,P0311022I,FLORAL HOME 413,Mezcla,ATENCION,1 800 002 1400,"H227, H315, H317,
H319, H410","P261, P264, P272, P273, P280, P310, P302 + P352, P305 + P351 + P338, P312, P333 + P313, P337 + P313, P362 + P364, P392, P501",G,H,1,1,0.9,15,15.9,0018499727,7/31/2025,7/31/2026,1,
IFF-QB00090,P0311022J,FLORAL HOME 413,Mezcla,ATENCION,1 800 002 1400,"H227, H315, H317,
H319, H410","P261, P264, P272, P273, P280, P310, P302 + P352, P305 + P351 + P338, P312, P333 + P313, P337 + P313, P362 + P364, P392, P501",G,H,1,1,0.9,20,20.9,0018499727,7/31/2025,7/31/2026,1,
,,,,,,,,,,,,,,,,,,,
IFF-QB00113,P0311023A,SWEET ANIS 972,Mezcla,ATENCION,1 800 002 1400,"H316, H317, H411","P261, P272, P273, P302 + P352, P333 + P313, P362 + P364, P391, P501",G,I,1,1,0.09,0.5,0.59,0015821344,5/30/2025,5/30/2026,1,
IFF-QB00113,P0311023B,SWEET ANIS 972,Mezcla,ATENCION,1 800 002 1400,"H316, H317, H411","P261, P272, P273, P302 + P352, P333 + P313, P362 + P364, P391, P501",G,I,1,1,0.09,1,1.09,0015821344,5/30/2025,5/30/2026,1,
IFF-QB00113,P0311023C,SWEET ANIS 972,Mezcla,ATENCION,1 800 002 1400,"H316, H317, H411","P261, P272, P273, P302 + P352, P333 + P313, P362 + P364, P391, P501",G,I,1,1,0.24,1.5,1.74,0015821344,5/30/2025,5/30/2026,1,
IFF-QB00113,P0311023D,SWEET ANIS 972,Mezcla,ATENCION,1 800 002 1400,"H316, H317, H411","P261, P272, P273, P302 + P352, P333 + P313, P362 + P364, P391, P501",G,I,1,1,0.24,2,2.24,0015821344,5/30/2025,5/30/2026,1,
IFF-QB00113,P0311023E,SWEET ANIS 972,Mezcla,ATENCION,1 800 002 1400,"H316, H317, H411","P261, P272, P273, P302 + P352, P333 + P313, P362 + P364, P391, P501",G,I,1,1,0.24,3,3.24,0015821344,5/30/2025,5/30/2026,1,
IFF-QB00113,P0311023F,SWEET ANIS 972,Mezcla,ATENCION,1 800 002 1400,"H316, H317, H411","P261, P272, P273, P302 + P352, P333 + P313, P362 + P364, P391, P501",G,I,1,1,0.24,4,4.24,0015821344,5/30/2025,5/30/2026,1,
IFF-QB00113,P0311023G,SWEET ANIS 972,Mezcla,ATENCION,1 800 002 1400,"H316, H317, H411","P261, P272, P273, P302 + P352, P333 + P313, P362 + P364, P391, P501",G,I,1,1,0.28,5,5.28,0015821344,5/30/2025,5/30/2026,1,
IFF-QB00113,P0311023H,SWEET ANIS 972,Mezcla,ATENCION,1 800 002 1400,"H316, H317, H411","P261, P272, P273, P302 + P352, P333 + P313, P362 + P364, P391, P501",G,I,1,1,0.48,10,10.48,0015821344,5/30/2025,5/30/2026,1,
IFF-QB00113,P0311023I,SWEET ANIS 972,Mezcla,ATENCION,1 800 002 1400,"H316, H317, H411","P261, P272, P273, P302 + P352, P333 + P313, P362 + P364, P391, P501",G,I,1,1,0.9,15,15.9,0015821344,5/30/2025,5/30/2026,1,
IFF-QB00113,P0311023J,SWEET ANIS 972,Mezcla,ATENCION,1 800 002 1400,"H316, H317, H411","P261, P272, P273, P302 + P352, P333 + P313, P362 + P364, P391, P501",G,I,1,1,0.9,20,20.9,0015821344,5/30/2025,5/30/2026,1,
,,,,,,,,,,,,,,,,,,,
IFF-QB00050,P0401005A,FLORAL ROSS FS 6596,Mezcla,PELIGRO,1 800 002 1400,"H315, H317, H318,
H411","P261, P264, P272, P273, P280,
P302 + P352,
P305 + P351 + P338 + P310,
P333 + P313, P362 + P364, P391,
P501
",1,G,E,1,0.09,0.5,0.59,0018090744,10/21/2025,10/21/2026,1,
IFF-QB00050,P0401005B,FLORAL ROSS FS 6596,Mezcla,PELIGRO,1 800 002 1400,"H315, H317, H318,
H411","P261, P264, P272, P273, P280,
P302 + P352,
P305 + P351 + P338 + P310,
P333 + P313, P362 + P364, P391,
P501
",1,G,E,1,0.09,1,1.09,0018090744,10/21/2025,10/21/2026,1,
IFF-QB00050,P0401005C,FLORAL ROSS FS 6596,Mezcla,PELIGRO,1 800 002 1400,"H315, H317, H318,
H411","P261, P264, P272, P273, P280,
P302 + P352,
P305 + P351 + P338 + P310,
P333 + P313, P362 + P364, P391,
P501
",1,G,E,1,0.24,1.5,1.74,0018090744,10/21/2025,10/21/2026,1,
IFF-QB00050,P0401005D,FLORAL ROSS FS 6596,Mezcla,PELIGRO,1 800 002 1400,"H315, H317, H318,
H411","P261, P264, P272, P273, P280,
P302 + P352,
P305 + P351 + P338 + P310,
P333 + P313, P362 + P364, P391,
P501
",1,G,E,1,0.24,2,2.24,0018090744,10/21/2025,10/21/2026,1,
IFF-QB00050,P0401005E,FLORAL ROSS FS 6596,Mezcla,PELIGRO,1 800 002 1400,"H315, H317, H318,
H411","P261, P264, P272, P273, P280,
P302 + P352,
P305 + P351 + P338 + P310,
P333 + P313, P362 + P364, P391,
P501
",1,G,E,1,0.24,3,3.24,0018090744,10/21/2025,10/21/2026,1,
IFF-QB00050,P0401005F,FLORAL ROSS FS 6596,Mezcla,PELIGRO,1 800 002 1400,"H315, H317, H318,
H411","P261, P264, P272, P273, P280,
P302 + P352,
P305 + P351 + P338 + P310,
P333 + P313, P362 + P364, P391,
P501
",1,G,E,1,0.24,4,4.24,0018090744,10/21/2025,10/21/2026,1,
IFF-QB00050,P0401005G,FLORAL ROSS FS 6596,Mezcla,PELIGRO,1 800 002 1400,"H315, H317, H318,
H411","P261, P264, P272, P273, P280,
P302 + P352,
P305 + P351 + P338 + P310,
P333 + P313, P362 + P364, P391,
P501
",1,G,E,1,0.28,5,5.28,0018090744,10/21/2025,10/21/2026,1,
IFF-QB00050,P0401005H,FLORAL ROSS FS 6596,Mezcla,PELIGRO,1 800 002 1400,"H315, H317, H318,
H411","P261, P264, P272, P273, P280,
P302 + P352,
P305 + P351 + P338 + P310,
P333 + P313, P362 + P364, P391,
P501
",1,G,E,1,0.48,10,10.48,0018090744,10/21/2025,10/21/2026,1,
IFF-QB00050,P0401005I,FLORAL ROSS FS 6596,Mezcla,PELIGRO,1 800 002 1400,"H315, H317, H318,
H411","P261, P264, P272, P273, P280,
P302 + P352,
P305 + P351 + P338 + P310,
P333 + P313, P362 + P364, P391,
P501
",1,G,E,1,0.9,15,15.9,0018090744,10/21/2025,10/21/2026,1,
IFF-QB00050,P0401005J,FLORAL ROSS FS 6596,Mezcla,PELIGRO,1 800 002 1400,"H315, H317, H318,
H411","P261, P264, P272, P273, P280,
P302 + P352,
P305 + P351 + P338 + P310,
P333 + P313, P362 + P364, P391,
P501
",1,G,E,1,0.9,20,20.9,0018090744,10/21/2025,10/21/2026,1,
,,,,,,,,,,,,,,,,,,,
IFF-QB00067,P0401007A,VCA BLUE 629 FLOR DE LUNA,Mezcla,ATENCION,1 800 002 1400,"H315, H317, H318,
H411","P261, P264, P272, P273, P280,
P302 + P352,
P305 + P351 + P338 + P310,
P333 + P313, P362 + P364, P391,
P501
",G,H,1,1,0.09,0.5,0.59,0018921446,10/30/2025,10/30/2026,1,
IFF-QB00067,P0401007B,VCA BLUE 629 FLOR DE LUNA,Mezcla,ATENCION,1 800 002 1400,"H315, H317, H318,
H411","P261, P264, P272, P273, P280,
P302 + P352,
P305 + P351 + P338 + P310,
P333 + P313, P362 + P364, P391,
P501
",G,H,1,1,0.09,1,1.09,0018921446,10/30/2025,10/30/2026,1,
IFF-QB00067,P0401007C,VCA BLUE 629 FLOR DE LUNA,Mezcla,ATENCION,1 800 002 1400,"H315, H317, H318,
H411","P261, P264, P272, P273, P280,
P302 + P352,
P305 + P351 + P338 + P310,
P333 + P313, P362 + P364, P391,
P501
",G,H,1,1,0.24,1.5,1.74,0018921446,10/30/2025,10/30/2026,1,
IFF-QB00067,P0401007D,VCA BLUE 629 FLOR DE LUNA,Mezcla,ATENCION,1 800 002 1400,"H315, H317, H318,
H411","P261, P264, P272, P273, P280,
P302 + P352,
P305 + P351 + P338 + P310,
P333 + P313, P362 + P364, P391,
P501
",G,H,1,1,0.24,2,2.24,0018921446,10/30/2025,10/30/2026,1,
IFF-QB00067,P0401007E,VCA BLUE 629 FLOR DE LUNA,Mezcla,ATENCION,1 800 002 1400,"H315, H317, H318,
H411","P261, P264, P272, P273, P280,
P302 + P352,
P305 + P351 + P338 + P310,
P333 + P313, P362 + P364, P391,
P501
",G,H,1,1,0.24,3,3.24,0018921446,10/30/2025,10/30/2026,1,
IFF-QB00067,P0401007F,VCA BLUE 629 FLOR DE LUNA,Mezcla,ATENCION,1 800 002 1400,"H315, H317, H318,
H411","P261, P264, P272, P273, P280,
P302 + P352,
P305 + P351 + P338 + P310,
P333 + P313, P362 + P364, P391,
P501
",G,H,1,1,0.24,4,4.24,0018921446,10/30/2025,10/30/2026,1,
IFF-QB00067,P0401007G,VCA BLUE 629 FLOR DE LUNA,Mezcla,ATENCION,1 800 002 1400,"H315, H317, H318,
H411","P261, P264, P272, P273, P280,
P302 + P352,
P305 + P351 + P338 + P310,
P333 + P313, P362 + P364, P391,
P501
",G,H,1,1,0.28,5,5.28,0018921446,10/30/2025,10/30/2026,1,
IFF-QB00067,P0401007H,VCA BLUE 629 FLOR DE LUNA,Mezcla,ATENCION,1 800 002 1400,"H315, H317, H318,
H411","P261, P264, P272, P273, P280,
P302 + P352,
P305 + P351 + P338 + P310,
P333 + P313, P362 + P364, P391,
P501
",G,H,1,1,0.48,10,10.48,0018921446,10/30/2025,10/30/2026,1,
IFF-QB00067,P0401007I,VCA BLUE 629 FLOR DE LUNA,Mezcla,ATENCION,1 800 002 1400,"H315, H317, H318,
H411","P261, P264, P272, P273, P280,
P302 + P352,
P305 + P351 + P338 + P310,
P333 + P313, P362 + P364, P391,
P501
",G,H,1,1,0.9,15,15.9,0018921446,10/30/2025,10/30/2026,1,
IFF-QB00067,P0401007J,VCA BLUE 629 FLOR DE LUNA,Mezcla,ATENCION,1 800 002 1400,"H315, H317, H318,
H411","P261, P264, P272, P273, P280,
P302 + P352,
P305 + P351 + P338 + P310,
P333 + P313, P362 + P364, P391,
P501
",G,H,1,1,0.9,20,20.9,0018921446,10/30/2025,10/30/2026,1,
IFF-QB00067,P0401007K,VCA BLUE 629 FLOR DE LUNA,Mezcla,ATENCION,1 800 002 1400,"H315, H317, H318,
H411","P261, P264, P272, P273, P280,
P302 + P352,
P305 + P351 + P338 + P310,
P333 + P313, P362 + P364, P391,
P501
",G,H,1,1,2.2,50,52.2,0018921446,10/30/2025,10/30/2026,1,
,,,,,,,,,,,,,,,,,,,
IFF-QB00068,P0401010A,VCB BLUE 231,Mezcla,ATENCION,1 800 002 1400,"H227, H315, H317, H319, H361, H411","P201, P202, P210, P261, P264,
P272, P273, P280, P302 + P352,
P305 + P351 + P338, P308 + P313, 
P333 + P313, P337 + P313
P362 + P364, P370 + P378, P391
P403 + P235, P405, P501",G,1,H,1,0.09,0.5,0.59,0018277956,6/2/2025,6/2/2026,1,
IFF-QB00068,P0401010B,VCB BLUE 231,Mezcla,ATENCION,1 800 002 1400,"H227, H315, H317, H319, H361, H411","P201, P202, P210, P261, P264,
P272, P273, P280, P302 + P352,
P305 + P351 + P338, P308 + P313, 
P333 + P313, P337 + P313
P362 + P364, P370 + P378, P391
P403 + P235, P405, P501",G,1,H,1,0.09,1,1.09,0018277956,6/2/2025,6/2/2026,1,
IFF-QB00068,P0401010C,VCB BLUE 231,Mezcla,ATENCION,1 800 002 1400,"H227, H315, H317, H319, H361, H411","P201, P202, P210, P261, P264,
P272, P273, P280, P302 + P352,
P305 + P351 + P338, P308 + P313, 
P333 + P313, P337 + P313
P362 + P364, P370 + P378, P391
P403 + P235, P405, P501",G,1,H,1,0.24,1.5,1.74,0018277956,6/2/2025,6/2/2026,1,
IFF-QB00068,P0401010D,VCB BLUE 231,Mezcla,ATENCION,1 800 002 1400,"H227, H315, H317, H319, H361, H411","P201, P202, P210, P261, P264,
P272, P273, P280, P302 + P352,
P305 + P351 + P338, P308 + P313, 
P333 + P313, P337 + P313
P362 + P364, P370 + P378, P391
P403 + P235, P405, P501",G,1,H,1,0.24,2,2.24,0018277956,6/2/2025,6/2/2026,1,
IFF-QB00068,P0401010E,VCB BLUE 231,Mezcla,ATENCION,1 800 002 1400,"H227, H315, H317, H319, H361, H411","P201, P202, P210, P261, P264,
P272, P273, P280, P302 + P352,
P305 + P351 + P338, P308 + P313, 
P333 + P313, P337 + P313
P362 + P364, P370 + P378, P391
P403 + P235, P405, P501",G,1,H,1,0.24,3,3.24,0018277956,6/2/2025,6/2/2026,1,
IFF-QB00068,P0401010F,VCB BLUE 231,Mezcla,ATENCION,1 800 002 1400,"H227, H315, H317, H319, H361, H411","P201, P202, P210, P261, P264,
P272, P273, P280, P302 + P352,
P305 + P351 + P338, P308 + P313, 
P333 + P313, P337 + P313
P362 + P364, P370 + P378, P391
P403 + P235, P405, P501",G,1,H,1,0.24,4,4.24,0018277956,6/2/2025,6/2/2026,1,
IFF-QB00068,P0401010G,VCB BLUE 231,Mezcla,ATENCION,1 800 002 1400,"H227, H315, H317, H319, H361, H411","P201, P202, P210, P261, P264,
P272, P273, P280, P302 + P352,
P305 + P351 + P338, P308 + P313, 
P333 + P313, P337 + P313
P362 + P364, P370 + P378, P391
P403 + P235, P405, P501",G,1,H,1,0.28,5,5.28,0018277956,6/2/2025,6/2/2026,1,
IFF-QB00068,P0401010H,VCB BLUE 231,Mezcla,ATENCION,1 800 002 1400,"H227, H315, H317, H319, H361, H411","P201, P202, P210, P261, P264,
P272, P273, P280, P302 + P352,
P305 + P351 + P338, P308 + P313, 
P333 + P313, P337 + P313
P362 + P364, P370 + P378, P391
P403 + P235, P405, P501",G,1,H,1,0.48,10,10.48,0018277956,6/2/2025,6/2/2026,1,
IFF-QB00068,P0401010I,VCB BLUE 231,Mezcla,ATENCION,1 800 002 1400,"H227, H315, H317, H319, H361, H411","P201, P202, P210, P261, P264,
P272, P273, P280, P302 + P352,
P305 + P351 + P338, P308 + P313, 
P333 + P313, P337 + P313
P362 + P364, P370 + P378, P391
P403 + P235, P405, P501",G,1,H,1,0.9,15,15.9,0018277956,6/2/2025,6/2/2026,1,
IFF-QB00068,P0401010J,VCB BLUE 231,Mezcla,ATENCION,1 800 002 1400,"H227, H315, H317, H319, H361, H411","P201, P202, P210, P261, P264,
P272, P273, P280, P302 + P352,
P305 + P351 + P338, P308 + P313, 
P333 + P313, P337 + P313
P362 + P364, P370 + P378, P391
P403 + P235, P405, P501",G,1,H,1,0.9,20,20.9,0018277956,6/2/2025,6/2/2026,1,
,,,,,,,,,,,,,,,,,,,
IFF-QB00041,P0401011A,CELESTIAL DREAMS 958,Mezcla,ATENCION,1 800 002 1400,"H227, H315, H317, H361, H411","P201, P202, P210, P261, P364, P272, P273, P280, P302 + P352, P308 + P313, P333 + P313, P362 + P364, P370 + P378, P391, P403 + P235, P405, P501",H,G,1,1,0.09,0.5,0.59,0018982730,11/24/2025,11/24/2026,1,
IFF-QB00041,P0401011B,CELESTIAL DREAMS 958,Mezcla,ATENCION,1 800 002 1400,"H227, H315, H317, H361, H411","P201, P202, P210, P261, P364, P272, P273, P280, P302 + P352, P308 + P313, P333 + P313, P362 + P364, P370 + P378, P391, P403 + P235, P405, P501",H,G,1,1,0.09,1,1.09,0018982730,11/24/2025,11/24/2026,1,
IFF-QB00041,P0401011C,CELESTIAL DREAMS 958,Mezcla,ATENCION,1 800 002 1400,"H227, H315, H317, H361, H411","P201, P202, P210, P261, P364, P272, P273, P280, P302 + P352, P308 + P313, P333 + P313, P362 + P364, P370 + P378, P391, P403 + P235, P405, P501",H,G,1,1,0.24,1.5,1.74,0018982730,11/24/2025,11/24/2026,1,
IFF-QB00041,P0401011D,CELESTIAL DREAMS 958,Mezcla,ATENCION,1 800 002 1400,"H227, H315, H317, H361, H411","P201, P202, P210, P261, P364, P272, P273, P280, P302 + P352, P308 + P313, P333 + P313, P362 + P364, P370 + P378, P391, P403 + P235, P405, P501",H,G,1,1,0.24,2,2.24,0018982730,11/24/2025,11/24/2026,1,
IFF-QB00041,P0401011E,CELESTIAL DREAMS 958,Mezcla,ATENCION,1 800 002 1400,"H227, H315, H317, H361, H411","P201, P202, P210, P261, P364, P272, P273, P280, P302 + P352, P308 + P313, P333 + P313, P362 + P364, P370 + P378, P391, P403 + P235, P405, P501",H,G,1,1,0.24,3,3.24,0018982730,11/24/2025,11/24/2026,1,
IFF-QB00041,P0401011F,CELESTIAL DREAMS 958,Mezcla,ATENCION,1 800 002 1400,"H227, H315, H317, H361, H411","P201, P202, P210, P261, P364, P272, P273, P280, P302 + P352, P308 + P313, P333 + P313, P362 + P364, P370 + P378, P391, P403 + P235, P405, P501",H,G,1,1,0.24,4,4.24,0018982730,11/24/2025,11/24/2026,1,
IFF-QB00041,P0401011G,CELESTIAL DREAMS 958,Mezcla,ATENCION,1 800 002 1400,"H227, H315, H317, H361, H411","P201, P202, P210, P261, P364, P272, P273, P280, P302 + P352, P308 + P313, P333 + P313, P362 + P364, P370 + P378, P391, P403 + P235, P405, P501",H,G,1,1,0.28,5,5.28,0018982730,11/24/2025,11/24/2026,1,
IFF-QB00041,P0401011H,CELESTIAL DREAMS 958,Mezcla,ATENCION,1 800 002 1400,"H227, H315, H317, H361, H411","P201, P202, P210, P261, P364, P272, P273, P280, P302 + P352, P308 + P313, P333 + P313, P362 + P364, P370 + P378, P391, P403 + P235, P405, P501",H,G,1,1,0.48,10,10.48,0018982730,11/24/2025,11/24/2026,1,
IFF-QB00041,P0401011I,CELESTIAL DREAMS 958,Mezcla,ATENCION,1 800 002 1400,"H227, H315, H317, H361, H411","P201, P202, P210, P261, P364, P272, P273, P280, P302 + P352, P308 + P313, P333 + P313, P362 + P364, P370 + P378, P391, P403 + P235, P405, P501",H,G,1,1,0.9,15,15.9,0018982730,11/24/2025,11/24/2026,1,
IFF-QB00041,P0401011J,CELESTIAL DREAMS 958,Mezcla,ATENCION,1 800 002 1400,"H227, H315, H317, H361, H411","P201, P202, P210, P261, P364, P272, P273, P280, P302 + P352, P308 + P313, P333 + P313, P362 + P364, P370 + P378, P391, P403 + P235, P405, P501",H,G,1,1,0.9,20,20.9,0018982730,11/24/2025,11/24/2026,1,
,,,,,,,,,,,,,,,,,,,
IFF-QB00061,P0401012A,QUIM 1147 FS,Mezcla,ATENCION,1 800 002 1400,"H227, H315, H317, H319, H361, H410","P201, P202, P210, P261, P264,
P272, P273, P280, P302 + P352,
P305 + P351 + P338, P308 + P313, 
P333 + P313, P337 + P313
P362 + P364, P370 + P378, P391
P403 + P235, P405, P501",G,1,H,1,0.09,0.5,0.59,0018737128,9/9/2025,9/9/2026,1,
IFF-QB00061,P0401012B,QUIM 1147 FS,Mezcla,ATENCION,1 800 002 1400,"H227, H315, H317, H319, H361, H410","P201, P202, P210, P261, P264,
P272, P273, P280, P302 + P352,
P305 + P351 + P338, P308 + P313, 
P333 + P313, P337 + P313
P362 + P364, P370 + P378, P391
P403 + P235, P405, P501",G,1,H,1,0.09,1,1.09,0018737128,9/9/2025,9/9/2026,1,
IFF-QB00061,P0401012C,QUIM 1147 FS,Mezcla,ATENCION,1 800 002 1400,"H227, H315, H317, H319, H361, H410","P201, P202, P210, P261, P264,
P272, P273, P280, P302 + P352,
P305 + P351 + P338, P308 + P313, 
P333 + P313, P337 + P313
P362 + P364, P370 + P378, P391
P403 + P235, P405, P501",G,1,H,1,0.24,1.5,1.74,0018737128,9/9/2025,9/9/2026,1,
IFF-QB00061,P0401012D,QUIM 1147 FS,Mezcla,ATENCION,1 800 002 1400,"H227, H315, H317, H319, H361, H410","P201, P202, P210, P261, P264,
P272, P273, P280, P302 + P352,
P305 + P351 + P338, P308 + P313, 
P333 + P313, P337 + P313
P362 + P364, P370 + P378, P391
P403 + P235, P405, P501",G,1,H,1,0.24,2,2.24,0018737128,9/9/2025,9/9/2026,1,
IFF-QB00061,P0401012E,QUIM 1147 FS,Mezcla,ATENCION,1 800 002 1400,"H227, H315, H317, H319, H361, H410","P201, P202, P210, P261, P264,
P272, P273, P280, P302 + P352,
P305 + P351 + P338, P308 + P313, 
P333 + P313, P337 + P313
P362 + P364, P370 + P378, P391
P403 + P235, P405, P501",G,1,H,1,0.24,3,3.24,0018737128,9/9/2025,9/9/2026,1,
IFF-QB00061,P0401012F,QUIM 1147 FS,Mezcla,ATENCION,1 800 002 1400,"H227, H315, H317, H319, H361, H410","P201, P202, P210, P261, P264,
P272, P273, P280, P302 + P352,
P305 + P351 + P338, P308 + P313, 
P333 + P313, P337 + P313
P362 + P364, P370 + P378, P391
P403 + P235, P405, P501",G,1,H,1,0.24,4,4.24,0018737128,9/9/2025,9/9/2026,1,
IFF-QB00061,P0401012G,QUIM 1147 FS,Mezcla,ATENCION,1 800 002 1400,"H227, H315, H317, H319, H361, H410","P201, P202, P210, P261, P264,
P272, P273, P280, P302 + P352,
P305 + P351 + P338, P308 + P313, 
P333 + P313, P337 + P313
P362 + P364, P370 + P378, P391
P403 + P235, P405, P501",G,1,H,1,0.28,5,5.28,0018737128,9/9/2025,9/9/2026,1,
IFF-QB00061,P0401012H,QUIM 1147 FS,Mezcla,ATENCION,1 800 002 1400,"H227, H315, H317, H319, H361, H410","P201, P202, P210, P261, P264,
P272, P273, P280, P302 + P352,
P305 + P351 + P338, P308 + P313, 
P333 + P313, P337 + P313
P362 + P364, P370 + P378, P391
P403 + P235, P405, P501",G,1,H,1,0.48,10,10.48,0018737128,9/9/2025,9/9/2026,1,
IFF-QB00061,P0401012I,QUIM 1147 FS,Mezcla,ATENCION,1 800 002 1400,"H227, H315, H317, H319, H361, H410","P201, P202, P210, P261, P264,
P272, P273, P280, P302 + P352,
P305 + P351 + P338, P308 + P313, 
P333 + P313, P337 + P313
P362 + P364, P370 + P378, P391
P403 + P235, P405, P501",G,1,H,1,0.9,15,15.9,0018737128,9/9/2025,9/9/2026,1,
IFF-QB00061,P0401012J,QUIM 1147 FS,Mezcla,ATENCION,1 800 002 1400,"H227, H315, H317, H319, H361, H410","P201, P202, P210, P261, P264,
P272, P273, P280, P302 + P352,
P305 + P351 + P338, P308 + P313, 
P333 + P313, P337 + P313
P362 + P364, P370 + P378, P391
P403 + P235, P405, P501",G,1,H,1,0.9,20,20.9,0018737128,9/9/2025,9/9/2026,1,
,,,,,,,,,,,,,,,,,,,
IFF-QB00059,P0401013A,QUIM 1074 FS BLUE,Mezcla,ATENCION,1 800 002 1400,"H227, H303, H315,
H317, H319, H361,
H411","P201, P202, P210,
P261, P264, P272,
P273, P280,
P302 + P352,
P305 + P351 + P338,
P312, P333 + P313,
P337 + P313,
P362 + P364,
P370 + P378,
P391, P403 + P235,
P405, P501
",G,1,1,1,0.09,0.5,0.59,0018630078,9/3/2025,9/3/2026,1,
IFF-QB00059,P0401013B,QUIM 1074 FS BLUE,Mezcla,ATENCION,1 800 002 1400,"H227, H303, H315,
H317, H319, H361,
H411","P201, P202, P210,
P261, P264, P272,
P273, P280,
P302 + P352,
P305 + P351 + P338,
P312, P333 + P313,
P337 + P313,
P362 + P364,
P370 + P378,
P391, P403 + P235,
P405, P501
",G,1,1,1,0.09,1,1.09,0018630078,9/3/2025,9/3/2026,1,
IFF-QB00059,P0401013C,QUIM 1074 FS BLUE,Mezcla,ATENCION,1 800 002 1400,"H227, H303, H315,
H317, H319, H361,
H411","P201, P202, P210,
P261, P264, P272,
P273, P280,
P302 + P352,
P305 + P351 + P338,
P312, P333 + P313,
P337 + P313,
P362 + P364,
P370 + P378,
P391, P403 + P235,
P405, P501
",G,1,1,1,0.24,1.5,1.74,0018630078,9/3/2025,9/3/2026,1,
IFF-QB00059,P0401013D,QUIM 1074 FS BLUE,Mezcla,ATENCION,1 800 002 1400,"H227, H303, H315,
H317, H319, H361,
H411","P201, P202, P210,
P261, P264, P272,
P273, P280,
P302 + P352,
P305 + P351 + P338,
P312, P333 + P313,
P337 + P313,
P362 + P364,
P370 + P378,
P391, P403 + P235,
P405, P501
",G,1,1,1,0.24,2,2.24,0018630078,9/3/2025,9/3/2026,1,
IFF-QB00059,P0401013E,QUIM 1074 FS BLUE,Mezcla,ATENCION,1 800 002 1400,"H227, H303, H315,
H317, H319, H361,
H411","P201, P202, P210,
P261, P264, P272,
P273, P280,
P302 + P352,
P305 + P351 + P338,
P312, P333 + P313,
P337 + P313,
P362 + P364,
P370 + P378,
P391, P403 + P235,
P405, P501
",G,1,1,1,0.24,3,3.24,0018630078,9/3/2025,9/3/2026,1,
IFF-QB00059,P0401013F,QUIM 1074 FS BLUE,Mezcla,ATENCION,1 800 002 1400,"H227, H303, H315,
H317, H319, H361,
H411","P201, P202, P210,
P261, P264, P272,
P273, P280,
P302 + P352,
P305 + P351 + P338,
P312, P333 + P313,
P337 + P313,
P362 + P364,
P370 + P378,
P391, P403 + P235,
P405, P501
",G,1,1,1,0.24,4,4.24,0018630078,9/3/2025,9/3/2026,1,
IFF-QB00059,P0401013G,QUIM 1074 FS BLUE,Mezcla,ATENCION,1 800 002 1400,"H227, H303, H315,
H317, H319, H361,
H411","P201, P202, P210,
P261, P264, P272,
P273, P280,
P302 + P352,
P305 + P351 + P338,
P312, P333 + P313,
P337 + P313,
P362 + P364,
P370 + P378,
P391, P403 + P235,
P405, P501
",G,1,1,1,0.28,5,5.28,0018630078,9/3/2025,9/3/2026,1,
IFF-QB00059,P0401013H,QUIM 1074 FS BLUE,Mezcla,ATENCION,1 800 002 1400,"H227, H303, H315,
H317, H319, H361,
H411","P201, P202, P210,
P261, P264, P272,
P273, P280,
P302 + P352,
P305 + P351 + P338,
P312, P333 + P313,
P337 + P313,
P362 + P364,
P370 + P378,
P391, P403 + P235,
P405, P501
",G,1,1,1,0.48,10,10.48,0018630078,9/3/2025,9/3/2026,1,
IFF-QB00059,P0401013I,QUIM 1074 FS BLUE,Mezcla,ATENCION,1 800 002 1400,"H227, H303, H315,
H317, H319, H361,
H411","P201, P202, P210,
P261, P264, P272,
P273, P280,
P302 + P352,
P305 + P351 + P338,
P312, P333 + P313,
P337 + P313,
P362 + P364,
P370 + P378,
P391, P403 + P235,
P405, P501
",G,1,1,1,0.9,15,15.9,0018630078,9/3/2025,9/3/2026,1,
IFF-QB00059,P0401013J,QUIM 1074 FS BLUE,Mezcla,ATENCION,1 800 002 1400,"H227, H303, H315,
H317, H319, H361,
H411","P201, P202, P210,
P261, P264, P272,
P273, P280,
P302 + P352,
P305 + P351 + P338,
P312, P333 + P313,
P337 + P313,
P362 + P364,
P370 + P378,
P391, P403 + P235,
P405, P501
",G,1,1,1,0.9,20,20.9,0018630078,9/3/2025,9/3/2026,1,
,,,,,,,,,,,,,,,,,,,
IFF-QB00060,P0401014A,QUIM 1075 FSE F,Mezcla,ATENCION,1 800 002 1400,"H315, H317, H361,
H410","P201, P202, P261, P264, P272, P273, P280, P302 + P352,
P308 + P313, P333 + P313, 
P362 + P364, P391, P405, P501",G,1,H,1,0.09,0.5,0.59,0018490804,8/1/2025,8/1/2026,1,
IFF-QB00060,P0401014B,QUIM 1075 FSE F,Mezcla,ATENCION,1 800 002 1400,"H315, H317, H361,
H410","P201, P202, P261, P264, P272, P273, P280, P302 + P352,
P308 + P313, P333 + P313, 
P362 + P364, P391, P405, P501",G,1,H,1,0.09,1,1.09,0018490804,8/1/2025,8/1/2026,1,
IFF-QB00060,P0401014C,QUIM 1075 FSE F,Mezcla,ATENCION,1 800 002 1400,"H315, H317, H361,
H410","P201, P202, P261, P264, P272, P273, P280, P302 + P352,
P308 + P313, P333 + P313, 
P362 + P364, P391, P405, P501",G,1,H,1,0.24,1.5,1.74,0018490804,8/1/2025,8/1/2026,1,
IFF-QB00060,P0401014D,QUIM 1075 FSE F,Mezcla,ATENCION,1 800 002 1400,"H315, H317, H361,
H410","P201, P202, P261, P264, P272, P273, P280, P302 + P352,
P308 + P313, P333 + P313, 
P362 + P364, P391, P405, P501",G,1,H,1,0.24,2,2.24,0018490804,8/1/2025,8/1/2026,1,
IFF-QB00060,P0401014E,QUIM 1075 FSE F,Mezcla,ATENCION,1 800 002 1400,"H315, H317, H361,
H410","P201, P202, P261, P264, P272, P273, P280, P302 + P352,
P308 + P313, P333 + P313, 
P362 + P364, P391, P405, P501",G,1,H,1,0.24,3,3.24,0018490804,8/1/2025,8/1/2026,1,
IFF-QB00060,P0401014F,QUIM 1075 FSE F,Mezcla,ATENCION,1 800 002 1400,"H315, H317, H361,
H410","P201, P202, P261, P264, P272, P273, P280, P302 + P352,
P308 + P313, P333 + P313, 
P362 + P364, P391, P405, P501",G,1,H,1,0.24,4,4.24,0018490804,8/1/2025,8/1/2026,1,
IFF-QB00060,P0401014G,QUIM 1075 FSE F,Mezcla,ATENCION,1 800 002 1400,"H315, H317, H361,
H410","P201, P202, P261, P264, P272, P273, P280, P302 + P352,
P308 + P313, P333 + P313, 
P362 + P364, P391, P405, P501",G,1,H,1,0.28,5,5.28,0018490804,8/1/2025,8/1/2026,1,
IFF-QB00060,P0401014H,QUIM 1075 FSE F,Mezcla,ATENCION,1 800 002 1400,"H315, H317, H361,
H410","P201, P202, P261, P264, P272, P273, P280, P302 + P352,
P308 + P313, P333 + P313, 
P362 + P364, P391, P405, P501",G,1,H,1,0.48,10,10.48,0018490804,8/1/2025,8/1/2026,1,
IFF-QB00060,P0401014I,QUIM 1075 FSE F,Mezcla,ATENCION,1 800 002 1400,"H315, H317, H361,
H410","P201, P202, P261, P264, P272, P273, P280, P302 + P352,
P308 + P313, P333 + P313, 
P362 + P364, P391, P405, P501",G,1,H,1,0.9,15,15.9,0018490804,8/1/2025,8/1/2026,1,
IFF-QB00060,P0401014J,QUIM 1075 FSE F,Mezcla,ATENCION,1 800 002 1400,"H315, H317, H361,
H410","P201, P202, P261, P264, P272, P273, P280, P302 + P352,
P308 + P313, P333 + P313, 
P362 + P364, P391, P405, P501",G,1,H,1,0.9,20,20.9,0018490804,8/1/2025,8/1/2026,1,
,,,,,,,,,,,,,,,,,,,
IFF-QB00062,P0401015A,SIMPLY BLUE 607,Mezcla,ATENCION,1 800 002 1400,"H227, H315, H317, H319, H361, H410","P201, P202, P210, P261, P264,
P272, P273, P280, P302 + P352,
P305 + P351 + P338, P308 + P313,
P333 + P313, P337 + P313,
P362 + P364, P370 + P378, P391
P403 + P235, P405, P501",G,1,H,1,0.09,0.5,0.59,0017618661,5/30/2025,5/30/2026,1,
IFF-QB00062,P0401015B,SIMPLY BLUE 607,Mezcla,ATENCION,1 800 002 1400,"H227, H315, H317, H319, H361, H410","P201, P202, P210, P261, P264,
P272, P273, P280, P302 + P352,
P305 + P351 + P338, P308 + P313,
P333 + P313, P337 + P313,
P362 + P364, P370 + P378, P391
P403 + P235, P405, P501",G,1,H,1,0.09,1,1.09,0017618661,5/30/2025,5/30/2026,1,
IFF-QB00062,P0401015C,SIMPLY BLUE 607,Mezcla,ATENCION,1 800 002 1400,"H227, H315, H317, H319, H361, H410","P201, P202, P210, P261, P264,
P272, P273, P280, P302 + P352,
P305 + P351 + P338, P308 + P313,
P333 + P313, P337 + P313,
P362 + P364, P370 + P378, P391
P403 + P235, P405, P501",G,1,H,1,0.24,1.5,1.74,0017618661,5/30/2025,5/30/2026,1,
IFF-QB00062,P0401015D,SIMPLY BLUE 607,Mezcla,ATENCION,1 800 002 1400,"H227, H315, H317, H319, H361, H410","P201, P202, P210, P261, P264,
P272, P273, P280, P302 + P352,
P305 + P351 + P338, P308 + P313,
P333 + P313, P337 + P313,
P362 + P364, P370 + P378, P391
P403 + P235, P405, P501",G,1,H,1,0.24,2,2.24,0017618661,5/30/2025,5/30/2026,1,
IFF-QB00062,P0401015E,SIMPLY BLUE 607,Mezcla,ATENCION,1 800 002 1400,"H227, H315, H317, H319, H361, H410","P201, P202, P210, P261, P264,
P272, P273, P280, P302 + P352,
P305 + P351 + P338, P308 + P313,
P333 + P313, P337 + P313,
P362 + P364, P370 + P378, P391
P403 + P235, P405, P501",G,1,H,1,0.24,3,3.24,0017618661,5/30/2025,5/30/2026,1,
IFF-QB00062,P0401015F,SIMPLY BLUE 607,Mezcla,ATENCION,1 800 002 1400,"H227, H315, H317, H319, H361, H410","P201, P202, P210, P261, P264,
P272, P273, P280, P302 + P352,
P305 + P351 + P338, P308 + P313,
P333 + P313, P337 + P313,
P362 + P364, P370 + P378, P391
P403 + P235, P405, P501",G,1,H,1,0.24,4,4.24,0017618661,5/30/2025,5/30/2026,1,
IFF-QB00062,P0401015G,SIMPLY BLUE 607,Mezcla,ATENCION,1 800 002 1400,"H227, H315, H317, H319, H361, H410","P201, P202, P210, P261, P264,
P272, P273, P280, P302 + P352,
P305 + P351 + P338, P308 + P313,
P333 + P313, P337 + P313,
P362 + P364, P370 + P378, P391
P403 + P235, P405, P501",G,1,H,1,0.28,5,5.28,0017618661,5/30/2025,5/30/2026,1,
IFF-QB00062,P0401015H,SIMPLY BLUE 607,Mezcla,ATENCION,1 800 002 1400,"H227, H315, H317, H319, H361, H410","P201, P202, P210, P261, P264,
P272, P273, P280, P302 + P352,
P305 + P351 + P338, P308 + P313,
P333 + P313, P337 + P313,
P362 + P364, P370 + P378, P391
P403 + P235, P405, P501",G,1,H,1,0.48,10,10.48,0017618661,5/30/2025,5/30/2026,1,
IFF-QB00062,P0401015I,SIMPLY BLUE 607,Mezcla,ATENCION,1 800 002 1400,"H227, H315, H317, H319, H361, H410","P201, P202, P210, P261, P264,
P272, P273, P280, P302 + P352,
P305 + P351 + P338, P308 + P313,
P333 + P313, P337 + P313,
P362 + P364, P370 + P378, P391
P403 + P235, P405, P501",G,1,H,1,0.9,15,15.9,0017618661,5/30/2025,5/30/2026,1,
IFF-QB00062,P0401015J,SIMPLY BLUE 607,Mezcla,ATENCION,1 800 002 1400,"H227, H315, H317, H319, H361, H410","P201, P202, P210, P261, P264,
P272, P273, P280, P302 + P352,
P305 + P351 + P338, P308 + P313,
P333 + P313, P337 + P313,
P362 + P364, P370 + P378, P391
P403 + P235, P405, P501",G,1,H,1,0.9,20,20.9,0017618661,5/30/2025,5/30/2026,1,
,,,,,,,,,,,,,,,,,,,
IFF-QB00046,P0401016A,DURAMAX 640,Mezcla,ATENCION,1 800 002 1400,"H227, H303, H315,
H317, H319, H411","P210, P261, P264,
P272, P273, P280, P302 + P352, 
P305 + P351 + P338, P312, P333 + P313, P337 + P313, 
P362 + P364, 
P370 + P378, P391,
P403 + P235, P501 ",G,H,1,1,0.09,0.5,0.59,0018095292,12/20/2025,12/20/2026,1,
IFF-QB00046,P0401016B,DURAMAX 640,Mezcla,ATENCION,1 800 002 1400,"H227, H303, H315,
H317, H319, H411","P210, P261, P264,
P272, P273, P280, P302 + P352, 
P305 + P351 + P338, P312, P333 + P313, P337 + P313, 
P362 + P364, 
P370 + P378, P391,
P403 + P235, P501 ",G,H,1,1,0.09,1,1.09,0018095292,12/20/2025,12/20/2026,1,
IFF-QB00046,P0401016C,DURAMAX 640,Mezcla,ATENCION,1 800 002 1400,"H227, H303, H315,
H317, H319, H411","P210, P261, P264,
P272, P273, P280, P302 + P352, 
P305 + P351 + P338, P312, P333 + P313, P337 + P313, 
P362 + P364, 
P370 + P378, P391,
P403 + P235, P501 ",G,H,1,1,0.24,1.5,1.74,0018095292,12/20/2025,12/20/2026,1,
IFF-QB00046,P0401016D,DURAMAX 640,Mezcla,ATENCION,1 800 002 1400,"H227, H303, H315,
H317, H319, H411","P210, P261, P264,
P272, P273, P280, P302 + P352, 
P305 + P351 + P338, P312, P333 + P313, P337 + P313, 
P362 + P364, 
P370 + P378, P391,
P403 + P235, P501 ",G,H,1,1,0.24,2,2.24,0018095292,12/20/2025,12/20/2026,1,
IFF-QB00046,P0401016E,DURAMAX 640,Mezcla,ATENCION,1 800 002 1400,"H227, H303, H315,
H317, H319, H411","P210, P261, P264,
P272, P273, P280, P302 + P352, 
P305 + P351 + P338, P312, P333 + P313, P337 + P313, 
P362 + P364, 
P370 + P378, P391,
P403 + P235, P501 ",G,H,1,1,0.24,3,3.24,0018095292,12/20/2025,12/20/2026,1,
IFF-QB00046,P0401016F,DURAMAX 640,Mezcla,ATENCION,1 800 002 1400,"H227, H303, H315,
H317, H319, H411","P210, P261, P264,
P272, P273, P280, P302 + P352, 
P305 + P351 + P338, P312, P333 + P313, P337 + P313, 
P362 + P364, 
P370 + P378, P391,
P403 + P235, P501 ",G,H,1,1,0.24,4,4.24,0018095292,12/20/2025,12/20/2026,1,
IFF-QB00046,P0401016G,DURAMAX 640,Mezcla,ATENCION,1 800 002 1400,"H227, H303, H315,
H317, H319, H411","P210, P261, P264,
P272, P273, P280, P302 + P352, 
P305 + P351 + P338, P312, P333 + P313, P337 + P313, 
P362 + P364, 
P370 + P378, P391,
P403 + P235, P501 ",G,H,1,1,0.28,5,5.28,0018095292,12/20/2025,12/20/2026,1,
IFF-QB00046,P0401016H,DURAMAX 640,Mezcla,ATENCION,1 800 002 1400,"H227, H303, H315,
H317, H319, H411","P210, P261, P264,
P272, P273, P280, P302 + P352, 
P305 + P351 + P338, P312, P333 + P313, P337 + P313, 
P362 + P364, 
P370 + P378, P391,
P403 + P235, P501 ",G,H,1,1,0.48,10,10.48,0018095292,12/20/2025,12/20/2026,1,
IFF-QB00046,P0401016I,DURAMAX 640,Mezcla,ATENCION,1 800 002 1400,"H227, H303, H315,
H317, H319, H411","P210, P261, P264,
P272, P273, P280, P302 + P352, 
P305 + P351 + P338, P312, P333 + P313, P337 + P313, 
P362 + P364, 
P370 + P378, P391,
P403 + P235, P501 ",G,H,1,1,0.9,15,15.9,0018095292,12/20/2025,12/20/2026,1,
IFF-QB00046,P0401016J,DURAMAX 640,Mezcla,ATENCION,1 800 002 1400,"H227, H303, H315,
H317, H319, H411","P210, P261, P264,
P272, P273, P280, P302 + P352, 
P305 + P351 + P338, P312, P333 + P313, P337 + P313, 
P362 + P364, 
P370 + P378, P391,
P403 + P235, P501 ",G,H,1,1,0.9,20,20.9,0018095292,12/20/2025,12/20/2026,1,
,,,,,,,,,,,,,,,,,,,
IFF-QB00052,P0401017A,FREEDOM 639,Mezcla,PELIGRO,1 800 002 1400,"H227, H303, H315
H317, H318, H361
H411","P201, P202, P210, P261, P264,
P272, P273, P280, P302 + P352,
P305 + P351 + P338 + P310, P312,
P333 + P313, P362 + P364,
P370 + P378, P391, P403 + P235,
P501",H,E,G,1,0.09,0.5,0.59,0018737131,9/9/2025,9/9/2026,1,
IFF-QB00052,P0401017B,FREEDOM 639,Mezcla,PELIGRO,1 800 002 1400,"H227, H303, H315
H317, H318, H361
H411","P201, P202, P210, P261, P264,
P272, P273, P280, P302 + P352,
P305 + P351 + P338 + P310, P312,
P333 + P313, P362 + P364,
P370 + P378, P391, P403 + P235,
P501",H,E,G,1,0.09,1,1.09,0018737131,9/9/2025,9/9/2026,1,
IFF-QB00052,P0401017C,FREEDOM 639,Mezcla,PELIGRO,1 800 002 1400,"H227, H303, H315
H317, H318, H361
H411","P201, P202, P210, P261, P264,
P272, P273, P280, P302 + P352,
P305 + P351 + P338 + P310, P312,
P333 + P313, P362 + P364,
P370 + P378, P391, P403 + P235,
P501",H,E,G,1,0.24,1.5,1.74,0018737131,9/9/2025,9/9/2026,1,
IFF-QB00052,P0401017D,FREEDOM 639,Mezcla,PELIGRO,1 800 002 1400,"H227, H303, H315
H317, H318, H361
H411","P201, P202, P210, P261, P264,
P272, P273, P280, P302 + P352,
P305 + P351 + P338 + P310, P312,
P333 + P313, P362 + P364,
P370 + P378, P391, P403 + P235,
P501",H,E,G,1,0.24,2,2.24,0018737131,9/9/2025,9/9/2026,1,
IFF-QB00052,P0401017E,FREEDOM 639,Mezcla,PELIGRO,1 800 002 1400,"H227, H303, H315
H317, H318, H361
H411","P201, P202, P210, P261, P264,
P272, P273, P280, P302 + P352,
P305 + P351 + P338 + P310, P312,
P333 + P313, P362 + P364,
P370 + P378, P391, P403 + P235,
P501",H,E,G,1,0.24,3,3.24,0018737131,9/9/2025,9/9/2026,1,
IFF-QB00052,P0401017F,FREEDOM 639,Mezcla,PELIGRO,1 800 002 1400,"H227, H303, H315
H317, H318, H361
H411","P201, P202, P210, P261, P264,
P272, P273, P280, P302 + P352,
P305 + P351 + P338 + P310, P312,
P333 + P313, P362 + P364,
P370 + P378, P391, P403 + P235,
P501",H,E,G,1,0.24,4,4.24,0018737131,9/9/2025,9/9/2026,1,
IFF-QB00052,P0401017G,FREEDOM 639,Mezcla,PELIGRO,1 800 002 1400,"H227, H303, H315
H317, H318, H361
H411","P201, P202, P210, P261, P264,
P272, P273, P280, P302 + P352,
P305 + P351 + P338 + P310, P312,
P333 + P313, P362 + P364,
P370 + P378, P391, P403 + P235,
P501",H,E,G,1,0.28,5,5.28,0018737131,9/9/2025,9/9/2026,1,
IFF-QB00052,P0401017H,FREEDOM 639,Mezcla,PELIGRO,1 800 002 1400,"H227, H303, H315
H317, H318, H361
H411","P201, P202, P210, P261, P264,
P272, P273, P280, P302 + P352,
P305 + P351 + P338 + P310, P312,
P333 + P313, P362 + P364,
P370 + P378, P391, P403 + P235,
P501",H,E,G,1,0.48,10,10.48,0018737131,9/9/2025,9/9/2026,1,
IFF-QB00052,P0401017I,FREEDOM 639,Mezcla,PELIGRO,1 800 002 1400,"H227, H303, H315
H317, H318, H361
H411","P201, P202, P210, P261, P264,
P272, P273, P280, P302 + P352,
P305 + P351 + P338 + P310, P312,
P333 + P313, P362 + P364,
P370 + P378, P391, P403 + P235,
P501",H,E,G,1,0.9,15,15.9,0018737131,9/9/2025,9/9/2026,1,
IFF-QB00052,P0401017J,FREEDOM 639,Mezcla,PELIGRO,1 800 002 1400,"H227, H303, H315
H317, H318, H361
H411","P201, P202, P210, P261, P264,
P272, P273, P280, P302 + P352,
P305 + P351 + P338 + P310, P312,
P333 + P313, P362 + P364,
P370 + P378, P391, P403 + P235,
P501",H,E,G,1,0.9,20,20.9,0018737131,9/9/2025,9/9/2026,1,
,,,,,,,,,,,,,,,,,,,
IFF-QB00047,P0401018A,ELEGANT 957 (ELEGANCY),Mezcla,ATENCION,1 800 002 1400,"H227, H303, H315, H317, H319, H361
H400, H411","P201, P202, P210, P261, P264,
P272, P273, P280, P302 + P352,
P305 + P351 + P338, P312,
P333 + P313, P337 + P313
P362 + P364, P370 + P378, P391
P403 + P235, P405, P501",G,1,H,1,0.09,0.5,0.59,0018499734,7/23/2025,7/23/2026,1,
IFF-QB00047,P0401018B,ELEGANT 957 (ELEGANCY),Mezcla,ATENCION,1 800 002 1400,"H227, H303, H315, H317, H319, H361
H400, H411","P201, P202, P210, P261, P264,
P272, P273, P280, P302 + P352,
P305 + P351 + P338, P312,
P333 + P313, P337 + P313
P362 + P364, P370 + P378, P391
P403 + P235, P405, P501",G,1,H,1,0.09,1,1.09,0018499734,7/23/2025,7/23/2026,1,
IFF-QB00047,P0401018C,ELEGANT 957 (ELEGANCY),Mezcla,ATENCION,1 800 002 1400,"H227, H303, H315, H317, H319, H361
H400, H411","P201, P202, P210, P261, P264,
P272, P273, P280, P302 + P352,
P305 + P351 + P338, P312,
P333 + P313, P337 + P313
P362 + P364, P370 + P378, P391
P403 + P235, P405, P501",G,1,H,1,0.24,1.5,1.74,0018499734,7/23/2025,7/23/2026,1,
IFF-QB00047,P0401018D,ELEGANT 957 (ELEGANCY),Mezcla,ATENCION,1 800 002 1400,"H227, H303, H315, H317, H319, H361
H400, H411","P201, P202, P210, P261, P264,
P272, P273, P280, P302 + P352,
P305 + P351 + P338, P312,
P333 + P313, P337 + P313
P362 + P364, P370 + P378, P391
P403 + P235, P405, P501",G,1,H,1,0.24,2,2.24,0018499734,7/23/2025,7/23/2026,1,
IFF-QB00047,P0401018E,ELEGANT 957 (ELEGANCY),Mezcla,ATENCION,1 800 002 1400,"H227, H303, H315, H317, H319, H361
H400, H411","P201, P202, P210, P261, P264,
P272, P273, P280, P302 + P352,
P305 + P351 + P338, P312,
P333 + P313, P337 + P313
P362 + P364, P370 + P378, P391
P403 + P235, P405, P501",G,1,H,1,0.24,3,3.24,0018499734,7/23/2025,7/23/2026,1,
IFF-QB00047,P0401018F,ELEGANT 957 (ELEGANCY),Mezcla,ATENCION,1 800 002 1400,"H227, H303, H315, H317, H319, H361
H400, H411","P201, P202, P210, P261, P264,
P272, P273, P280, P302 + P352,
P305 + P351 + P338, P312,
P333 + P313, P337 + P313
P362 + P364, P370 + P378, P391
P403 + P235, P405, P501",G,1,H,1,0.24,4,4.24,0018499734,7/23/2025,7/23/2026,1,
IFF-QB00047,P0401018G,ELEGANT 957 (ELEGANCY),Mezcla,ATENCION,1 800 002 1400,"H227, H303, H315, H317, H319, H361
H400, H411","P201, P202, P210, P261, P264,
P272, P273, P280, P302 + P352,
P305 + P351 + P338, P312,
P333 + P313, P337 + P313
P362 + P364, P370 + P378, P391
P403 + P235, P405, P501",G,1,H,1,0.28,5,5.28,0018499734,7/23/2025,7/23/2026,1,
IFF-QB00047,P0401018H,ELEGANT 957 (ELEGANCY),Mezcla,ATENCION,1 800 002 1400,"H227, H303, H315, H317, H319, H361
H400, H411","P201, P202, P210, P261, P264,
P272, P273, P280, P302 + P352,
P305 + P351 + P338, P312,
P333 + P313, P337 + P313
P362 + P364, P370 + P378, P391
P403 + P235, P405, P501",G,1,H,1,0.48,10,10.48,0018499734,7/23/2025,7/23/2026,1,
IFF-QB00047,P0401018I,ELEGANT 957 (ELEGANCY),Mezcla,ATENCION,1 800 002 1400,"H227, H303, H315, H317, H319, H361
H400, H411","P201, P202, P210, P261, P264,
P272, P273, P280, P302 + P352,
P305 + P351 + P338, P312,
P333 + P313, P337 + P313
P362 + P364, P370 + P378, P391
P403 + P235, P405, P501",G,1,H,1,0.9,15,15.9,0018499734,7/23/2025,7/23/2026,1,
IFF-QB00047,P0401018J,ELEGANT 957 (ELEGANCY),Mezcla,ATENCION,1 800 002 1400,"H227, H303, H315, H317, H319, H361
H400, H411","P201, P202, P210, P261, P264,
P272, P273, P280, P302 + P352,
P305 + P351 + P338, P312,
P333 + P313, P337 + P313
P362 + P364, P370 + P378, P391
P403 + P235, P405, P501",G,1,H,1,0.9,20,20.9,0018499734,7/23/2025,7/23/2026,1,
,,,,,,,,,,,,,,,,,,,
IFF-QB00056,P0401019A,MAGIC DELIGHT 759 ,Mezcla,ATENCION,1 800 002 1400,"H227, H315, H317,
H319, H411","P210, P261, P264, P272, P273, P280, P302 + P352, P305 + P351 + P338, P333 + P313, P337 + P313, P362 + P364, P370 + P378, P391, P403 + P235, P501",G,H,1,1,0.09,0.5,0.59,0018091098,3/19/2025,3/19/2026,1,
IFF-QB00056,P0401019B,MAGIC DELIGHT 759 ,Mezcla,ATENCION,1 800 002 1400,"H227, H315, H317,
H319, H411","P210, P261, P264, P272, P273, P280, P302 + P352, P305 + P351 + P338, P333 + P313, P337 + P313, P362 + P364, P370 + P378, P391, P403 + P235, P501",G,H,1,1,0.09,1,1.09,0018091098,3/19/2025,3/19/2026,1,
IFF-QB00056,P0401019C,MAGIC DELIGHT 759 ,Mezcla,ATENCION,1 800 002 1400,"H227, H315, H317,
H319, H411","P210, P261, P264, P272, P273, P280, P302 + P352, P305 + P351 + P338, P333 + P313, P337 + P313, P362 + P364, P370 + P378, P391, P403 + P235, P501",G,H,1,1,0.24,1.5,1.74,0018091098,3/19/2025,3/19/2026,1,
IFF-QB00056,P0401019D,MAGIC DELIGHT 759 ,Mezcla,ATENCION,1 800 002 1400,"H227, H315, H317,
H319, H411","P210, P261, P264, P272, P273, P280, P302 + P352, P305 + P351 + P338, P333 + P313, P337 + P313, P362 + P364, P370 + P378, P391, P403 + P235, P501",G,H,1,1,0.24,2,2.24,0018091098,3/19/2025,3/19/2026,1,
IFF-QB00056,P0401019E,MAGIC DELIGHT 759 ,Mezcla,ATENCION,1 800 002 1400,"H227, H315, H317,
H319, H411","P210, P261, P264, P272, P273, P280, P302 + P352, P305 + P351 + P338, P333 + P313, P337 + P313, P362 + P364, P370 + P378, P391, P403 + P235, P501",G,H,1,1,0.24,3,3.24,0018091098,3/19/2025,3/19/2026,1,
IFF-QB00056,P0401019F,MAGIC DELIGHT 759 ,Mezcla,ATENCION,1 800 002 1400,"H227, H315, H317,
H319, H411","P210, P261, P264, P272, P273, P280, P302 + P352, P305 + P351 + P338, P333 + P313, P337 + P313, P362 + P364, P370 + P378, P391, P403 + P235, P501",G,H,1,1,0.24,4,4.24,0018091098,3/19/2025,3/19/2026,1,
IFF-QB00056,P0401019G,MAGIC DELIGHT 759 ,Mezcla,ATENCION,1 800 002 1400,"H227, H315, H317,
H319, H411","P210, P261, P264, P272, P273, P280, P302 + P352, P305 + P351 + P338, P333 + P313, P337 + P313, P362 + P364, P370 + P378, P391, P403 + P235, P501",G,H,1,1,0.28,5,5.28,0018091098,3/19/2025,3/19/2026,1,
IFF-QB00056,P0401019H,MAGIC DELIGHT 759 ,Mezcla,ATENCION,1 800 002 1400,"H227, H315, H317,
H319, H411","P210, P261, P264, P272, P273, P280, P302 + P352, P305 + P351 + P338, P333 + P313, P337 + P313, P362 + P364, P370 + P378, P391, P403 + P235, P501",G,H,1,1,0.48,10,10.48,0018091098,3/19/2025,3/19/2026,1,
IFF-QB00056,P0401019I,MAGIC DELIGHT 759 ,Mezcla,ATENCION,1 800 002 1400,"H227, H315, H317,
H319, H411","P210, P261, P264, P272, P273, P280, P302 + P352, P305 + P351 + P338, P333 + P313, P337 + P313, P362 + P364, P370 + P378, P391, P403 + P235, P501",G,H,1,1,0.9,15,15.9,0018091098,3/19/2025,3/19/2026,1,
IFF-QB00056,P0401019J,MAGIC DELIGHT 759 ,Mezcla,ATENCION,1 800 002 1400,"H227, H315, H317,
H319, H411","P210, P261, P264, P272, P273, P280, P302 + P352, P305 + P351 + P338, P333 + P313, P337 + P313, P362 + P364, P370 + P378, P391, P403 + P235, P501",G,H,1,1,0.9,20,20.9,0018091098,3/19/2025,3/19/2026,1,
,,,,,,,,,,,,,,,,,,,
,P0401020A,CLOUD FLOWER 432,Mezcla,ATENCION,1 800 002 1400,"H227, H315, H317,
H319, H411","P210, P261, P264, P272, P273,
P280, P302 + P352,
P305 + P351 + P338, P333 + P313,
P337 + P313, P362 + P364,
P370 + P378, P391, P403 + P235, 
P501",G,I,1,1,0.09,1,1.09,,00/00/0000,00/00/0000,1,
,P0401020B,CLOUD FLOWER 432,Mezcla,ATENCION,1 800 002 1400,"H227, H315, H317,
H319, H411","P210, P261, P264, P272, P273,
P280, P302 + P352,
P305 + P351 + P338, P333 + P313,
P337 + P313, P362 + P364,
P370 + P378, P391, P403 + P235, 
P501",G,I,1,1,0.24,1.5,1.74,,00/00/0000,00/00/0000,1,
,P0401020C,CLOUD FLOWER 432,Mezcla,ATENCION,1 800 002 1400,"H227, H315, H317,
H319, H411","P210, P261, P264, P272, P273,
P280, P302 + P352,
P305 + P351 + P338, P333 + P313,
P337 + P313, P362 + P364,
P370 + P378, P391, P403 + P235, 
P501",G,I,1,1,0.24,2,2.24,,00/00/0000,00/00/0000,1,
,P0401020D,CLOUD FLOWER 432,Mezcla,ATENCION,1 800 002 1400,"H227, H315, H317,
H319, H411","P210, P261, P264, P272, P273,
P280, P302 + P352,
P305 + P351 + P338, P333 + P313,
P337 + P313, P362 + P364,
P370 + P378, P391, P403 + P235, 
P501",G,I,1,1,0.24,3,3.24,,00/00/0000,00/00/0000,1,
,P0401020E,CLOUD FLOWER 432,Mezcla,ATENCION,1 800 002 1400,"H227, H315, H317,
H319, H411","P210, P261, P264, P272, P273,
P280, P302 + P352,
P305 + P351 + P338, P333 + P313,
P337 + P313, P362 + P364,
P370 + P378, P391, P403 + P235, 
P501",G,I,1,1,0.24,4,4.24,,00/00/0000,00/00/0000,1,
,P0401020F,CLOUD FLOWER 432,Mezcla,ATENCION,1 800 002 1400,"H227, H315, H317,
H319, H411","P210, P261, P264, P272, P273,
P280, P302 + P352,
P305 + P351 + P338, P333 + P313,
P337 + P313, P362 + P364,
P370 + P378, P391, P403 + P235, 
P501",G,I,1,1,0.28,5,5.28,,00/00/0000,00/00/0000,1,
,P0401020G,CLOUD FLOWER 432,Mezcla,ATENCION,1 800 002 1400,"H227, H315, H317,
H319, H411","P210, P261, P264, P272, P273,
P280, P302 + P352,
P305 + P351 + P338, P333 + P313,
P337 + P313, P362 + P364,
P370 + P378, P391, P403 + P235, 
P501",G,I,1,1,0.48,10,10.48,,00/00/0000,00/00/0000,1,
,P0401020H,CLOUD FLOWER 432,Mezcla,ATENCION,1 800 002 1400,"H227, H315, H317,
H319, H411","P210, P261, P264, P272, P273,
P280, P302 + P352,
P305 + P351 + P338, P333 + P313,
P337 + P313, P362 + P364,
P370 + P378, P391, P403 + P235, 
P501",G,I,1,1,0.9,15,15.9,,00/00/0000,00/00/0000,1,
,P0401020I,CLOUD FLOWER 432,Mezcla,ATENCION,1 800 002 1400,"H227, H315, H317,
H319, H411","P210, P261, P264, P272, P273,
P280, P302 + P352,
P305 + P351 + P338, P333 + P313,
P337 + P313, P362 + P364,
P370 + P378, P391, P403 + P235, 
P501",G,I,1,1,0.9,20,20.9,,00/00/0000,00/00/0000,1,
,,,,,,,,,,,,,,,,,,,
IFF-QB00053,P0401021A,GLAM 359 GLAMUR,Mezcla,ATENCION,1 800 002 1400,"H227, H303, H315
H317, H319, H361
H410","P201, P202, P210, P261, P264
P272, P273, P280, P302 + P352, P305 + P351 + P338, P312, 
P333 + P313, P337 + P313
P362 + P364, P370 + P378, P391
P403 + P235, P405, P501",H,G,1,1,0.09,0.5,0.59,0018500076,7/15/2025,7/15/2026,1,
IFF-QB00053,P0401021B,GLAM 359 GLAMUR,Mezcla,ATENCION,1 800 002 1400,"H227, H303, H315
H317, H319, H361
H410","P201, P202, P210, P261, P264
P272, P273, P280, P302 + P352, P305 + P351 + P338, P312, 
P333 + P313, P337 + P313
P362 + P364, P370 + P378, P391
P403 + P235, P405, P501",H,G,1,1,0.09,1,1.09,0018500076,7/15/2025,7/15/2026,1,
IFF-QB00053,P0401021C,GLAM 359 GLAMUR,Mezcla,ATENCION,1 800 002 1400,"H227, H303, H315
H317, H319, H361
H410","P201, P202, P210, P261, P264
P272, P273, P280, P302 + P352, P305 + P351 + P338, P312, 
P333 + P313, P337 + P313
P362 + P364, P370 + P378, P391
P403 + P235, P405, P501",H,G,1,1,0.24,1.5,1.74,0018500076,7/15/2025,7/15/2026,1,
IFF-QB00053,P0401021D,GLAM 359 GLAMUR,Mezcla,ATENCION,1 800 002 1400,"H227, H303, H315
H317, H319, H361
H410","P201, P202, P210, P261, P264
P272, P273, P280, P302 + P352, P305 + P351 + P338, P312, 
P333 + P313, P337 + P313
P362 + P364, P370 + P378, P391
P403 + P235, P405, P501",H,G,1,1,0.24,2,2.24,0018500076,7/15/2025,7/15/2026,1,
IFF-QB00053,P0401021E,GLAM 359 GLAMUR,Mezcla,ATENCION,1 800 002 1400,"H227, H303, H315
H317, H319, H361
H410","P201, P202, P210, P261, P264
P272, P273, P280, P302 + P352, P305 + P351 + P338, P312, 
P333 + P313, P337 + P313
P362 + P364, P370 + P378, P391
P403 + P235, P405, P501",H,G,1,1,0.24,3,3.24,0018500076,7/15/2025,7/15/2026,1,
IFF-QB00053,P0401021F,GLAM 359 GLAMUR,Mezcla,ATENCION,1 800 002 1400,"H227, H303, H315
H317, H319, H361
H410","P201, P202, P210, P261, P264
P272, P273, P280, P302 + P352, P305 + P351 + P338, P312, 
P333 + P313, P337 + P313
P362 + P364, P370 + P378, P391
P403 + P235, P405, P501",H,G,1,1,0.24,4,4.24,0018500076,7/15/2025,7/15/2026,1,
IFF-QB00053,P0401021G,GLAM 359 GLAMUR,Mezcla,ATENCION,1 800 002 1400,"H227, H303, H315
H317, H319, H361
H410","P201, P202, P210, P261, P264
P272, P273, P280, P302 + P352, P305 + P351 + P338, P312, 
P333 + P313, P337 + P313
P362 + P364, P370 + P378, P391
P403 + P235, P405, P501",H,G,1,1,0.28,5,5.28,0018500076,7/15/2025,7/15/2026,1,
IFF-QB00053,P0401021H,GLAM 359 GLAMUR,Mezcla,ATENCION,1 800 002 1400,"H227, H303, H315
H317, H319, H361
H410","P201, P202, P210, P261, P264
P272, P273, P280, P302 + P352, P305 + P351 + P338, P312, 
P333 + P313, P337 + P313
P362 + P364, P370 + P378, P391
P403 + P235, P405, P501",H,G,1,1,0.48,10,10.48,0018500076,7/15/2025,7/15/2026,1,
IFF-QB00053,P0401021I,GLAM 359 GLAMUR,Mezcla,ATENCION,1 800 002 1400,"H227, H303, H315
H317, H319, H361
H410","P201, P202, P210, P261, P264
P272, P273, P280, P302 + P352, P305 + P351 + P338, P312, 
P333 + P313, P337 + P313
P362 + P364, P370 + P378, P391
P403 + P235, P405, P501",H,G,1,1,0.9,15,15.9,0018500076,7/15/2025,7/15/2026,1,
IFF-QB00053,P0401021J,GLAM 359 GLAMUR,Mezcla,ATENCION,1 800 002 1400,"H227, H303, H315
H317, H319, H361
H410","P201, P202, P210, P261, P264
P272, P273, P280, P302 + P352, P305 + P351 + P338, P312, 
P333 + P313, P337 + P313
P362 + P364, P370 + P378, P391
P403 + P235, P405, P501",H,G,1,1,0.9,20,20.9,0018500076,7/15/2025,7/15/2026,1,
,,,,,,,,,,,,,,,,,,,
,P0401022A,SOFT DELIGH 607,Mezcla,ATENCION,1 800 002 1400,"P316, P317, P411","P261, P272, P273, P280, P302 + P352, P333 + P313, P362 + P364, P391, P501",G,I,1,1,0.09,0.5,0.59,,00/00/0000,00/00/0000,1,
,P0401022B,SOFT DELIGH 607,Mezcla,ATENCION,1 800 002 1400,"P316, P317, P411","P261, P272, P273, P280, P302 + P352, P333 + P313, P362 + P364, P391, P501",G,I,1,1,0.09,1,1.09,,00/00/0000,00/00/0000,1,
,P0401022C,SOFT DELIGH 607,Mezcla,ATENCION,1 800 002 1400,"P316, P317, P411","P261, P272, P273, P280, P302 + P352, P333 + P313, P362 + P364, P391, P501",G,I,1,1,0.24,1.5,1.74,,00/00/0000,00/00/0000,1,
,P0401022D,SOFT DELIGH 607,Mezcla,ATENCION,1 800 002 1400,"P316, P317, P411","P261, P272, P273, P280, P302 + P352, P333 + P313, P362 + P364, P391, P501",G,I,1,1,0.24,2,2.24,,00/00/0000,00/00/0000,1,
,P0401022E,SOFT DELIGH 607,Mezcla,ATENCION,1 800 002 1400,"P316, P317, P411","P261, P272, P273, P280, P302 + P352, P333 + P313, P362 + P364, P391, P501",G,I,1,1,0.24,3,3.24,,00/00/0000,00/00/0000,1,
,P0401022F,SOFT DELIGH 607,Mezcla,ATENCION,1 800 002 1400,"P316, P317, P411","P261, P272, P273, P280, P302 + P352, P333 + P313, P362 + P364, P391, P501",G,I,1,1,0.24,4,4.24,,00/00/0000,00/00/0000,1,
,P0401022G,SOFT DELIGH 607,Mezcla,ATENCION,1 800 002 1400,"P316, P317, P411","P261, P272, P273, P280, P302 + P352, P333 + P313, P362 + P364, P391, P501",G,I,1,1,0.28,5,5.28,,00/00/0000,00/00/0000,1,
,P0401022H,SOFT DELIGH 607,Mezcla,ATENCION,1 800 002 1400,"P316, P317, P411","P261, P272, P273, P280, P302 + P352, P333 + P313, P362 + P364, P391, P501",G,I,1,1,0.48,10,10.48,,00/00/0000,00/00/0000,1,
,P0401022I,SOFT DELIGH 607,Mezcla,ATENCION,1 800 002 1400,"P316, P317, P411","P261, P272, P273, P280, P302 + P352, P333 + P313, P362 + P364, P391, P501",G,I,1,1,0.9,15,15.9,,00/00/0000,00/00/0000,1,
,P0401022J,SOFT DELIGH 607,Mezcla,ATENCION,1 800 002 1400,"P316, P317, P411","P261, P272, P273, P280, P302 + P352, P333 + P313, P362 + P364, P391, P501",G,I,1,1,0.9,20,20.9,,00/00/0000,00/00/0000,1,
,,,,,,,,,,,,,,,,,,,
IFF-QB00063,P0401027A,SUAVE PRIMAVERA 958,Mezcla,ATENCION,1 800 002 1400,"H227, H315, H317
H361, H411","P201, P202, P210, P261, P264, P272, P273, P280, P302 + P352,
P308 + P313, P333 + P313,
P362 + P364, P370 + P378, P391, P403 + P235, P405, P501",g,1,h,1,0.09,0.5,0.59,0018982731,11/25/2025,11/25/2026,1,***
IFF-QB00063,P0401027B,SUAVE PRIMAVERA 958,Mezcla,ATENCION,1 800 002 1400,"H227, H315, H317
H361, H411","P201, P202, P210, P261, P264, P272, P273, P280, P302 + P352,
P308 + P313, P333 + P313,
P362 + P364, P370 + P378, P391, P403 + P235, P405, P501",g,1,h,1,0.09,1,1.09,0018982731,11/25/2025,11/25/2026,1,
IFF-QB00063,P0401027C,SUAVE PRIMAVERA 958,Mezcla,ATENCION,1 800 002 1400,"H227, H315, H317
H361, H411","P201, P202, P210, P261, P264, P272, P273, P280, P302 + P352,
P308 + P313, P333 + P313,
P362 + P364, P370 + P378, P391, P403 + P235, P405, P501",g,1,h,1,0.24,1.5,1.74,0018982731,11/25/2025,11/25/2026,1,
IFF-QB00063,P0401027D,SUAVE PRIMAVERA 958,Mezcla,ATENCION,1 800 002 1400,"H227, H315, H317
H361, H411","P201, P202, P210, P261, P264, P272, P273, P280, P302 + P352,
P308 + P313, P333 + P313,
P362 + P364, P370 + P378, P391, P403 + P235, P405, P501",g,1,h,1,0.24,2,2.24,0018982731,11/25/2025,11/25/2026,1,
IFF-QB00063,P0401027E,SUAVE PRIMAVERA 958,Mezcla,ATENCION,1 800 002 1400,"H227, H315, H317
H361, H411","P201, P202, P210, P261, P264, P272, P273, P280, P302 + P352,
P308 + P313, P333 + P313,
P362 + P364, P370 + P378, P391, P403 + P235, P405, P501",g,1,h,1,0.24,3,3.24,0018982731,11/25/2025,11/25/2026,1,
IFF-QB00063,P0401027F,SUAVE PRIMAVERA 958,Mezcla,ATENCION,1 800 002 1400,"H227, H315, H317
H361, H411","P201, P202, P210, P261, P264, P272, P273, P280, P302 + P352,
P308 + P313, P333 + P313,
P362 + P364, P370 + P378, P391, P403 + P235, P405, P501",g,1,h,1,0.24,4,4.24,0018982731,11/25/2025,11/25/2026,1,
IFF-QB00063,P0401027G,SUAVE PRIMAVERA 958,Mezcla,ATENCION,1 800 002 1400,"H227, H315, H317
H361, H411","P201, P202, P210, P261, P264, P272, P273, P280, P302 + P352,
P308 + P313, P333 + P313,
P362 + P364, P370 + P378, P391, P403 + P235, P405, P501",g,1,h,1,0.28,5,5.28,0018982731,11/25/2025,11/25/2026,1,
IFF-QB00063,P0401027H,SUAVE PRIMAVERA 958,Mezcla,ATENCION,1 800 002 1400,"H227, H315, H317
H361, H411","P201, P202, P210, P261, P264, P272, P273, P280, P302 + P352,
P308 + P313, P333 + P313,
P362 + P364, P370 + P378, P391, P403 + P235, P405, P501",g,1,h,1,0.48,10,10.48,0018982731,11/25/2025,11/25/2026,1,
IFF-QB00063,P0401027I,SUAVE PRIMAVERA 958,Mezcla,ATENCION,1 800 002 1400,"H227, H315, H317
H361, H411","P201, P202, P210, P261, P264, P272, P273, P280, P302 + P352,
P308 + P313, P333 + P313,
P362 + P364, P370 + P378, P391, P403 + P235, P405, P501",g,1,h,1,0.9,15,15.9,0018982731,11/25/2025,11/25/2026,1,
IFF-QB00063,P0401027J,SUAVE PRIMAVERA 958,Mezcla,ATENCION,1 800 002 1400,"H227, H315, H317
H361, H411","P201, P202, P210, P261, P264, P272, P273, P280, P302 + P352,
P308 + P313, P333 + P313,
P362 + P364, P370 + P378, P391, P403 + P235, P405, P501",g,1,h,1,0.9,20,20.9,0018982731,11/25/2025,11/25/2026,1,
,,,,,,,,,,,,,,,,,,,
IFF-QB00051,P0402001A,FOUGERE FRESH 003-H,Mezcla,ATENCION,1 800 002 1400,"H227, H315, H317
H319, H410","P210, P261, P264, P272, P273,
P280, P302 + P352,
P305 + P351 + P338, P333 + P313,
P337 + P313, P362 + P364,
P370 + P378, P391, P403 + P235,
P501",G,H,1,1,0.09,0.5,0.59,0017198128,7/31/2024,7/31/2025,1,
IFF-QB00051,P0402001B,FOUGERE FRESH 003-H,Mezcla,ATENCION,1 800 002 1400,"H227, H315, H317
H319, H410","P210, P261, P264, P272, P273,
P280, P302 + P352,
P305 + P351 + P338, P333 + P313,
P337 + P313, P362 + P364,
P370 + P378, P391, P403 + P235,
P501",G,H,1,1,0.09,1,1.09,0017198128,7/31/2024,7/31/2025,1,
IFF-QB00051,P0402001C,FOUGERE FRESH 003-H,Mezcla,ATENCION,1 800 002 1400,"H227, H315, H317
H319, H410","P210, P261, P264, P272, P273,
P280, P302 + P352,
P305 + P351 + P338, P333 + P313,
P337 + P313, P362 + P364,
P370 + P378, P391, P403 + P235,
P501",G,H,1,1,0.24,1.5,1.74,0017198128,7/31/2024,7/31/2025,1,
IFF-QB00051,P0402001D,FOUGERE FRESH 003-H,Mezcla,ATENCION,1 800 002 1400,"H227, H315, H317
H319, H410","P210, P261, P264, P272, P273,
P280, P302 + P352,
P305 + P351 + P338, P333 + P313,
P337 + P313, P362 + P364,
P370 + P378, P391, P403 + P235,
P501",G,H,1,1,0.24,2,2.24,0017198128,7/31/2024,7/31/2025,1,
IFF-QB00051,P0402001E,FOUGERE FRESH 003-H,Mezcla,ATENCION,1 800 002 1400,"H227, H315, H317
H319, H410","P210, P261, P264, P272, P273,
P280, P302 + P352,
P305 + P351 + P338, P333 + P313,
P337 + P313, P362 + P364,
P370 + P378, P391, P403 + P235,
P501",G,H,1,1,0.24,3,3.24,0017198128,7/31/2024,7/31/2025,1,
IFF-QB00051,P0402001F,FOUGERE FRESH 003-H,Mezcla,ATENCION,1 800 002 1400,"H227, H315, H317
H319, H410","P210, P261, P264, P272, P273,
P280, P302 + P352,
P305 + P351 + P338, P333 + P313,
P337 + P313, P362 + P364,
P370 + P378, P391, P403 + P235,
P501",G,H,1,1,0.24,4,4.24,0017198128,7/31/2024,7/31/2025,1,
IFF-QB00051,P0402001G,FOUGERE FRESH 003-H,Mezcla,ATENCION,1 800 002 1400,"H227, H315, H317
H319, H410","P210, P261, P264, P272, P273,
P280, P302 + P352,
P305 + P351 + P338, P333 + P313,
P337 + P313, P362 + P364,
P370 + P378, P391, P403 + P235,
P501",G,H,1,1,0.28,5,5.28,0017198128,7/31/2024,7/31/2025,1,
IFF-QB00051,P0402001H,FOUGERE FRESH 003-H,Mezcla,ATENCION,1 800 002 1400,"H227, H315, H317
H319, H410","P210, P261, P264, P272, P273,
P280, P302 + P352,
P305 + P351 + P338, P333 + P313,
P337 + P313, P362 + P364,
P370 + P378, P391, P403 + P235,
P501",G,H,1,1,0.48,10,10.48,0017198128,7/31/2024,7/31/2025,1,
IFF-QB00051,P0402001I,FOUGERE FRESH 003-H,Mezcla,ATENCION,1 800 002 1400,"H227, H315, H317
H319, H410","P210, P261, P264, P272, P273,
P280, P302 + P352,
P305 + P351 + P338, P333 + P313,
P337 + P313, P362 + P364,
P370 + P378, P391, P403 + P235,
P501",G,H,1,1,0.9,15,15.9,0017198128,7/31/2024,7/31/2025,1,
IFF-QB00051,P0402001J,FOUGERE FRESH 003-H,Mezcla,ATENCION,1 800 002 1400,"H227, H315, H317
H319, H410","P210, P261, P264, P272, P273,
P280, P302 + P352,
P305 + P351 + P338, P333 + P313,
P337 + P313, P362 + P364,
P370 + P378, P391, P403 + P235,
P501",G,H,1,1,0.9,20,20.9,0017198128,7/31/2024,7/31/2025,1,
,,,,,,,,,,,,,,,,,,,
IFF-QB00049,P0403001A,FLORAL ROSE 001-B,Mezcla,ATENCION,1 800 002 1400,"H315, H317, H319
H351, H410","P201, P202, P261, P264, P272, P273, P280, P302 + P352,
P305 + P351 + P338, P308 + P313,
P333 + P313, P337 + P313,
P362 + P364, P391, P405, P501",G,H,1,1,0.09,0.5,0.59,0018742833,9/17/2025,9/17/2026,1,
IFF-QB00049,P0403001B,FLORAL ROSE 001-B,Mezcla,ATENCION,1 800 002 1400,"H315, H317, H319
H351, H410","P201, P202, P261, P264, P272, P273, P280, P302 + P352,
P305 + P351 + P338, P308 + P313,
P333 + P313, P337 + P313,
P362 + P364, P391, P405, P501",G,H,1,1,0.09,1,1.09,0018742833,9/17/2025,9/17/2026,1,
IFF-QB00049,P0403001C,FLORAL ROSE 001-B,Mezcla,ATENCION,1 800 002 1400,"H315, H317, H319
H351, H410","P201, P202, P261, P264, P272, P273, P280, P302 + P352,
P305 + P351 + P338, P308 + P313,
P333 + P313, P337 + P313,
P362 + P364, P391, P405, P501",G,H,1,1,0.24,1.5,1.74,0018742833,9/17/2025,9/17/2026,1,
IFF-QB00049,P0403001D,FLORAL ROSE 001-B,Mezcla,ATENCION,1 800 002 1400,"H315, H317, H319
H351, H410","P201, P202, P261, P264, P272, P273, P280, P302 + P352,
P305 + P351 + P338, P308 + P313,
P333 + P313, P337 + P313,
P362 + P364, P391, P405, P501",G,H,1,1,0.24,2,2.24,0018742833,9/17/2025,9/17/2026,1,
IFF-QB00049,P0403001E,FLORAL ROSE 001-B,Mezcla,ATENCION,1 800 002 1400,"H315, H317, H319
H351, H410","P201, P202, P261, P264, P272, P273, P280, P302 + P352,
P305 + P351 + P338, P308 + P313,
P333 + P313, P337 + P313,
P362 + P364, P391, P405, P501",G,H,1,1,0.24,3,3.24,0018742833,9/17/2025,9/17/2026,1,
IFF-QB00049,P0403001F,FLORAL ROSE 001-B,Mezcla,ATENCION,1 800 002 1400,"H315, H317, H319
H351, H410","P201, P202, P261, P264, P272, P273, P280, P302 + P352,
P305 + P351 + P338, P308 + P313,
P333 + P313, P337 + P313,
P362 + P364, P391, P405, P501",G,H,1,1,0.24,4,4.24,0018742833,9/17/2025,9/17/2026,1,
IFF-QB00049,P0403001G,FLORAL ROSE 001-B,Mezcla,ATENCION,1 800 002 1400,"H315, H317, H319
H351, H410","P201, P202, P261, P264, P272, P273, P280, P302 + P352,
P305 + P351 + P338, P308 + P313,
P333 + P313, P337 + P313,
P362 + P364, P391, P405, P501",G,H,1,1,0.28,5,5.28,0018742833,9/17/2025,9/17/2026,1,
IFF-QB00049,P0403001H,FLORAL ROSE 001-B,Mezcla,ATENCION,1 800 002 1400,"H315, H317, H319
H351, H410","P201, P202, P261, P264, P272, P273, P280, P302 + P352,
P305 + P351 + P338, P308 + P313,
P333 + P313, P337 + P313,
P362 + P364, P391, P405, P501",G,H,1,1,0.48,10,10.48,0018742833,9/17/2025,9/17/2026,1,
IFF-QB00049,P0403001I,FLORAL ROSE 001-B,Mezcla,ATENCION,1 800 002 1400,"H315, H317, H319
H351, H410","P201, P202, P261, P264, P272, P273, P280, P302 + P352,
P305 + P351 + P338, P308 + P313,
P333 + P313, P337 + P313,
P362 + P364, P391, P405, P501",G,H,1,1,0.9,15,15.9,0018742833,9/17/2025,9/17/2026,1,
IFF-QB00049,P0403001J,FLORAL ROSE 001-B,Mezcla,ATENCION,1 800 002 1400,"H315, H317, H319
H351, H410","P201, P202, P261, P264, P272, P273, P280, P302 + P352,
P305 + P351 + P338, P308 + P313,
P333 + P313, P337 + P313,
P362 + P364, P391, P405, P501",G,H,1,1,0.9,20,20.9,0018742833,9/17/2025,9/17/2026,1,
,,,,,,,,,,,,,,,,,,,
IFF-QB00066,P0403013A,TUBEROSE 946,Mezcla,ATENCION,1 800 002 1400,"H227, H315, H317, H411","P210, P261, P264, P272, P273, P280, P302 + P352, P333 + P313,  P362 + P364, P370 + P378, P391, P403 + P235, P501",G,H,1,1,0.09,0.5,0.59,0018281848,5/20/2025,5/20/2026,1,
IFF-QB00066,P0403013B,TUBEROSE 946,Mezcla,ATENCION,1 800 002 1400,"H227, H315, H317, H411","P210, P261, P264, P272, P273, P280, P302 + P352, P333 + P313,  P362 + P364, P370 + P378, P391, P403 + P235, P501",G,H,1,1,0.09,1,1.09,0018281848,5/20/2025,5/20/2026,1,
IFF-QB00066,P0403013C,TUBEROSE 946,Mezcla,ATENCION,1 800 002 1400,"H227, H315, H317, H411","P210, P261, P264, P272, P273, P280, P302 + P352, P333 + P313,  P362 + P364, P370 + P378, P391, P403 + P235, P501",G,H,1,1,0.24,1.5,1.74,0018281848,5/20/2025,5/20/2026,1,
IFF-QB00066,P0403013D,TUBEROSE 946,Mezcla,ATENCION,1 800 002 1400,"H227, H315, H317, H411","P210, P261, P264, P272, P273, P280, P302 + P352, P333 + P313,  P362 + P364, P370 + P378, P391, P403 + P235, P501",G,H,1,1,0.24,2,2.24,0018281848,5/20/2025,5/20/2026,1,
IFF-QB00066,P0403013E,TUBEROSE 946,Mezcla,ATENCION,1 800 002 1400,"H227, H315, H317, H411","P210, P261, P264, P272, P273, P280, P302 + P352, P333 + P313,  P362 + P364, P370 + P378, P391, P403 + P235, P501",G,H,1,1,0.24,3,3.24,0018281848,5/20/2025,5/20/2026,1,
IFF-QB00066,P0403013F,TUBEROSE 946,Mezcla,ATENCION,1 800 002 1400,"H227, H315, H317, H411","P210, P261, P264, P272, P273, P280, P302 + P352, P333 + P313,  P362 + P364, P370 + P378, P391, P403 + P235, P501",G,H,1,1,0.24,4,4.24,0018281848,5/20/2025,5/20/2026,1,
IFF-QB00066,P0403013G,TUBEROSE 946,Mezcla,ATENCION,1 800 002 1400,"H227, H315, H317, H411","P210, P261, P264, P272, P273, P280, P302 + P352, P333 + P313,  P362 + P364, P370 + P378, P391, P403 + P235, P501",G,H,1,1,0.28,5,5.28,0018281848,5/20/2025,5/20/2026,1,
IFF-QB00066,P0403013H,TUBEROSE 946,Mezcla,ATENCION,1 800 002 1400,"H227, H315, H317, H411","P210, P261, P264, P272, P273, P280, P302 + P352, P333 + P313,  P362 + P364, P370 + P378, P391, P403 + P235, P501",G,H,1,1,0.48,10,10.48,0018281848,5/20/2025,5/20/2026,1,
IFF-QB00066,P0403013I,TUBEROSE 946,Mezcla,ATENCION,1 800 002 1400,"H227, H315, H317, H411","P210, P261, P264, P272, P273, P280, P302 + P352, P333 + P313,  P362 + P364, P370 + P378, P391, P403 + P235, P501",G,H,1,1,0.9,15,15.9,0018281848,5/20/2025,5/20/2026,1,
IFF-QB00066,P0403013J,TUBEROSE 946,Mezcla,ATENCION,1 800 002 1400,"H227, H315, H317, H411","P210, P261, P264, P272, P273, P280, P302 + P352, P333 + P313,  P362 + P364, P370 + P378, P391, P403 + P235, P501",G,H,1,1,0.9,20,20.9,0018281848,5/20/2025,5/20/2026,1,
,,,,,,,,,,,,,,,,,,,
IFF-QB00204,P0404008A,SPARK PETAL 318 MICROCAPSULAS,Mezcla,ATENCION,1 800 002 1400,"H315, H317, H411","P261, P264, P272, P273, P280, P302 + P352, P333 + P313, P362 + P364, P391, P501",G,H,E,1,0.09,0.5,0.59,0018281854,5/15/2025,5/15/2026,1,
IFF-QB00204,P0404008B,SPARK PETAL 318 MICROCAPSULAS,Mezcla,ATENCION,1 800 002 1400,"H315, H317, H411","P261, P264, P272, P273, P280, P302 + P352, P333 + P313, P362 + P364, P391, P501",G,H,E,1,0.09,1,1.09,0018281854,5/15/2025,5/15/2026,1,
IFF-QB00204,P0404008C,SPARK PETAL 318 MICROCAPSULAS,Mezcla,ATENCION,1 800 002 1400,"H315, H317, H411","P261, P264, P272, P273, P280, P302 + P352, P333 + P313, P362 + P364, P391, P501",G,H,E,1,0.24,1.5,1.74,0018281854,5/15/2025,5/15/2026,1,
IFF-QB00204,P0404008D,SPARK PETAL 318 MICROCAPSULAS,Mezcla,ATENCION,1 800 002 1400,"H315, H317, H411","P261, P264, P272, P273, P280, P302 + P352, P333 + P313, P362 + P364, P391, P501",G,H,E,1,0.24,2,2.24,0018281854,5/15/2025,5/15/2026,1,
IFF-QB00204,P0404008E,SPARK PETAL 318 MICROCAPSULAS,Mezcla,ATENCION,1 800 002 1400,"H315, H317, H411","P261, P264, P272, P273, P280, P302 + P352, P333 + P313, P362 + P364, P391, P501",G,H,E,1,0.24,3,3.24,0018281854,5/15/2025,5/15/2026,1,
IFF-QB00204,P0404008F,SPARK PETAL 318 MICROCAPSULAS,Mezcla,ATENCION,1 800 002 1400,"H315, H317, H411","P261, P264, P272, P273, P280, P302 + P352, P333 + P313, P362 + P364, P391, P501",G,H,E,1,0.24,4,4.24,0018281854,5/15/2025,5/15/2026,1,
IFF-QB00204,P0404008G,SPARK PETAL 318 MICROCAPSULAS,Mezcla,ATENCION,1 800 002 1400,"H315, H317, H411","P261, P264, P272, P273, P280, P302 + P352, P333 + P313, P362 + P364, P391, P501",G,H,E,1,0.28,5,5.28,0018281854,5/15/2025,5/15/2026,1,
IFF-QB00204,P0404008H,SPARK PETAL 318 MICROCAPSULAS,Mezcla,ATENCION,1 800 002 1400,"H315, H317, H411","P261, P264, P272, P273, P280, P302 + P352, P333 + P313, P362 + P364, P391, P501",G,H,E,1,0.48,10,10.48,0018281854,5/15/2025,5/15/2026,1,
IFF-QB00204,P0404008I,SPARK PETAL 318 MICROCAPSULAS,Mezcla,ATENCION,1 800 002 1400,"H315, H317, H411","P261, P264, P272, P273, P280, P302 + P352, P333 + P313, P362 + P364, P391, P501",G,H,E,1,0.9,15,15.9,0018281854,5/15/2025,5/15/2026,1,
IFF-QB00204,P0404008J,SPARK PETAL 318 MICROCAPSULAS,Mezcla,ATENCION,1 800 002 1400,"H315, H317, H411","P261, P264, P272, P273, P280, P302 + P352, P333 + P313, P362 + P364, P391, P501",G,H,E,1,0.9,20,20.9,0018281854,5/15/2025,5/15/2026,1,
,,,,,,,,,,,,,,,,,,,
IFF-QB00054,P0404010A,GREEN SENSE 842,Mezcla,ATENCION,1 800 002 1400,"H227, H315, H317, H319, H351, H361
H411","P201, P202, P210, P261, P264,P272, P273, P280, P302 + P352, P305 + P351 + P338, P308 + P313, P333 + P313, P337 + P313, P362 + P364, P370 + P378, P391, P403 + P235, P405, P501",H,G,1,1,0.09,0.5,0.59,0018500462,8/27/2025,8/27/2026,1,
IFF-QB00054,P0404010B,GREEN SENSE 842,Mezcla,ATENCION,1 800 002 1400,"H227, H315, H317, H319, H351, H361
H411","P201, P202, P210, P261, P264,P272, P273, P280, P302 + P352, P305 + P351 + P338, P308 + P313, P333 + P313, P337 + P313, P362 + P364, P370 + P378, P391, P403 + P235, P405, P501",H,G,1,1,0.09,1,1.09,0018500462,8/27/2025,8/27/2026,1,
IFF-QB00054,P0404010C,GREEN SENSE 842,Mezcla,ATENCION,1 800 002 1400,"H227, H315, H317, H319, H351, H361
H411","P201, P202, P210, P261, P264,P272, P273, P280, P302 + P352, P305 + P351 + P338, P308 + P313, P333 + P313, P337 + P313, P362 + P364, P370 + P378, P391, P403 + P235, P405, P501",H,G,1,1,0.24,1.5,1.74,0018500462,8/27/2025,8/27/2026,1,
IFF-QB00054,P0404010D,GREEN SENSE 842,Mezcla,ATENCION,1 800 002 1400,"H227, H315, H317, H319, H351, H361
H411","P201, P202, P210, P261, P264,P272, P273, P280, P302 + P352, P305 + P351 + P338, P308 + P313, P333 + P313, P337 + P313, P362 + P364, P370 + P378, P391, P403 + P235, P405, P501",H,G,1,1,0.24,2,2.24,0018500462,8/27/2025,8/27/2026,1,
IFF-QB00054,P0404010E,GREEN SENSE 842,Mezcla,ATENCION,1 800 002 1400,"H227, H315, H317, H319, H351, H361
H411","P201, P202, P210, P261, P264,P272, P273, P280, P302 + P352, P305 + P351 + P338, P308 + P313, P333 + P313, P337 + P313, P362 + P364, P370 + P378, P391, P403 + P235, P405, P501",H,G,1,1,0.24,3,3.24,0018500462,8/27/2025,8/27/2026,1,
IFF-QB00054,P0404010F,GREEN SENSE 842,Mezcla,ATENCION,1 800 002 1400,"H227, H315, H317, H319, H351, H361
H411","P201, P202, P210, P261, P264,P272, P273, P280, P302 + P352, P305 + P351 + P338, P308 + P313, P333 + P313, P337 + P313, P362 + P364, P370 + P378, P391, P403 + P235, P405, P501",H,G,1,1,0.24,4,4.24,0018500462,8/27/2025,8/27/2026,1,
IFF-QB00054,P0404010G,GREEN SENSE 842,Mezcla,ATENCION,1 800 002 1400,"H227, H315, H317, H319, H351, H361
H411","P201, P202, P210, P261, P264,P272, P273, P280, P302 + P352, P305 + P351 + P338, P308 + P313, P333 + P313, P337 + P313, P362 + P364, P370 + P378, P391, P403 + P235, P405, P501",H,G,1,1,0.28,5,5.28,0018500462,8/27/2025,8/27/2026,1,
IFF-QB00054,P0404010H,GREEN SENSE 842,Mezcla,ATENCION,1 800 002 1400,"H227, H315, H317, H319, H351, H361
H411","P201, P202, P210, P261, P264,P272, P273, P280, P302 + P352, P305 + P351 + P338, P308 + P313, P333 + P313, P337 + P313, P362 + P364, P370 + P378, P391, P403 + P235, P405, P501",H,G,1,1,0.48,10,10.48,0018500462,8/27/2025,8/27/2026,1,
IFF-QB00054,P0404010I,GREEN SENSE 842,Mezcla,ATENCION,1 800 002 1400,"H227, H315, H317, H319, H351, H361
H411","P201, P202, P210, P261, P264,P272, P273, P280, P302 + P352, P305 + P351 + P338, P308 + P313, P333 + P313, P337 + P313, P362 + P364, P370 + P378, P391, P403 + P235, P405, P501",H,G,1,1,0.9,15,15.9,0018500462,8/27/2025,8/27/2026,1,
IFF-QB00054,P0404010J,GREEN SENSE 842,Mezcla,ATENCION,1 800 002 1400,"H227, H315, H317, H319, H351, H361
H411","P201, P202, P210, P261, P264,P272, P273, P280, P302 + P352, P305 + P351 + P338, P308 + P313, P333 + P313, P337 + P313, P362 + P364, P370 + P378, P391, P403 + P235, P405, P501",H,G,1,1,0.9,20,20.9,0018500462,8/27/2025,8/27/2026,1,
,,,,,,,,,,,,,,,,,,,
IFF-QB00037,P0404011A,BLUE COTTON 824,Mezcla,ATENCION,1 800 002 1400,"H315, H317, H411","P261, P264, P272, P273, P280,
P302 + P352, P333 + P313,
P362 + P364, P391, P501",G,H,1,1,0.09,0.5,0.59,0018622825,8/29/2025,8/29/2026,1,*
IFF-QB00037,P0404011B,BLUE COTTON 824,Mezcla,ATENCION,1 800 002 1400,"H315, H317, H411","P261, P264, P272, P273, P280,
P302 + P352, P333 + P313,
P362 + P364, P391, P501",G,H,1,1,0.09,1,1.09,0018622825,8/29/2025,8/29/2026,1,
IFF-QB00037,P0404011C,BLUE COTTON 824,Mezcla,ATENCION,1 800 002 1400,"H315, H317, H411","P261, P264, P272, P273, P280,
P302 + P352, P333 + P313,
P362 + P364, P391, P501",G,H,1,1,0.24,1.5,1.74,0018622825,8/29/2025,8/29/2026,1,
IFF-QB00037,P0404011D,BLUE COTTON 824,Mezcla,ATENCION,1 800 002 1400,"H315, H317, H411","P261, P264, P272, P273, P280,
P302 + P352, P333 + P313,
P362 + P364, P391, P501",G,H,1,1,0.24,2,2.24,0018622825,8/29/2025,8/29/2026,1,
IFF-QB00037,P0404011E,BLUE COTTON 824,Mezcla,ATENCION,1 800 002 1400,"H315, H317, H411","P261, P264, P272, P273, P280,
P302 + P352, P333 + P313,
P362 + P364, P391, P501",G,H,1,1,0.24,3,3.24,0018622825,8/29/2025,8/29/2026,1,
IFF-QB00037,P0404011F,BLUE COTTON 824,Mezcla,ATENCION,1 800 002 1400,"H315, H317, H411","P261, P264, P272, P273, P280,
P302 + P352, P333 + P313,
P362 + P364, P391, P501",G,H,1,1,0.24,4,4.24,0018622825,8/29/2025,8/29/2026,1,
IFF-QB00037,P0404011G,BLUE COTTON 824,Mezcla,ATENCION,1 800 002 1400,"H315, H317, H411","P261, P264, P272, P273, P280,
P302 + P352, P333 + P313,
P362 + P364, P391, P501",G,H,1,1,0.28,5,5.28,0018622825,8/29/2025,8/29/2026,1,
IFF-QB00037,P0404011H,BLUE COTTON 824,Mezcla,ATENCION,1 800 002 1400,"H315, H317, H411","P261, P264, P272, P273, P280,
P302 + P352, P333 + P313,
P362 + P364, P391, P501",G,H,1,1,0.48,10,10.48,0018622825,8/29/2025,8/29/2026,1,
IFF-QB00037,P0404011I,BLUE COTTON 824,Mezcla,ATENCION,1 800 002 1400,"H315, H317, H411","P261, P264, P272, P273, P280,
P302 + P352, P333 + P313,
P362 + P364, P391, P501",G,H,1,1,0.9,15,15.9,0018622825,8/29/2025,8/29/2026,1,
IFF-QB00037,P0404011J,BLUE COTTON 824,Mezcla,ATENCION,1 800 002 1400,"H315, H317, H411","P261, P264, P272, P273, P280,
P302 + P352, P333 + P313,
P362 + P364, P391, P501",G,H,1,1,0.9,20,20.9,0018622825,8/29/2025,8/29/2026,1,
,,,,,,,,,,,,,,,,,,,
IFF-QB00064,P0404012A,SUEÑOS DE ALGODON 707,Mezcla,ATENCION,1 800 002 1400,"H315, H317, H319, H351, H410","P201, P202, P261, P264, P272, P273, P280, P302 + P352, P305 + P351 + P338, P308 + P313, P333 + P313, P337 + P313, P362 + P364, P391, P405, P501",G,1,H,1,0.09,0.5,0.59,0019002343,11/26/2025,11/26/2026,1,
IFF-QB00064,P0404012B,SUEÑOS DE ALGODON 707,Mezcla,ATENCION,1 800 002 1400,"H315, H317, H319, H351, H410","P201, P202, P261, P264, P272, P273, P280, P302 + P352, P305 + P351 + P338, P308 + P313, P333 + P313, P337 + P313, P362 + P364, P391, P405, P501",G,1,H,1,0.09,1,1.09,0019002343,11/26/2025,11/26/2026,1,
IFF-QB00064,P0404012C,SUEÑOS DE ALGODON 707,Mezcla,ATENCION,1 800 002 1400,"H315, H317, H319, H351, H410","P201, P202, P261, P264, P272, P273, P280, P302 + P352, P305 + P351 + P338, P308 + P313, P333 + P313, P337 + P313, P362 + P364, P391, P405, P501",G,1,H,1,0.24,1.5,1.74,0019002343,11/26/2025,11/26/2026,1,
IFF-QB00064,P0404012D,SUEÑOS DE ALGODON 707,Mezcla,ATENCION,1 800 002 1400,"H315, H317, H319, H351, H410","P201, P202, P261, P264, P272, P273, P280, P302 + P352, P305 + P351 + P338, P308 + P313, P333 + P313, P337 + P313, P362 + P364, P391, P405, P501",G,1,H,1,0.24,2,2.24,0019002343,11/26/2025,11/26/2026,1,
IFF-QB00064,P0404012E,SUEÑOS DE ALGODON 707,Mezcla,ATENCION,1 800 002 1400,"H315, H317, H319, H351, H410","P201, P202, P261, P264, P272, P273, P280, P302 + P352, P305 + P351 + P338, P308 + P313, P333 + P313, P337 + P313, P362 + P364, P391, P405, P501",G,1,H,1,0.24,3,3.24,0019002343,11/26/2025,11/26/2026,1,
IFF-QB00064,P0404012F,SUEÑOS DE ALGODON 707,Mezcla,ATENCION,1 800 002 1400,"H315, H317, H319, H351, H410","P201, P202, P261, P264, P272, P273, P280, P302 + P352, P305 + P351 + P338, P308 + P313, P333 + P313, P337 + P313, P362 + P364, P391, P405, P501",G,1,H,1,0.24,4,4.24,0019002343,11/26/2025,11/26/2026,1,
IFF-QB00064,P0404012G,SUEÑOS DE ALGODON 707,Mezcla,ATENCION,1 800 002 1400,"H315, H317, H319, H351, H410","P201, P202, P261, P264, P272, P273, P280, P302 + P352, P305 + P351 + P338, P308 + P313, P333 + P313, P337 + P313, P362 + P364, P391, P405, P501",G,1,H,1,0.28,5,5.28,0019002343,11/26/2025,11/26/2026,1,
IFF-QB00064,P0404012H,SUEÑOS DE ALGODON 707,Mezcla,ATENCION,1 800 002 1400,"H315, H317, H319, H351, H410","P201, P202, P261, P264, P272, P273, P280, P302 + P352, P305 + P351 + P338, P308 + P313, P333 + P313, P337 + P313, P362 + P364, P391, P405, P501",G,1,H,1,0.48,10,10.48,0019002343,11/26/2025,11/26/2026,1,
IFF-QB00064,P0404012I,SUEÑOS DE ALGODON 707,Mezcla,ATENCION,1 800 002 1400,"H315, H317, H319, H351, H410","P201, P202, P261, P264, P272, P273, P280, P302 + P352, P305 + P351 + P338, P308 + P313, P333 + P313, P337 + P313, P362 + P364, P391, P405, P501",G,1,H,1,0.9,15,15.9,0019002343,11/26/2025,11/26/2026,1,
IFF-QB00064,P0404012J,SUEÑOS DE ALGODON 707,Mezcla,ATENCION,1 800 002 1400,"H315, H317, H319, H351, H410","P201, P202, P261, P264, P272, P273, P280, P302 + P352, P305 + P351 + P338, P308 + P313, P333 + P313, P337 + P313, P362 + P364, P391, P405, P501",G,1,H,1,0.9,20,20.9,0019002343,11/26/2025,11/26/2026,1,
,,,,,,,,,,,,,,,,,,,
IFF-QB00042,P0404013A,CLEAR WHITE 709,Mezcla, - ,1 800 002 1400, - , - ,G,1,1,1,0.09,0.5,0.59,0018091100,10/15/2025,10/15/2026,1,
IFF-QB00042,P0404013B,CLEAR WHITE 709,Mezcla, - ,1 800 002 1400, - , - ,G,1,1,1,0.09,1,1.09,0018091100,10/15/2025,10/15/2026,1,
IFF-QB00042,P0404013C,CLEAR WHITE 709,Mezcla, - ,1 800 002 1400, - , - ,G,1,1,1,0.24,1.5,1.74,0018091100,10/15/2025,10/15/2026,1,
IFF-QB00042,P0404013D,CLEAR WHITE 709,Mezcla, - ,1 800 002 1400, - , - ,G,1,1,1,0.24,2,2.24,0018091100,10/15/2025,10/15/2026,1,
IFF-QB00042,P0404013E,CLEAR WHITE 709,Mezcla, - ,1 800 002 1400, - , - ,G,1,1,1,0.24,3,3.24,0018091100,10/15/2025,10/15/2026,1,
IFF-QB00042,P0404013F,CLEAR WHITE 709,Mezcla, - ,1 800 002 1400, - , - ,G,1,1,1,0.24,4,4.24,0018091100,10/15/2025,10/15/2026,1,
IFF-QB00042,P0404013G,CLEAR WHITE 709,Mezcla, - ,1 800 002 1400, - , - ,G,1,1,1,0.28,5,5.28,0018091100,10/15/2025,10/15/2026,1,
IFF-QB00042,P0404013H,CLEAR WHITE 709,Mezcla, - ,1 800 002 1400, - , - ,G,1,1,1,0.48,10,10.48,0018091100,10/15/2025,10/15/2026,1,
IFF-QB00042,P0404013I,CLEAR WHITE 709,Mezcla, - ,1 800 002 1400, - , - ,G,1,1,1,0.9,15,15.9,0018091100,10/15/2025,10/15/2026,1,
IFF-QB00042,P0404013J,CLEAR WHITE 709,Mezcla, - ,1 800 002 1400, - , - ,G,1,1,1,0.9,20,20.9,0018091100,10/15/2025,10/15/2026,1,
,,,,,,,,,,,,,,,,,,,
IFF-QB00131,P0501004A,CHAMOMILLE 398 (MANZANILLA),Mezcla,ATENCION,1 800 002 1400,"H316, H317, H412","P261, P272, P273, P280, P302 + P352, P333 + P313, P362 + P364, P391, P501",G,H,1,1,0.09,0.5,0.59,0017858417,1/23/2025,7/27/2026,1,
IFF-QB00131,P0501004B,CHAMOMILLE 398 (MANZANILLA),Mezcla,ATENCION,1 800 002 1400,"H316, H317, H412","P261, P272, P273, P280, P302 + P352, P333 + P313, P362 + P364, P391, P501",G,H,1,1,0.09,1,1.09,0017858417,1/23/2025,7/27/2026,1,
IFF-QB00131,P0501004C,CHAMOMILLE 398 (MANZANILLA),Mezcla,ATENCION,1 800 002 1400,"H316, H317, H412","P261, P272, P273, P280, P302 + P352, P333 + P313, P362 + P364, P391, P501",G,H,1,1,0.24,1.5,1.74,0017858417,1/23/2025,7/27/2026,1,
IFF-QB00131,P0501004D,CHAMOMILLE 398 (MANZANILLA),Mezcla,ATENCION,1 800 002 1400,"H316, H317, H412","P261, P272, P273, P280, P302 + P352, P333 + P313, P362 + P364, P391, P501",G,H,1,1,0.24,2,2.24,0017858417,1/23/2025,7/27/2026,1,
IFF-QB00131,P0501004E,CHAMOMILLE 398 (MANZANILLA),Mezcla,ATENCION,1 800 002 1400,"H316, H317, H412","P261, P272, P273, P280, P302 + P352, P333 + P313, P362 + P364, P391, P501",G,H,1,1,0.24,3,3.24,0017858417,1/23/2025,7/27/2026,1,
IFF-QB00131,P0501004F,CHAMOMILLE 398 (MANZANILLA),Mezcla,ATENCION,1 800 002 1400,"H316, H317, H412","P261, P272, P273, P280, P302 + P352, P333 + P313, P362 + P364, P391, P501",G,H,1,1,0.24,4,4.24,0017858417,1/23/2025,7/27/2026,1,
IFF-QB00131,P0501004G,CHAMOMILLE 398 (MANZANILLA),Mezcla,ATENCION,1 800 002 1400,"H316, H317, H412","P261, P272, P273, P280, P302 + P352, P333 + P313, P362 + P364, P391, P501",G,H,1,1,0.28,5,5.28,0017858417,1/23/2025,7/27/2026,1,
IFF-QB00131,P0501004H,CHAMOMILLE 398 (MANZANILLA),Mezcla,ATENCION,1 800 002 1400,"H316, H317, H412","P261, P272, P273, P280, P302 + P352, P333 + P313, P362 + P364, P391, P501",G,H,1,1,0.48,10,10.48,0017858417,1/23/2025,7/27/2026,1,
IFF-QB00131,P0501004I,CHAMOMILLE 398 (MANZANILLA),Mezcla,ATENCION,1 800 002 1400,"H316, H317, H412","P261, P272, P273, P280, P302 + P352, P333 + P313, P362 + P364, P391, P501",G,H,1,1,0.9,15,15.9,0017858417,1/23/2025,7/27/2026,1,
IFF-QB00131,P0501004J,CHAMOMILLE 398 (MANZANILLA),Mezcla,ATENCION,1 800 002 1400,"H316, H317, H412","P261, P272, P273, P280, P302 + P352, P333 + P313, P362 + P364, P391, P501",G,H,1,1,0.9,20,20.9,0017858417,1/23/2025,7/27/2026,1,
,,,,,,,,,,,,,,,,,,,
IFF-QB00125,P0501007A,APPLE 872 (MANZANA VERDE),Mezcla,ATENCION,1 800 002 1400,"H316, H317, H411","P261, P272, P273, P280, P302 + P352, P333 + P313, P362 + P364, P391, P501",G,H,1,1,0.09,0.5,0.59,0018742502,9/17/2025,9/17/2026,1,
IFF-QB00125,P0501007B,APPLE 872 (MANZANA VERDE),Mezcla,ATENCION,1 800 002 1400,"H316, H317, H411","P261, P272, P273, P280, P302 + P352, P333 + P313, P362 + P364, P391, P501",G,H,1,1,0.09,1,1.09,0018742502,9/17/2025,9/17/2026,1,
IFF-QB00125,P0501007C,APPLE 872 (MANZANA VERDE),Mezcla,ATENCION,1 800 002 1400,"H316, H317, H411","P261, P272, P273, P280, P302 + P352, P333 + P313, P362 + P364, P391, P501",G,H,1,1,0.24,1.5,1.74,0018742502,9/17/2025,9/17/2026,1,
IFF-QB00125,P0501007D,APPLE 872 (MANZANA VERDE),Mezcla,ATENCION,1 800 002 1400,"H316, H317, H411","P261, P272, P273, P280, P302 + P352, P333 + P313, P362 + P364, P391, P501",G,H,1,1,0.24,2,2.24,0018742502,9/17/2025,9/17/2026,1,
IFF-QB00125,P0501007E,APPLE 872 (MANZANA VERDE),Mezcla,ATENCION,1 800 002 1400,"H316, H317, H411","P261, P272, P273, P280, P302 + P352, P333 + P313, P362 + P364, P391, P501",G,H,1,1,0.24,3,3.24,0018742502,9/17/2025,9/17/2026,1,
IFF-QB00125,P0501007F,APPLE 872 (MANZANA VERDE),Mezcla,ATENCION,1 800 002 1400,"H316, H317, H411","P261, P272, P273, P280, P302 + P352, P333 + P313, P362 + P364, P391, P501",G,H,1,1,0.24,4,4.24,0018742502,9/17/2025,9/17/2026,1,
IFF-QB00125,P0501007G,APPLE 872 (MANZANA VERDE),Mezcla,ATENCION,1 800 002 1400,"H316, H317, H411","P261, P272, P273, P280, P302 + P352, P333 + P313, P362 + P364, P391, P501",G,H,1,1,0.28,5,5.28,0018742502,9/17/2025,9/17/2026,1,
IFF-QB00125,P0501007H,APPLE 872 (MANZANA VERDE),Mezcla,ATENCION,1 800 002 1400,"H316, H317, H411","P261, P272, P273, P280, P302 + P352, P333 + P313, P362 + P364, P391, P501",G,H,1,1,0.48,10,10.48,0018742502,9/17/2025,9/17/2026,1,
IFF-QB00125,P0501007I,APPLE 872 (MANZANA VERDE),Mezcla,ATENCION,1 800 002 1400,"H316, H317, H411","P261, P272, P273, P280, P302 + P352, P333 + P313, P362 + P364, P391, P501",G,H,1,1,0.9,15,15.9,0018742502,9/17/2025,9/17/2026,1,
IFF-QB00125,P0501007J,APPLE 872 (MANZANA VERDE),Mezcla,ATENCION,1 800 002 1400,"H316, H317, H411","P261, P272, P273, P280, P302 + P352, P333 + P313, P362 + P364, P391, P501",G,H,1,1,0.9,20,20.9,0018742502,9/17/2025,9/17/2026,1,
,,,,,,,,,,,,,,,,,,,
IFF-QB00167,P0501008A,SER 1100 GRAPEFRUIT,Mezcla,PELIGRO,1 800 002 1400,"H226, H304, H315
H317, H319, H410","P210, P233, P240, P241, P242, P243, P261, P264, P272, P273, P280, P301 + P310, P303 + P361 + P353,  P305 + P351 + P338, P331, P333 + P313, P362 + P364, P370 + P378, P391, P403 + P235, P405, P501",G,1,H,B,0.09,0.5,0.59,0018403248,6/13/2025,6/13/2026,1,
IFF-QB00167,P0501008B,SER 1100 GRAPEFRUIT,Mezcla,PELIGRO,1 800 002 1400,"H226, H304, H315
H317, H319, H410","P210, P233, P240, P241, P242, P243, P261, P264, P272, P273, P280, P301 + P310, P303 + P361 + P353,  P305 + P351 + P338, P331, P333 + P313, P362 + P364, P370 + P378, P391, P403 + P235, P405, P501",G,1,H,B,0.24,1,1.24,0018403248,6/13/2025,6/13/2026,1,
IFF-QB00167,P0501008C,SER 1100 GRAPEFRUIT,Mezcla,PELIGRO,1 800 002 1400,"H226, H304, H315
H317, H319, H410","P210, P233, P240, P241, P242, P243, P261, P264, P272, P273, P280, P301 + P310, P303 + P361 + P353,  P305 + P351 + P338, P331, P333 + P313, P362 + P364, P370 + P378, P391, P403 + P235, P405, P501",G,1,H,B,0.24,1.5,1.74,0018403248,6/13/2025,6/13/2026,1,
IFF-QB00167,P0501008D,SER 1100 GRAPEFRUIT,Mezcla,PELIGRO,1 800 002 1400,"H226, H304, H315
H317, H319, H410","P210, P233, P240, P241, P242, P243, P261, P264, P272, P273, P280, P301 + P310, P303 + P361 + P353,  P305 + P351 + P338, P331, P333 + P313, P362 + P364, P370 + P378, P391, P403 + P235, P405, P501",G,1,H,B,0.24,2,2.24,0018403248,6/13/2025,6/13/2026,1,
IFF-QB00167,P0501008E,SER 1100 GRAPEFRUIT,Mezcla,PELIGRO,1 800 002 1400,"H226, H304, H315
H317, H319, H410","P210, P233, P240, P241, P242, P243, P261, P264, P272, P273, P280, P301 + P310, P303 + P361 + P353,  P305 + P351 + P338, P331, P333 + P313, P362 + P364, P370 + P378, P391, P403 + P235, P405, P501",G,1,H,B,0.24,3,3.24,0018403248,6/13/2025,6/13/2026,1,
IFF-QB00167,P0501008F,SER 1100 GRAPEFRUIT,Mezcla,PELIGRO,1 800 002 1400,"H226, H304, H315
H317, H319, H410","P210, P233, P240, P241, P242, P243, P261, P264, P272, P273, P280, P301 + P310, P303 + P361 + P353,  P305 + P351 + P338, P331, P333 + P313, P362 + P364, P370 + P378, P391, P403 + P235, P405, P501",G,1,H,B,0.28,4,4.28,0018403248,6/13/2025,6/13/2026,1,
IFF-QB00167,P0501008G,SER 1100 GRAPEFRUIT,Mezcla,PELIGRO,1 800 002 1400,"H226, H304, H315
H317, H319, H410","P210, P233, P240, P241, P242, P243, P261, P264, P272, P273, P280, P301 + P310, P303 + P361 + P353,  P305 + P351 + P338, P331, P333 + P313, P362 + P364, P370 + P378, P391, P403 + P235, P405, P501",G,1,H,B,0.48,5,5.48,0018403248,6/13/2025,6/13/2026,1,
IFF-QB00167,P0501008H,SER 1100 GRAPEFRUIT,Mezcla,PELIGRO,1 800 002 1400,"H226, H304, H315
H317, H319, H410","P210, P233, P240, P241, P242, P243, P261, P264, P272, P273, P280, P301 + P310, P303 + P361 + P353,  P305 + P351 + P338, P331, P333 + P313, P362 + P364, P370 + P378, P391, P403 + P235, P405, P501",G,1,H,B,0.9,10,10.9,0018403248,6/13/2025,6/13/2026,1,
IFF-QB00167,P0501008I,SER 1100 GRAPEFRUIT,Mezcla,PELIGRO,1 800 002 1400,"H226, H304, H315
H317, H319, H410","P210, P233, P240, P241, P242, P243, P261, P264, P272, P273, P280, P301 + P310, P303 + P361 + P353,  P305 + P351 + P338, P331, P333 + P313, P362 + P364, P370 + P378, P391, P403 + P235, P405, P501",G,1,H,B,0.9,15,15.9,0018403248,6/13/2025,6/13/2026,1,
IFF-QB00167,P0501008J,SER 1100 GRAPEFRUIT,Mezcla,PELIGRO,1 800 002 1400,"H226, H304, H315
H317, H319, H410","P210, P233, P240, P241, P242, P243, P261, P264, P272, P273, P280, P301 + P310, P303 + P361 + P353,  P305 + P351 + P338, P331, P333 + P313, P362 + P364, P370 + P378, P391, P403 + P235, P405, P501",G,1,H,B,0.9,18,18.9,0018403248,6/13/2025,6/13/2026,1,
,,,,,,,,,,,,,,,,,,,
IFF-QB00171,P0501012A,SER 1114 TORONJA,Mezcla,PELIGRO,1 800 002 1400,"H226, H304, H315
H317, H319, H410","P210, P233, P240, P241, P242, P243, P261, P264, P272, P273, P280, P301 + P310, P303 + P361 + P353, P305 + P351 + P338, P331, P333 + P313, P337 + P313, P362 + P364, P370 + P378, P391, P403 + P235, P405, P501",G,1,H,B,0.09,0.5,0.59,0017916052,10/20/2025,10/20/2026,1,
IFF-QB00171,P0501012B,SER 1114 TORONJA,Mezcla,PELIGRO,1 800 002 1400,"H226, H304, H315
H317, H319, H410","P210, P233, P240, P241, P242, P243, P261, P264, P272, P273, P280, P301 + P310, P303 + P361 + P353, P305 + P351 + P338, P331, P333 + P313, P337 + P313, P362 + P364, P370 + P378, P391, P403 + P235, P405, P501",G,1,H,B,0.09,1,1.09,0017916052,10/20/2025,10/20/2026,1,
IFF-QB00171,P0501012C,SER 1114 TORONJA,Mezcla,PELIGRO,1 800 002 1400,"H226, H304, H315
H317, H319, H410","P210, P233, P240, P241, P242, P243, P261, P264, P272, P273, P280, P301 + P310, P303 + P361 + P353, P305 + P351 + P338, P331, P333 + P313, P337 + P313, P362 + P364, P370 + P378, P391, P403 + P235, P405, P501",G,1,H,B,0.24,1.5,1.74,0017916052,10/20/2025,10/20/2026,1,
IFF-QB00171,P0501012D,SER 1114 TORONJA,Mezcla,PELIGRO,1 800 002 1400,"H226, H304, H315
H317, H319, H410","P210, P233, P240, P241, P242, P243, P261, P264, P272, P273, P280, P301 + P310, P303 + P361 + P353, P305 + P351 + P338, P331, P333 + P313, P337 + P313, P362 + P364, P370 + P378, P391, P403 + P235, P405, P501",G,1,H,B,0.24,2,2.24,0017916052,10/20/2025,10/20/2026,1,
IFF-QB00171,P0501012E,SER 1114 TORONJA,Mezcla,PELIGRO,1 800 002 1400,"H226, H304, H315
H317, H319, H410","P210, P233, P240, P241, P242, P243, P261, P264, P272, P273, P280, P301 + P310, P303 + P361 + P353, P305 + P351 + P338, P331, P333 + P313, P337 + P313, P362 + P364, P370 + P378, P391, P403 + P235, P405, P501",G,1,H,B,0.24,3,3.24,0017916052,10/20/2025,10/20/2026,1,
IFF-QB00171,P0501012F,SER 1114 TORONJA,Mezcla,PELIGRO,1 800 002 1400,"H226, H304, H315
H317, H319, H410","P210, P233, P240, P241, P242, P243, P261, P264, P272, P273, P280, P301 + P310, P303 + P361 + P353, P305 + P351 + P338, P331, P333 + P313, P337 + P313, P362 + P364, P370 + P378, P391, P403 + P235, P405, P501",G,1,H,B,0.28,4,4.28,0017916052,10/20/2025,10/20/2026,1,
IFF-QB00171,P0501012G,SER 1114 TORONJA,Mezcla,PELIGRO,1 800 002 1400,"H226, H304, H315
H317, H319, H410","P210, P233, P240, P241, P242, P243, P261, P264, P272, P273, P280, P301 + P310, P303 + P361 + P353, P305 + P351 + P338, P331, P333 + P313, P337 + P313, P362 + P364, P370 + P378, P391, P403 + P235, P405, P501",G,1,H,B,0.48,5,5.48,0017916052,10/20/2025,10/20/2026,1,
IFF-QB00171,P0501012H,SER 1114 TORONJA,Mezcla,PELIGRO,1 800 002 1400,"H226, H304, H315
H317, H319, H410","P210, P233, P240, P241, P242, P243, P261, P264, P272, P273, P280, P301 + P310, P303 + P361 + P353, P305 + P351 + P338, P331, P333 + P313, P337 + P313, P362 + P364, P370 + P378, P391, P403 + P235, P405, P501",G,1,H,B,0.9,10,10.9,0017916052,10/20/2025,10/20/2026,1,
IFF-QB00171,P0501012I,SER 1114 TORONJA,Mezcla,PELIGRO,1 800 002 1400,"H226, H304, H315
H317, H319, H410","P210, P233, P240, P241, P242, P243, P261, P264, P272, P273, P280, P301 + P310, P303 + P361 + P353, P305 + P351 + P338, P331, P333 + P313, P337 + P313, P362 + P364, P370 + P378, P391, P403 + P235, P405, P501",G,1,H,B,0.9,15,15.9,0017916052,10/20/2025,10/20/2026,1,
IFF-QB00171,P0501012J,SER 1114 TORONJA,Mezcla,PELIGRO,1 800 002 1400,"H226, H304, H315
H317, H319, H410","P210, P233, P240, P241, P242, P243, P261, P264, P272, P273, P280, P301 + P310, P303 + P361 + P353, P305 + P351 + P338, P331, P333 + P313, P337 + P313, P362 + P364, P370 + P378, P391, P403 + P235, P405, P501",G,1,H,B,0.9,18,18.9,0017916052,10/20/2025,10/20/2026,1,
,,,,,,,,,,,,,,,,,,,
IFF-QB00124,P0501015A,ALOE VERA GAV 1171 SH,Mezcla,ATENCION,1 800 002 1400,"H303, H315, H317, H319, H361, H411.","P201, P202, P261, P264, P272, P273,
P280, P302 + P352,
P305 + P351 + P338,
P312, P333 + P313,
P337 + P313, P362 + P364, P391, P405, P501
",G,1,H,1,0.09,0.5,0.59,0018403769,6/12/2025,6/12/2026,1,
IFF-QB00124,P0501015B,ALOE VERA GAV 1171 SH,Mezcla,ATENCION,1 800 002 1400,"H303, H315, H317, H319, H361, H411.","P201, P202, P261, P264, P272, P273,
P280, P302 + P352,
P305 + P351 + P338,
P312, P333 + P313,
P337 + P313, P362 + P364, P391, P405, P501
",G,1,H,1,0.09,1,1.09,0018403769,6/12/2025,6/12/2026,1,
IFF-QB00124,P0501015C,ALOE VERA GAV 1171 SH,Mezcla,ATENCION,1 800 002 1400,"H303, H315, H317, H319, H361, H411.","P201, P202, P261, P264, P272, P273,
P280, P302 + P352,
P305 + P351 + P338,
P312, P333 + P313,
P337 + P313, P362 + P364, P391, P405, P501
",G,1,H,1,0.24,1.5,1.74,0018403769,6/12/2025,6/12/2026,1,
IFF-QB00124,P0501015D,ALOE VERA GAV 1171 SH,Mezcla,ATENCION,1 800 002 1400,"H303, H315, H317, H319, H361, H411.","P201, P202, P261, P264, P272, P273,
P280, P302 + P352,
P305 + P351 + P338,
P312, P333 + P313,
P337 + P313, P362 + P364, P391, P405, P501
",G,1,H,1,0.24,2,2.24,0018403769,6/12/2025,6/12/2026,1,
IFF-QB00124,P0501015E,ALOE VERA GAV 1171 SH,Mezcla,ATENCION,1 800 002 1400,"H303, H315, H317, H319, H361, H411.","P201, P202, P261, P264, P272, P273,
P280, P302 + P352,
P305 + P351 + P338,
P312, P333 + P313,
P337 + P313, P362 + P364, P391, P405, P501
",G,1,H,1,0.24,3,3.24,0018403769,6/12/2025,6/12/2026,1,
IFF-QB00124,P0501015F,ALOE VERA GAV 1171 SH,Mezcla,ATENCION,1 800 002 1400,"H303, H315, H317, H319, H361, H411.","P201, P202, P261, P264, P272, P273,
P280, P302 + P352,
P305 + P351 + P338,
P312, P333 + P313,
P337 + P313, P362 + P364, P391, P405, P501
",G,1,H,1,0.24,4,4.24,0018403769,6/12/2025,6/12/2026,1,
IFF-QB00124,P0501015G,ALOE VERA GAV 1171 SH,Mezcla,ATENCION,1 800 002 1400,"H303, H315, H317, H319, H361, H411.","P201, P202, P261, P264, P272, P273,
P280, P302 + P352,
P305 + P351 + P338,
P312, P333 + P313,
P337 + P313, P362 + P364, P391, P405, P501
",G,1,H,1,0.28,5,5.28,0018403769,6/12/2025,6/12/2026,1,
IFF-QB00124,P0501015H,ALOE VERA GAV 1171 SH,Mezcla,ATENCION,1 800 002 1400,"H303, H315, H317, H319, H361, H411.","P201, P202, P261, P264, P272, P273,
P280, P302 + P352,
P305 + P351 + P338,
P312, P333 + P313,
P337 + P313, P362 + P364, P391, P405, P501
",G,1,H,1,0.48,10,10.48,0018403769,6/12/2025,6/12/2026,1,
IFF-QB00124,P0501015I,ALOE VERA GAV 1171 SH,Mezcla,ATENCION,1 800 002 1400,"H303, H315, H317, H319, H361, H411.","P201, P202, P261, P264, P272, P273,
P280, P302 + P352,
P305 + P351 + P338,
P312, P333 + P313,
P337 + P313, P362 + P364, P391, P405, P501
",G,1,H,1,0.9,15,15.9,0018403769,6/12/2025,6/12/2026,1,
IFF-QB00124,P0501015J,ALOE VERA GAV 1171 SH,Mezcla,ATENCION,1 800 002 1400,"H303, H315, H317, H319, H361, H411.","P201, P202, P261, P264, P272, P273,
P280, P302 + P352,
P305 + P351 + P338,
P312, P333 + P313,
P337 + P313, P362 + P364, P391, P405, P501
",G,1,H,1,0.9,20,20.9,0018403769,6/12/2025,6/12/2026,1,
,,,,,,,,,,,,,,,,,,,
IFF-QB00170,P0501020A,SER 1110 PERA,Mezcla,ATENCION,1 800 002 1400,"H227, H315, H317, H319, H400, H411","P210, P261, P264, P272, P273, P280, P302 + P352, P305 + P351 + P338, P333 + P313, P362 + P364, P370 + P378, P391, P403 + P235, P501",G,H,1,1,0.09,0.5,0.59,0018622833,8/26/2025,8/26/2026,1,
IFF-QB00170,P0501020B,SER 1110 PERA,Mezcla,ATENCION,1 800 002 1400,"H227, H315, H317, H319, H400, H411","P210, P261, P264, P272, P273, P280, P302 + P352, P305 + P351 + P338, P333 + P313, P362 + P364, P370 + P378, P391, P403 + P235, P501",G,H,1,1,0.09,1,1.09,0018622833,8/26/2025,8/26/2026,1,
IFF-QB00170,P0501020C,SER 1110 PERA,Mezcla,ATENCION,1 800 002 1400,"H227, H315, H317, H319, H400, H411","P210, P261, P264, P272, P273, P280, P302 + P352, P305 + P351 + P338, P333 + P313, P362 + P364, P370 + P378, P391, P403 + P235, P501",G,H,1,1,0.24,1.5,1.74,0018622833,8/26/2025,8/26/2026,1,
IFF-QB00170,P0501020D,SER 1110 PERA,Mezcla,ATENCION,1 800 002 1400,"H227, H315, H317, H319, H400, H411","P210, P261, P264, P272, P273, P280, P302 + P352, P305 + P351 + P338, P333 + P313, P362 + P364, P370 + P378, P391, P403 + P235, P501",G,H,1,1,0.24,2,2.24,0018622833,8/26/2025,8/26/2026,1,
IFF-QB00170,P0501020E,SER 1110 PERA,Mezcla,ATENCION,1 800 002 1400,"H227, H315, H317, H319, H400, H411","P210, P261, P264, P272, P273, P280, P302 + P352, P305 + P351 + P338, P333 + P313, P362 + P364, P370 + P378, P391, P403 + P235, P501",G,H,1,1,0.24,3,3.24,0018622833,8/26/2025,8/26/2026,1,
IFF-QB00170,P0501020F,SER 1110 PERA,Mezcla,ATENCION,1 800 002 1400,"H227, H315, H317, H319, H400, H411","P210, P261, P264, P272, P273, P280, P302 + P352, P305 + P351 + P338, P333 + P313, P362 + P364, P370 + P378, P391, P403 + P235, P501",G,H,1,1,0.24,4,4.24,0018622833,8/26/2025,8/26/2026,1,
IFF-QB00170,P0501020G,SER 1110 PERA,Mezcla,ATENCION,1 800 002 1400,"H227, H315, H317, H319, H400, H411","P210, P261, P264, P272, P273, P280, P302 + P352, P305 + P351 + P338, P333 + P313, P362 + P364, P370 + P378, P391, P403 + P235, P501",G,H,1,1,0.28,5,5.28,0018622833,8/26/2025,8/26/2026,1,
IFF-QB00170,P0501020H,SER 1110 PERA,Mezcla,ATENCION,1 800 002 1400,"H227, H315, H317, H319, H400, H411","P210, P261, P264, P272, P273, P280, P302 + P352, P305 + P351 + P338, P333 + P313, P362 + P364, P370 + P378, P391, P403 + P235, P501",G,H,1,1,0.48,10,10.48,0018622833,8/26/2025,8/26/2026,1,
IFF-QB00170,P0501020I,SER 1110 PERA,Mezcla,ATENCION,1 800 002 1400,"H227, H315, H317, H319, H400, H411","P210, P261, P264, P272, P273, P280, P302 + P352, P305 + P351 + P338, P333 + P313, P362 + P364, P370 + P378, P391, P403 + P235, P501",G,H,1,1,0.9,15,15.9,0018622833,8/26/2025,8/26/2026,1,
IFF-QB00170,P0501020J,SER 1110 PERA,Mezcla,ATENCION,1 800 002 1400,"H227, H315, H317, H319, H400, H411","P210, P261, P264, P272, P273, P280, P302 + P352, P305 + P351 + P338, P333 + P313, P362 + P364, P370 + P378, P391, P403 + P235, P501",G,H,1,1,0.9,20,20.9,0018622833,8/26/2025,8/26/2026,1,
,,,,,,,,,,,,,,,,,,,
IFF-QB00146,P0501025A,FRUITY SOFT 624,Mezcla,PELIGRO,1 800 002 1400,"H226, H304, H315, H317, H410","P210, P233, P240, P241, P242,P243, P261, P264, P272, P273, P280, P301, P333, P362+P364, P370+P378, P391, P403+P235, P405, P501",B,H,G,1,0.09,0.5,0.59,0018835985,10/22/2025,10/22/2026,1,
IFF-QB00146,P0501025B,FRUITY SOFT 624,Mezcla,PELIGRO,1 800 002 1400,"H226, H304, H315, H317, H410","P210, P233, P240, P241, P242,P243, P261, P264, P272, P273, P280, P301, P333, P362+P364, P370+P378, P391, P403+P235, P405, P501",B,H,G,1,0.09,1,1.09,0018835985,10/22/2025,10/22/2026,1,
IFF-QB00146,P0501025C,FRUITY SOFT 624,Mezcla,PELIGRO,1 800 002 1400,"H226, H304, H315, H317, H410","P210, P233, P240, P241, P242,P243, P261, P264, P272, P273, P280, P301, P333, P362+P364, P370+P378, P391, P403+P235, P405, P501",B,H,G,1,0.24,1.5,1.74,0018835985,10/22/2025,10/22/2026,1,
IFF-QB00146,P0501025D,FRUITY SOFT 624,Mezcla,PELIGRO,1 800 002 1400,"H226, H304, H315, H317, H410","P210, P233, P240, P241, P242,P243, P261, P264, P272, P273, P280, P301, P333, P362+P364, P370+P378, P391, P403+P235, P405, P501",B,H,G,1,0.24,2,2.24,0018835985,10/22/2025,10/22/2026,1,
IFF-QB00146,P0501025E,FRUITY SOFT 624,Mezcla,PELIGRO,1 800 002 1400,"H226, H304, H315, H317, H410","P210, P233, P240, P241, P242,P243, P261, P264, P272, P273, P280, P301, P333, P362+P364, P370+P378, P391, P403+P235, P405, P501",B,H,G,1,0.24,3,3.24,0018835985,10/22/2025,10/22/2026,1,
IFF-QB00146,P0501025F,FRUITY SOFT 624,Mezcla,PELIGRO,1 800 002 1400,"H226, H304, H315, H317, H410","P210, P233, P240, P241, P242,P243, P261, P264, P272, P273, P280, P301, P333, P362+P364, P370+P378, P391, P403+P235, P405, P501",B,H,G,1,0.24,4,4.24,0018835985,10/22/2025,10/22/2026,1,
IFF-QB00146,P0501025G,FRUITY SOFT 624,Mezcla,PELIGRO,1 800 002 1400,"H226, H304, H315, H317, H410","P210, P233, P240, P241, P242,P243, P261, P264, P272, P273, P280, P301, P333, P362+P364, P370+P378, P391, P403+P235, P405, P501",B,H,G,1,0.28,5,5.28,0018835985,10/22/2025,10/22/2026,1,
IFF-QB00146,P0501025H,FRUITY SOFT 624,Mezcla,PELIGRO,1 800 002 1400,"H226, H304, H315, H317, H410","P210, P233, P240, P241, P242,P243, P261, P264, P272, P273, P280, P301, P333, P362+P364, P370+P378, P391, P403+P235, P405, P501",B,H,G,1,0.48,10,10.48,0018835985,10/22/2025,10/22/2026,1,
IFF-QB00146,P0501025I,FRUITY SOFT 624,Mezcla,PELIGRO,1 800 002 1400,"H226, H304, H315, H317, H410","P210, P233, P240, P241, P242,P243, P261, P264, P272, P273, P280, P301, P333, P362+P364, P370+P378, P391, P403+P235, P405, P501",B,H,G,1,0.9,15,15.9,0018835985,10/22/2025,10/22/2026,1,
IFF-QB00146,P0501025J,FRUITY SOFT 624,Mezcla,PELIGRO,1 800 002 1400,"H226, H304, H315, H317, H410","P210, P233, P240, P241, P242,P243, P261, P264, P272, P273, P280, P301, P333, P362+P364, P370+P378, P391, P403+P235, P405, P501",B,H,G,1,0.9,20,20.9,0018835985,10/22/2025,10/22/2026,1,
,,,,,,,,,,,,,,,,,,,
IFF-QB00151,P0501026A,KIWI FRESH 625,Mezcla,PELIGRO,1 800 002 1400,"H227, H304, H315
H317, H319, H411","P210, P261, P264, P272, P273, P280, P301 + P310, P302 + P352, P305 + P351 + P338, P331, P333 + P313, P337 + P313, P362 + P364, P370 + P378, P391, P403 + P235, P405, P501",G,H,1,1,0.09,0.5,0.59,0018986994,11/25/2025,11/25/2026,1,
IFF-QB00151,P0501026B,KIWI FRESH 625,Mezcla,PELIGRO,1 800 002 1400,"H227, H304, H315
H317, H319, H411","P210, P261, P264, P272, P273, P280, P301 + P310, P302 + P352, P305 + P351 + P338, P331, P333 + P313, P337 + P313, P362 + P364, P370 + P378, P391, P403 + P235, P405, P501",G,H,1,1,0.09,1,1.09,0018986994,11/25/2025,11/25/2026,1,
IFF-QB00151,P0501026C,KIWI FRESH 625,Mezcla,PELIGRO,1 800 002 1400,"H227, H304, H315
H317, H319, H411","P210, P261, P264, P272, P273, P280, P301 + P310, P302 + P352, P305 + P351 + P338, P331, P333 + P313, P337 + P313, P362 + P364, P370 + P378, P391, P403 + P235, P405, P501",G,H,1,1,0.24,1.5,1.74,0018986994,11/25/2025,11/25/2026,1,
IFF-QB00151,P0501026D,KIWI FRESH 625,Mezcla,PELIGRO,1 800 002 1400,"H227, H304, H315
H317, H319, H411","P210, P261, P264, P272, P273, P280, P301 + P310, P302 + P352, P305 + P351 + P338, P331, P333 + P313, P337 + P313, P362 + P364, P370 + P378, P391, P403 + P235, P405, P501",G,H,1,1,0.24,2,2.24,0018986994,11/25/2025,11/25/2026,1,
IFF-QB00151,P0501026E,KIWI FRESH 625,Mezcla,PELIGRO,1 800 002 1400,"H227, H304, H315
H317, H319, H411","P210, P261, P264, P272, P273, P280, P301 + P310, P302 + P352, P305 + P351 + P338, P331, P333 + P313, P337 + P313, P362 + P364, P370 + P378, P391, P403 + P235, P405, P501",G,H,1,1,0.24,3,3.24,0018986994,11/25/2025,11/25/2026,1,
IFF-QB00151,P0501026F,KIWI FRESH 625,Mezcla,PELIGRO,1 800 002 1400,"H227, H304, H315
H317, H319, H411","P210, P261, P264, P272, P273, P280, P301 + P310, P302 + P352, P305 + P351 + P338, P331, P333 + P313, P337 + P313, P362 + P364, P370 + P378, P391, P403 + P235, P405, P501",G,H,1,1,0.24,4,4.24,0018986994,11/25/2025,11/25/2026,1,
IFF-QB00151,P0501026G,KIWI FRESH 625,Mezcla,PELIGRO,1 800 002 1400,"H227, H304, H315
H317, H319, H411","P210, P261, P264, P272, P273, P280, P301 + P310, P302 + P352, P305 + P351 + P338, P331, P333 + P313, P337 + P313, P362 + P364, P370 + P378, P391, P403 + P235, P405, P501",G,H,1,1,0.28,5,5.28,0018986994,11/25/2025,11/25/2026,1,
IFF-QB00151,P0501026H,KIWI FRESH 625,Mezcla,PELIGRO,1 800 002 1400,"H227, H304, H315
H317, H319, H411","P210, P261, P264, P272, P273, P280, P301 + P310, P302 + P352, P305 + P351 + P338, P331, P333 + P313, P337 + P313, P362 + P364, P370 + P378, P391, P403 + P235, P405, P501",G,H,1,1,0.48,10,10.48,0018986994,11/25/2025,11/25/2026,1,
IFF-QB00151,P0501026I,KIWI FRESH 625,Mezcla,PELIGRO,1 800 002 1400,"H227, H304, H315
H317, H319, H411","P210, P261, P264, P272, P273, P280, P301 + P310, P302 + P352, P305 + P351 + P338, P331, P333 + P313, P337 + P313, P362 + P364, P370 + P378, P391, P403 + P235, P405, P501",G,H,1,1,0.9,15,15.9,0018986994,11/25/2025,11/25/2026,1,
IFF-QB00151,P0501026J,KIWI FRESH 625,Mezcla,PELIGRO,1 800 002 1400,"H227, H304, H315
H317, H319, H411","P210, P261, P264, P272, P273, P280, P301 + P310, P302 + P352, P305 + P351 + P338, P331, P333 + P313, P337 + P313, P362 + P364, P370 + P378, P391, P403 + P235, P405, P501",G,H,1,1,0.9,20,20.9,0018986994,11/25/2025,11/25/2026,1,
,,,,,,,,,,,,,,,,,,,
IFF-QB00165,P0501028A,SER 1057 UVA MORADA,Mezcla,ATENCION,1 800 002 1400,"H227, H303, H316, H317, H400, H411","P210, P261, P272, P273, P280, P302+P352, P312, P333+P313, P362+P364, P370+P378, P391, P403+P235, P501",G,1,1,1,0.09,0.5,0.59,0018611445,8/15/2025,8/15/2026,1,
IFF-QB00165,P0501028B,SER 1057 UVA MORADA,Mezcla,ATENCION,1 800 002 1400,"H227, H303, H316, H317, H400, H411","P210, P261, P272, P273, P280, P302+P352, P312, P333+P313, P362+P364, P370+P378, P391, P403+P235, P501",G,1,1,1,0.09,1,1.09,0018611445,8/15/2025,8/15/2026,1,
IFF-QB00165,P0501028C,SER 1057 UVA MORADA,Mezcla,ATENCION,1 800 002 1400,"H227, H303, H316, H317, H400, H411","P210, P261, P272, P273, P280, P302+P352, P312, P333+P313, P362+P364, P370+P378, P391, P403+P235, P501",G,1,1,1,0.24,1.5,1.74,0018611445,8/15/2025,8/15/2026,1,
IFF-QB00165,P0501028D,SER 1057 UVA MORADA,Mezcla,ATENCION,1 800 002 1400,"H227, H303, H316, H317, H400, H411","P210, P261, P272, P273, P280, P302+P352, P312, P333+P313, P362+P364, P370+P378, P391, P403+P235, P501",G,1,1,1,0.24,2,2.24,0018611445,8/15/2025,8/15/2026,1,
IFF-QB00165,P0501028E,SER 1057 UVA MORADA,Mezcla,ATENCION,1 800 002 1400,"H227, H303, H316, H317, H400, H411","P210, P261, P272, P273, P280, P302+P352, P312, P333+P313, P362+P364, P370+P378, P391, P403+P235, P501",G,1,1,1,0.24,3,3.24,0018611445,8/15/2025,8/15/2026,1,
IFF-QB00165,P0501028F,SER 1057 UVA MORADA,Mezcla,ATENCION,1 800 002 1400,"H227, H303, H316, H317, H400, H411","P210, P261, P272, P273, P280, P302+P352, P312, P333+P313, P362+P364, P370+P378, P391, P403+P235, P501",G,1,1,1,0.24,4,4.24,0018611445,8/15/2025,8/15/2026,1,
IFF-QB00165,P0501028G,SER 1057 UVA MORADA,Mezcla,ATENCION,1 800 002 1400,"H227, H303, H316, H317, H400, H411","P210, P261, P272, P273, P280, P302+P352, P312, P333+P313, P362+P364, P370+P378, P391, P403+P235, P501",G,1,1,1,0.28,5,5.28,0018611445,8/15/2025,8/15/2026,1,
IFF-QB00165,P0501028H,SER 1057 UVA MORADA,Mezcla,ATENCION,1 800 002 1400,"H227, H303, H316, H317, H400, H411","P210, P261, P272, P273, P280, P302+P352, P312, P333+P313, P362+P364, P370+P378, P391, P403+P235, P501",G,1,1,1,0.48,10,10.48,0018611445,8/15/2025,8/15/2026,1,
IFF-QB00165,P0501028I,SER 1057 UVA MORADA,Mezcla,ATENCION,1 800 002 1400,"H227, H303, H316, H317, H400, H411","P210, P261, P272, P273, P280, P302+P352, P312, P333+P313, P362+P364, P370+P378, P391, P403+P235, P501",G,1,1,1,0.9,15,15.9,0018611445,8/15/2025,8/15/2026,1,
IFF-QB00165,P0501028J,SER 1057 UVA MORADA,Mezcla,ATENCION,1 800 002 1400,"H227, H303, H316, H317, H400, H411","P210, P261, P272, P273, P280, P302+P352, P312, P333+P313, P362+P364, P370+P378, P391, P403+P235, P501",G,1,1,1,0.9,20,20.9,0018611445,8/15/2025,8/15/2026,1,
,,,,,,,,,,,,,,,,,,,
IFF-QB00158,P0501105A,QUIM 1300(PASION FRUIT),Mezcla,ATENCION,1 800 002 1400,"H227, H315, H317,
H411","P210, P261, P264, P272, P273, P280, P302 + P352, P333 + P313, P362 + P364, P370 + P378, P391, P403 + P235, P501
",G,H,1,1,0.09,0.5,0.59,0018553007,7/23/2025,7/23/2026,1,
IFF-QB00158,P0501105B,QUIM 1300(PASION FRUIT),Mezcla,ATENCION,1 800 002 1400,"H227, H315, H317,
H411","P210, P261, P264, P272, P273, P280, P302 + P352, P333 + P313, P362 + P364, P370 + P378, P391, P403 + P235, P501
",G,H,1,1,0.09,1,1.09,0018553007,7/23/2025,7/23/2026,1,
IFF-QB00158,P0501105C,QUIM 1300(PASION FRUIT),Mezcla,ATENCION,1 800 002 1400,"H227, H315, H317,
H411","P210, P261, P264, P272, P273, P280, P302 + P352, P333 + P313, P362 + P364, P370 + P378, P391, P403 + P235, P501
",G,H,1,1,0.24,1.5,1.74,0018553007,7/23/2025,7/23/2026,1,
IFF-QB00158,P0501105D,QUIM 1300(PASION FRUIT),Mezcla,ATENCION,1 800 002 1400,"H227, H315, H317,
H411","P210, P261, P264, P272, P273, P280, P302 + P352, P333 + P313, P362 + P364, P370 + P378, P391, P403 + P235, P501
",G,H,1,1,0.24,2,2.24,0018553007,7/23/2025,7/23/2026,1,
IFF-QB00158,P0501105E,QUIM 1300(PASION FRUIT),Mezcla,ATENCION,1 800 002 1400,"H227, H315, H317,
H411","P210, P261, P264, P272, P273, P280, P302 + P352, P333 + P313, P362 + P364, P370 + P378, P391, P403 + P235, P501
",G,H,1,1,0.24,3,3.24,0018553007,7/23/2025,7/23/2026,1,
IFF-QB00158,P0501105F,QUIM 1300(PASION FRUIT),Mezcla,ATENCION,1 800 002 1400,"H227, H315, H317,
H411","P210, P261, P264, P272, P273, P280, P302 + P352, P333 + P313, P362 + P364, P370 + P378, P391, P403 + P235, P501
",G,H,1,1,0.24,4,4.24,0018553007,7/23/2025,7/23/2026,1,
IFF-QB00158,P0501105G,QUIM 1300(PASION FRUIT),Mezcla,ATENCION,1 800 002 1400,"H227, H315, H317,
H411","P210, P261, P264, P272, P273, P280, P302 + P352, P333 + P313, P362 + P364, P370 + P378, P391, P403 + P235, P501
",G,H,1,1,0.28,5,5.28,0018553007,7/23/2025,7/23/2026,1,
IFF-QB00158,P0501105H,QUIM 1300(PASION FRUIT),Mezcla,ATENCION,1 800 002 1400,"H227, H315, H317,
H411","P210, P261, P264, P272, P273, P280, P302 + P352, P333 + P313, P362 + P364, P370 + P378, P391, P403 + P235, P501
",G,H,1,1,0.48,10,10.48,0018553007,7/23/2025,7/23/2026,1,
IFF-QB00158,P0501105I,QUIM 1300(PASION FRUIT),Mezcla,ATENCION,1 800 002 1400,"H227, H315, H317,
H411","P210, P261, P264, P272, P273, P280, P302 + P352, P333 + P313, P362 + P364, P370 + P378, P391, P403 + P235, P501
",G,H,1,1,0.9,15,15.9,0018553007,7/23/2025,7/23/2026,1,
IFF-QB00158,P0501105J,QUIM 1300(PASION FRUIT),Mezcla,ATENCION,1 800 002 1400,"H227, H315, H317,
H411","P210, P261, P264, P272, P273, P280, P302 + P352, P333 + P313, P362 + P364, P370 + P378, P391, P403 + P235, P501
",G,H,1,1,0.9,20,20.9,0018553007,7/23/2025,7/23/2026,1,
,,,,,,,,,,,,,,,,,,,
IFF-QB00164,P0501106A,SER 1013 (SHAMPOO FLORAL FRUTAL)   ,Mezcla,ATENCION,1 800 002 1400,"H227, H303, H315, H317, H319, H400, H411","P210, P261, P264, P272, P273, P280,  P302 + P352,  P305 + P351 + P338, P312,  P333 + P313, P337 + P313, P362 + P364, P370 + P378, P391, P403 + P235, P501",G,H,1,1,0.09,0.5,0.59,0018826139,10/10/2025,10/10/2026,1,
IFF-QB00164,P0501106B,SER 1013 (SHAMPOO FLORAL FRUTAL)   ,Mezcla,ATENCION,1 800 002 1400,"H227, H303, H315, H317, H319, H400, H411","P210, P261, P264, P272, P273, P280,  P302 + P352,  P305 + P351 + P338, P312,  P333 + P313, P337 + P313, P362 + P364, P370 + P378, P391, P403 + P235, P501",G,H,1,1,0.09,1,1.09,0018826139,10/10/2025,10/10/2026,1,
IFF-QB00164,P0501106C,SER 1013 (SHAMPOO FLORAL FRUTAL)   ,Mezcla,ATENCION,1 800 002 1400,"H227, H303, H315, H317, H319, H400, H411","P210, P261, P264, P272, P273, P280,  P302 + P352,  P305 + P351 + P338, P312,  P333 + P313, P337 + P313, P362 + P364, P370 + P378, P391, P403 + P235, P501",G,H,1,1,0.24,1.5,1.74,0018826139,10/10/2025,10/10/2026,1,
IFF-QB00164,P0501106D,SER 1013 (SHAMPOO FLORAL FRUTAL)   ,Mezcla,ATENCION,1 800 002 1400,"H227, H303, H315, H317, H319, H400, H411","P210, P261, P264, P272, P273, P280,  P302 + P352,  P305 + P351 + P338, P312,  P333 + P313, P337 + P313, P362 + P364, P370 + P378, P391, P403 + P235, P501",G,H,1,1,0.24,2,2.24,0018826139,10/10/2025,10/10/2026,1,
IFF-QB00164,P0501106E,SER 1013 (SHAMPOO FLORAL FRUTAL)   ,Mezcla,ATENCION,1 800 002 1400,"H227, H303, H315, H317, H319, H400, H411","P210, P261, P264, P272, P273, P280,  P302 + P352,  P305 + P351 + P338, P312,  P333 + P313, P337 + P313, P362 + P364, P370 + P378, P391, P403 + P235, P501",G,H,1,1,0.24,3,3.24,0018826139,10/10/2025,10/10/2026,1,
IFF-QB00164,P0501106F,SER 1013 (SHAMPOO FLORAL FRUTAL)   ,Mezcla,ATENCION,1 800 002 1400,"H227, H303, H315, H317, H319, H400, H411","P210, P261, P264, P272, P273, P280,  P302 + P352,  P305 + P351 + P338, P312,  P333 + P313, P337 + P313, P362 + P364, P370 + P378, P391, P403 + P235, P501",G,H,1,1,0.24,4,4.24,0018826139,10/10/2025,10/10/2026,1,
IFF-QB00164,P0501106G,SER 1013 (SHAMPOO FLORAL FRUTAL)   ,Mezcla,ATENCION,1 800 002 1400,"H227, H303, H315, H317, H319, H400, H411","P210, P261, P264, P272, P273, P280,  P302 + P352,  P305 + P351 + P338, P312,  P333 + P313, P337 + P313, P362 + P364, P370 + P378, P391, P403 + P235, P501",G,H,1,1,0.28,5,5.28,0018826139,10/10/2025,10/10/2026,1,
IFF-QB00164,P0501106H,SER 1013 (SHAMPOO FLORAL FRUTAL)   ,Mezcla,ATENCION,1 800 002 1400,"H227, H303, H315, H317, H319, H400, H411","P210, P261, P264, P272, P273, P280,  P302 + P352,  P305 + P351 + P338, P312,  P333 + P313, P337 + P313, P362 + P364, P370 + P378, P391, P403 + P235, P501",G,H,1,1,0.48,10,10.48,0018826139,10/10/2025,10/10/2026,1,
IFF-QB00164,P0501106I,SER 1013 (SHAMPOO FLORAL FRUTAL)   ,Mezcla,ATENCION,1 800 002 1400,"H227, H303, H315, H317, H319, H400, H411","P210, P261, P264, P272, P273, P280,  P302 + P352,  P305 + P351 + P338, P312,  P333 + P313, P337 + P313, P362 + P364, P370 + P378, P391, P403 + P235, P501",G,H,1,1,0.9,15,15.9,0018826139,10/10/2025,10/10/2026,1,
IFF-QB00164,P0501106J,SER 1013 (SHAMPOO FLORAL FRUTAL)   ,Mezcla,ATENCION,1 800 002 1400,"H227, H303, H315, H317, H319, H400, H411","P210, P261, P264, P272, P273, P280,  P302 + P352,  P305 + P351 + P338, P312,  P333 + P313, P337 + P313, P362 + P364, P370 + P378, P391, P403 + P235, P501",G,H,1,1,0.9,20,20.9,0018826139,10/10/2025,10/10/2026,1,
,,,,,,,,,,,,,,,,,,,
IFF-QB00122,P0501107A,1181-D (MENTA),Mezcla,PELIGRO,1 800 002 1400,"H227, H304, H315, 
H317, H410","P210, P261, P264, P272, P273, P280, P301 + P310, P302 + P352, P331, P333 + P313, P362 + P364, P370 + P378, P391, P403 + P235, P405, P501 ",G,1,H,1,0.09,0.5,0.59,0018622805,8/27/2025,8/27/2026,1,
IFF-QB00122,P0501107B,1181-D (MENTA),Mezcla,PELIGRO,1 800 002 1400,"H227, H304, H315, 
H317, H410","P210, P261, P264, P272, P273, P280, P301 + P310, P302 + P352, P331, P333 + P313, P362 + P364, P370 + P378, P391, P403 + P235, P405, P501 ",G,1,H,1,0.09,1,1.09,0018622805,8/27/2025,8/27/2026,1,
IFF-QB00122,P0501107C,1181-D (MENTA),Mezcla,PELIGRO,1 800 002 1400,"H227, H304, H315, 
H317, H410","P210, P261, P264, P272, P273, P280, P301 + P310, P302 + P352, P331, P333 + P313, P362 + P364, P370 + P378, P391, P403 + P235, P405, P501 ",G,1,H,1,0.24,1.5,1.74,0018622805,8/27/2025,8/27/2026,1,
IFF-QB00122,P0501107D,1181-D (MENTA),Mezcla,PELIGRO,1 800 002 1400,"H227, H304, H315, 
H317, H410","P210, P261, P264, P272, P273, P280, P301 + P310, P302 + P352, P331, P333 + P313, P362 + P364, P370 + P378, P391, P403 + P235, P405, P501 ",G,1,H,1,0.24,2,2.24,0018622805,8/27/2025,8/27/2026,1,
IFF-QB00122,P0501107E,1181-D (MENTA),Mezcla,PELIGRO,1 800 002 1400,"H227, H304, H315, 
H317, H410","P210, P261, P264, P272, P273, P280, P301 + P310, P302 + P352, P331, P333 + P313, P362 + P364, P370 + P378, P391, P403 + P235, P405, P501 ",G,1,H,1,0.24,3,3.24,0018622805,8/27/2025,8/27/2026,1,
IFF-QB00122,P0501107F,1181-D (MENTA),Mezcla,PELIGRO,1 800 002 1400,"H227, H304, H315, 
H317, H410","P210, P261, P264, P272, P273, P280, P301 + P310, P302 + P352, P331, P333 + P313, P362 + P364, P370 + P378, P391, P403 + P235, P405, P501 ",G,1,H,1,0.24,4,4.24,0018622805,8/27/2025,8/27/2026,1,
IFF-QB00122,P0501107G,1181-D (MENTA),Mezcla,PELIGRO,1 800 002 1400,"H227, H304, H315, 
H317, H410","P210, P261, P264, P272, P273, P280, P301 + P310, P302 + P352, P331, P333 + P313, P362 + P364, P370 + P378, P391, P403 + P235, P405, P501 ",G,1,H,1,0.28,5,5.28,0018622805,8/27/2025,8/27/2026,1,
IFF-QB00122,P0501107H,1181-D (MENTA),Mezcla,PELIGRO,1 800 002 1400,"H227, H304, H315, 
H317, H410","P210, P261, P264, P272, P273, P280, P301 + P310, P302 + P352, P331, P333 + P313, P362 + P364, P370 + P378, P391, P403 + P235, P405, P501 ",G,1,H,1,0.48,10,10.48,0018622805,8/27/2025,8/27/2026,1,
IFF-QB00122,P0501107I,1181-D (MENTA),Mezcla,PELIGRO,1 800 002 1400,"H227, H304, H315, 
H317, H410","P210, P261, P264, P272, P273, P280, P301 + P310, P302 + P352, P331, P333 + P313, P362 + P364, P370 + P378, P391, P403 + P235, P405, P501 ",G,1,H,1,0.9,15,15.9,0018622805,8/27/2025,8/27/2026,1,
IFF-QB00122,P0501107J,1181-D (MENTA),Mezcla,PELIGRO,1 800 002 1400,"H227, H304, H315, 
H317, H410","P210, P261, P264, P272, P273, P280, P301 + P310, P302 + P352, P331, P333 + P313, P362 + P364, P370 + P378, P391, P403 + P235, P405, P501 ",G,1,H,1,0.9,20,20.9,0018622805,8/27/2025,8/27/2026,1,
,,,,,,,,,,,,,,,,,,,
VAR-QB00002,Q0317011A,ABRILLANTADOR OPTICO(LIQUIDO),16470-24-9,ATENCION, -  , - , - ,G,1,1,1,0.09,0.5,0.59,OPNFWL2525,12/1/2025,12/1/2028,1,
VAR-QB00002,Q0317011B,ABRILLANTADOR OPTICO(LIQUIDO),16470-24-9,ATENCION, -  , - , - ,G,1,1,1,0.09,1,1.09,OPNFWL2525,12/1/2025,12/1/2028,1,
VAR-QB00002,Q0317011C,ABRILLANTADOR OPTICO(LIQUIDO),16470-24-9,ATENCION, -  , - , - ,G,1,1,1,0.24,2,2.24,OPNFWL2525,12/1/2025,12/1/2028,1,
VAR-QB00002,Q0317011D,ABRILLANTADOR OPTICO(LIQUIDO),16470-24-9,ATENCION, -  , - , - ,G,1,1,1,0.24,3,3.24,OPNFWL2525,12/1/2025,12/1/2028,1,
VAR-QB00002,Q0317011E,ABRILLANTADOR OPTICO(LIQUIDO),16470-24-9,ATENCION, -  , - , - ,G,1,1,1,0.24,4,4.24,OPNFWL2525,12/1/2025,12/1/2028,1,
VAR-QB00002,Q0317011F,ABRILLANTADOR OPTICO(LIQUIDO),16470-24-9,ATENCION, -  , - , - ,G,1,1,1,0.28,5,5.28,OPNFWL2525,12/1/2025,12/1/2028,1,
VAR-QB00002,Q0317011G,ABRILLANTADOR OPTICO(LIQUIDO),16470-24-9,ATENCION, -  , - , - ,G,1,1,1,0.48,10,10.48,OPNFWL2525,12/1/2025,12/1/2028,1,
VAR-QB00002,Q0317011H,ABRILLANTADOR OPTICO(LIQUIDO),16470-24-9,ATENCION, -  , - , - ,G,1,1,1,0.9,15,15.9,OPNFWL2525,12/1/2025,12/1/2028,1,
VAR-QB00002,Q0317011I,ABRILLANTADOR OPTICO(LIQUIDO),16470-24-9,ATENCION, -  , - , - ,G,1,1,1,0.9,20,20.9,OPNFWL2525,12/1/2025,12/1/2028,1,
,,,,,,,,,,,,,,,,,,,
IFF-QB00123,P0502004A,ALMOND 339,Mezcla,ATENCION,1 800 002 1400,"H227, H316, H317,
H319, H411","P210, P261, P264, P272, P273,
P280, P302 + P352, 
P305 + P351 + P338, P333 + P313,
P337 + P313, P362 + P364,
P370 + P378, P391, P403 + P235, P501
",G,1,1,1,0.09,0.5,0.59,0018622832,9/1/2025,9/1/2026,1,
IFF-QB00123,P0502004B,ALMOND 339,Mezcla,ATENCION,1 800 002 1400,"H227, H316, H317,
H319, H411","P210, P261, P264, P272, P273,
P280, P302 + P352, 
P305 + P351 + P338, P333 + P313,
P337 + P313, P362 + P364,
P370 + P378, P391, P403 + P235, P501
",G,1,1,1,0.09,1,1.09,0018622832,9/1/2025,9/1/2026,1,
IFF-QB00123,P0502004C,ALMOND 339,Mezcla,ATENCION,1 800 002 1400,"H227, H316, H317,
H319, H411","P210, P261, P264, P272, P273,
P280, P302 + P352, 
P305 + P351 + P338, P333 + P313,
P337 + P313, P362 + P364,
P370 + P378, P391, P403 + P235, P501
",G,1,1,1,0.24,1.5,1.74,0018622832,9/1/2025,9/1/2026,1,
IFF-QB00123,P0502004D,ALMOND 339,Mezcla,ATENCION,1 800 002 1400,"H227, H316, H317,
H319, H411","P210, P261, P264, P272, P273,
P280, P302 + P352, 
P305 + P351 + P338, P333 + P313,
P337 + P313, P362 + P364,
P370 + P378, P391, P403 + P235, P501
",G,1,1,1,0.24,2,2.24,0018622832,9/1/2025,9/1/2026,1,
IFF-QB00123,P0502004E,ALMOND 339,Mezcla,ATENCION,1 800 002 1400,"H227, H316, H317,
H319, H411","P210, P261, P264, P272, P273,
P280, P302 + P352, 
P305 + P351 + P338, P333 + P313,
P337 + P313, P362 + P364,
P370 + P378, P391, P403 + P235, P501
",G,1,1,1,0.24,3,3.24,0018622832,9/1/2025,9/1/2026,1,
IFF-QB00123,P0502004F,ALMOND 339,Mezcla,ATENCION,1 800 002 1400,"H227, H316, H317,
H319, H411","P210, P261, P264, P272, P273,
P280, P302 + P352, 
P305 + P351 + P338, P333 + P313,
P337 + P313, P362 + P364,
P370 + P378, P391, P403 + P235, P501
",G,1,1,1,0.24,4,4.24,0018622832,9/1/2025,9/1/2026,1,
IFF-QB00123,P0502004G,ALMOND 339,Mezcla,ATENCION,1 800 002 1400,"H227, H316, H317,
H319, H411","P210, P261, P264, P272, P273,
P280, P302 + P352, 
P305 + P351 + P338, P333 + P313,
P337 + P313, P362 + P364,
P370 + P378, P391, P403 + P235, P501
",G,1,1,1,0.28,5,5.28,0018622832,9/1/2025,9/1/2026,1,
IFF-QB00123,P0502004H,ALMOND 339,Mezcla,ATENCION,1 800 002 1400,"H227, H316, H317,
H319, H411","P210, P261, P264, P272, P273,
P280, P302 + P352, 
P305 + P351 + P338, P333 + P313,
P337 + P313, P362 + P364,
P370 + P378, P391, P403 + P235, P501
",G,1,1,1,0.48,10,10.48,0018622832,9/1/2025,9/1/2026,1,
IFF-QB00123,P0502004I,ALMOND 339,Mezcla,ATENCION,1 800 002 1400,"H227, H316, H317,
H319, H411","P210, P261, P264, P272, P273,
P280, P302 + P352, 
P305 + P351 + P338, P333 + P313,
P337 + P313, P362 + P364,
P370 + P378, P391, P403 + P235, P501
",G,1,1,1,0.9,15,15.9,0018622832,9/1/2025,9/1/2026,1,
IFF-QB00123,P0502004J,ALMOND 339,Mezcla,ATENCION,1 800 002 1400,"H227, H316, H317,
H319, H411","P210, P261, P264, P272, P273,
P280, P302 + P352, 
P305 + P351 + P338, P333 + P313,
P337 + P313, P362 + P364,
P370 + P378, P391, P403 + P235, P501
",G,1,1,1,0.9,20,20.9,0018622832,9/1/2025,9/1/2026,1,
,,,,,,,,,,,,,,,,,,,
IFF-QB00130,P0502005A,BOSS 3152,Mezcla,PELIGRO,1 800 002 1400,"H227, H303, H315, H317, H318, H411","P210, P261, P264, P272, P273
P280, P302 + P352,
P305 + P351 + P338 + P310, P312
P333 + P313, P362 + P364
P370 + P378, P391, P403 + P235
P501
",E,G,H,1,0.09,0.5,0.59,0018622842,8/29/2025,8/29/2026,1,
IFF-QB00130,P0502005B,BOSS 3152,Mezcla,PELIGRO,1 800 002 1400,"H227, H303, H315, H317, H318, H411","P210, P261, P264, P272, P273
P280, P302 + P352,
P305 + P351 + P338 + P310, P312
P333 + P313, P362 + P364
P370 + P378, P391, P403 + P235
P501
",E,G,H,1,0.09,1,1.09,0018622842,8/29/2025,8/29/2026,1,
IFF-QB00130,P0502005C,BOSS 3152,Mezcla,PELIGRO,1 800 002 1400,"H227, H303, H315, H317, H318, H411","P210, P261, P264, P272, P273
P280, P302 + P352,
P305 + P351 + P338 + P310, P312
P333 + P313, P362 + P364
P370 + P378, P391, P403 + P235
P501
",E,G,H,1,0.24,1.5,1.74,0018622842,8/29/2025,8/29/2026,1,
IFF-QB00130,P0502005D,BOSS 3152,Mezcla,PELIGRO,1 800 002 1400,"H227, H303, H315, H317, H318, H411","P210, P261, P264, P272, P273
P280, P302 + P352,
P305 + P351 + P338 + P310, P312
P333 + P313, P362 + P364
P370 + P378, P391, P403 + P235
P501
",E,G,H,1,0.24,2,2.24,0018622842,8/29/2025,8/29/2026,1,
IFF-QB00130,P0502005E,BOSS 3152,Mezcla,PELIGRO,1 800 002 1400,"H227, H303, H315, H317, H318, H411","P210, P261, P264, P272, P273
P280, P302 + P352,
P305 + P351 + P338 + P310, P312
P333 + P313, P362 + P364
P370 + P378, P391, P403 + P235
P501
",E,G,H,1,0.24,3,3.24,0018622842,8/29/2025,8/29/2026,1,
IFF-QB00130,P0502005F,BOSS 3152,Mezcla,PELIGRO,1 800 002 1400,"H227, H303, H315, H317, H318, H411","P210, P261, P264, P272, P273
P280, P302 + P352,
P305 + P351 + P338 + P310, P312
P333 + P313, P362 + P364
P370 + P378, P391, P403 + P235
P501
",E,G,H,1,0.24,4,4.24,0018622842,8/29/2025,8/29/2026,1,
IFF-QB00130,P0502005G,BOSS 3152,Mezcla,PELIGRO,1 800 002 1400,"H227, H303, H315, H317, H318, H411","P210, P261, P264, P272, P273
P280, P302 + P352,
P305 + P351 + P338 + P310, P312
P333 + P313, P362 + P364
P370 + P378, P391, P403 + P235
P501
",E,G,H,1,0.28,5,5.28,0018622842,8/29/2025,8/29/2026,1,
IFF-QB00130,P0502005H,BOSS 3152,Mezcla,PELIGRO,1 800 002 1400,"H227, H303, H315, H317, H318, H411","P210, P261, P264, P272, P273
P280, P302 + P352,
P305 + P351 + P338 + P310, P312
P333 + P313, P362 + P364
P370 + P378, P391, P403 + P235
P501
",E,G,H,1,0.48,10,10.48,0018622842,8/29/2025,8/29/2026,1,
IFF-QB00130,P0502005I,BOSS 3152,Mezcla,PELIGRO,1 800 002 1400,"H227, H303, H315, H317, H318, H411","P210, P261, P264, P272, P273
P280, P302 + P352,
P305 + P351 + P338 + P310, P312
P333 + P313, P362 + P364
P370 + P378, P391, P403 + P235
P501
",E,G,H,1,0.9,15,15.9,0018622842,8/29/2025,8/29/2026,1,
IFF-QB00130,P0502005J,BOSS 3152,Mezcla,PELIGRO,1 800 002 1400,"H227, H303, H315, H317, H318, H411","P210, P261, P264, P272, P273
P280, P302 + P352,
P305 + P351 + P338 + P310, P312
P333 + P313, P362 + P364
P370 + P378, P391, P403 + P235
P501
",E,G,H,1,0.9,20,20.9,0018622842,8/29/2025,8/29/2026,1,
,,,,,,,,,,,,,,,,,,,
IFF-QB00142,P0503017A,FASHION 180,Mezcla,PELIGRO,1 800 002 1400,"H227, H303, H315, H317, H318, H411","P210, P261, P264, P272, P273
P280, P302 + P352,
P305 + P351 + P338 + P310, P312
P333 + P313, P362 + P364
P370 + P378, P391, P403 + P235
P501
",E,G,H,1,0.09,0.5,0.59,0016907934,10/28/2025,10/28/2026,1,
IFF-QB00142,P0503017B,FASHION 180,Mezcla,PELIGRO,1 800 002 1400,"H227, H303, H315, H317, H318, H411","P210, P261, P264, P272, P273
P280, P302 + P352,
P305 + P351 + P338 + P310, P312
P333 + P313, P362 + P364
P370 + P378, P391, P403 + P235
P501
",E,G,H,1,0.09,1,1.09,0016907934,10/28/2025,10/28/2026,1,
IFF-QB00142,P0503017C,FASHION 180,Mezcla,PELIGRO,1 800 002 1400,"H227, H303, H315, H317, H318, H411","P210, P261, P264, P272, P273
P280, P302 + P352,
P305 + P351 + P338 + P310, P312
P333 + P313, P362 + P364
P370 + P378, P391, P403 + P235
P501
",E,G,H,1,0.24,1.5,1.74,0016907934,10/28/2025,10/28/2026,1,
IFF-QB00142,P0503017D,FASHION 180,Mezcla,PELIGRO,1 800 002 1400,"H227, H303, H315, H317, H318, H411","P210, P261, P264, P272, P273
P280, P302 + P352,
P305 + P351 + P338 + P310, P312
P333 + P313, P362 + P364
P370 + P378, P391, P403 + P235
P501
",E,G,H,1,0.24,2,2.24,0016907934,10/28/2025,10/28/2026,1,
IFF-QB00142,P0503017E,FASHION 180,Mezcla,PELIGRO,1 800 002 1400,"H227, H303, H315, H317, H318, H411","P210, P261, P264, P272, P273
P280, P302 + P352,
P305 + P351 + P338 + P310, P312
P333 + P313, P362 + P364
P370 + P378, P391, P403 + P235
P501
",E,G,H,1,0.24,3,3.24,0016907934,10/28/2025,10/28/2026,1,
IFF-QB00142,P0503017F,FASHION 180,Mezcla,PELIGRO,1 800 002 1400,"H227, H303, H315, H317, H318, H411","P210, P261, P264, P272, P273
P280, P302 + P352,
P305 + P351 + P338 + P310, P312
P333 + P313, P362 + P364
P370 + P378, P391, P403 + P235
P501
",E,G,H,1,0.24,4,4.24,0016907934,10/28/2025,10/28/2026,1,
IFF-QB00142,P0503017G,FASHION 180,Mezcla,PELIGRO,1 800 002 1400,"H227, H303, H315, H317, H318, H411","P210, P261, P264, P272, P273
P280, P302 + P352,
P305 + P351 + P338 + P310, P312
P333 + P313, P362 + P364
P370 + P378, P391, P403 + P235
P501
",E,G,H,1,0.28,5,5.28,0016907934,10/28/2025,10/28/2026,1,
IFF-QB00142,P0503017H,FASHION 180,Mezcla,PELIGRO,1 800 002 1400,"H227, H303, H315, H317, H318, H411","P210, P261, P264, P272, P273
P280, P302 + P352,
P305 + P351 + P338 + P310, P312
P333 + P313, P362 + P364
P370 + P378, P391, P403 + P235
P501
",E,G,H,1,0.48,10,10.48,0016907934,10/28/2025,10/28/2026,1,
IFF-QB00142,P0503017I,FASHION 180,Mezcla,PELIGRO,1 800 002 1400,"H227, H303, H315, H317, H318, H411","P210, P261, P264, P272, P273
P280, P302 + P352,
P305 + P351 + P338 + P310, P312
P333 + P313, P362 + P364
P370 + P378, P391, P403 + P235
P501
",E,G,H,1,0.9,15,15.9,0016907934,10/28/2025,10/28/2026,1,
IFF-QB00142,P0503017J,FASHION 180,Mezcla,PELIGRO,1 800 002 1400,"H227, H303, H315, H317, H318, H411","P210, P261, P264, P272, P273
P280, P302 + P352,
P305 + P351 + P338 + P310, P312
P333 + P313, P362 + P364
P370 + P378, P391, P403 + P235
P501
",E,G,H,1,0.9,20,20.9,0016907934,10/28/2025,10/28/2026,1,
,,,,,,,,,,,,,,,,,,,
IFF-QB00152,P0503025A,MANGIFF 188,,ATENCION,01 800 002 1400,"H316, H317, H411","P261, P272, P273, P280, P302+P352, P333+P313,
P362+ P364, P391, P501",G,H,1,1,0.09,0.5,0.59,0015726817,3/3/2025,3/3/2026,1,
IFF-QB00152,P0503025B,MANGIFF 188,,ATENCION,01 800 002 1400,"H316, H317, H411","P261, P272, P273, P280, P302+P352, P333+P313,
P362+ P364, P391, P501",G,H,1,1,0.09,1,1.09,0015726817,3/3/2025,3/3/2026,1,
IFF-QB00152,P0503025C,MANGIFF 188,,ATENCION,01 800 002 1400,"H316, H317, H411","P261, P272, P273, P280, P302+P352, P333+P313,
P362+ P364, P391, P501",G,H,1,1,0.24,1.5,1.74,0015726817,3/3/2025,3/3/2026,1,
IFF-QB00152,P0503025D,MANGIFF 188,,ATENCION,01 800 002 1400,"H316, H317, H411","P261, P272, P273, P280, P302+P352, P333+P313,
P362+ P364, P391, P501",G,H,1,1,0.24,2,2.24,0015726817,3/3/2025,3/3/2026,1,
IFF-QB00152,P0503025E,MANGIFF 188,,ATENCION,01 800 002 1400,"H316, H317, H411","P261, P272, P273, P280, P302+P352, P333+P313,
P362+ P364, P391, P501",G,H,1,1,0.24,3,3.24,0015726817,3/3/2025,3/3/2026,1,
IFF-QB00152,P0503025F,MANGIFF 188,,ATENCION,01 800 002 1400,"H316, H317, H411","P261, P272, P273, P280, P302+P352, P333+P313,
P362+ P364, P391, P501",G,H,1,1,0.24,4,4.24,0015726817,3/3/2025,3/3/2026,1,
IFF-QB00152,P0503025G,MANGIFF 188,,ATENCION,01 800 002 1400,"H316, H317, H411","P261, P272, P273, P280, P302+P352, P333+P313,
P362+ P364, P391, P501",G,H,1,1,0.28,5,5.28,0015726817,3/3/2025,3/3/2026,1,
IFF-QB00152,P0503025H,MANGIFF 188,,ATENCION,01 800 002 1400,"H316, H317, H411","P261, P272, P273, P280, P302+P352, P333+P313,
P362+ P364, P391, P501",G,H,1,1,0.48,10,10.48,0015726817,3/3/2025,3/3/2026,1,
IFF-QB00152,P0503025I,MANGIFF 188,,ATENCION,01 800 002 1400,"H316, H317, H411","P261, P272, P273, P280, P302+P352, P333+P313,
P362+ P364, P391, P501",G,H,1,1,0.9,15,15.9,0015726817,3/3/2025,3/3/2026,1,
IFF-QB00152,P0503025J,MANGIFF 188,,ATENCION,01 800 002 1400,"H316, H317, H411","P261, P272, P273, P280, P302+P352, P333+P313,
P362+ P364, P391, P501",G,H,1,1,0.9,20,20.9,0015726817,3/3/2025,3/3/2026,1,
,,,,,,,,,,,,,,,,,,,
IFF-QB00166,P0601002A,SER 1098 ORQUIDEA JAZMIN,Mezcla,ATENCION,01 800 002 1400,"H227, H303, H315, H317, H319, H361, H411","P201, P202, P210, P261, P264,
P272, P273, P280, P302 + P352, P305 + P351 + P338, P312, 
P333 + P313, P337 + P313, 
P362 + P364, P370 + P378, P391, P403 + P235, P405, P501",G,1,H,1,0.09,0.5,0.59,0018622843,8/28/2025,8/28/2026,1,
IFF-QB00166,P0601002B,SER 1098 ORQUIDEA JAZMIN,Mezcla,ATENCION,01 800 002 1400,"H227, H303, H315, H317, H319, H361, H411","P201, P202, P210, P261, P264,
P272, P273, P280, P302 + P352, P305 + P351 + P338, P312, 
P333 + P313, P337 + P313, 
P362 + P364, P370 + P378, P391, P403 + P235, P405, P501",G,1,H,1,0.09,1,1.09,0018622843,8/28/2025,8/28/2026,1,
IFF-QB00166,P0601002C,SER 1098 ORQUIDEA JAZMIN,Mezcla,ATENCION,01 800 002 1400,"H227, H303, H315, H317, H319, H361, H411","P201, P202, P210, P261, P264,
P272, P273, P280, P302 + P352, P305 + P351 + P338, P312, 
P333 + P313, P337 + P313, 
P362 + P364, P370 + P378, P391, P403 + P235, P405, P501",G,1,H,1,0.24,1.5,1.74,0018622843,8/28/2025,8/28/2026,1,
IFF-QB00166,P0601002D,SER 1098 ORQUIDEA JAZMIN,Mezcla,ATENCION,01 800 002 1400,"H227, H303, H315, H317, H319, H361, H411","P201, P202, P210, P261, P264,
P272, P273, P280, P302 + P352, P305 + P351 + P338, P312, 
P333 + P313, P337 + P313, 
P362 + P364, P370 + P378, P391, P403 + P235, P405, P501",G,1,H,1,0.24,2,2.24,0018622843,8/28/2025,8/28/2026,1,
IFF-QB00166,P0601002E,SER 1098 ORQUIDEA JAZMIN,Mezcla,ATENCION,01 800 002 1400,"H227, H303, H315, H317, H319, H361, H411","P201, P202, P210, P261, P264,
P272, P273, P280, P302 + P352, P305 + P351 + P338, P312, 
P333 + P313, P337 + P313, 
P362 + P364, P370 + P378, P391, P403 + P235, P405, P501",G,1,H,1,0.24,3,3.24,0018622843,8/28/2025,8/28/2026,1,
IFF-QB00166,P0601002F,SER 1098 ORQUIDEA JAZMIN,Mezcla,ATENCION,01 800 002 1400,"H227, H303, H315, H317, H319, H361, H411","P201, P202, P210, P261, P264,
P272, P273, P280, P302 + P352, P305 + P351 + P338, P312, 
P333 + P313, P337 + P313, 
P362 + P364, P370 + P378, P391, P403 + P235, P405, P501",G,1,H,1,0.24,4,4.24,0018622843,8/28/2025,8/28/2026,1,
IFF-QB00166,P0601002G,SER 1098 ORQUIDEA JAZMIN,Mezcla,ATENCION,01 800 002 1400,"H227, H303, H315, H317, H319, H361, H411","P201, P202, P210, P261, P264,
P272, P273, P280, P302 + P352, P305 + P351 + P338, P312, 
P333 + P313, P337 + P313, 
P362 + P364, P370 + P378, P391, P403 + P235, P405, P501",G,1,H,1,0.28,5,5.28,0018622843,8/28/2025,8/28/2026,1,
IFF-QB00166,P0601002H,SER 1098 ORQUIDEA JAZMIN,Mezcla,ATENCION,01 800 002 1400,"H227, H303, H315, H317, H319, H361, H411","P201, P202, P210, P261, P264,
P272, P273, P280, P302 + P352, P305 + P351 + P338, P312, 
P333 + P313, P337 + P313, 
P362 + P364, P370 + P378, P391, P403 + P235, P405, P501",G,1,H,1,0.48,10,10.48,0018622843,8/28/2025,8/28/2026,1,
IFF-QB00166,P0601002I,SER 1098 ORQUIDEA JAZMIN,Mezcla,ATENCION,01 800 002 1400,"H227, H303, H315, H317, H319, H361, H411","P201, P202, P210, P261, P264,
P272, P273, P280, P302 + P352, P305 + P351 + P338, P312, 
P333 + P313, P337 + P313, 
P362 + P364, P370 + P378, P391, P403 + P235, P405, P501",G,1,H,1,0.9,15,15.9,0018622843,8/28/2025,8/28/2026,1,
IFF-QB00166,P0601002J,SER 1098 ORQUIDEA JAZMIN,Mezcla,ATENCION,01 800 002 1400,"H227, H303, H315, H317, H319, H361, H411","P201, P202, P210, P261, P264,
P272, P273, P280, P302 + P352, P305 + P351 + P338, P312, 
P333 + P313, P337 + P313, 
P362 + P364, P370 + P378, P391, P403 + P235, P405, P501",G,1,H,1,0.9,20,20.9,0018622843,8/28/2025,8/28/2026,1,
,,,,,,,,,,,,,,,,,,,
IFF-QB00126,P0601008A,AVEIA PLUS PONS CR,,ATENCION,01 800 002 1400,"H316, H317, H411","P261, P272, P273,
P280, P302 + P352,
P333 + P313,
P362 + P364, P391, P501",G,I,1,1,0.09,0.5,0.59,14389256,4/1/2023,4/1/2024,1,
IFF-QB00126,P0601008B,AVEIA PLUS PONS CR,,ATENCION,01 800 002 1400,"H316, H317, H411","P261, P272, P273,
P280, P302 + P352,
P333 + P313,
P362 + P364, P391, P501",G,I,1,1,0.09,1,1.09,14389256,4/1/2023,4/1/2024,1,
IFF-QB00126,P0601008C,AVEIA PLUS PONS CR,,ATENCION,01 800 002 1400,"H316, H317, H411","P261, P272, P273,
P280, P302 + P352,
P333 + P313,
P362 + P364, P391, P501",G,I,1,1,0.24,1.5,1.74,14389256,4/1/2023,4/1/2024,1,
IFF-QB00126,P0601008D,AVEIA PLUS PONS CR,,ATENCION,01 800 002 1400,"H316, H317, H411","P261, P272, P273,
P280, P302 + P352,
P333 + P313,
P362 + P364, P391, P501",G,I,1,1,0.24,2,2.24,14389256,4/1/2023,4/1/2024,1,
IFF-QB00126,P0601008E,AVEIA PLUS PONS CR,,ATENCION,01 800 002 1400,"H316, H317, H411","P261, P272, P273,
P280, P302 + P352,
P333 + P313,
P362 + P364, P391, P501",G,I,1,1,0.24,3,3.24,14389256,4/1/2023,4/1/2024,1,
IFF-QB00126,P0601008F,AVEIA PLUS PONS CR,,ATENCION,01 800 002 1400,"H316, H317, H411","P261, P272, P273,
P280, P302 + P352,
P333 + P313,
P362 + P364, P391, P501",G,I,1,1,0.24,4,4.24,14389256,4/1/2023,4/1/2024,1,
IFF-QB00126,P0601008G,AVEIA PLUS PONS CR,,ATENCION,01 800 002 1400,"H316, H317, H411","P261, P272, P273,
P280, P302 + P352,
P333 + P313,
P362 + P364, P391, P501",G,I,1,1,0.28,5,5.28,14389256,4/1/2023,4/1/2024,1,
IFF-QB00126,P0601008H,AVEIA PLUS PONS CR,,ATENCION,01 800 002 1400,"H316, H317, H411","P261, P272, P273,
P280, P302 + P352,
P333 + P313,
P362 + P364, P391, P501",G,I,1,1,0.48,10,10.48,14389256,4/1/2023,4/1/2024,1,
IFF-QB00126,P0601008I,AVEIA PLUS PONS CR,,ATENCION,01 800 002 1400,"H316, H317, H411","P261, P272, P273,
P280, P302 + P352,
P333 + P313,
P362 + P364, P391, P501",G,I,1,1,0.9,15,15.9,14389256,4/1/2023,4/1/2024,1,
IFF-QB00126,P0601008J,AVEIA PLUS PONS CR,,ATENCION,01 800 002 1400,"H316, H317, H411","P261, P272, P273,
P280, P302 + P352,
P333 + P313,
P362 + P364, P391, P501",G,I,1,1,0.9,20,20.9,14389256,4/1/2023,4/1/2024,1,
,,,,,,,,,,,,,,,,,,,
IFF-QB00128,P0601011A,BLAZING 185,,ATENCION,01 800 002 1400,"H315, H317, H319
H361, H411","P201, P202, P261, P264, P272,
P273, P280, P302 + P352,
P305 + P351 + P338, P308 + P313,
P333 + P313, P337 + P313,
P362 + P364, P391, P405, P501",H,G,1,1,0.09,0.5,0.59,0018864883,10/20/2025,10/20/2026,1,
IFF-QB00128,P0601011B,BLAZING 185,,ATENCION,01 800 002 1400,"H315, H317, H319
H361, H411","P201, P202, P261, P264, P272,
P273, P280, P302 + P352,
P305 + P351 + P338, P308 + P313,
P333 + P313, P337 + P313,
P362 + P364, P391, P405, P501",H,G,1,1,0.09,1,1.09,0018864883,10/20/2025,10/20/2026,1,
IFF-QB00128,P0601011C,BLAZING 185,,ATENCION,01 800 002 1400,"H315, H317, H319
H361, H411","P201, P202, P261, P264, P272,
P273, P280, P302 + P352,
P305 + P351 + P338, P308 + P313,
P333 + P313, P337 + P313,
P362 + P364, P391, P405, P501",H,G,1,1,0.24,1.5,1.74,0018864883,10/20/2025,10/20/2026,1,
IFF-QB00128,P0601011D,BLAZING 185,,ATENCION,01 800 002 1400,"H315, H317, H319
H361, H411","P201, P202, P261, P264, P272,
P273, P280, P302 + P352,
P305 + P351 + P338, P308 + P313,
P333 + P313, P337 + P313,
P362 + P364, P391, P405, P501",H,G,1,1,0.24,2,2.24,0018864883,10/20/2025,10/20/2026,1,
IFF-QB00128,P0601011E,BLAZING 185,,ATENCION,01 800 002 1400,"H315, H317, H319
H361, H411","P201, P202, P261, P264, P272,
P273, P280, P302 + P352,
P305 + P351 + P338, P308 + P313,
P333 + P313, P337 + P313,
P362 + P364, P391, P405, P501",H,G,1,1,0.24,3,3.24,0018864883,10/20/2025,10/20/2026,1,
IFF-QB00128,P0601011F,BLAZING 185,,ATENCION,01 800 002 1400,"H315, H317, H319
H361, H411","P201, P202, P261, P264, P272,
P273, P280, P302 + P352,
P305 + P351 + P338, P308 + P313,
P333 + P313, P337 + P313,
P362 + P364, P391, P405, P501",H,G,1,1,0.24,4,4.24,0018864883,10/20/2025,10/20/2026,1,
IFF-QB00128,P0601011G,BLAZING 185,,ATENCION,01 800 002 1400,"H315, H317, H319
H361, H411","P201, P202, P261, P264, P272,
P273, P280, P302 + P352,
P305 + P351 + P338, P308 + P313,
P333 + P313, P337 + P313,
P362 + P364, P391, P405, P501",H,G,1,1,0.28,5,5.28,0018864883,10/20/2025,10/20/2026,1,
IFF-QB00128,P0601011H,BLAZING 185,,ATENCION,01 800 002 1400,"H315, H317, H319
H361, H411","P201, P202, P261, P264, P272,
P273, P280, P302 + P352,
P305 + P351 + P338, P308 + P313,
P333 + P313, P337 + P313,
P362 + P364, P391, P405, P501",H,G,1,1,0.48,10,10.48,0018864883,10/20/2025,10/20/2026,1,
IFF-QB00128,P0601011I,BLAZING 185,,ATENCION,01 800 002 1400,"H315, H317, H319
H361, H411","P201, P202, P261, P264, P272,
P273, P280, P302 + P352,
P305 + P351 + P338, P308 + P313,
P333 + P313, P337 + P313,
P362 + P364, P391, P405, P501",H,G,1,1,0.9,15,15.9,0018864883,10/20/2025,10/20/2026,1,
IFF-QB00128,P0601011J,BLAZING 185,,ATENCION,01 800 002 1400,"H315, H317, H319
H361, H411","P201, P202, P261, P264, P272,
P273, P280, P302 + P352,
P305 + P351 + P338, P308 + P313,
P333 + P313, P337 + P313,
P362 + P364, P391, P405, P501",H,G,1,1,0.9,20,20.9,0018864883,10/20/2025,10/20/2026,1,
,,,,,,,,,,,,,,,,,,,
IFF-QB00160,P0601012A,RAINY WASH 530, - , - , -  , - , - ,H,G,1,1,0.09,0.5,0.59,0017570617,10/21/2024,10/21/2025,1,
IFF-QB00160,P0601012B,RAINY WASH 530, - , - , -  , - , - ,H,G,1,1,0.09,1,1.09,0017570617,10/21/2024,10/21/2025,1,
IFF-QB00160,P0601012C,RAINY WASH 530, - , - , -  , - , - ,H,G,1,1,0.24,1.5,1.74,0017570617,10/21/2024,10/21/2025,1,
IFF-QB00160,P0601012D,RAINY WASH 530, - , - , -  , - , - ,H,G,1,1,0.24,2,2.24,0017570617,10/21/2024,10/21/2025,1,
IFF-QB00160,P0601012E,RAINY WASH 530, - , - , -  , - , - ,H,G,1,1,0.24,3,3.24,0017570617,10/21/2024,10/21/2025,1,
IFF-QB00160,P0601012F,RAINY WASH 530, - , - , -  , - , - ,H,G,1,1,0.24,4,4.24,0017570617,10/21/2024,10/21/2025,1,
IFF-QB00160,P0601012G,RAINY WASH 530, - , - , -  , - , - ,H,G,1,1,0.28,5,5.28,0017570617,10/21/2024,10/21/2025,1,
IFF-QB00160,P0601012H,RAINY WASH 530, - , - , -  , - , - ,H,G,1,1,0.48,10,10.48,0017570617,10/21/2024,10/21/2025,1,
IFF-QB00160,P0601012I,RAINY WASH 530, - , - , -  , - , - ,H,G,1,1,0.9,15,15.9,0017570617,10/21/2024,10/21/2025,1,
IFF-QB00160,P0601012J,RAINY WASH 530, - , - , -  , - , - ,H,G,1,1,0.9,20,20.9,0017570617,10/21/2024,10/21/2025,1,
,,,,,,,,,,,,,,,,,,,
IFF-QB00043,P0601013A,COCONUT DELICE 733,Mezcla,ATENCION,01 800 002 1400,"H227, H303, H315, H317, H361, H400, H411"," P201, P202, P210, P261, P264, P272, P273, P280, P302 + P352, P312, P333 + P313, P362 + P364, P370 + P378, P391, P403 + P235, P405, P501.",H,G,1,1,0.09,0.5,0.59,0018982711,11/25/2025,11/25/2026,1,
IFF-QB00043,P0601013B,COCONUT DELICE 733,Mezcla,ATENCION,01 800 002 1400,"H227, H303, H315, H317, H361, H400, H411"," P201, P202, P210, P261, P264, P272, P273, P280, P302 + P352, P312, P333 + P313, P362 + P364, P370 + P378, P391, P403 + P235, P405, P501.",H,G,1,1,0.09,1,1.09,0018982711,11/25/2025,11/25/2026,1,
IFF-QB00043,P0601013C,COCONUT DELICE 733,Mezcla,ATENCION,01 800 002 1400,"H227, H303, H315, H317, H361, H400, H411"," P201, P202, P210, P261, P264, P272, P273, P280, P302 + P352, P312, P333 + P313, P362 + P364, P370 + P378, P391, P403 + P235, P405, P501.",H,G,1,1,0.24,1.5,1.74,0018982711,11/25/2025,11/25/2026,1,
IFF-QB00043,P0601013D,COCONUT DELICE 733,Mezcla,ATENCION,01 800 002 1400,"H227, H303, H315, H317, H361, H400, H411"," P201, P202, P210, P261, P264, P272, P273, P280, P302 + P352, P312, P333 + P313, P362 + P364, P370 + P378, P391, P403 + P235, P405, P501.",H,G,1,1,0.24,2,2.24,0018982711,11/25/2025,11/25/2026,1,
IFF-QB00043,P0601013E,COCONUT DELICE 733,Mezcla,ATENCION,01 800 002 1400,"H227, H303, H315, H317, H361, H400, H411"," P201, P202, P210, P261, P264, P272, P273, P280, P302 + P352, P312, P333 + P313, P362 + P364, P370 + P378, P391, P403 + P235, P405, P501.",H,G,1,1,0.24,3,3.24,0018982711,11/25/2025,11/25/2026,1,
IFF-QB00043,P0601013F,COCONUT DELICE 733,Mezcla,ATENCION,01 800 002 1400,"H227, H303, H315, H317, H361, H400, H411"," P201, P202, P210, P261, P264, P272, P273, P280, P302 + P352, P312, P333 + P313, P362 + P364, P370 + P378, P391, P403 + P235, P405, P501.",H,G,1,1,0.24,4,4.24,0018982711,11/25/2025,11/25/2026,1,
IFF-QB00043,P0601013G,COCONUT DELICE 733,Mezcla,ATENCION,01 800 002 1400,"H227, H303, H315, H317, H361, H400, H411"," P201, P202, P210, P261, P264, P272, P273, P280, P302 + P352, P312, P333 + P313, P362 + P364, P370 + P378, P391, P403 + P235, P405, P501.",H,G,1,1,0.28,5,5.28,0018982711,11/25/2025,11/25/2026,1,
IFF-QB00043,P0601013H,COCONUT DELICE 733,Mezcla,ATENCION,01 800 002 1400,"H227, H303, H315, H317, H361, H400, H411"," P201, P202, P210, P261, P264, P272, P273, P280, P302 + P352, P312, P333 + P313, P362 + P364, P370 + P378, P391, P403 + P235, P405, P501.",H,G,1,1,0.48,10,10.48,0018982711,11/25/2025,11/25/2026,1,
IFF-QB00043,P0601013I,COCONUT DELICE 733,Mezcla,ATENCION,01 800 002 1400,"H227, H303, H315, H317, H361, H400, H411"," P201, P202, P210, P261, P264, P272, P273, P280, P302 + P352, P312, P333 + P313, P362 + P364, P370 + P378, P391, P403 + P235, P405, P501.",H,G,1,1,0.9,15,15.9,0018982711,11/25/2025,11/25/2026,1,
IFF-QB00043,P0601013J,COCONUT DELICE 733,Mezcla,ATENCION,01 800 002 1400,"H227, H303, H315, H317, H361, H400, H411"," P201, P202, P210, P261, P264, P272, P273, P280, P302 + P352, P312, P333 + P313, P362 + P364, P370 + P378, P391, P403 + P235, P405, P501.",H,G,1,1,0.9,20,20.9,0018982711,11/25/2025,11/25/2026,1,
,,,,,,,,,,,,,,,,,,,
IFF-QB00208,P0602003A,FLOWER CLEAN 384,Mezcla,ATENCION,01 800 002 1400,"H227, H315, H317, H319, H411","P210, P261, P264, P272, P273, P280, P302+P352, P305+P351+P338, P333+P313, P337+P313, P362+P364, P370+P378, P391, P403+P235, P501",G,G,1,1,0.09,0.5,0.59,0017295347,9/26/2024,9/26/2025,1,
IFF-QB00208,P0602003B,FLOWER CLEAN 384,Mezcla,ATENCION,01 800 002 1400,"H227, H315, H317, H319, H411","P210, P261, P264, P272, P273, P280, P302+P352, P305+P351+P338, P333+P313, P337+P313, P362+P364, P370+P378, P391, P403+P235, P501",G,G,1,1,0.09,1,1.09,0017295347,9/26/2024,9/26/2025,1,
IFF-QB00208,P0602003C,FLOWER CLEAN 384,Mezcla,ATENCION,01 800 002 1400,"H227, H315, H317, H319, H411","P210, P261, P264, P272, P273, P280, P302+P352, P305+P351+P338, P333+P313, P337+P313, P362+P364, P370+P378, P391, P403+P235, P501",G,G,1,1,0.24,1.5,1.74,0017295347,9/26/2024,9/26/2025,1,
IFF-QB00208,P0602003D,FLOWER CLEAN 384,Mezcla,ATENCION,01 800 002 1400,"H227, H315, H317, H319, H411","P210, P261, P264, P272, P273, P280, P302+P352, P305+P351+P338, P333+P313, P337+P313, P362+P364, P370+P378, P391, P403+P235, P501",G,G,1,1,0.24,2,2.24,0017295347,9/26/2024,9/26/2025,1,
IFF-QB00208,P0602003E,FLOWER CLEAN 384,Mezcla,ATENCION,01 800 002 1400,"H227, H315, H317, H319, H411","P210, P261, P264, P272, P273, P280, P302+P352, P305+P351+P338, P333+P313, P337+P313, P362+P364, P370+P378, P391, P403+P235, P501",G,G,1,1,0.24,3,3.24,0017295347,9/26/2024,9/26/2025,1,
IFF-QB00208,P0602003F,FLOWER CLEAN 384,Mezcla,ATENCION,01 800 002 1400,"H227, H315, H317, H319, H411","P210, P261, P264, P272, P273, P280, P302+P352, P305+P351+P338, P333+P313, P337+P313, P362+P364, P370+P378, P391, P403+P235, P501",G,G,1,1,0.24,4,4.24,0017295347,9/26/2024,9/26/2025,1,
IFF-QB00208,P0602003G,FLOWER CLEAN 384,Mezcla,ATENCION,01 800 002 1400,"H227, H315, H317, H319, H411","P210, P261, P264, P272, P273, P280, P302+P352, P305+P351+P338, P333+P313, P337+P313, P362+P364, P370+P378, P391, P403+P235, P501",G,G,1,1,0.28,5,5.28,0017295347,9/26/2024,9/26/2025,1,
IFF-QB00208,P0602003H,FLOWER CLEAN 384,Mezcla,ATENCION,01 800 002 1400,"H227, H315, H317, H319, H411","P210, P261, P264, P272, P273, P280, P302+P352, P305+P351+P338, P333+P313, P337+P313, P362+P364, P370+P378, P391, P403+P235, P501",G,G,1,1,0.48,10,10.48,0017295347,9/26/2024,9/26/2025,1,
IFF-QB00208,P0602003I,FLOWER CLEAN 384,Mezcla,ATENCION,01 800 002 1400,"H227, H315, H317, H319, H411","P210, P261, P264, P272, P273, P280, P302+P352, P305+P351+P338, P333+P313, P337+P313, P362+P364, P370+P378, P391, P403+P235, P501",G,G,1,1,0.9,15,15.9,0017295347,9/26/2024,9/26/2025,1,
IFF-QB00208,P0602003J,FLOWER CLEAN 384,Mezcla,ATENCION,01 800 002 1400,"H227, H315, H317, H319, H411","P210, P261, P264, P272, P273, P280, P302+P352, P305+P351+P338, P333+P313, P337+P313, P362+P364, P370+P378, P391, P403+P235, P501",G,G,1,1,0.9,20,20.9,0017295347,9/26/2024,9/26/2025,1,
,,,,,,,,,,,,,,,,,,,
IFF-QB00139,P0602004A,DELIRIOUS JABOTICABA 335,Mezcla,ATENCION,01 800 002 1400,"H227, H315, H317,
H319, H361, H411","P201, P202, P210, P261, P264, P272,
P273, P280,
P302 + P352,
P305 + P351 + P338, P308 + P313, P333 + P313,
P337 + P313, P362 + P364,
P370 + P378, P391, P403 + P235, P405
P501

",G,1,H,1,0.09,0.5,0.59,0018500072,7/14/2025,7/14/2026,1,
IFF-QB00139,P0602004B,DELIRIOUS JABOTICABA 335,Mezcla,ATENCION,01 800 002 1400,"H227, H315, H317,
H319, H361, H411","P201, P202, P210, P261, P264, P272,
P273, P280,
P302 + P352,
P305 + P351 + P338, P308 + P313, P333 + P313,
P337 + P313, P362 + P364,
P370 + P378, P391, P403 + P235, P405
P501

",G,1,H,1,0.09,1,1.09,0018500072,7/14/2025,7/14/2026,1,
IFF-QB00139,P0602004C,DELIRIOUS JABOTICABA 335,Mezcla,ATENCION,01 800 002 1400,"H227, H315, H317,
H319, H361, H411","P201, P202, P210, P261, P264, P272,
P273, P280,
P302 + P352,
P305 + P351 + P338, P308 + P313, P333 + P313,
P337 + P313, P362 + P364,
P370 + P378, P391, P403 + P235, P405
P501

",G,1,H,1,0.24,1.5,1.74,0018500072,7/14/2025,7/14/2026,1,
IFF-QB00139,P0602004D,DELIRIOUS JABOTICABA 335,Mezcla,ATENCION,01 800 002 1400,"H227, H315, H317,
H319, H361, H411","P201, P202, P210, P261, P264, P272,
P273, P280,
P302 + P352,
P305 + P351 + P338, P308 + P313, P333 + P313,
P337 + P313, P362 + P364,
P370 + P378, P391, P403 + P235, P405
P501

",G,1,H,1,0.24,2,2.24,0018500072,7/14/2025,7/14/2026,1,
IFF-QB00139,P0602004E,DELIRIOUS JABOTICABA 335,Mezcla,ATENCION,01 800 002 1400,"H227, H315, H317,
H319, H361, H411","P201, P202, P210, P261, P264, P272,
P273, P280,
P302 + P352,
P305 + P351 + P338, P308 + P313, P333 + P313,
P337 + P313, P362 + P364,
P370 + P378, P391, P403 + P235, P405
P501

",G,1,H,1,0.24,3,3.24,0018500072,7/14/2025,7/14/2026,1,
IFF-QB00139,P0602004F,DELIRIOUS JABOTICABA 335,Mezcla,ATENCION,01 800 002 1400,"H227, H315, H317,
H319, H361, H411","P201, P202, P210, P261, P264, P272,
P273, P280,
P302 + P352,
P305 + P351 + P338, P308 + P313, P333 + P313,
P337 + P313, P362 + P364,
P370 + P378, P391, P403 + P235, P405
P501

",G,1,H,1,0.24,4,4.24,0018500072,7/14/2025,7/14/2026,1,
IFF-QB00139,P0602004G,DELIRIOUS JABOTICABA 335,Mezcla,ATENCION,01 800 002 1400,"H227, H315, H317,
H319, H361, H411","P201, P202, P210, P261, P264, P272,
P273, P280,
P302 + P352,
P305 + P351 + P338, P308 + P313, P333 + P313,
P337 + P313, P362 + P364,
P370 + P378, P391, P403 + P235, P405
P501

",G,1,H,1,0.28,5,5.28,0018500072,7/14/2025,7/14/2026,1,
IFF-QB00139,P0602004H,DELIRIOUS JABOTICABA 335,Mezcla,ATENCION,01 800 002 1400,"H227, H315, H317,
H319, H361, H411","P201, P202, P210, P261, P264, P272,
P273, P280,
P302 + P352,
P305 + P351 + P338, P308 + P313, P333 + P313,
P337 + P313, P362 + P364,
P370 + P378, P391, P403 + P235, P405
P501

",G,1,H,1,0.48,10,10.48,0018500072,7/14/2025,7/14/2026,1,
IFF-QB00139,P0602004I,DELIRIOUS JABOTICABA 335,Mezcla,ATENCION,01 800 002 1400,"H227, H315, H317,
H319, H361, H411","P201, P202, P210, P261, P264, P272,
P273, P280,
P302 + P352,
P305 + P351 + P338, P308 + P313, P333 + P313,
P337 + P313, P362 + P364,
P370 + P378, P391, P403 + P235, P405
P501

",G,1,H,1,0.9,15,15.9,0018500072,7/14/2025,7/14/2026,1,
IFF-QB00139,P0602004J,DELIRIOUS JABOTICABA 335,Mezcla,ATENCION,01 800 002 1400,"H227, H315, H317,
H319, H361, H411","P201, P202, P210, P261, P264, P272,
P273, P280,
P302 + P352,
P305 + P351 + P338, P308 + P313, P333 + P313,
P337 + P313, P362 + P364,
P370 + P378, P391, P403 + P235, P405
P501

",G,1,H,1,0.9,20,20.9,0018500072,7/14/2025,7/14/2026,1,
,,,,,,,,,,,,,,,,,,,
IFF-QB00143,P0602006A,FLORAL BOUQUET 981,Mezcla,PELIGRO,01 800 002 1400,"H227, H303, H304,
H315, H317, H319,
H361, H400, H411","P201, P202, P210, P261, P264,
P272, P273, P280, P301 + P310,
P302 + P352, P305 + P351 + P338,
P312, P331, P333 + P313,
P337 + P313, P362 + P364,
P370 + P378, P391, P403 + P235,
P405, P501",G,H,1,1,0.09,0.5,0.59,0018986992,11/24/2025,11/24/2026,1,
IFF-QB00143,P0602006B,FLORAL BOUQUET 981,Mezcla,PELIGRO,01 800 002 1400,"H227, H303, H304,
H315, H317, H319,
H361, H400, H411","P201, P202, P210, P261, P264,
P272, P273, P280, P301 + P310,
P302 + P352, P305 + P351 + P338,
P312, P331, P333 + P313,
P337 + P313, P362 + P364,
P370 + P378, P391, P403 + P235,
P405, P501",G,H,1,1,0.09,1,1.09,0018986992,11/24/2025,11/24/2026,1,
IFF-QB00143,P0602006C,FLORAL BOUQUET 981,Mezcla,PELIGRO,01 800 002 1400,"H227, H303, H304,
H315, H317, H319,
H361, H400, H411","P201, P202, P210, P261, P264,
P272, P273, P280, P301 + P310,
P302 + P352, P305 + P351 + P338,
P312, P331, P333 + P313,
P337 + P313, P362 + P364,
P370 + P378, P391, P403 + P235,
P405, P501",G,H,1,1,0.24,1.5,1.74,0018986992,11/24/2025,11/24/2026,1,
IFF-QB00143,P0602006D,FLORAL BOUQUET 981,Mezcla,PELIGRO,01 800 002 1400,"H227, H303, H304,
H315, H317, H319,
H361, H400, H411","P201, P202, P210, P261, P264,
P272, P273, P280, P301 + P310,
P302 + P352, P305 + P351 + P338,
P312, P331, P333 + P313,
P337 + P313, P362 + P364,
P370 + P378, P391, P403 + P235,
P405, P501",G,H,1,1,0.24,2,2.24,0018986992,11/24/2025,11/24/2026,1,
IFF-QB00143,P0602006E,FLORAL BOUQUET 981,Mezcla,PELIGRO,01 800 002 1400,"H227, H303, H304,
H315, H317, H319,
H361, H400, H411","P201, P202, P210, P261, P264,
P272, P273, P280, P301 + P310,
P302 + P352, P305 + P351 + P338,
P312, P331, P333 + P313,
P337 + P313, P362 + P364,
P370 + P378, P391, P403 + P235,
P405, P501",G,H,1,1,0.24,3,3.24,0018986992,11/24/2025,11/24/2026,1,
IFF-QB00143,P0602006F,FLORAL BOUQUET 981,Mezcla,PELIGRO,01 800 002 1400,"H227, H303, H304,
H315, H317, H319,
H361, H400, H411","P201, P202, P210, P261, P264,
P272, P273, P280, P301 + P310,
P302 + P352, P305 + P351 + P338,
P312, P331, P333 + P313,
P337 + P313, P362 + P364,
P370 + P378, P391, P403 + P235,
P405, P501",G,H,1,1,0.24,4,4.24,0018986992,11/24/2025,11/24/2026,1,
IFF-QB00143,P0602006G,FLORAL BOUQUET 981,Mezcla,PELIGRO,01 800 002 1400,"H227, H303, H304,
H315, H317, H319,
H361, H400, H411","P201, P202, P210, P261, P264,
P272, P273, P280, P301 + P310,
P302 + P352, P305 + P351 + P338,
P312, P331, P333 + P313,
P337 + P313, P362 + P364,
P370 + P378, P391, P403 + P235,
P405, P501",G,H,1,1,0.28,5,5.28,0018986992,11/24/2025,11/24/2026,1,
IFF-QB00143,P0602006H,FLORAL BOUQUET 981,Mezcla,PELIGRO,01 800 002 1400,"H227, H303, H304,
H315, H317, H319,
H361, H400, H411","P201, P202, P210, P261, P264,
P272, P273, P280, P301 + P310,
P302 + P352, P305 + P351 + P338,
P312, P331, P333 + P313,
P337 + P313, P362 + P364,
P370 + P378, P391, P403 + P235,
P405, P501",G,H,1,1,0.48,10,10.48,0018986992,11/24/2025,11/24/2026,1,
IFF-QB00143,P0602006I,FLORAL BOUQUET 981,Mezcla,PELIGRO,01 800 002 1400,"H227, H303, H304,
H315, H317, H319,
H361, H400, H411","P201, P202, P210, P261, P264,
P272, P273, P280, P301 + P310,
P302 + P352, P305 + P351 + P338,
P312, P331, P333 + P313,
P337 + P313, P362 + P364,
P370 + P378, P391, P403 + P235,
P405, P501",G,H,1,1,0.9,15,15.9,0018986992,11/24/2025,11/24/2026,1,
IFF-QB00143,P0602006J,FLORAL BOUQUET 981,Mezcla,PELIGRO,01 800 002 1400,"H227, H303, H304,
H315, H317, H319,
H361, H400, H411","P201, P202, P210, P261, P264,
P272, P273, P280, P301 + P310,
P302 + P352, P305 + P351 + P338,
P312, P331, P333 + P313,
P337 + P313, P362 + P364,
P370 + P378, P391, P403 + P235,
P405, P501",G,H,1,1,0.9,20,20.9,0018986992,11/24/2025,11/24/2026,1,
,,,,,,,,,,,,,,,,,,,
IFF-QB00198,P0701001A,BLUE MICRO MEMORIES 320 (AZUL),Mezcla,ATENCION,01 800 002 1400,"H315, H317, H319,
H411","P261, P264, P272, P273, P280,
P302 + P352, P305 + P351 + P338,
P333 + P313, P337 + P313,
P362 + P364, P391, P501",G,H,1,1,0.09,0.5,0.59,0019013581,11/28/2025,11/28/2026,1,
IFF-QB00198,P0701001B,BLUE MICRO MEMORIES 320 (AZUL),Mezcla,ATENCION,01 800 002 1400,"H315, H317, H319,
H411","P261, P264, P272, P273, P280,
P302 + P352, P305 + P351 + P338,
P333 + P313, P337 + P313,
P362 + P364, P391, P501",G,H,1,1,0.09,1,1.09,0019013581,11/28/2025,11/28/2026,1,
IFF-QB00198,P0701001C,BLUE MICRO MEMORIES 320 (AZUL),Mezcla,ATENCION,01 800 002 1400,"H315, H317, H319,
H411","P261, P264, P272, P273, P280,
P302 + P352, P305 + P351 + P338,
P333 + P313, P337 + P313,
P362 + P364, P391, P501",G,H,1,1,0.24,1.5,1.74,0019013581,11/28/2025,11/28/2026,1,
IFF-QB00198,P0701001D,BLUE MICRO MEMORIES 320 (AZUL),Mezcla,ATENCION,01 800 002 1400,"H315, H317, H319,
H411","P261, P264, P272, P273, P280,
P302 + P352, P305 + P351 + P338,
P333 + P313, P337 + P313,
P362 + P364, P391, P501",G,H,1,1,0.24,2,2.24,0019013581,11/28/2025,11/28/2026,1,
IFF-QB00198,P0701001E,BLUE MICRO MEMORIES 320 (AZUL),Mezcla,ATENCION,01 800 002 1400,"H315, H317, H319,
H411","P261, P264, P272, P273, P280,
P302 + P352, P305 + P351 + P338,
P333 + P313, P337 + P313,
P362 + P364, P391, P501",G,H,1,1,0.24,3,3.24,0019013581,11/28/2025,11/28/2026,1,
IFF-QB00198,P0701001F,BLUE MICRO MEMORIES 320 (AZUL),Mezcla,ATENCION,01 800 002 1400,"H315, H317, H319,
H411","P261, P264, P272, P273, P280,
P302 + P352, P305 + P351 + P338,
P333 + P313, P337 + P313,
P362 + P364, P391, P501",G,H,1,1,0.24,4,4.24,0019013581,11/28/2025,11/28/2026,1,
IFF-QB00198,P0701001G,BLUE MICRO MEMORIES 320 (AZUL),Mezcla,ATENCION,01 800 002 1400,"H315, H317, H319,
H411","P261, P264, P272, P273, P280,
P302 + P352, P305 + P351 + P338,
P333 + P313, P337 + P313,
P362 + P364, P391, P501",G,H,1,1,0.28,5,5.28,0019013581,11/28/2025,11/28/2026,1,
IFF-QB00198,P0701001H,BLUE MICRO MEMORIES 320 (AZUL),Mezcla,ATENCION,01 800 002 1400,"H315, H317, H319,
H411","P261, P264, P272, P273, P280,
P302 + P352, P305 + P351 + P338,
P333 + P313, P337 + P313,
P362 + P364, P391, P501",G,H,1,1,0.48,10,10.48,0019013581,11/28/2025,11/28/2026,1,
IFF-QB00198,P0701001I,BLUE MICRO MEMORIES 320 (AZUL),Mezcla,ATENCION,01 800 002 1400,"H315, H317, H319,
H411","P261, P264, P272, P273, P280,
P302 + P352, P305 + P351 + P338,
P333 + P313, P337 + P313,
P362 + P364, P391, P501",G,H,1,1,0.9,15,15.9,0019013581,11/28/2025,11/28/2026,1,
IFF-QB00198,P0701001J,BLUE MICRO MEMORIES 320 (AZUL),Mezcla,ATENCION,01 800 002 1400,"H315, H317, H319,
H411","P261, P264, P272, P273, P280,
P302 + P352, P305 + P351 + P338,
P333 + P313, P337 + P313,
P362 + P364, P391, P501",G,H,1,1,0.9,20,20.9,0019013581,11/28/2025,11/28/2026,1,
,,,,,,,,,,,,,,,,,,,
IFF-QB00200,P0701002A,HAPPY MICRO SUNSHINE 312 (AZUL),Mezcla,ATENCION,01 800 002 1400,"H315, H317, H411","P261, P264, P272, P273, P280, P302 + P352, P333 + P313, P362 + P364, P391, P501",G,1,1,1,0.09,0.5,0.59,0018172352,4/10/2025,4/10/2026,1,
IFF-QB00200,P0701002B,HAPPY MICRO SUNSHINE 312 (AZUL),Mezcla,ATENCION,01 800 002 1400,"H315, H317, H411","P261, P264, P272, P273, P280, P302 + P352, P333 + P313, P362 + P364, P391, P501",G,1,1,1,0.09,1,1.09,0018172352,4/10/2025,4/10/2026,1,
IFF-QB00200,P0701002C,HAPPY MICRO SUNSHINE 312 (AZUL),Mezcla,ATENCION,01 800 002 1400,"H315, H317, H411","P261, P264, P272, P273, P280, P302 + P352, P333 + P313, P362 + P364, P391, P501",G,1,1,1,0.24,1.5,1.74,0018172352,4/10/2025,4/10/2026,1,
IFF-QB00200,P0701002D,HAPPY MICRO SUNSHINE 312 (AZUL),Mezcla,ATENCION,01 800 002 1400,"H315, H317, H411","P261, P264, P272, P273, P280, P302 + P352, P333 + P313, P362 + P364, P391, P501",G,1,1,1,0.24,2,2.24,0018172352,4/10/2025,4/10/2026,1,
IFF-QB00200,P0701002E,HAPPY MICRO SUNSHINE 312 (AZUL),Mezcla,ATENCION,01 800 002 1400,"H315, H317, H411","P261, P264, P272, P273, P280, P302 + P352, P333 + P313, P362 + P364, P391, P501",G,1,1,1,0.24,3,3.24,0018172352,4/10/2025,4/10/2026,1,
IFF-QB00200,P0701002F,HAPPY MICRO SUNSHINE 312 (AZUL),Mezcla,ATENCION,01 800 002 1400,"H315, H317, H411","P261, P264, P272, P273, P280, P302 + P352, P333 + P313, P362 + P364, P391, P501",G,1,1,1,0.24,4,4.24,0018172352,4/10/2025,4/10/2026,1,
IFF-QB00200,P0701002G,HAPPY MICRO SUNSHINE 312 (AZUL),Mezcla,ATENCION,01 800 002 1400,"H315, H317, H411","P261, P264, P272, P273, P280, P302 + P352, P333 + P313, P362 + P364, P391, P501",G,1,1,1,0.28,5,5.28,0018172352,4/10/2025,4/10/2026,1,
IFF-QB00200,P0701002H,HAPPY MICRO SUNSHINE 312 (AZUL),Mezcla,ATENCION,01 800 002 1400,"H315, H317, H411","P261, P264, P272, P273, P280, P302 + P352, P333 + P313, P362 + P364, P391, P501",G,1,1,1,0.48,10,10.48,0018172352,4/10/2025,4/10/2026,1,
IFF-QB00200,P0701002I,HAPPY MICRO SUNSHINE 312 (AZUL),Mezcla,ATENCION,01 800 002 1400,"H315, H317, H411","P261, P264, P272, P273, P280, P302 + P352, P333 + P313, P362 + P364, P391, P501",G,1,1,1,0.9,15,15.9,0018172352,4/10/2025,4/10/2026,1,
IFF-QB00200,P0701002J,HAPPY MICRO SUNSHINE 312 (AZUL),Mezcla,ATENCION,01 800 002 1400,"H315, H317, H411","P261, P264, P272, P273, P280, P302 + P352, P333 + P313, P362 + P364, P391, P501",G,1,1,1,0.9,20,20.9,0018172352,4/10/2025,4/10/2026,1,
,,,,,,,,,,,,,,,,,,,
IFF-QB00199,P0701003A,ELEGANT MICRO SOFTNESS 957 ( AMARILLO),Mezcla,ATENCION,01 800 002 1400,"H315, H317, H361,
H411","P201, P202, P261, P264, P272, P273, P280, P302 + P352, 
P308 + P313, P333 + P313,
P362 + P364, P391, P405, P501",G,1,1,1,0.09,0.5,0.59,0018630090,9/5/2025,9/5/2026,1,
IFF-QB00199,P0701003B,ELEGANT MICRO SOFTNESS 957 ( AMARILLO),Mezcla,ATENCION,01 800 002 1400,"H315, H317, H361,
H411","P201, P202, P261, P264, P272, P273, P280, P302 + P352, 
P308 + P313, P333 + P313,
P362 + P364, P391, P405, P501",G,1,1,1,0.09,1,1.09,0018630090,9/5/2025,9/5/2026,1,
IFF-QB00199,P0701003C,ELEGANT MICRO SOFTNESS 957 ( AMARILLO),Mezcla,ATENCION,01 800 002 1400,"H315, H317, H361,
H411","P201, P202, P261, P264, P272, P273, P280, P302 + P352, 
P308 + P313, P333 + P313,
P362 + P364, P391, P405, P501",G,1,1,1,0.24,1.5,1.74,0018630090,9/5/2025,9/5/2026,1,
IFF-QB00199,P0701003D,ELEGANT MICRO SOFTNESS 957 ( AMARILLO),Mezcla,ATENCION,01 800 002 1400,"H315, H317, H361,
H411","P201, P202, P261, P264, P272, P273, P280, P302 + P352, 
P308 + P313, P333 + P313,
P362 + P364, P391, P405, P501",G,1,1,1,0.24,2,2.24,0018630090,9/5/2025,9/5/2026,1,
IFF-QB00199,P0701003E,ELEGANT MICRO SOFTNESS 957 ( AMARILLO),Mezcla,ATENCION,01 800 002 1400,"H315, H317, H361,
H411","P201, P202, P261, P264, P272, P273, P280, P302 + P352, 
P308 + P313, P333 + P313,
P362 + P364, P391, P405, P501",G,1,1,1,0.24,3,3.24,0018630090,9/5/2025,9/5/2026,1,
IFF-QB00199,P0701003F,ELEGANT MICRO SOFTNESS 957 ( AMARILLO),Mezcla,ATENCION,01 800 002 1400,"H315, H317, H361,
H411","P201, P202, P261, P264, P272, P273, P280, P302 + P352, 
P308 + P313, P333 + P313,
P362 + P364, P391, P405, P501",G,1,1,1,0.24,4,4.24,0018630090,9/5/2025,9/5/2026,1,
IFF-QB00199,P0701003G,ELEGANT MICRO SOFTNESS 957 ( AMARILLO),Mezcla,ATENCION,01 800 002 1400,"H315, H317, H361,
H411","P201, P202, P261, P264, P272, P273, P280, P302 + P352, 
P308 + P313, P333 + P313,
P362 + P364, P391, P405, P501",G,1,1,1,0.28,5,5.28,0018630090,9/5/2025,9/5/2026,1,
IFF-QB00199,P0701003H,ELEGANT MICRO SOFTNESS 957 ( AMARILLO),Mezcla,ATENCION,01 800 002 1400,"H315, H317, H361,
H411","P201, P202, P261, P264, P272, P273, P280, P302 + P352, 
P308 + P313, P333 + P313,
P362 + P364, P391, P405, P501",G,1,1,1,0.48,10,10.48,0018630090,9/5/2025,9/5/2026,1,
IFF-QB00199,P0701003I,ELEGANT MICRO SOFTNESS 957 ( AMARILLO),Mezcla,ATENCION,01 800 002 1400,"H315, H317, H361,
H411","P201, P202, P261, P264, P272, P273, P280, P302 + P352, 
P308 + P313, P333 + P313,
P362 + P364, P391, P405, P501",G,1,1,1,0.9,15,15.9,0018630090,9/5/2025,9/5/2026,1,
IFF-QB00199,P0701003J,ELEGANT MICRO SOFTNESS 957 ( AMARILLO),Mezcla,ATENCION,01 800 002 1400,"H315, H317, H361,
H411","P201, P202, P261, P264, P272, P273, P280, P302 + P352, 
P308 + P313, P333 + P313,
P362 + P364, P391, P405, P501",G,1,1,1,0.9,20,20.9,0018630090,9/5/2025,9/5/2026,1,
,,,,,,,,,,,,,,,,,,,
IFF-QB00118,P1001007A,TUTTI 001,Mezcla,PELIGRO,01 800 002 1400,"H226, H304, H315, H317, H411","P210, P233, P240, P241, P242, P243, P261, P264, P272,P273,
P280, P301 + P310,
P303 + P361 + P353, P331,
P333 + P313, P362 + P364,
P370 + P378, P391, P403 + P235,
P405, P501",G,1,H,B,0.09,0.5,0.59,0018488281,11/24/2025,11/24/2026,1,
IFF-QB00118,P1001007B,TUTTI 001,Mezcla,PELIGRO,01 800 002 1400,"H226, H304, H315, H317, H411","P210, P233, P240, P241, P242, P243, P261, P264, P272,P273,
P280, P301 + P310,
P303 + P361 + P353, P331,
P333 + P313, P362 + P364,
P370 + P378, P391, P403 + P235,
P405, P501",G,1,H,B,0.09,1,1.09,0018488281,11/24/2025,11/24/2026,1,
IFF-QB00118,P1001007C,TUTTI 001,Mezcla,PELIGRO,01 800 002 1400,"H226, H304, H315, H317, H411","P210, P233, P240, P241, P242, P243, P261, P264, P272,P273,
P280, P301 + P310,
P303 + P361 + P353, P331,
P333 + P313, P362 + P364,
P370 + P378, P391, P403 + P235,
P405, P501",G,1,H,B,0.24,1.5,1.74,0018488281,11/24/2025,11/24/2026,1,
IFF-QB00118,P1001007D,TUTTI 001,Mezcla,PELIGRO,01 800 002 1400,"H226, H304, H315, H317, H411","P210, P233, P240, P241, P242, P243, P261, P264, P272,P273,
P280, P301 + P310,
P303 + P361 + P353, P331,
P333 + P313, P362 + P364,
P370 + P378, P391, P403 + P235,
P405, P501",G,1,H,B,0.24,2,2.24,0018488281,11/24/2025,11/24/2026,1,
IFF-QB00118,P1001007E,TUTTI 001,Mezcla,PELIGRO,01 800 002 1400,"H226, H304, H315, H317, H411","P210, P233, P240, P241, P242, P243, P261, P264, P272,P273,
P280, P301 + P310,
P303 + P361 + P353, P331,
P333 + P313, P362 + P364,
P370 + P378, P391, P403 + P235,
P405, P501",G,1,H,B,0.24,3,3.24,0018488281,11/24/2025,11/24/2026,1,
IFF-QB00118,P1001007F,TUTTI 001,Mezcla,PELIGRO,01 800 002 1400,"H226, H304, H315, H317, H411","P210, P233, P240, P241, P242, P243, P261, P264, P272,P273,
P280, P301 + P310,
P303 + P361 + P353, P331,
P333 + P313, P362 + P364,
P370 + P378, P391, P403 + P235,
P405, P501",G,1,H,B,0.24,4,4.24,0018488281,11/24/2025,11/24/2026,1,
IFF-QB00118,P1001007G,TUTTI 001,Mezcla,PELIGRO,01 800 002 1400,"H226, H304, H315, H317, H411","P210, P233, P240, P241, P242, P243, P261, P264, P272,P273,
P280, P301 + P310,
P303 + P361 + P353, P331,
P333 + P313, P362 + P364,
P370 + P378, P391, P403 + P235,
P405, P501",G,1,H,B,0.28,5,5.28,0018488281,11/24/2025,11/24/2026,1,
IFF-QB00118,P1001007H,TUTTI 001,Mezcla,PELIGRO,01 800 002 1400,"H226, H304, H315, H317, H411","P210, P233, P240, P241, P242, P243, P261, P264, P272,P273,
P280, P301 + P310,
P303 + P361 + P353, P331,
P333 + P313, P362 + P364,
P370 + P378, P391, P403 + P235,
P405, P501",G,1,H,B,0.48,10,10.48,0018488281,11/24/2025,11/24/2026,1,
IFF-QB00118,P1001007I,TUTTI 001,Mezcla,PELIGRO,01 800 002 1400,"H226, H304, H315, H317, H411","P210, P233, P240, P241, P242, P243, P261, P264, P272,P273,
P280, P301 + P310,
P303 + P361 + P353, P331,
P333 + P313, P362 + P364,
P370 + P378, P391, P403 + P235,
P405, P501",G,1,H,B,0.9,15,15.9,0018488281,11/24/2025,11/24/2026,1,
IFF-QB00118,P1001007J,TUTTI 001,Mezcla,PELIGRO,01 800 002 1400,"H226, H304, H315, H317, H411","P210, P233, P240, P241, P242, P243, P261, P264, P272,P273,
P280, P301 + P310,
P303 + P361 + P353, P331,
P333 + P313, P362 + P364,
P370 + P378, P391, P403 + P235,
P405, P501",G,1,H,B,0.9,20,20.9,0018488281,11/24/2025,11/24/2026,1,
,,,,,,,,,,,,,,,,,,,
IFF-QB00080,P1001024A,CHAN 001-C,Mezcla,ATENCION,01 800 002 1400,"H227, H315, H317,
H319, H411","P210, P261, P264, P272,P273,
P280, P302 + P352,
P305 + P351 + P338, P333 + P313,
P337 + P313, P362 + P364,
P370 + P378, P391, P403 + P235,
P501",G,H,1,1,0.09,0.5,0.59,0018403772,6/18/2025,6/18/2026,1,
IFF-QB00080,P1001024B,CHAN 001-C,Mezcla,ATENCION,01 800 002 1400,"H227, H315, H317,
H319, H411","P210, P261, P264, P272,P273,
P280, P302 + P352,
P305 + P351 + P338, P333 + P313,
P337 + P313, P362 + P364,
P370 + P378, P391, P403 + P235,
P501",G,H,1,1,0.09,1,1.09,0018403772,6/18/2025,6/18/2026,1,
IFF-QB00080,P1001024C,CHAN 001-C,Mezcla,ATENCION,01 800 002 1400,"H227, H315, H317,
H319, H411","P210, P261, P264, P272,P273,
P280, P302 + P352,
P305 + P351 + P338, P333 + P313,
P337 + P313, P362 + P364,
P370 + P378, P391, P403 + P235,
P501",G,H,1,1,0.24,1.5,1.74,0018403772,6/18/2025,6/18/2026,1,
IFF-QB00080,P1001024D,CHAN 001-C,Mezcla,ATENCION,01 800 002 1400,"H227, H315, H317,
H319, H411","P210, P261, P264, P272,P273,
P280, P302 + P352,
P305 + P351 + P338, P333 + P313,
P337 + P313, P362 + P364,
P370 + P378, P391, P403 + P235,
P501",G,H,1,1,0.24,2,2.24,0018403772,6/18/2025,6/18/2026,1,
IFF-QB00080,P1001024E,CHAN 001-C,Mezcla,ATENCION,01 800 002 1400,"H227, H315, H317,
H319, H411","P210, P261, P264, P272,P273,
P280, P302 + P352,
P305 + P351 + P338, P333 + P313,
P337 + P313, P362 + P364,
P370 + P378, P391, P403 + P235,
P501",G,H,1,1,0.24,3,3.24,0018403772,6/18/2025,6/18/2026,1,
IFF-QB00080,P1001024F,CHAN 001-C,Mezcla,ATENCION,01 800 002 1400,"H227, H315, H317,
H319, H411","P210, P261, P264, P272,P273,
P280, P302 + P352,
P305 + P351 + P338, P333 + P313,
P337 + P313, P362 + P364,
P370 + P378, P391, P403 + P235,
P501",G,H,1,1,0.24,4,4.24,0018403772,6/18/2025,6/18/2026,1,
IFF-QB00080,P1001024G,CHAN 001-C,Mezcla,ATENCION,01 800 002 1400,"H227, H315, H317,
H319, H411","P210, P261, P264, P272,P273,
P280, P302 + P352,
P305 + P351 + P338, P333 + P313,
P337 + P313, P362 + P364,
P370 + P378, P391, P403 + P235,
P501",G,H,1,1,0.28,5,5.28,0018403772,6/18/2025,6/18/2026,1,
IFF-QB00080,P1001024H,CHAN 001-C,Mezcla,ATENCION,01 800 002 1400,"H227, H315, H317,
H319, H411","P210, P261, P264, P272,P273,
P280, P302 + P352,
P305 + P351 + P338, P333 + P313,
P337 + P313, P362 + P364,
P370 + P378, P391, P403 + P235,
P501",G,H,1,1,0.48,10,10.48,0018403772,6/18/2025,6/18/2026,1,
IFF-QB00080,P1001024I,CHAN 001-C,Mezcla,ATENCION,01 800 002 1400,"H227, H315, H317,
H319, H411","P210, P261, P264, P272,P273,
P280, P302 + P352,
P305 + P351 + P338, P333 + P313,
P337 + P313, P362 + P364,
P370 + P378, P391, P403 + P235,
P501",G,H,1,1,0.9,15,15.9,0018403772,6/18/2025,6/18/2026,1,
IFF-QB00080,P1001024J,CHAN 001-C,Mezcla,ATENCION,01 800 002 1400,"H227, H315, H317,
H319, H411","P210, P261, P264, P272,P273,
P280, P302 + P352,
P305 + P351 + P338, P333 + P313,
P337 + P313, P362 + P364,
P370 + P378, P391, P403 + P235,
P501",G,H,1,1,0.9,20,20.9,0018403772,6/18/2025,6/18/2026,1,
,,,,,,,,,,,,,,,,,,,
IFF-QB00236,P1101002A,CK ONE GL 8020 M, - , - , -  , - , - ,1,1,1,1,0.09,0.5,0.59,,00/00/0000,00/00/0000,1,
IFF-QB00236,P1101002B,CK ONE GL 8020 M, - , - , -  , - , - ,1,1,1,1,0.09,1,1.09,,00/00/0000,00/00/0000,1,
IFF-QB00236,P1101002C,CK ONE GL 8020 M, - , - , -  , - , - ,1,1,1,1,0.24,1.5,1.74,,00/00/0000,00/00/0000,1,
IFF-QB00236,P1101002D,CK ONE GL 8020 M, - , - , -  , - , - ,1,1,1,1,0.24,2,2.24,,00/00/0000,00/00/0000,1,
IFF-QB00236,P1101002E,CK ONE GL 8020 M, - , - , -  , - , - ,1,1,1,1,0.24,3,3.24,,00/00/0000,00/00/0000,1,
IFF-QB00236,P1101002F,CK ONE GL 8020 M, - , - , -  , - , - ,1,1,1,1,0.24,4,4.24,,00/00/0000,00/00/0000,1,
IFF-QB00236,P1101002G,CK ONE GL 8020 M, - , - , -  , - , - ,1,1,1,1,0.28,5,5.28,,00/00/0000,00/00/0000,1,
IFF-QB00236,P1101002H,CK ONE GL 8020 M, - , - , -  , - , - ,1,1,1,1,0.48,10,10.48,,00/00/0000,00/00/0000,1,
IFF-QB00236,P1101002I,CK ONE GL 8020 M, - , - , -  , - , - ,1,1,1,1,0.9,15,15.9,,00/00/0000,00/00/0000,1,
IFF-QB00236,P1101002J,CK ONE GL 8020 M, - , - , -  , - , - ,1,1,1,1,0.9,20,20.9,,00/00/0000,00/00/0000,1,
,,,,,,,,,,,,,,,,,,,
IFF-QB00269,P1101004A,SER 1050 ENSUENO,Mezcla,PELIGRO,1 800 002 1400,"H316, H317, H318,
H411","P261, P272, P273, P280, P302 + P352, P305 + P351 + P338 + P310, P333 + P313,
P362 + P364, P391, P501",G,H,1,1,0.09,0.5,0.59,0021022401,5/20/2025,5/20/2026,1,
IFF-QB00269,P1101004B,SER 1050 ENSUENO,Mezcla,PELIGRO,1 800 002 1400,"H316, H317, H318,
H411","P261, P272, P273, P280, P302 + P352, P305 + P351 + P338 + P310, P333 + P313,
P362 + P364, P391, P501",G,H,1,1,0.09,1,1.09,0021022401,5/20/2025,5/20/2026,1,
IFF-QB00269,P1101004C,SER 1050 ENSUENO,Mezcla,PELIGRO,1 800 002 1400,"H316, H317, H318,
H411","P261, P272, P273, P280, P302 + P352, P305 + P351 + P338 + P310, P333 + P313,
P362 + P364, P391, P501",G,H,1,1,0.24,1.5,1.74,0021022401,5/20/2025,5/20/2026,1,
IFF-QB00269,P1101004D,SER 1050 ENSUENO,Mezcla,PELIGRO,1 800 002 1400,"H316, H317, H318,
H411","P261, P272, P273, P280, P302 + P352, P305 + P351 + P338 + P310, P333 + P313,
P362 + P364, P391, P501",G,H,1,1,0.24,2,2.24,0021022401,5/20/2025,5/20/2026,1,
IFF-QB00269,P1101004E,SER 1050 ENSUENO,Mezcla,PELIGRO,1 800 002 1400,"H316, H317, H318,
H411","P261, P272, P273, P280, P302 + P352, P305 + P351 + P338 + P310, P333 + P313,
P362 + P364, P391, P501",G,H,1,1,0.24,3,3.24,0021022401,5/20/2025,5/20/2026,1,
IFF-QB00269,P1101004F,SER 1050 ENSUENO,Mezcla,PELIGRO,1 800 002 1400,"H316, H317, H318,
H411","P261, P272, P273, P280, P302 + P352, P305 + P351 + P338 + P310, P333 + P313,
P362 + P364, P391, P501",G,H,1,1,0.24,4,4.24,0021022401,5/20/2025,5/20/2026,1,
IFF-QB00269,P1101004G,SER 1050 ENSUENO,Mezcla,PELIGRO,1 800 002 1400,"H316, H317, H318,
H411","P261, P272, P273, P280, P302 + P352, P305 + P351 + P338 + P310, P333 + P313,
P362 + P364, P391, P501",G,H,1,1,0.28,5,5.28,0021022401,5/20/2025,5/20/2026,1,
IFF-QB00269,P1101004H,SER 1050 ENSUENO,Mezcla,PELIGRO,1 800 002 1400,"H316, H317, H318,
H411","P261, P272, P273, P280, P302 + P352, P305 + P351 + P338 + P310, P333 + P313,
P362 + P364, P391, P501",G,H,1,1,0.48,10,10.48,0021022401,5/20/2025,5/20/2026,1,
IFF-QB00269,P1101004I,SER 1050 ENSUENO,Mezcla,PELIGRO,1 800 002 1400,"H316, H317, H318,
H411","P261, P272, P273, P280, P302 + P352, P305 + P351 + P338 + P310, P333 + P313,
P362 + P364, P391, P501",G,H,1,1,0.9,15,15.9,0021022401,5/20/2025,5/20/2026,1,
IFF-QB00269,P1101004J,SER 1050 ENSUENO,Mezcla,PELIGRO,1 800 002 1400,"H316, H317, H318,
H411","P261, P272, P273, P280, P302 + P352, P305 + P351 + P338 + P310, P333 + P313,
P362 + P364, P391, P501",G,H,1,1,0.9,20,20.9,0021022401,5/20/2025,5/20/2026,1,
,,,,,,,,,,,,,,,,,,,
IFF-QB00286,P1101005A,VCA MOMENTOS 2321, - , - , -  , - , - ,G,H,1,1,0.09,0.5,0.59,0010102510,10/10/2025,10/10/2026,1,
IFF-QB00286,P1101005B,VCA MOMENTOS 2321, - , - , -  , - , - ,G,H,1,1,0.09,1,1.09,0010102510,10/10/2025,10/10/2026,1,
IFF-QB00286,P1101005C,VCA MOMENTOS 2321, - , - , -  , - , - ,G,H,1,1,0.24,1.5,1.74,0010102510,10/10/2025,10/10/2026,1,
IFF-QB00286,P1101005D,VCA MOMENTOS 2321, - , - , -  , - , - ,G,H,1,1,0.24,2,2.24,0010102510,10/10/2025,10/10/2026,1,
IFF-QB00286,P1101005E,VCA MOMENTOS 2321, - , - , -  , - , - ,G,H,1,1,0.24,3,3.24,0010102510,10/10/2025,10/10/2026,1,
IFF-QB00286,P1101005F,VCA MOMENTOS 2321, - , - , -  , - , - ,G,H,1,1,0.24,4,4.24,0010102510,10/10/2025,10/10/2026,1,
IFF-QB00286,P1101005G,VCA MOMENTOS 2321, - , - , -  , - , - ,G,H,1,1,0.28,5,5.28,0010102510,10/10/2025,10/10/2026,1,
IFF-QB00286,P1101005H,VCA MOMENTOS 2321, - , - , -  , - , - ,G,H,1,1,0.48,10,10.48,0010102510,10/10/2025,10/10/2026,1,
IFF-QB00286,P1101005I,VCA MOMENTOS 2321, - , - , -  , - , - ,G,H,1,1,0.9,15,15.9,0010102510,10/10/2025,10/10/2026,1,
IFF-QB00286,P1101005J,VCA MOMENTOS 2321, - , - , -  , - , - ,G,H,1,1,0.9,20,20.9,0010102510,10/10/2025,10/10/2026,1,
IFF-QB00286,P1101005K,VCA MOMENTOS 2321, - , - , -  , - , - ,G,H,1,1,2.2,50,52.2,0010102510,10/10/2025,10/10/2026,1,
,,,,,,,,,,,,,,,,,,,
IFF-QB00284,P1101006A,VCA FIESTA 4325 , - , - , -  , - , - ,1,1,1,1,2.2,50,52.2,2502221,9/6/2022,9/6/2023,1,
,,,,,,,,,,,,,,,,,,,
IFF-QB00260,P1101007A,PETALOS DE ROSA, - , - , -  , - , - ,g,h,1,1,0.09,0.5,0.59,0022072502,7/22/2025,7/22/2026,1,
IFF-QB00260,P1101007B,PETALOS DE ROSA, - , - , -  , - , - ,g,h,1,1,0.09,1,1.09,0022072502,7/22/2025,7/22/2026,1,
IFF-QB00260,P1101007C,PETALOS DE ROSA, - , - , -  , - , - ,g,h,1,1,0.24,1.5,1.74,0022072502,7/22/2025,7/22/2026,1,
IFF-QB00260,P1101007D,PETALOS DE ROSA, - , - , -  , - , - ,g,h,1,1,0.24,2,2.24,0022072502,7/22/2025,7/22/2026,1,
IFF-QB00260,P1101007E,PETALOS DE ROSA, - , - , -  , - , - ,g,h,1,1,0.24,3,3.24,0022072502,7/22/2025,7/22/2026,1,
IFF-QB00260,P1101007F,PETALOS DE ROSA, - , - , -  , - , - ,g,h,1,1,0.24,4,4.24,0022072502,7/22/2025,7/22/2026,1,
IFF-QB00260,P1101007G,PETALOS DE ROSA, - , - , -  , - , - ,g,h,1,1,0.28,5,5.28,0022072502,7/22/2025,7/22/2026,1,
IFF-QB00260,P1101007H,PETALOS DE ROSA, - , - , -  , - , - ,g,h,1,1,0.48,10,10.48,0022072502,7/22/2025,7/22/2026,1,
IFF-QB00260,P1101007I,PETALOS DE ROSA, - , - , -  , - , - ,g,h,1,1,0.9,15,15.9,0022072502,7/22/2025,7/22/2026,1,
IFF-QB00260,P1101007J,PETALOS DE ROSA, - , - , -  , - , - ,g,h,1,1,0.9,20,20.9,0022072502,7/22/2025,7/22/2026,1,
,,,,,,,,,,,,,,,,,,,
IFF-QB00238,P1101008A,PALOMA 5052 CR,Mezcla,PELIGRO,1 800 002 1400,"H316, H317, H318,
H411","P261, P272, P273, P280, P302 + P352, P305 + P351 + P338 + P310, P333 + P313,
P362 + P364, P391, P501",G,H,1,1,0.09,0.5,0.59,0009092501,9/9/2025,9/9/2026,1,
IFF-QB00238,P1101008B,PALOMA 5052 CR,Mezcla,PELIGRO,1 800 002 1400,"H316, H317, H318,
H411","P261, P272, P273, P280, P302 + P352, P305 + P351 + P338 + P310, P333 + P313,
P362 + P364, P391, P501",G,H,1,1,0.09,1,1.09,0009092501,9/9/2025,9/9/2026,1,
IFF-QB00238,P1101008C,PALOMA 5052 CR,Mezcla,PELIGRO,1 800 002 1400,"H316, H317, H318,
H411","P261, P272, P273, P280, P302 + P352, P305 + P351 + P338 + P310, P333 + P313,
P362 + P364, P391, P501",G,H,1,1,0.24,1.5,1.74,0009092501,9/9/2025,9/9/2026,1,
IFF-QB00238,P1101008D,PALOMA 5052 CR,Mezcla,PELIGRO,1 800 002 1400,"H316, H317, H318,
H411","P261, P272, P273, P280, P302 + P352, P305 + P351 + P338 + P310, P333 + P313,
P362 + P364, P391, P501",G,H,1,1,0.24,2,2.24,0009092501,9/9/2025,9/9/2026,1,
IFF-QB00238,P1101008E,PALOMA 5052 CR,Mezcla,PELIGRO,1 800 002 1400,"H316, H317, H318,
H411","P261, P272, P273, P280, P302 + P352, P305 + P351 + P338 + P310, P333 + P313,
P362 + P364, P391, P501",G,H,1,1,0.24,3,3.24,0009092501,9/9/2025,9/9/2026,1,
IFF-QB00238,P1101008F,PALOMA 5052 CR,Mezcla,PELIGRO,1 800 002 1400,"H316, H317, H318,
H411","P261, P272, P273, P280, P302 + P352, P305 + P351 + P338 + P310, P333 + P313,
P362 + P364, P391, P501",G,H,1,1,0.24,4,4.24,0009092501,9/9/2025,9/9/2026,1,
IFF-QB00238,P1101008G,PALOMA 5052 CR,Mezcla,PELIGRO,1 800 002 1400,"H316, H317, H318,
H411","P261, P272, P273, P280, P302 + P352, P305 + P351 + P338 + P310, P333 + P313,
P362 + P364, P391, P501",G,H,1,1,0.28,5,5.28,0009092501,9/9/2025,9/9/2026,1,
IFF-QB00238,P1101008H,PALOMA 5052 CR,Mezcla,PELIGRO,1 800 002 1400,"H316, H317, H318,
H411","P261, P272, P273, P280, P302 + P352, P305 + P351 + P338 + P310, P333 + P313,
P362 + P364, P391, P501",G,H,1,1,0.48,10,10.48,0009092501,9/9/2025,9/9/2026,1,
IFF-QB00238,P1101008I,PALOMA 5052 CR,Mezcla,PELIGRO,1 800 002 1400,"H316, H317, H318,
H411","P261, P272, P273, P280, P302 + P352, P305 + P351 + P338 + P310, P333 + P313,
P362 + P364, P391, P501",G,H,1,1,0.9,15,15.9,0009092501,9/9/2025,9/9/2026,1,
IFF-QB00238,P1101008J,PALOMA 5052 CR,Mezcla,PELIGRO,1 800 002 1400,"H316, H317, H318,
H411","P261, P272, P273, P280, P302 + P352, P305 + P351 + P338 + P310, P333 + P313,
P362 + P364, P391, P501",G,H,1,1,0.9,20,20.9,0009092501,9/9/2025,9/9/2026,1,
IFF-QB00238,P1101008K,PALOMA 5052 CR,Mezcla,PELIGRO,1 800 002 1400,"H316, H317, H318,
H411","P261, P272, P273, P280, P302 + P352, P305 + P351 + P338 + P310, P333 + P313,
P362 + P364, P391, P501",G,H,1,1,2.2,50,52.2,0009092501,9/9/2025,9/9/2026,1,
,,,,,,,,,,,,,,,,,,,
IFF-QB00228,P1101009A,BOSQUE DE BAMBU , - , - , -  , - , - ,1,1,1,1,0.09,0.5,0.59,0001808203,2/1/2024,2/1/2025,1,
IFF-QB00228,P1101009B,BOSQUE DE BAMBU , - , - , -  , - , - ,1,1,1,1,0.09,1,1.09,0001808203,2/1/2024,2/1/2025,1,
IFF-QB00228,P1101009C,BOSQUE DE BAMBU , - , - , -  , - , - ,1,1,1,1,0.24,1.5,1.74,0001808203,2/1/2024,2/1/2025,1,
IFF-QB00228,P1101009D,BOSQUE DE BAMBU , - , - , -  , - , - ,1,1,1,1,0.24,2,2.24,0001808203,2/1/2024,2/1/2025,1,
IFF-QB00228,P1101009E,BOSQUE DE BAMBU , - , - , -  , - , - ,1,1,1,1,0.24,3,3.24,0001808203,2/1/2024,2/1/2025,1,
IFF-QB00228,P1101009F,BOSQUE DE BAMBU , - , - , -  , - , - ,1,1,1,1,0.24,4,4.24,0001808203,2/1/2024,2/1/2025,1,
IFF-QB00228,P1101009G,BOSQUE DE BAMBU , - , - , -  , - , - ,1,1,1,1,0.28,5,5.28,0001808203,2/1/2024,2/1/2025,1,
IFF-QB00228,P1101009H,BOSQUE DE BAMBU , - , - , -  , - , - ,1,1,1,1,0.48,10,10.48,0001808203,2/1/2024,2/1/2025,1,
IFF-QB00228,P1101009I,BOSQUE DE BAMBU , - , - , -  , - , - ,1,1,1,1,0.9,15,15.9,0001808203,2/1/2024,2/1/2025,1,
IFF-QB00228,P1101009J,BOSQUE DE BAMBU , - , - , -  , - , - ,1,1,1,1,0.9,20,20.9,0001808203,2/1/2024,2/1/2025,1,
IFF-QB00228,P1101009K,BOSQUE DE BAMBU , - , - , -  , - , - ,1,1,1,1,2.2,50,52.2,0001808203,2/1/2024,2/1/2025,1,
,,,,,,,,,,,,,,,,,,,
IFF-QB00282,P1101013A,TROPIC FRUIT M 957,Mezcla,PELIGRO,01 800 002 1400,"H226, H304, H315, H317, H319, H410, H411","P210, P233, P240, P241, P242, P243, P261, P264, P272, P273, P280, P301 + P310, P303 + P361 + P353, P305 + P351 + P338, P331, P333 + P313, P337 + P313, P362 + P364, P370 + P378, P391, P403 + P235, P405, P501",H,G,I,B,0.09,0.5,0.59,1512213,12/15/2021,12/15/2023,1,
IFF-QB00282,P1101013B,TROPIC FRUIT M 957,Mezcla,PELIGRO,01 800 002 1400,"H226, H304, H315, H317, H319, H410, H411","P210, P233, P240, P241, P242, P243, P261, P264, P272, P273, P280, P301 + P310, P303 + P361 + P353, P305 + P351 + P338, P331, P333 + P313, P337 + P313, P362 + P364, P370 + P378, P391, P403 + P235, P405, P501",H,G,I,B,0.09,1,1.09,1512213,12/15/2021,12/15/2023,1,
IFF-QB00282,P1101013C,TROPIC FRUIT M 957,Mezcla,PELIGRO,01 800 002 1400,"H226, H304, H315, H317, H319, H410, H411","P210, P233, P240, P241, P242, P243, P261, P264, P272, P273, P280, P301 + P310, P303 + P361 + P353, P305 + P351 + P338, P331, P333 + P313, P337 + P313, P362 + P364, P370 + P378, P391, P403 + P235, P405, P501",H,G,I,B,0.24,1.5,1.74,1512213,12/15/2021,12/15/2023,1,
IFF-QB00282,P1101013D,TROPIC FRUIT M 957,Mezcla,PELIGRO,01 800 002 1400,"H226, H304, H315, H317, H319, H410, H411","P210, P233, P240, P241, P242, P243, P261, P264, P272, P273, P280, P301 + P310, P303 + P361 + P353, P305 + P351 + P338, P331, P333 + P313, P337 + P313, P362 + P364, P370 + P378, P391, P403 + P235, P405, P501",H,G,I,B,0.24,2,2.24,1512213,12/15/2021,12/15/2023,1,
IFF-QB00282,P1101013E,TROPIC FRUIT M 957,Mezcla,PELIGRO,01 800 002 1400,"H226, H304, H315, H317, H319, H410, H411","P210, P233, P240, P241, P242, P243, P261, P264, P272, P273, P280, P301 + P310, P303 + P361 + P353, P305 + P351 + P338, P331, P333 + P313, P337 + P313, P362 + P364, P370 + P378, P391, P403 + P235, P405, P501",H,G,I,B,0.24,3,3.24,1512213,12/15/2021,12/15/2023,1,
IFF-QB00282,P1101013F,TROPIC FRUIT M 957,Mezcla,PELIGRO,01 800 002 1400,"H226, H304, H315, H317, H319, H410, H411","P210, P233, P240, P241, P242, P243, P261, P264, P272, P273, P280, P301 + P310, P303 + P361 + P353, P305 + P351 + P338, P331, P333 + P313, P337 + P313, P362 + P364, P370 + P378, P391, P403 + P235, P405, P501",H,G,I,B,0.24,4,4.24,1512213,12/15/2021,12/15/2023,1,
IFF-QB00282,P1101013G,TROPIC FRUIT M 957,Mezcla,PELIGRO,01 800 002 1400,"H226, H304, H315, H317, H319, H410, H411","P210, P233, P240, P241, P242, P243, P261, P264, P272, P273, P280, P301 + P310, P303 + P361 + P353, P305 + P351 + P338, P331, P333 + P313, P337 + P313, P362 + P364, P370 + P378, P391, P403 + P235, P405, P501",H,G,I,B,0.28,5,5.28,1512213,12/15/2021,12/15/2023,1,
IFF-QB00282,P1101013H,TROPIC FRUIT M 957,Mezcla,PELIGRO,01 800 002 1400,"H226, H304, H315, H317, H319, H410, H411","P210, P233, P240, P241, P242, P243, P261, P264, P272, P273, P280, P301 + P310, P303 + P361 + P353, P305 + P351 + P338, P331, P333 + P313, P337 + P313, P362 + P364, P370 + P378, P391, P403 + P235, P405, P501",H,G,I,B,0.48,10,10.48,1512213,12/15/2021,12/15/2023,1,
IFF-QB00282,P1101013I,TROPIC FRUIT M 957,Mezcla,PELIGRO,01 800 002 1400,"H226, H304, H315, H317, H319, H410, H411","P210, P233, P240, P241, P242, P243, P261, P264, P272, P273, P280, P301 + P310, P303 + P361 + P353, P305 + P351 + P338, P331, P333 + P313, P337 + P313, P362 + P364, P370 + P378, P391, P403 + P235, P405, P501",H,G,I,B,0.9,15,15.9,1512213,12/15/2021,12/15/2023,1,
IFF-QB00282,P1101013J,TROPIC FRUIT M 957,Mezcla,PELIGRO,01 800 002 1400,"H226, H304, H315, H317, H319, H410, H411","P210, P233, P240, P241, P242, P243, P261, P264, P272, P273, P280, P301 + P310, P303 + P361 + P353, P305 + P351 + P338, P331, P333 + P313, P337 + P313, P362 + P364, P370 + P378, P391, P403 + P235, P405, P501",H,G,I,B,0.9,20,20.9,1512213,12/15/2021,12/15/2023,1,
IFF-QB00282,P1101013K,TROPIC FRUIT M 957,Mezcla,PELIGRO,01 800 002 1400,"H226, H304, H315, H317, H319, H410, H411","P210, P233, P240, P241, P242, P243, P261, P264, P272, P273, P280, P301 + P310, P303 + P361 + P353, P305 + P351 + P338, P331, P333 + P313, P337 + P313, P362 + P364, P370 + P378, P391, P403 + P235, P405, P501",H,G,I,B,2.2,50,52.2,1512213,12/15/2021,12/15/2023,1,
IFF-QB00282,P1101013L,TROPIC FRUIT M 957,Mezcla,PELIGRO,01 800 002 1400,"H226, H304, H315, H317, H319, H410, H411","P210, P233, P240, P241, P242, P243, P261, P264, P272, P273, P280, P301 + P310, P303 + P361 + P353, P305 + P351 + P338, P331, P333 + P313, P337 + P313, P362 + P364, P370 + P378, P391, P403 + P235, P405, P501",H,G,I,B,0.9,200,20.9,1512213,12/15/2021,12/15/2023,1,
,,,,,,,,,,,,,,,,,,,
IFF-QB00256,P1101014A,MINT MINT M BRM11,Mezcla,PELIGRO,01 800 002 1400,"H227, P261, P264, P272, P273, P280","P301 + P310, P302 + P352, P331, P333 + P313, P362 + P364, P370 + P378, P391, P403 + P235, P405, P501",G,H,1,1,0.09,0.5,0.59,0028102505,10/28/2025,10/28/2026,1,
IFF-QB00256,P1101014B,MINT MINT M BRM11,Mezcla,PELIGRO,01 800 002 1400,"H227, P261, P264, P272, P273, P280","P301 + P310, P302 + P352, P331, P333 + P313, P362 + P364, P370 + P378, P391, P403 + P235, P405, P501",G,H,1,1,0.09,1,1.09,0028102505,10/28/2025,10/28/2026,1,
IFF-QB00256,P1101014C,MINT MINT M BRM11,Mezcla,PELIGRO,01 800 002 1400,"H227, P261, P264, P272, P273, P280","P301 + P310, P302 + P352, P331, P333 + P313, P362 + P364, P370 + P378, P391, P403 + P235, P405, P501",G,H,1,1,0.24,1.5,1.74,0028102505,10/28/2025,10/28/2026,1,
IFF-QB00256,P1101014D,MINT MINT M BRM11,Mezcla,PELIGRO,01 800 002 1400,"H227, P261, P264, P272, P273, P280","P301 + P310, P302 + P352, P331, P333 + P313, P362 + P364, P370 + P378, P391, P403 + P235, P405, P501",G,H,1,1,0.24,2,2.24,0028102505,10/28/2025,10/28/2026,1,
IFF-QB00256,P1101014E,MINT MINT M BRM11,Mezcla,PELIGRO,01 800 002 1400,"H227, P261, P264, P272, P273, P280","P301 + P310, P302 + P352, P331, P333 + P313, P362 + P364, P370 + P378, P391, P403 + P235, P405, P501",G,H,1,1,0.24,3,3.24,0028102505,10/28/2025,10/28/2026,1,
IFF-QB00256,P1101014F,MINT MINT M BRM11,Mezcla,PELIGRO,01 800 002 1400,"H227, P261, P264, P272, P273, P280","P301 + P310, P302 + P352, P331, P333 + P313, P362 + P364, P370 + P378, P391, P403 + P235, P405, P501",G,H,1,1,0.24,4,4.24,0028102505,10/28/2025,10/28/2026,1,
IFF-QB00256,P1101014G,MINT MINT M BRM11,Mezcla,PELIGRO,01 800 002 1400,"H227, P261, P264, P272, P273, P280","P301 + P310, P302 + P352, P331, P333 + P313, P362 + P364, P370 + P378, P391, P403 + P235, P405, P501",G,H,1,1,0.28,5,5.28,0028102505,10/28/2025,10/28/2026,1,
IFF-QB00256,P1101014H,MINT MINT M BRM11,Mezcla,PELIGRO,01 800 002 1400,"H227, P261, P264, P272, P273, P280","P301 + P310, P302 + P352, P331, P333 + P313, P362 + P364, P370 + P378, P391, P403 + P235, P405, P501",G,H,1,1,0.48,10,10.48,0028102505,10/28/2025,10/28/2026,1,
IFF-QB00256,P1101014I,MINT MINT M BRM11,Mezcla,PELIGRO,01 800 002 1400,"H227, P261, P264, P272, P273, P280","P301 + P310, P302 + P352, P331, P333 + P313, P362 + P364, P370 + P378, P391, P403 + P235, P405, P501",G,H,1,1,0.9,15,15.9,0028102505,10/28/2025,10/28/2026,1,
IFF-QB00256,P1101014J,MINT MINT M BRM11,Mezcla,PELIGRO,01 800 002 1400,"H227, P261, P264, P272, P273, P280","P301 + P310, P302 + P352, P331, P333 + P313, P362 + P364, P370 + P378, P391, P403 + P235, P405, P501",G,H,1,1,0.9,20,20.9,0028102505,10/28/2025,10/28/2026,1,
IFF-QB00256,P1101014K,MINT MINT M BRM11,Mezcla,PELIGRO,01 800 002 1400,"H227, P261, P264, P272, P273, P280","P301 + P310, P302 + P352, P331, P333 + P313, P362 + P364, P370 + P378, P391, P403 + P235, P405, P501",G,H,1,1,2.2,50,52.2,0028102505,10/28/2025,10/28/2026,1,
,,,,,,,,,,,,,,,,,,,
IFF-QB00229,P1101015A,BOSS 1363 FQ(TANGO), - , - , -  , - , - ,G,H,1,1,0.09,0.5,0.59,0015072513,7/15/2025,7/15/2026,1,
IFF-QB00229,P1101015B,BOSS 1363 FQ(TANGO), - , - , -  , - , - ,G,H,1,1,0.09,1,1.09,0015072513,7/15/2025,7/15/2026,1,
IFF-QB00229,P1101015C,BOSS 1363 FQ(TANGO), - , - , -  , - , - ,G,H,1,1,0.24,1.5,1.74,0015072513,7/15/2025,7/15/2026,1,
IFF-QB00229,P1101015D,BOSS 1363 FQ(TANGO), - , - , -  , - , - ,G,H,1,1,0.24,2,2.24,0015072513,7/15/2025,7/15/2026,1,
IFF-QB00229,P1101015E,BOSS 1363 FQ(TANGO), - , - , -  , - , - ,G,H,1,1,0.24,3,3.24,0015072513,7/15/2025,7/15/2026,1,
IFF-QB00229,P1101015F,BOSS 1363 FQ(TANGO), - , - , -  , - , - ,G,H,1,1,0.24,4,4.24,0015072513,7/15/2025,7/15/2026,1,
IFF-QB00229,P1101015G,BOSS 1363 FQ(TANGO), - , - , -  , - , - ,G,H,1,1,0.28,5,5.28,0015072513,7/15/2025,7/15/2026,1,
IFF-QB00229,P1101015H,BOSS 1363 FQ(TANGO), - , - , -  , - , - ,G,H,1,1,0.48,10,10.48,0015072513,7/15/2025,7/15/2026,1,
IFF-QB00229,P1101015I,BOSS 1363 FQ(TANGO), - , - , -  , - , - ,G,H,1,1,0.9,15,15.9,0015072513,7/15/2025,7/15/2026,1,
IFF-QB00229,P1101015J,BOSS 1363 FQ(TANGO), - , - , -  , - , - ,G,H,1,1,0.9,20,20.9,0015072513,7/15/2025,7/15/2026,1,
IFF-QB00229,P1101015K,BOSS 1363 FQ(TANGO), - , - , -  , - , - ,G,H,1,1,2.2,50,52.2,0015072513,7/15/2025,7/15/2026,1,
,,,,,,,,,,,,,,,,,,,
IFF-QB00240,P1101016A,EXPELL FRESH M 820,Mezcla,PELIGRO,01 800 002 1400,"H226, H227, H302, H304, H315, H317, H319, H410, ","P210, P233, P240, P241, P242, P243, P260, P264, P270, P272, P273, P280, P301 + P310, P303 + P364, P370 + P378, P391, P403 + P235, P405, P501",H,1,G,I,0.09,0.5,0.59,0001032507,3/1/2025,3/1/2026,1,
IFF-QB00240,P1101016B,EXPELL FRESH M 820,Mezcla,PELIGRO,01 800 002 1400,"H226, H227, H302, H304, H315, H317, H319, H410, ","P210, P233, P240, P241, P242, P243, P260, P264, P270, P272, P273, P280, P301 + P310, P303 + P364, P370 + P378, P391, P403 + P235, P405, P501",H,1,G,I,0.09,1,1.09,0001032507,3/1/2025,3/1/2026,1,
IFF-QB00240,P1101016C,EXPELL FRESH M 820,Mezcla,PELIGRO,01 800 002 1400,"H226, H227, H302, H304, H315, H317, H319, H410, ","P210, P233, P240, P241, P242, P243, P260, P264, P270, P272, P273, P280, P301 + P310, P303 + P364, P370 + P378, P391, P403 + P235, P405, P501",H,1,G,I,0.24,1.5,1.74,0001032507,3/1/2025,3/1/2026,1,
IFF-QB00240,P1101016D,EXPELL FRESH M 820,Mezcla,PELIGRO,01 800 002 1400,"H226, H227, H302, H304, H315, H317, H319, H410, ","P210, P233, P240, P241, P242, P243, P260, P264, P270, P272, P273, P280, P301 + P310, P303 + P364, P370 + P378, P391, P403 + P235, P405, P501",H,1,G,I,0.24,2,2.24,0001032507,3/1/2025,3/1/2026,1,
IFF-QB00240,P1101016E,EXPELL FRESH M 820,Mezcla,PELIGRO,01 800 002 1400,"H226, H227, H302, H304, H315, H317, H319, H410, ","P210, P233, P240, P241, P242, P243, P260, P264, P270, P272, P273, P280, P301 + P310, P303 + P364, P370 + P378, P391, P403 + P235, P405, P501",H,1,G,I,0.24,3,3.24,0001032507,3/1/2025,3/1/2026,1,
IFF-QB00240,P1101016F,EXPELL FRESH M 820,Mezcla,PELIGRO,01 800 002 1400,"H226, H227, H302, H304, H315, H317, H319, H410, ","P210, P233, P240, P241, P242, P243, P260, P264, P270, P272, P273, P280, P301 + P310, P303 + P364, P370 + P378, P391, P403 + P235, P405, P501",H,1,G,I,0.24,4,4.24,0001032507,3/1/2025,3/1/2026,1,
IFF-QB00240,P1101016G,EXPELL FRESH M 820,Mezcla,PELIGRO,01 800 002 1400,"H226, H227, H302, H304, H315, H317, H319, H410, ","P210, P233, P240, P241, P242, P243, P260, P264, P270, P272, P273, P280, P301 + P310, P303 + P364, P370 + P378, P391, P403 + P235, P405, P501",H,1,G,I,0.28,5,5.28,0001032507,3/1/2025,3/1/2026,1,
IFF-QB00240,P1101016H,EXPELL FRESH M 820,Mezcla,PELIGRO,01 800 002 1400,"H226, H227, H302, H304, H315, H317, H319, H410, ","P210, P233, P240, P241, P242, P243, P260, P264, P270, P272, P273, P280, P301 + P310, P303 + P364, P370 + P378, P391, P403 + P235, P405, P501",H,1,G,I,0.48,10,10.48,0001032507,3/1/2025,3/1/2026,1,
IFF-QB00240,P1101016I,EXPELL FRESH M 820,Mezcla,PELIGRO,01 800 002 1400,"H226, H227, H302, H304, H315, H317, H319, H410, ","P210, P233, P240, P241, P242, P243, P260, P264, P270, P272, P273, P280, P301 + P310, P303 + P364, P370 + P378, P391, P403 + P235, P405, P501",H,1,G,I,0.9,15,15.9,0001032507,3/1/2025,3/1/2026,1,
IFF-QB00240,P1101016J,EXPELL FRESH M 820,Mezcla,PELIGRO,01 800 002 1400,"H226, H227, H302, H304, H315, H317, H319, H410, ","P210, P233, P240, P241, P242, P243, P260, P264, P270, P272, P273, P280, P301 + P310, P303 + P364, P370 + P378, P391, P403 + P235, P405, P501",H,1,G,I,0.9,20,20.9,0001032507,3/1/2025,3/1/2026,1,
IFF-QB00240,P1101016K,EXPELL FRESH M 820,Mezcla,PELIGRO,01 800 002 1400,"H226, H227, H302, H304, H315, H317, H319, H410, ","P210, P233, P240, P241, P242, P243, P260, P264, P270, P272, P273, P280, P301 + P310, P303 + P364, P370 + P378, P391, P403 + P235, P405, P501",H,1,G,I,2.2,50,52.2,0001032507,3/1/2025,3/1/2026,1,
,,,,,,,,,,,,,,,,,,,
IFF-QB00273,P1101020A,SOFT LILY, - , - , -  , - , - ,1,1,1,1,0.09,0.5,0.59,2502222,5/25/2022,2/25/2023,1,
IFF-QB00273,P1101020B,SOFT LILY, - , - , -  , - , - ,1,1,1,1,0.09,1,1.09,2502222,5/25/2022,2/25/2023,1,
IFF-QB00273,P1101020C,SOFT LILY, - , - , -  , - , - ,1,1,1,1,0.24,1.5,1.74,2502222,5/25/2022,2/25/2023,1,
IFF-QB00273,P1101020D,SOFT LILY, - , - , -  , - , - ,1,1,1,1,0.24,2,2.24,2502222,5/25/2022,2/25/2023,1,
IFF-QB00273,P1101020E,SOFT LILY, - , - , -  , - , - ,1,1,1,1,0.24,3,3.24,2502222,5/25/2022,2/25/2023,1,
IFF-QB00273,P1101020F,SOFT LILY, - , - , -  , - , - ,1,1,1,1,0.24,4,4.24,2502222,5/25/2022,2/25/2023,1,
IFF-QB00273,P1101020G,SOFT LILY, - , - , -  , - , - ,1,1,1,1,0.28,5,5.28,2502222,5/25/2022,2/25/2023,1,
IFF-QB00273,P1101020H,SOFT LILY, - , - , -  , - , - ,1,1,1,1,0.48,10,10.48,2502222,5/25/2022,2/25/2023,1,
IFF-QB00273,P1101020I,SOFT LILY, - , - , -  , - , - ,1,1,1,1,0.9,15,15.9,2502222,5/25/2022,2/25/2023,1,
IFF-QB00273,P1101020J,SOFT LILY, - , - , -  , - , - ,1,1,1,1,0.9,20,20.9,2502222,5/25/2022,2/25/2023,1,
IFF-QB00273,P1101020K,SOFT LILY, - , - , -  , - , - ,1,1,1,1,2.2,50,52.2,2502222,5/25/2022,2/25/2023,1,
,,,,,,,,,,,,,,,,,,,
IFF-QB00276,P1101023A,SUAVIAZUL M 75 , - , - , -  , - , - ,G,H,1,1,0.09,0.5,0.59,0025112501,11/25/2025,11/25/2026,1,
IFF-QB00276,P1101023B,SUAVIAZUL M 75 , - , - , -  , - , - ,G,H,1,1,0.09,1,1.09,0025112501,11/25/2025,11/25/2026,1,
IFF-QB00276,P1101023C,SUAVIAZUL M 75 , - , - , -  , - , - ,G,H,1,1,0.24,1.5,1.74,0025112501,11/25/2025,11/25/2026,1,
IFF-QB00276,P1101023D,SUAVIAZUL M 75 , - , - , -  , - , - ,G,H,1,1,0.24,2,2.24,0025112501,11/25/2025,11/25/2026,1,
IFF-QB00276,P1101023E,SUAVIAZUL M 75 , - , - , -  , - , - ,G,H,1,1,0.24,3,3.24,0025112501,11/25/2025,11/25/2026,1,
IFF-QB00276,P1101023F,SUAVIAZUL M 75 , - , - , -  , - , - ,G,H,1,1,0.24,4,4.24,0025112501,11/25/2025,11/25/2026,1,
IFF-QB00276,P1101023G,SUAVIAZUL M 75 , - , - , -  , - , - ,G,H,1,1,0.28,5,5.28,0025112501,11/25/2025,11/25/2026,1,
IFF-QB00276,P1101023H,SUAVIAZUL M 75 , - , - , -  , - , - ,G,H,1,1,0.48,10,10.48,0025112501,11/25/2025,11/25/2026,1,
IFF-QB00276,P1101023I,SUAVIAZUL M 75 , - , - , -  , - , - ,G,H,1,1,0.9,15,15.9,0025112501,11/25/2025,11/25/2026,1,
IFF-QB00276,P1101023J,SUAVIAZUL M 75 , - , - , -  , - , - ,G,H,1,1,0.9,20,20.9,0025112501,11/25/2025,11/25/2026,1,
IFF-QB00276,P1101023K,SUAVIAZUL M 75 , - , - , -  , - , - ,G,H,1,1,2.2,50,52.2,0025112501,11/25/2025,11/25/2026,1,
,,,,,,,,,,,,,,,,,,,
IFF-QB00257,P1101027A,NEW MAXI COLOR D7754, - , - , -  , - , - ,G,H,1,1,0.09,0.5,0.59,0008072502,7/8/2025,7/8/2026,1,
IFF-QB00257,P1101027B,NEW MAXI COLOR D7754, - , - , -  , - , - ,G,H,1,1,0.09,1,1.09,0008072502,7/8/2025,7/8/2026,1,
IFF-QB00257,P1101027C,NEW MAXI COLOR D7754, - , - , -  , - , - ,G,H,1,1,0.24,1.5,1.74,0008072502,7/8/2025,7/8/2026,1,
IFF-QB00257,P1101027D,NEW MAXI COLOR D7754, - , - , -  , - , - ,G,H,1,1,0.24,2,2.24,0008072502,7/8/2025,7/8/2026,1,
IFF-QB00257,P1101027E,NEW MAXI COLOR D7754, - , - , -  , - , - ,G,H,1,1,0.24,3,3.24,0008072502,7/8/2025,7/8/2026,1,
IFF-QB00257,P1101027F,NEW MAXI COLOR D7754, - , - , -  , - , - ,G,H,1,1,0.24,4,4.24,0008072502,7/8/2025,7/8/2026,1,
IFF-QB00257,P1101027G,NEW MAXI COLOR D7754, - , - , -  , - , - ,G,H,1,1,0.28,5,5.28,0008072502,7/8/2025,7/8/2026,1,
IFF-QB00257,P1101027H,NEW MAXI COLOR D7754, - , - , -  , - , - ,G,H,1,1,0.48,10,10.48,0008072502,7/8/2025,7/8/2026,1,
IFF-QB00257,P1101027I,NEW MAXI COLOR D7754, - , - , -  , - , - ,G,H,1,1,0.9,15,15.9,0008072502,7/8/2025,7/8/2026,1,
IFF-QB00257,P1101027J,NEW MAXI COLOR D7754, - , - , -  , - , - ,G,H,1,1,0.9,20,20.9,0008072502,7/8/2025,7/8/2026,1,
IFF-QB00257,P1101027K,NEW MAXI COLOR D7754, - , - , -  , - , - ,G,H,1,1,2.2,50,52.2,0008072502,7/8/2025,7/8/2026,1,
IFF-QB00257,P1101027L,NEW MAXI COLOR D7754, - , - , -  , - , - ,G,H,1,1,0.9,200,20.9,0008072502,7/8/2025,7/8/2026,1,
,,,,,,,,,,,,,,,,,,,
IFF-QB00264,P1101041A,REVIVAL 006 A NATTURA ,,ATENCION,1 800 002 1400,"H227, H303, H315,
H317, H319, H411","P210, P261, P264,
P272, P273, P280, 
P302 + P352, 
P305 + P351 + P338,
P312, P333 + P313,
P337 + P313, P362 + P364, P370 + P378,
P391, P403 + P235,
P501",G,I,1,1,0.09,0.5,0.59,,,,1,
IFF-QB00264,P1101041B,REVIVAL 006 A NATTURA ,,ATENCION,1 800 002 1400,"H227, H303, H315,
H317, H319, H411","P210, P261, P264,
P272, P273, P280, 
P302 + P352, 
P305 + P351 + P338,
P312, P333 + P313,
P337 + P313, P362 + P364, P370 + P378,
P391, P403 + P235,
P501",G,I,1,1,0.09,1,1.09,,00/00/0000,00/00/0000,1,
IFF-QB00264,P1101041C,REVIVAL 006 A NATTURA ,,ATENCION,1 800 002 1400,"H227, H303, H315,
H317, H319, H411","P210, P261, P264,
P272, P273, P280, 
P302 + P352, 
P305 + P351 + P338,
P312, P333 + P313,
P337 + P313, P362 + P364, P370 + P378,
P391, P403 + P235,
P501",G,I,1,1,0.24,1.5,1.74,,00/00/0000,00/00/0000,1,
IFF-QB00264,P1101041D,REVIVAL 006 A NATTURA ,,ATENCION,1 800 002 1400,"H227, H303, H315,
H317, H319, H411","P210, P261, P264,
P272, P273, P280, 
P302 + P352, 
P305 + P351 + P338,
P312, P333 + P313,
P337 + P313, P362 + P364, P370 + P378,
P391, P403 + P235,
P501",G,I,1,1,0.24,2,2.24,,00/00/0000,00/00/0000,1,
IFF-QB00264,P1101041E,REVIVAL 006 A NATTURA ,,ATENCION,1 800 002 1400,"H227, H303, H315,
H317, H319, H411","P210, P261, P264,
P272, P273, P280, 
P302 + P352, 
P305 + P351 + P338,
P312, P333 + P313,
P337 + P313, P362 + P364, P370 + P378,
P391, P403 + P235,
P501",G,I,1,1,0.24,3,3.24,,00/00/0000,00/00/0000,1,
IFF-QB00264,P1101041F,REVIVAL 006 A NATTURA ,,ATENCION,1 800 002 1400,"H227, H303, H315,
H317, H319, H411","P210, P261, P264,
P272, P273, P280, 
P302 + P352, 
P305 + P351 + P338,
P312, P333 + P313,
P337 + P313, P362 + P364, P370 + P378,
P391, P403 + P235,
P501",G,I,1,1,0.24,4,4.24,,00/00/0000,00/00/0000,1,
IFF-QB00264,P1101041G,REVIVAL 006 A NATTURA ,,ATENCION,1 800 002 1400,"H227, H303, H315,
H317, H319, H411","P210, P261, P264,
P272, P273, P280, 
P302 + P352, 
P305 + P351 + P338,
P312, P333 + P313,
P337 + P313, P362 + P364, P370 + P378,
P391, P403 + P235,
P501",G,I,1,1,0.28,5,5.28,,00/00/0000,00/00/0000,1,
IFF-QB00264,P1101041H,REVIVAL 006 A NATTURA ,,ATENCION,1 800 002 1400,"H227, H303, H315,
H317, H319, H411","P210, P261, P264,
P272, P273, P280, 
P302 + P352, 
P305 + P351 + P338,
P312, P333 + P313,
P337 + P313, P362 + P364, P370 + P378,
P391, P403 + P235,
P501",G,I,1,1,0.48,10,10.48,,00/00/0000,00/00/0000,1,
IFF-QB00264,P1101041I,REVIVAL 006 A NATTURA ,,ATENCION,1 800 002 1400,"H227, H303, H315,
H317, H319, H411","P210, P261, P264,
P272, P273, P280, 
P302 + P352, 
P305 + P351 + P338,
P312, P333 + P313,
P337 + P313, P362 + P364, P370 + P378,
P391, P403 + P235,
P501",G,I,1,1,0.9,15,15.9,,00/00/0000,00/00/0000,1,
IFF-QB00264,P1101041J,REVIVAL 006 A NATTURA ,,ATENCION,1 800 002 1400,"H227, H303, H315,
H317, H319, H411","P210, P261, P264,
P272, P273, P280, 
P302 + P352, 
P305 + P351 + P338,
P312, P333 + P313,
P337 + P313, P362 + P364, P370 + P378,
P391, P403 + P235,
P501",G,I,1,1,0.9,20,20.9,,00/00/0000,00/00/0000,1,
,,,,,,,,,,,,,,,,,,,
IFF-QB00250,P1101043A,LAVENDER FRESH, - , - , -  , - , - ,G,H,1,1,0.09,0.5,0.59,0013082501,8/13/2025,8/13/2026,1,
IFF-QB00250,P1101043B,LAVENDER FRESH, - , - , -  , - , - ,G,H,1,1,0.09,1,1.09,0013082501,8/13/2025,8/13/2026,1,
IFF-QB00250,P1101043C,LAVENDER FRESH, - , - , -  , - , - ,G,H,1,1,0.24,1.5,1.74,0013082501,8/13/2025,8/13/2026,1,
IFF-QB00250,P1101043D,LAVENDER FRESH, - , - , -  , - , - ,G,H,1,1,0.24,2,2.24,0013082501,8/13/2025,8/13/2026,1,
IFF-QB00250,P1101043E,LAVENDER FRESH, - , - , -  , - , - ,G,H,1,1,0.24,3,3.24,0013082501,8/13/2025,8/13/2026,1,
IFF-QB00250,P1101043F,LAVENDER FRESH, - , - , -  , - , - ,G,H,1,1,0.24,4,4.24,0013082501,8/13/2025,8/13/2026,1,
IFF-QB00250,P1101043G,LAVENDER FRESH, - , - , -  , - , - ,G,H,1,1,0.28,5,5.28,0013082501,8/13/2025,8/13/2026,1,
IFF-QB00250,P1101043H,LAVENDER FRESH, - , - , -  , - , - ,G,H,1,1,0.48,10,10.48,0013082501,8/13/2025,8/13/2026,1,
IFF-QB00250,P1101043I,LAVENDER FRESH, - , - , -  , - , - ,G,H,1,1,0.9,15,15.9,0013082501,8/13/2025,8/13/2026,1,
IFF-QB00250,P1101043J,LAVENDER FRESH, - , - , -  , - , - ,G,H,1,1,0.9,20,20.9,0013082501,8/13/2025,8/13/2026,1,
IFF-QB00250,P1101043K,LAVENDER FRESH, - , - , -  , - , - ,G,H,1,1,2.2,50,52.2,0013082501,8/13/2025,8/13/2026,1,
IFF-QB00250,P1101043L,LAVENDER FRESH, - , - , -  , - , - ,G,H,1,1,0.9,200,20.9,0013082501,8/13/2025,8/13/2026,1,
,,,,,,,,,,,,,,,,,,,
IFF-QB00227,P1101044A,BLUE MOON, - , - , -  , - , - ,G,H,1,1,0.09,0.5,0.59,0023092506,9/23/2025,9/23/2026,1,
IFF-QB00227,P1101044B,BLUE MOON, - , - , -  , - , - ,G,H,1,1,0.09,1,1.09,0023092506,9/23/2025,9/23/2026,1,
IFF-QB00227,P1101044C,BLUE MOON, - , - , -  , - , - ,G,H,1,1,0.24,1.5,1.74,0023092506,9/23/2025,9/23/2026,1,
IFF-QB00227,P1101044D,BLUE MOON, - , - , -  , - , - ,G,H,1,1,0.24,2,2.24,0023092506,9/23/2025,9/23/2026,1,
IFF-QB00227,P1101044E,BLUE MOON, - , - , -  , - , - ,G,H,1,1,0.24,3,3.24,0023092506,9/23/2025,9/23/2026,1,
IFF-QB00227,P1101044F,BLUE MOON, - , - , -  , - , - ,G,H,1,1,0.24,4,4.24,0023092506,9/23/2025,9/23/2026,1,
IFF-QB00227,P1101044G,BLUE MOON, - , - , -  , - , - ,G,H,1,1,0.28,5,5.28,0023092506,9/23/2025,9/23/2026,1,
IFF-QB00227,P1101044H,BLUE MOON, - , - , -  , - , - ,G,H,1,1,0.48,10,10.48,0023092506,9/23/2025,9/23/2026,1,
IFF-QB00227,P1101044I,BLUE MOON, - , - , -  , - , - ,G,H,1,1,0.9,15,15.9,0023092506,9/23/2025,9/23/2026,1,
IFF-QB00227,P1101044J,BLUE MOON, - , - , -  , - , - ,G,H,1,1,0.9,20,20.9,0023092506,9/23/2025,9/23/2026,1,
IFF-QB00227,P1101044K,BLUE MOON, - , - , -  , - , - ,G,H,1,1,2.2,50,52.2,0023092506,9/23/2025,9/23/2026,1,
IFF-QB00227,P1101044L,BLUE MOON, - , - , -  , - , - ,G,H,1,1,0.9,200,20.9,0023092506,9/23/2025,9/23/2026,1,
,,,,,,,,,,,,,,,,,,,
IFF-QB00268,P1101045A,SEA BREEZE, - , - , -  , - , - ,G,H,B,1,0.09,0.5,0.59,0015082501,8/15/2025,8/15/2026,1,
IFF-QB00268,P1101045B,SEA BREEZE, - , - , -  , - , - ,G,H,B,1,0.09,1,1.09,0015082501,8/15/2025,8/15/2026,1,
IFF-QB00268,P1101045C,SEA BREEZE, - , - , -  , - , - ,G,H,B,1,0.24,1.5,1.74,0015082501,8/15/2025,8/15/2026,1,
IFF-QB00268,P1101045D,SEA BREEZE, - , - , -  , - , - ,G,H,B,1,0.24,2,2.24,0015082501,8/15/2025,8/15/2026,1,
IFF-QB00268,P1101045E,SEA BREEZE, - , - , -  , - , - ,G,H,B,1,0.24,3,3.24,0015082501,8/15/2025,8/15/2026,1,
IFF-QB00268,P1101045F,SEA BREEZE, - , - , -  , - , - ,G,H,B,1,0.24,4,4.24,0015082501,8/15/2025,8/15/2026,1,
IFF-QB00268,P1101045G,SEA BREEZE, - , - , -  , - , - ,G,H,B,1,0.28,5,5.28,0015082501,8/15/2025,8/15/2026,1,
IFF-QB00268,P1101045H,SEA BREEZE, - , - , -  , - , - ,G,H,B,1,0.48,10,10.48,0015082501,8/15/2025,8/15/2026,1,
IFF-QB00268,P1101045I,SEA BREEZE, - , - , -  , - , - ,G,H,B,1,0.9,15,15.9,0015082501,8/15/2025,8/15/2026,1,
IFF-QB00268,P1101045J,SEA BREEZE, - , - , -  , - , - ,G,H,B,1,0.9,20,20.9,0015082501,8/15/2025,8/15/2026,1,
IFF-QB00268,P1101045K,SEA BREEZE, - , - , -  , - , - ,G,H,B,1,2.2,50,52.2,0015082501,8/15/2025,8/15/2026,1,
IFF-QB00268,P1101045L,SEA BREEZE, - , - , -  , - , - ,G,H,B,1,0.9,200,20.9,0015082501,8/15/2025,8/15/2026,1,
,,,,,,,,,,,,,,,,,,,
IFF-QB00249,P1101047A,JUNGLE FRESH , - , - , -  , - , - ,G,H,1,1,0.09,0.5,0.59,0003042502,4/3/2025,4/3/2026,1,
IFF-QB00249,P1101047B,JUNGLE FRESH , - , - , -  , - , - ,G,H,1,1,0.09,1,1.09,0003042502,4/3/2025,4/3/2026,1,
IFF-QB00249,P1101047C,JUNGLE FRESH , - , - , -  , - , - ,G,H,1,1,0.24,1.5,1.74,0003042502,4/3/2025,4/3/2026,1,
IFF-QB00249,P1101047D,JUNGLE FRESH , - , - , -  , - , - ,G,H,1,1,0.24,2,2.24,0003042502,4/3/2025,4/3/2026,1,
IFF-QB00249,P1101047E,JUNGLE FRESH , - , - , -  , - , - ,G,H,1,1,0.24,3,3.24,0003042502,4/3/2025,4/3/2026,1,
IFF-QB00249,P1101047F,JUNGLE FRESH , - , - , -  , - , - ,G,H,1,1,0.24,4,4.24,0003042502,4/3/2025,4/3/2026,1,
IFF-QB00249,P1101047G,JUNGLE FRESH , - , - , -  , - , - ,G,H,1,1,0.28,5,5.28,0003042502,4/3/2025,4/3/2026,1,
IFF-QB00249,P1101047H,JUNGLE FRESH , - , - , -  , - , - ,G,H,1,1,0.48,10,10.48,0003042502,4/3/2025,4/3/2026,1,
IFF-QB00249,P1101047I,JUNGLE FRESH , - , - , -  , - , - ,G,H,1,1,0.9,15,15.9,0003042502,4/3/2025,4/3/2026,1,
IFF-QB00249,P1101047J,JUNGLE FRESH , - , - , -  , - , - ,G,H,1,1,0.9,20,20.9,0003042502,4/3/2025,4/3/2026,1,
IFF-QB00249,P1101047K,JUNGLE FRESH , - , - , -  , - , - ,G,H,1,1,2.2,50,52.2,0003042502,4/3/2025,4/3/2026,1,
,,,,,,,,,,,,,,,,,,,
IFF-QB00230,P1101048A,CANELLE, - , - , -  , - , - ,G,H,1,1,0.09,0.5,0.59,0021062501,6/21/2025,6/21/2026,1,
IFF-QB00230,P1101048B,CANELLE, - , - , -  , - , - ,G,H,1,1,0.09,1,1.09,0021062501,6/21/2025,6/21/2026,1,
IFF-QB00230,P1101048C,CANELLE, - , - , -  , - , - ,G,H,1,1,0.24,1.5,1.74,0021062501,6/21/2025,6/21/2026,1,
IFF-QB00230,P1101048D,CANELLE, - , - , -  , - , - ,G,H,1,1,0.24,2,2.24,0021062501,6/21/2025,6/21/2026,1,
IFF-QB00230,P1101048E,CANELLE, - , - , -  , - , - ,G,H,1,1,0.24,3,3.24,0021062501,6/21/2025,6/21/2026,1,
IFF-QB00230,P1101048F,CANELLE, - , - , -  , - , - ,G,H,1,1,0.24,4,4.24,0021062501,6/21/2025,6/21/2026,1,
IFF-QB00230,P1101048G,CANELLE, - , - , -  , - , - ,G,H,1,1,0.28,5,5.28,0021062501,6/21/2025,6/21/2026,1,
IFF-QB00230,P1101048H,CANELLE, - , - , -  , - , - ,G,H,1,1,0.48,10,10.48,0021062501,6/21/2025,6/21/2026,1,
IFF-QB00230,P1101048I,CANELLE, - , - , -  , - , - ,G,H,1,1,0.9,15,15.9,0021062501,6/21/2025,6/21/2026,1,
IFF-QB00230,P1101048J,CANELLE, - , - , -  , - , - ,G,H,1,1,0.9,20,20.9,0021062501,6/21/2025,6/21/2026,1,
IFF-QB00230,P1101048K,CANELLE, - , - , -  , - , - ,G,H,1,1,2.2,50,52.2,0021062501,6/21/2025,6/21/2026,1,
,,,,,,,,,,,,,,,,,,,
IFF-QB00287,P1101049A,VIOLET FLOWER, - , - , - , - , - ,1,1,1,1,0.09,0.5,0.59,0007072506,7/7/2025,7/7/2026,1,
IFF-QB00287,P1101049B,VIOLET FLOWER, - , - , - , - , - ,1,1,1,1,0.09,1,1.09,0007072506,7/7/2025,7/7/2026,1,
IFF-QB00287,P1101049C,VIOLET FLOWER, - , - , - , - , - ,1,1,1,1,0.24,1.5,1.74,0007072506,7/7/2025,7/7/2026,1,
IFF-QB00287,P1101049D,VIOLET FLOWER, - , - , - , - , - ,1,1,1,1,0.24,2,2.24,0007072506,7/7/2025,7/7/2026,1,
IFF-QB00287,P1101049E,VIOLET FLOWER, - , - , - , - , - ,1,1,1,1,0.24,3,3.24,0007072506,7/7/2025,7/7/2026,1,
IFF-QB00287,P1101049F,VIOLET FLOWER, - , - , - , - , - ,1,1,1,1,0.24,4,4.24,0007072506,7/7/2025,7/7/2026,1,
IFF-QB00287,P1101049G,VIOLET FLOWER, - , - , - , - , - ,1,1,1,1,0.28,5,5.28,0007072506,7/7/2025,7/7/2026,1,
IFF-QB00287,P1101049H,VIOLET FLOWER, - , - , - , - , - ,1,1,1,1,0.48,10,10.48,0007072506,7/7/2025,7/7/2026,1,
IFF-QB00287,P1101049I,VIOLET FLOWER, - , - , - , - , - ,1,1,1,1,0.9,15,15.9,0007072506,7/7/2025,7/7/2026,1,
IFF-QB00287,P1101049J,VIOLET FLOWER, - , - , - , - , - ,1,1,1,1,0.9,20,20.9,0007072506,7/7/2025,7/7/2026,1,
IFF-QB00287,P1101049K,VIOLET FLOWER, - , - , - , - , - ,1,1,1,1,2.2,50,52.2,0007072506,7/7/2025,7/7/2026,1,
,,,,,,,,,,,,,,,,,,,
KAO-QB00069,Q0201001A,QUARTAMIN D86P,No Aplicable,PELIGRO,+34 93 739 9445,"Nocivo en caso de ingestión. Provoca quemaduras graves en la piel y lesiones oculares graves. Puede ser  ortal en caso de ingestión y penetración en las vías respiratorias. Puede provocar daños en los órganos tras exposiciones prolongadas o repetidas. (tracto gastrointestinal, sistema inmunológico, hígado)","Llevar guantes de protección: > 8 horas (tiempo de detección): goma de butilo. Llevar gafas o máscara de protección: Recomendado: Gafas anti-salpicaduras. , máscara. Llevar prendas de protección: Recomendado: Bata de  laboratorio. Traje de protección. No respirar el polvo. No comer, beber ni fumar durante su utilización. Lavarse las manos concienzudamente tras la manipulación. : Consultar a un médico en caso de malestar. EN CASO DE INHALACIÓN: Transportar a la persona al aire libre y mantenerla en una posición que le facilite la respiración. Llamar inmediatamente a un centro de información toxicológica o a un médico. EN CASO DE INGESTIÓN: Llamar inmediatamente a un centro de información toxicológica o a un médico. Enjuagarse la boca. NO provocar el vómito. EN CASO DE CONTACTO CON LA PIEL (o el pelo): Quitar inmediatamente todas las prendas contaminadas. Lave la piel contaminada con el de 3% de ácido acético o el agente que contiene Diphoterin (por ejemplo, Previn ®). Lavar las prendas contaminadas antes de volver a usarlas. Llamar inmediatamente a un centro de información toxicológica o a un médico. EN CASO DE CONTACTO CON LOS  JOS: Lavar inmediatamente con un agente que contenga Diphoterin (por ejemplo,  revin ®), levantando ocasionalmente los párpados superior e inferior.  Quitar las lentes de contacto, si lleva y resulta fácil. Seguir aclarando. Llamar  nmediatamente a un centro de información toxicológica o a un médico. Guardar cerrado. Eliminar el contenido y el recipiente de acuerdo con las normativas locales, regionales, nacionales e internacionales.",E,B,I,1,0.6,7,7.6,31124969,12/7/2024,12/7/2026,1,
KAO-QB00069,Q0201001B,QUARTAMIN D86P,No Aplicable,PELIGRO,+34 93 739 9445,"Nocivo en caso de ingestión. Provoca quemaduras graves en la piel y lesiones oculares graves. Puede ser  ortal en caso de ingestión y penetración en las vías respiratorias. Puede provocar daños en los órganos tras exposiciones prolongadas o repetidas. (tracto gastrointestinal, sistema inmunológico, hígado)","Llevar guantes de protección: > 8 horas (tiempo de detección): goma de butilo. Llevar gafas o máscara de protección: Recomendado: Gafas anti-salpicaduras. , máscara. Llevar prendas de protección: Recomendado: Bata de  laboratorio. Traje de protección. No respirar el polvo. No comer, beber ni fumar durante su utilización. Lavarse las manos concienzudamente tras la manipulación. : Consultar a un médico en caso de malestar. EN CASO DE INHALACIÓN: Transportar a la persona al aire libre y mantenerla en una posición que le facilite la respiración. Llamar inmediatamente a un centro de información toxicológica o a un médico. EN CASO DE INGESTIÓN: Llamar inmediatamente a un centro de información toxicológica o a un médico. Enjuagarse la boca. NO provocar el vómito. EN CASO DE CONTACTO CON LA PIEL (o el pelo): Quitar inmediatamente todas las prendas contaminadas. Lave la piel contaminada con el de 3% de ácido acético o el agente que contiene Diphoterin (por ejemplo, Previn ®). Lavar las prendas contaminadas antes de volver a usarlas. Llamar inmediatamente a un centro de información toxicológica o a un médico. EN CASO DE CONTACTO CON LOS  JOS: Lavar inmediatamente con un agente que contenga Diphoterin (por ejemplo,  revin ®), levantando ocasionalmente los párpados superior e inferior.  Quitar las lentes de contacto, si lleva y resulta fácil. Seguir aclarando. Llamar  nmediatamente a un centro de información toxicológica o a un médico. Guardar cerrado. Eliminar el contenido y el recipiente de acuerdo con las normativas locales, regionales, nacionales e internacionales.",E,B,I,1,1.2,16,17.2,31124969,12/7/2024,12/7/2026,1,
,,,,,,,,,,,,,,,,,,,
KAO-QB00061,Q0201012A,POIZ 88,No Aplicable,No Aplicable,+34 93 739 9445,No Aplicable,No Aplicable,1,1,1,1,0.09,0.5,0.59,A007P86004,8/7/2025,8/7/2027,1,
KAO-QB00061,Q0201012B,POIZ 88,No Aplicable,No Aplicable,+34 93 739 9445,No Aplicable,No Aplicable,1,1,1,1,0.09,1,1.09,A007P86004,8/7/2025,8/7/2027,1,
KAO-QB00061,Q0201012C,POIZ 88,No Aplicable,No Aplicable,+34 93 739 9445,No Aplicable,No Aplicable,1,1,1,1,0.29,2,2.29,A007P86004,8/7/2025,8/7/2027,1,
KAO-QB00061,Q0201012D,POIZ 88,No Aplicable,No Aplicable,+34 93 739 9445,No Aplicable,No Aplicable,1,1,1,1,0.29,3,3.29,A007P86004,8/7/2025,8/7/2027,1,
KAO-QB00061,Q0201012E,POIZ 88,No Aplicable,No Aplicable,+34 93 739 9445,No Aplicable,No Aplicable,1,1,1,1,0.29,4,4.29,A007P86004,8/7/2025,8/7/2027,1,
KAO-QB00061,Q0201012F,POIZ 88,No Aplicable,No Aplicable,+34 93 739 9445,No Aplicable,No Aplicable,1,1,1,1,0.6,5,5.6,A007P86004,8/7/2025,8/7/2027,1,
KAO-QB00061,Q0201012G,POIZ 88,No Aplicable,No Aplicable,+34 93 739 9445,No Aplicable,No Aplicable,1,1,1,1,0.6,10,10.6,A007P86004,8/7/2025,8/7/2027,1,
KAO-QB00061,Q0201012H,POIZ 88,No Aplicable,No Aplicable,+34 93 739 9445,No Aplicable,No Aplicable,1,1,1,1,1.2,15,16.2,A007P86004,8/7/2025,8/7/2027,1,
KAO-QB00061,Q0201012I,POIZ 88,No Aplicable,No Aplicable,+34 93 739 9445,No Aplicable,No Aplicable,1,1,1,1,1.2,20,21.2,A007P86004,8/7/2025,8/7/2027,1,
,,,,,,,,,,,,,,,,,,,
KAO-QB00072,Q0201014A,TETRANYL AT7590E,No Aplicable,PELIGRO,+34 93 739 9445,Líquido y vapores muy inflamables.,"Usar guantes de protección: > 8 horas (tiempo de saturación): caucho butílico ,
neopreno. Usar protección para los ojos o la cara: Recomendado: lentes antisalpicaduras. Mantener alejado del calor, superficies calientes, chispas, llamas abiertas y otras fuentes de ignición. No fumar. Todos los equipos eléctricos, de ventilación, de iluminación y para la manipulación de materiales deben ser antideflagrantes. No utilizar herramientas que produzcan chispas. Tomar medidas de precaución contra las descargas electrostáticas. Mantener el recipiente herméticamente cerrado. EN CASO DE CONTACTO CON LA PIEL (o el pelo): Quitar inmediatamente toda la ropa contaminada. Lavar la piel con agua o tomar una ducha. Almacenar en un lugar bien ventilado. Mantener fresco. Eliminar el contenido y recipiente conforme a todas las  glamentaciones locales, regionales, nacionales e internacionales.",B,1,1,1,0.6,8,8.6,,,,1,
KAO-QB00072,Q0201014B,TETRANYL AT7590E,No Aplicable,PELIGRO,+34 93 739 9445,Líquido y vapores muy inflamables.,"Usar guantes de protección: > 8 horas (tiempo de saturación): caucho butílico ,
neopreno. Usar protección para los ojos o la cara: Recomendado: lentes antisalpicaduras. Mantener alejado del calor, superficies calientes, chispas, llamas abiertas y otras fuentes de ignición. No fumar. Todos los equipos eléctricos, de ventilación, de iluminación y para la manipulación de materiales deben ser antideflagrantes. No utilizar herramientas que produzcan chispas. Tomar medidas de precaución contra las descargas electrostáticas. Mantener el recipiente herméticamente cerrado. EN CASO DE CONTACTO CON LA PIEL (o el pelo): Quitar inmediatamente toda la ropa contaminada. Lavar la piel con agua o tomar una ducha. Almacenar en un lugar bien ventilado. Mantener fresco. Eliminar el contenido y recipiente conforme a todas las  glamentaciones locales, regionales, nacionales e internacionales.",B,1,1,1,1.2,17,18.2,,,,1,
,,,,,,,,,,,,,,,,,,,
KAO-QB00054,Q0201019A,KAOSOFT AGL85,"157905-74-3, 64-17-5",ATENCION,+34 93 739 9445,Líquidos y vapores inflamables.,"Llevar guantes de protección: > 8 horas (tiempo de detección): goma de butilo , neopreno. Llevar gafas o máscara de protección: Recomendado: gafas antisalpicaduras. Mantener alejado del calor, de superficies calientes, de chispas, de llamas abiertas y de cualquier otra fuente de ignición. No fumar. Utilizar un material eléctrico, de ventilación, de iluminación y todos los equipos de manipulación de materiales  ntideflagrantes. Utilizar únicamente herramientas que no produzcan chispas. Tomar  edidas de precaución contra descargas electrostáticas. Mantener el recipiente herméticamente cerrado. EN CASO DE CONTACTO CON LA PIEL (o el pelo): Quitar inmediatamente todas las prendas contaminadas. Aclararse la piel con agua o ducharse. Almacenar en un lugar bien ventilado. Mantener en lugar fresco. Eliminar el contenido y el recipiente de acuerdo con las normativas locales, regionales, nacionales e internacionales.",b,1,1,1,0.6,8,8.6,32000731,8/21/2025,8/21/2027,1,
KAO-QB00054,Q0201019B,KAOSOFT AGL85,"157905-74-3, 64-17-5",ATENCION,+34 93 739 9445,Líquidos y vapores inflamables.,"Llevar guantes de protección: > 8 horas (tiempo de detección): goma de butilo , neopreno. Llevar gafas o máscara de protección: Recomendado: gafas antisalpicaduras. Mantener alejado del calor, de superficies calientes, de chispas, de llamas abiertas y de cualquier otra fuente de ignición. No fumar. Utilizar un material eléctrico, de ventilación, de iluminación y todos los equipos de manipulación de materiales  ntideflagrantes. Utilizar únicamente herramientas que no produzcan chispas. Tomar  edidas de precaución contra descargas electrostáticas. Mantener el recipiente herméticamente cerrado. EN CASO DE CONTACTO CON LA PIEL (o el pelo): Quitar inmediatamente todas las prendas contaminadas. Aclararse la piel con agua o ducharse. Almacenar en un lugar bien ventilado. Mantener en lugar fresco. Eliminar el contenido y el recipiente de acuerdo con las normativas locales, regionales, nacionales e internacionales.",b,1,1,1,1.2,17,18.2,32000731,8/21/2025,8/21/2027,1,
,,,,,,,,,,,,,,,,,,,
KAO-QB00057,Q0201024A,KAO SOFCARE GP1,29117-02-0,ATENCION,+34 93 739 9445,No Aplicable,No Aplicable,1,1,1,1,0.09,0.5,0.59,3097,5/21/2025,5/21/2027,1,
KAO-QB00057,Q0201024B,KAO SOFCARE GP1,29117-02-0,ATENCION,+34 93 739 9445,No Aplicable,No Aplicable,1,1,1,1,0.09,1,1.09,3097,5/21/2025,5/21/2027,1,
KAO-QB00057,Q0201024C,KAO SOFCARE GP1,29117-02-0,ATENCION,+34 93 739 9445,No Aplicable,No Aplicable,1,1,1,1,0.24,2,2.24,3097,5/21/2025,5/21/2027,1,
KAO-QB00057,Q0201024D,KAO SOFCARE GP1,29117-02-0,ATENCION,+34 93 739 9445,No Aplicable,No Aplicable,1,1,1,1,0.24,3,3.24,3097,5/21/2025,5/21/2027,1,
KAO-QB00057,Q0201024E,KAO SOFCARE GP1,29117-02-0,ATENCION,+34 93 739 9445,No Aplicable,No Aplicable,1,1,1,1,0.28,4,4.28,3097,5/21/2025,5/21/2027,1,
KAO-QB00057,Q0201024F,KAO SOFCARE GP1,29117-02-0,ATENCION,+34 93 739 9445,No Aplicable,No Aplicable,1,1,1,1,0.48,5,5.48,3097,5/21/2025,5/21/2027,1,
KAO-QB00057,Q0201024G,KAO SOFCARE GP1,29117-02-0,ATENCION,+34 93 739 9445,No Aplicable,No Aplicable,1,1,1,1,0.48,9,9.48,3097,5/21/2025,5/21/2027,1,
KAO-QB00057,Q0201024H,KAO SOFCARE GP1,29117-02-0,ATENCION,+34 93 739 9445,No Aplicable,No Aplicable,1,1,1,1,0.9,10,10.9,3097,5/21/2025,5/21/2027,1,
KAO-QB00057,Q0201024I,KAO SOFCARE GP1,29117-02-0,ATENCION,+34 93 739 9445,No Aplicable,No Aplicable,1,1,1,1,0.9,15,15.9,3097,5/21/2025,5/21/2027,1,
KAO-QB00057,Q0201024J,KAO SOFCARE GP1,29117-02-0,ATENCION,+34 93 739 9445,No Aplicable,No Aplicable,1,1,1,1,0.9,18,18.9,3097,5/21/2025,5/21/2027,1,
KAO-QB00057,Q0201024K,KAO SOFCARE GP1,29117-02-0,ATENCION,+34 93 739 9445,No Aplicable,No Aplicable,1,1,1,1,2.2,40,42.2,3097,5/21/2025,5/21/2027,1,
KAO-QB00057,Q0201024L,KAO SOFCARE GP1,29117-02-0,ATENCION,+34 93 739 9445,No Aplicable,No Aplicable,1,1,1,1,2.2,47,49.2,3097,5/21/2025,5/21/2027,1,
,,,,,,,,,,,,,,,,,,,
KAO-QB00062,Q0202001A,QUARTAMIN 60,112-02-7,PELIGRO,+34 93 739 9445,Provoca lesiones oculares graves. Provoca irritación cutánea,"Llevar guantes de protección: > 8 horas (tiempo de detección): goma de butilo, neopreno. Llevar gafas o máscara de protección: Recomendado: gafas antisalpicaduras. Lavarse las manos concienzudamente tras la manipulación. EN CASO DE CONTACTO CON LA PIEL: Lavar con agua y jabón abundantes. Quitar las prendas contaminadas y lavarlas antes de volver a usarlas. En caso de irritación cutánea: Consultar a un médico. EN CASO DE CONTACTO CON LOS OJOS: Aclarar cuidadosamente con agua durante varios minutos. Quitar las lentes de contacto, si lleva y resulta fácil. Seguir aclarando. Llamar inmediatamente a un centro de información toxicológica o a un médico.",E,1,1,1,0.28,5,5.28,31155478,7/8/2025,7/8/2027,1,
KAO-QB00062,Q0202001B,QUARTAMIN 60,112-02-7,PELIGRO,+34 93 739 9445,Provoca lesiones oculares graves. Provoca irritación cutánea,"Llevar guantes de protección: > 8 horas (tiempo de detección): goma de butilo, neopreno. Llevar gafas o máscara de protección: Recomendado: gafas antisalpicaduras. Lavarse las manos concienzudamente tras la manipulación. EN CASO DE CONTACTO CON LA PIEL: Lavar con agua y jabón abundantes. Quitar las prendas contaminadas y lavarlas antes de volver a usarlas. En caso de irritación cutánea: Consultar a un médico. EN CASO DE CONTACTO CON LOS OJOS: Aclarar cuidadosamente con agua durante varios minutos. Quitar las lentes de contacto, si lleva y resulta fácil. Seguir aclarando. Llamar inmediatamente a un centro de información toxicológica o a un médico.",E,1,1,1,0.48,10,10.48,31155478,7/8/2025,7/8/2027,1,
KAO-QB00062,Q0202001C,QUARTAMIN 60,112-02-7,PELIGRO,+34 93 739 9445,Provoca lesiones oculares graves. Provoca irritación cutánea,"Llevar guantes de protección: > 8 horas (tiempo de detección): goma de butilo, neopreno. Llevar gafas o máscara de protección: Recomendado: gafas antisalpicaduras. Lavarse las manos concienzudamente tras la manipulación. EN CASO DE CONTACTO CON LA PIEL: Lavar con agua y jabón abundantes. Quitar las prendas contaminadas y lavarlas antes de volver a usarlas. En caso de irritación cutánea: Consultar a un médico. EN CASO DE CONTACTO CON LOS OJOS: Aclarar cuidadosamente con agua durante varios minutos. Quitar las lentes de contacto, si lleva y resulta fácil. Seguir aclarando. Llamar inmediatamente a un centro de información toxicológica o a un médico.",E,1,1,1,0.9,15,15.9,31155478,7/8/2025,7/8/2027,1,
KAO-QB00062,Q0202001D,QUARTAMIN 60,112-02-7,PELIGRO,+34 93 739 9445,Provoca lesiones oculares graves. Provoca irritación cutánea,"Llevar guantes de protección: > 8 horas (tiempo de detección): goma de butilo, neopreno. Llevar gafas o máscara de protección: Recomendado: gafas antisalpicaduras. Lavarse las manos concienzudamente tras la manipulación. EN CASO DE CONTACTO CON LA PIEL: Lavar con agua y jabón abundantes. Quitar las prendas contaminadas y lavarlas antes de volver a usarlas. En caso de irritación cutánea: Consultar a un médico. EN CASO DE CONTACTO CON LOS OJOS: Aclarar cuidadosamente con agua durante varios minutos. Quitar las lentes de contacto, si lleva y resulta fácil. Seguir aclarando. Llamar inmediatamente a un centro de información toxicológica o a un médico.",E,1,1,1,0.9,20,20.9,31155478,7/8/2025,7/8/2027,1,
KAO-QB00062,Q0202001E,QUARTAMIN 60,112-02-7,PELIGRO,+34 93 739 9445,Provoca lesiones oculares graves. Provoca irritación cutánea,"Llevar guantes de protección: > 8 horas (tiempo de detección): goma de butilo, neopreno. Llevar gafas o máscara de protección: Recomendado: gafas antisalpicaduras. Lavarse las manos concienzudamente tras la manipulación. EN CASO DE CONTACTO CON LA PIEL: Lavar con agua y jabón abundantes. Quitar las prendas contaminadas y lavarlas antes de volver a usarlas. En caso de irritación cutánea: Consultar a un médico. EN CASO DE CONTACTO CON LOS OJOS: Aclarar cuidadosamente con agua durante varios minutos. Quitar las lentes de contacto, si lleva y resulta fácil. Seguir aclarando. Llamar inmediatamente a un centro de información toxicológica o a un médico.",E,1,1,1,2.2,50,52.2,31155478,7/8/2025,7/8/2027,1,
,,,,,,,,,,,,,,,,,,,
KAO-QB00025,Q0202011A,BETADET HR2,61789-40-0,PELIGRO,+34 93 739 9445,Provoca lesiones oculares graves.,"Llevar gafas o máscara de protección: Recomendado: gafas anti-salpicaduras. EN CASO DE CONTACTO CON LOS OJOS: Aclarar cuidadosamente con agua durante varios minutos. Quitar las lentes de contacto, si lleva y resulta fácil. Seguir aclarando. Llamar inmediatamente a un centro de información toxicológica o a un médico. ",e,1,1,1,0.28,5,5.28,891954/010,1/17/2024,1/17/2026,1,
KAO-QB00025,Q0202011B,BETADET HR2,61789-40-0,PELIGRO,+34 93 739 9445,Provoca lesiones oculares graves.,"Llevar gafas o máscara de protección: Recomendado: gafas anti-salpicaduras. EN CASO DE CONTACTO CON LOS OJOS: Aclarar cuidadosamente con agua durante varios minutos. Quitar las lentes de contacto, si lleva y resulta fácil. Seguir aclarando. Llamar inmediatamente a un centro de información toxicológica o a un médico. ",e,1,1,1,0.48,10,10.48,891954/010,1/17/2024,1/17/2026,1,
KAO-QB00025,Q0202011C,BETADET HR2,61789-40-0,PELIGRO,+34 93 739 9445,Provoca lesiones oculares graves.,"Llevar gafas o máscara de protección: Recomendado: gafas anti-salpicaduras. EN CASO DE CONTACTO CON LOS OJOS: Aclarar cuidadosamente con agua durante varios minutos. Quitar las lentes de contacto, si lleva y resulta fácil. Seguir aclarando. Llamar inmediatamente a un centro de información toxicológica o a un médico. ",e,1,1,1,0.9,15,15.9,891954/010,1/17/2024,1/17/2026,1,
KAO-QB00025,Q0202011D,BETADET HR2,61789-40-0,PELIGRO,+34 93 739 9445,Provoca lesiones oculares graves.,"Llevar gafas o máscara de protección: Recomendado: gafas anti-salpicaduras. EN CASO DE CONTACTO CON LOS OJOS: Aclarar cuidadosamente con agua durante varios minutos. Quitar las lentes de contacto, si lleva y resulta fácil. Seguir aclarando. Llamar inmediatamente a un centro de información toxicológica o a un médico. ",e,1,1,1,0.9,20,20.9,891954/010,1/17/2024,1/17/2026,1,
KAO-QB00025,Q0202011E,BETADET HR2,61789-40-0,PELIGRO,+34 93 739 9445,Provoca lesiones oculares graves.,"Llevar gafas o máscara de protección: Recomendado: gafas anti-salpicaduras. EN CASO DE CONTACTO CON LOS OJOS: Aclarar cuidadosamente con agua durante varios minutos. Quitar las lentes de contacto, si lleva y resulta fácil. Seguir aclarando. Llamar inmediatamente a un centro de información toxicológica o a un médico. ",e,1,1,1,2.2,50,52.2,891954/010,1/17/2024,1/17/2026,1,
,,,,,,,,,,,,,,,,,,,
KAO-QB00027,Q0202009A,CETILICO KALKOL 6098,36653-82-4,No Aplicable,+34 93 739 9445,No Aplicable,No Aplicable,1,1,1,1,0.015,0.5,0.515,CBDF08,6/26/2024,6/26/2026,1,
KAO-QB00027,Q0202009B,CETILICO KALKOL 6098,36653-82-4,No Aplicable,+34 93 739 9445,No Aplicable,No Aplicable,1,1,1,1,0.015,1,1.015,CBDF08,6/26/2024,6/26/2026,1,
KAO-QB00027,Q0202009C,CETILICO KALKOL 6098,36653-82-4,No Aplicable,+34 93 739 9445,No Aplicable,No Aplicable,1,1,1,1,0.015,2,2.015,CBDF08,6/26/2024,6/26/2026,1,
KAO-QB00027,Q0202009D,CETILICO KALKOL 6098,36653-82-4,No Aplicable,+34 93 739 9445,No Aplicable,No Aplicable,1,1,1,1,0.035,3,3.035,CBDF08,6/26/2024,6/26/2026,1,
KAO-QB00027,Q0202009E,CETILICO KALKOL 6098,36653-82-4,No Aplicable,+34 93 739 9445,No Aplicable,No Aplicable,1,1,1,1,0.035,4,4.035,CBDF08,6/26/2024,6/26/2026,1,
KAO-QB00027,Q0202009F,CETILICO KALKOL 6098,36653-82-4,No Aplicable,+34 93 739 9445,No Aplicable,No Aplicable,1,1,1,1,0.035,5,5.035,CBDF08,6/26/2024,6/26/2026,1,
KAO-QB00027,Q0202009G,CETILICO KALKOL 6098,36653-82-4,No Aplicable,+34 93 739 9445,No Aplicable,No Aplicable,1,1,1,1,0.035,10,10.035,CBDF08,6/26/2024,6/26/2026,1,
,,,,,,,,,,,,,,,,,,,
,,,,,,,,,,,,,,,,,,,
KAO-QB00076,Q0203001A,TETRANYL BC-80E,"61789-71-7, 67-63-0",PELIGRO,+34 93 739 9445,Líquidos y vapores inflamables. Nocivo en caso de ingestión o en contacto con la piel. Provoca quemaduras graves en la piel y lesiones oculares graves.,"Llevar guantes de protección: > 8 horas (tiempo de detección): goma de butilo,
neopreno. Llevar gafas o máscara de protección: Recomendado: gafas de seguridad con protección lateral. Llevar prendas de protección: Recomendado: Traje de protección , bata de laboratorio. Mantener alejado del calor, de superficies calientes, de chispas, de llamas abiertas y de cualquier otra fuente de ignición. No fumar. Utilizar un material eléctrico, de ventilación, de iluminación y todos los equipos de manipulación de materiales antideflagrantes. Utilizar únicamente herramientas que no produzcan chispas. Tomar medidas de precaución contra descargas electrostáticas. Mantener el recipiente herméticamente cerrado. No comer, beber ni fumar durante su utilización. Lavarse las manos concienzudamente tras la manipulación. EN CASO DE INHALACIÓN: Transportar a la persona al aire libre y mantenerla en una posición que le facilite la respiración. Llamar inmediatamente a un centro de información toxicológica o a un médico. EN CASO DE INGESTIÓN: Llamar inmediatamente a un centro de información toxicológica o a un médico. Enjuagarse la boca. NO provocar el vómito. EN CASO DE  CONTACTO CON LA PIEL (o el pelo): Quitar inmediatamente todas las prendas contaminadas. Aclararse la piel con agua o ducharse. Lavar las prendas contaminadas antes de volver a usarlas. Llamar inmediatamente a un centro de información toxicológica o a un médico. EN CASO DE CONTACTO CON LA PIEL: Lavar con agua y jabón abundantes. Llamar a un centro de información toxicológica o a un médico en caso de malestar. Quitar las prendas contaminadas y lavarlas antes de volver a usarlas. EN CASO DE CONTACTO CON  OJOS OJOS: Aclarar cuidadosamente con agua durante varios minutos. Quitar las lentes de contacto, si lleva y resulta fácil. Seguir aclarando. Llamar inmediatamente a un centro de información toxicológica o a un médico. Guardar cerrado. Almacenar en un lugar bien ventilado. Mantener en lugar fresco. : Eliminar el contenido y el recipiente de acuerdo con las normativas locales, regionales, nacionales e internacionales.",b,e,g,1,0.09,1,1.09,32002749,9/23/2025,9/23/2027,1,
KAO-QB00076,Q0203001B,TETRANYL BC-80E,"61789-71-7, 67-63-0",PELIGRO,+34 93 739 9445,Líquidos y vapores inflamables. Nocivo en caso de ingestión o en contacto con la piel. Provoca quemaduras graves en la piel y lesiones oculares graves.,"Llevar guantes de protección: > 8 horas (tiempo de detección): goma de butilo,
neopreno. Llevar gafas o máscara de protección: Recomendado: gafas de seguridad con protección lateral. Llevar prendas de protección: Recomendado: Traje de protección , bata de laboratorio. Mantener alejado del calor, de superficies calientes, de chispas, de llamas abiertas y de cualquier otra fuente de ignición. No fumar. Utilizar un material eléctrico, de ventilación, de iluminación y todos los equipos de manipulación de materiales antideflagrantes. Utilizar únicamente herramientas que no produzcan chispas. Tomar medidas de precaución contra descargas electrostáticas. Mantener el recipiente herméticamente cerrado. No comer, beber ni fumar durante su utilización. Lavarse las manos concienzudamente tras la manipulación. EN CASO DE INHALACIÓN: Transportar a la persona al aire libre y mantenerla en una posición que le facilite la respiración. Llamar inmediatamente a un centro de información toxicológica o a un médico. EN CASO DE INGESTIÓN: Llamar inmediatamente a un centro de información toxicológica o a un médico. Enjuagarse la boca. NO provocar el vómito. EN CASO DE  CONTACTO CON LA PIEL (o el pelo): Quitar inmediatamente todas las prendas contaminadas. Aclararse la piel con agua o ducharse. Lavar las prendas contaminadas antes de volver a usarlas. Llamar inmediatamente a un centro de información toxicológica o a un médico. EN CASO DE CONTACTO CON LA PIEL: Lavar con agua y jabón abundantes. Llamar a un centro de información toxicológica o a un médico en caso de malestar. Quitar las prendas contaminadas y lavarlas antes de volver a usarlas. EN CASO DE CONTACTO CON  OJOS OJOS: Aclarar cuidadosamente con agua durante varios minutos. Quitar las lentes de contacto, si lleva y resulta fácil. Seguir aclarando. Llamar inmediatamente a un centro de información toxicológica o a un médico. Guardar cerrado. Almacenar en un lugar bien ventilado. Mantener en lugar fresco. : Eliminar el contenido y el recipiente de acuerdo con las normativas locales, regionales, nacionales e internacionales.",b,e,g,1,0.24,2,2.24,32002749,9/23/2025,9/23/2027,1,
KAO-QB00076,Q0203001C,TETRANYL BC-80E,"61789-71-7, 67-63-0",PELIGRO,+34 93 739 9445,Líquidos y vapores inflamables. Nocivo en caso de ingestión o en contacto con la piel. Provoca quemaduras graves en la piel y lesiones oculares graves.,"Llevar guantes de protección: > 8 horas (tiempo de detección): goma de butilo,
neopreno. Llevar gafas o máscara de protección: Recomendado: gafas de seguridad con protección lateral. Llevar prendas de protección: Recomendado: Traje de protección , bata de laboratorio. Mantener alejado del calor, de superficies calientes, de chispas, de llamas abiertas y de cualquier otra fuente de ignición. No fumar. Utilizar un material eléctrico, de ventilación, de iluminación y todos los equipos de manipulación de materiales antideflagrantes. Utilizar únicamente herramientas que no produzcan chispas. Tomar medidas de precaución contra descargas electrostáticas. Mantener el recipiente herméticamente cerrado. No comer, beber ni fumar durante su utilización. Lavarse las manos concienzudamente tras la manipulación. EN CASO DE INHALACIÓN: Transportar a la persona al aire libre y mantenerla en una posición que le facilite la respiración. Llamar inmediatamente a un centro de información toxicológica o a un médico. EN CASO DE INGESTIÓN: Llamar inmediatamente a un centro de información toxicológica o a un médico. Enjuagarse la boca. NO provocar el vómito. EN CASO DE  CONTACTO CON LA PIEL (o el pelo): Quitar inmediatamente todas las prendas contaminadas. Aclararse la piel con agua o ducharse. Lavar las prendas contaminadas antes de volver a usarlas. Llamar inmediatamente a un centro de información toxicológica o a un médico. EN CASO DE CONTACTO CON LA PIEL: Lavar con agua y jabón abundantes. Llamar a un centro de información toxicológica o a un médico en caso de malestar. Quitar las prendas contaminadas y lavarlas antes de volver a usarlas. EN CASO DE CONTACTO CON  OJOS OJOS: Aclarar cuidadosamente con agua durante varios minutos. Quitar las lentes de contacto, si lleva y resulta fácil. Seguir aclarando. Llamar inmediatamente a un centro de información toxicológica o a un médico. Guardar cerrado. Almacenar en un lugar bien ventilado. Mantener en lugar fresco. : Eliminar el contenido y el recipiente de acuerdo con las normativas locales, regionales, nacionales e internacionales.",b,e,g,1,0.24,3,3.24,32002749,9/23/2025,9/23/2027,1,
KAO-QB00076,Q0203001D,TETRANYL BC-80E,"61789-71-7, 67-63-0",PELIGRO,+34 93 739 9445,Líquidos y vapores inflamables. Nocivo en caso de ingestión o en contacto con la piel. Provoca quemaduras graves en la piel y lesiones oculares graves.,"Llevar guantes de protección: > 8 horas (tiempo de detección): goma de butilo,
neopreno. Llevar gafas o máscara de protección: Recomendado: gafas de seguridad con protección lateral. Llevar prendas de protección: Recomendado: Traje de protección , bata de laboratorio. Mantener alejado del calor, de superficies calientes, de chispas, de llamas abiertas y de cualquier otra fuente de ignición. No fumar. Utilizar un material eléctrico, de ventilación, de iluminación y todos los equipos de manipulación de materiales antideflagrantes. Utilizar únicamente herramientas que no produzcan chispas. Tomar medidas de precaución contra descargas electrostáticas. Mantener el recipiente herméticamente cerrado. No comer, beber ni fumar durante su utilización. Lavarse las manos concienzudamente tras la manipulación. EN CASO DE INHALACIÓN: Transportar a la persona al aire libre y mantenerla en una posición que le facilite la respiración. Llamar inmediatamente a un centro de información toxicológica o a un médico. EN CASO DE INGESTIÓN: Llamar inmediatamente a un centro de información toxicológica o a un médico. Enjuagarse la boca. NO provocar el vómito. EN CASO DE  CONTACTO CON LA PIEL (o el pelo): Quitar inmediatamente todas las prendas contaminadas. Aclararse la piel con agua o ducharse. Lavar las prendas contaminadas antes de volver a usarlas. Llamar inmediatamente a un centro de información toxicológica o a un médico. EN CASO DE CONTACTO CON LA PIEL: Lavar con agua y jabón abundantes. Llamar a un centro de información toxicológica o a un médico en caso de malestar. Quitar las prendas contaminadas y lavarlas antes de volver a usarlas. EN CASO DE CONTACTO CON  OJOS OJOS: Aclarar cuidadosamente con agua durante varios minutos. Quitar las lentes de contacto, si lleva y resulta fácil. Seguir aclarando. Llamar inmediatamente a un centro de información toxicológica o a un médico. Guardar cerrado. Almacenar en un lugar bien ventilado. Mantener en lugar fresco. : Eliminar el contenido y el recipiente de acuerdo con las normativas locales, regionales, nacionales e internacionales.",b,e,g,1,0.24,4,4.24,32002749,9/23/2025,9/23/2027,1,
KAO-QB00076,Q0203001E,TETRANYL BC-80E,"61789-71-7, 67-63-0",PELIGRO,+34 93 739 9445,Líquidos y vapores inflamables. Nocivo en caso de ingestión o en contacto con la piel. Provoca quemaduras graves en la piel y lesiones oculares graves.,"Llevar guantes de protección: > 8 horas (tiempo de detección): goma de butilo,
neopreno. Llevar gafas o máscara de protección: Recomendado: gafas de seguridad con protección lateral. Llevar prendas de protección: Recomendado: Traje de protección , bata de laboratorio. Mantener alejado del calor, de superficies calientes, de chispas, de llamas abiertas y de cualquier otra fuente de ignición. No fumar. Utilizar un material eléctrico, de ventilación, de iluminación y todos los equipos de manipulación de materiales antideflagrantes. Utilizar únicamente herramientas que no produzcan chispas. Tomar medidas de precaución contra descargas electrostáticas. Mantener el recipiente herméticamente cerrado. No comer, beber ni fumar durante su utilización. Lavarse las manos concienzudamente tras la manipulación. EN CASO DE INHALACIÓN: Transportar a la persona al aire libre y mantenerla en una posición que le facilite la respiración. Llamar inmediatamente a un centro de información toxicológica o a un médico. EN CASO DE INGESTIÓN: Llamar inmediatamente a un centro de información toxicológica o a un médico. Enjuagarse la boca. NO provocar el vómito. EN CASO DE  CONTACTO CON LA PIEL (o el pelo): Quitar inmediatamente todas las prendas contaminadas. Aclararse la piel con agua o ducharse. Lavar las prendas contaminadas antes de volver a usarlas. Llamar inmediatamente a un centro de información toxicológica o a un médico. EN CASO DE CONTACTO CON LA PIEL: Lavar con agua y jabón abundantes. Llamar a un centro de información toxicológica o a un médico en caso de malestar. Quitar las prendas contaminadas y lavarlas antes de volver a usarlas. EN CASO DE CONTACTO CON  OJOS OJOS: Aclarar cuidadosamente con agua durante varios minutos. Quitar las lentes de contacto, si lleva y resulta fácil. Seguir aclarando. Llamar inmediatamente a un centro de información toxicológica o a un médico. Guardar cerrado. Almacenar en un lugar bien ventilado. Mantener en lugar fresco. : Eliminar el contenido y el recipiente de acuerdo con las normativas locales, regionales, nacionales e internacionales.",b,e,g,1,0.28,5,5.28,32002749,9/23/2025,9/23/2027,1,
KAO-QB00076,Q0203001F,TETRANYL BC-80E,"61789-71-7, 67-63-0",PELIGRO,+34 93 739 9445,Líquidos y vapores inflamables. Nocivo en caso de ingestión o en contacto con la piel. Provoca quemaduras graves en la piel y lesiones oculares graves.,"Llevar guantes de protección: > 8 horas (tiempo de detección): goma de butilo,
neopreno. Llevar gafas o máscara de protección: Recomendado: gafas de seguridad con protección lateral. Llevar prendas de protección: Recomendado: Traje de protección , bata de laboratorio. Mantener alejado del calor, de superficies calientes, de chispas, de llamas abiertas y de cualquier otra fuente de ignición. No fumar. Utilizar un material eléctrico, de ventilación, de iluminación y todos los equipos de manipulación de materiales antideflagrantes. Utilizar únicamente herramientas que no produzcan chispas. Tomar medidas de precaución contra descargas electrostáticas. Mantener el recipiente herméticamente cerrado. No comer, beber ni fumar durante su utilización. Lavarse las manos concienzudamente tras la manipulación. EN CASO DE INHALACIÓN: Transportar a la persona al aire libre y mantenerla en una posición que le facilite la respiración. Llamar inmediatamente a un centro de información toxicológica o a un médico. EN CASO DE INGESTIÓN: Llamar inmediatamente a un centro de información toxicológica o a un médico. Enjuagarse la boca. NO provocar el vómito. EN CASO DE  CONTACTO CON LA PIEL (o el pelo): Quitar inmediatamente todas las prendas contaminadas. Aclararse la piel con agua o ducharse. Lavar las prendas contaminadas antes de volver a usarlas. Llamar inmediatamente a un centro de información toxicológica o a un médico. EN CASO DE CONTACTO CON LA PIEL: Lavar con agua y jabón abundantes. Llamar a un centro de información toxicológica o a un médico en caso de malestar. Quitar las prendas contaminadas y lavarlas antes de volver a usarlas. EN CASO DE CONTACTO CON  OJOS OJOS: Aclarar cuidadosamente con agua durante varios minutos. Quitar las lentes de contacto, si lleva y resulta fácil. Seguir aclarando. Llamar inmediatamente a un centro de información toxicológica o a un médico. Guardar cerrado. Almacenar en un lugar bien ventilado. Mantener en lugar fresco. : Eliminar el contenido y el recipiente de acuerdo con las normativas locales, regionales, nacionales e internacionales.",b,e,g,1,0.48,10,10.48,32002749,9/23/2025,9/23/2027,1,
KAO-QB00076,Q0203001G,TETRANYL BC-80E,"61789-71-7, 67-63-0",PELIGRO,+34 93 739 9445,Líquidos y vapores inflamables. Nocivo en caso de ingestión o en contacto con la piel. Provoca quemaduras graves en la piel y lesiones oculares graves.,"Llevar guantes de protección: > 8 horas (tiempo de detección): goma de butilo,
neopreno. Llevar gafas o máscara de protección: Recomendado: gafas de seguridad con protección lateral. Llevar prendas de protección: Recomendado: Traje de protección , bata de laboratorio. Mantener alejado del calor, de superficies calientes, de chispas, de llamas abiertas y de cualquier otra fuente de ignición. No fumar. Utilizar un material eléctrico, de ventilación, de iluminación y todos los equipos de manipulación de materiales antideflagrantes. Utilizar únicamente herramientas que no produzcan chispas. Tomar medidas de precaución contra descargas electrostáticas. Mantener el recipiente herméticamente cerrado. No comer, beber ni fumar durante su utilización. Lavarse las manos concienzudamente tras la manipulación. EN CASO DE INHALACIÓN: Transportar a la persona al aire libre y mantenerla en una posición que le facilite la respiración. Llamar inmediatamente a un centro de información toxicológica o a un médico. EN CASO DE INGESTIÓN: Llamar inmediatamente a un centro de información toxicológica o a un médico. Enjuagarse la boca. NO provocar el vómito. EN CASO DE  CONTACTO CON LA PIEL (o el pelo): Quitar inmediatamente todas las prendas contaminadas. Aclararse la piel con agua o ducharse. Lavar las prendas contaminadas antes de volver a usarlas. Llamar inmediatamente a un centro de información toxicológica o a un médico. EN CASO DE CONTACTO CON LA PIEL: Lavar con agua y jabón abundantes. Llamar a un centro de información toxicológica o a un médico en caso de malestar. Quitar las prendas contaminadas y lavarlas antes de volver a usarlas. EN CASO DE CONTACTO CON  OJOS OJOS: Aclarar cuidadosamente con agua durante varios minutos. Quitar las lentes de contacto, si lleva y resulta fácil. Seguir aclarando. Llamar inmediatamente a un centro de información toxicológica o a un médico. Guardar cerrado. Almacenar en un lugar bien ventilado. Mantener en lugar fresco. : Eliminar el contenido y el recipiente de acuerdo con las normativas locales, regionales, nacionales e internacionales.",b,e,g,1,0.9,15,15.9,32002749,9/23/2025,9/23/2027,1,
KAO-QB00076,Q0203001H,TETRANYL BC-80E,"61789-71-7, 67-63-0",PELIGRO,+34 93 739 9445,Líquidos y vapores inflamables. Nocivo en caso de ingestión o en contacto con la piel. Provoca quemaduras graves en la piel y lesiones oculares graves.,"Llevar guantes de protección: > 8 horas (tiempo de detección): goma de butilo,
neopreno. Llevar gafas o máscara de protección: Recomendado: gafas de seguridad con protección lateral. Llevar prendas de protección: Recomendado: Traje de protección , bata de laboratorio. Mantener alejado del calor, de superficies calientes, de chispas, de llamas abiertas y de cualquier otra fuente de ignición. No fumar. Utilizar un material eléctrico, de ventilación, de iluminación y todos los equipos de manipulación de materiales antideflagrantes. Utilizar únicamente herramientas que no produzcan chispas. Tomar medidas de precaución contra descargas electrostáticas. Mantener el recipiente herméticamente cerrado. No comer, beber ni fumar durante su utilización. Lavarse las manos concienzudamente tras la manipulación. EN CASO DE INHALACIÓN: Transportar a la persona al aire libre y mantenerla en una posición que le facilite la respiración. Llamar inmediatamente a un centro de información toxicológica o a un médico. EN CASO DE INGESTIÓN: Llamar inmediatamente a un centro de información toxicológica o a un médico. Enjuagarse la boca. NO provocar el vómito. EN CASO DE  CONTACTO CON LA PIEL (o el pelo): Quitar inmediatamente todas las prendas contaminadas. Aclararse la piel con agua o ducharse. Lavar las prendas contaminadas antes de volver a usarlas. Llamar inmediatamente a un centro de información toxicológica o a un médico. EN CASO DE CONTACTO CON LA PIEL: Lavar con agua y jabón abundantes. Llamar a un centro de información toxicológica o a un médico en caso de malestar. Quitar las prendas contaminadas y lavarlas antes de volver a usarlas. EN CASO DE CONTACTO CON  OJOS OJOS: Aclarar cuidadosamente con agua durante varios minutos. Quitar las lentes de contacto, si lleva y resulta fácil. Seguir aclarando. Llamar inmediatamente a un centro de información toxicológica o a un médico. Guardar cerrado. Almacenar en un lugar bien ventilado. Mantener en lugar fresco. : Eliminar el contenido y el recipiente de acuerdo con las normativas locales, regionales, nacionales e internacionales.",b,e,g,1,0.9,20,20.9,32002749,9/23/2025,9/23/2027,1,
KAO-QB00076,Q0203001I,TETRANYL BC-80E,"61789-71-7, 67-63-0",PELIGRO,+34 93 739 9445,Líquidos y vapores inflamables. Nocivo en caso de ingestión o en contacto con la piel. Provoca quemaduras graves en la piel y lesiones oculares graves.,"Llevar guantes de protección: > 8 horas (tiempo de detección): goma de butilo,
neopreno. Llevar gafas o máscara de protección: Recomendado: gafas de seguridad con protección lateral. Llevar prendas de protección: Recomendado: Traje de protección , bata de laboratorio. Mantener alejado del calor, de superficies calientes, de chispas, de llamas abiertas y de cualquier otra fuente de ignición. No fumar. Utilizar un material eléctrico, de ventilación, de iluminación y todos los equipos de manipulación de materiales antideflagrantes. Utilizar únicamente herramientas que no produzcan chispas. Tomar medidas de precaución contra descargas electrostáticas. Mantener el recipiente herméticamente cerrado. No comer, beber ni fumar durante su utilización. Lavarse las manos concienzudamente tras la manipulación. EN CASO DE INHALACIÓN: Transportar a la persona al aire libre y mantenerla en una posición que le facilite la respiración. Llamar inmediatamente a un centro de información toxicológica o a un médico. EN CASO DE INGESTIÓN: Llamar inmediatamente a un centro de información toxicológica o a un médico. Enjuagarse la boca. NO provocar el vómito. EN CASO DE  CONTACTO CON LA PIEL (o el pelo): Quitar inmediatamente todas las prendas contaminadas. Aclararse la piel con agua o ducharse. Lavar las prendas contaminadas antes de volver a usarlas. Llamar inmediatamente a un centro de información toxicológica o a un médico. EN CASO DE CONTACTO CON LA PIEL: Lavar con agua y jabón abundantes. Llamar a un centro de información toxicológica o a un médico en caso de malestar. Quitar las prendas contaminadas y lavarlas antes de volver a usarlas. EN CASO DE CONTACTO CON  OJOS OJOS: Aclarar cuidadosamente con agua durante varios minutos. Quitar las lentes de contacto, si lleva y resulta fácil. Seguir aclarando. Llamar inmediatamente a un centro de información toxicológica o a un médico. Guardar cerrado. Almacenar en un lugar bien ventilado. Mantener en lugar fresco. : Eliminar el contenido y el recipiente de acuerdo con las normativas locales, regionales, nacionales e internacionales.",b,e,g,1,2.2,50,52.2,32002749,9/23/2025,9/23/2027,1,
,,,,,,,,,,,,,,,,,,,
KAO-QB00030,Q0203004A,DANOX BT60 ,No Aplica,PELIGRO,+34 93 739 9445,Líquidos y vapores inflamables. Nocivo en caso de ingestión o en contacto con la piel. Provoca quemaduras graves en la piel y lesiones oculares graves.,"Llevar guantes de protección: > 8 horas (tiempo de detección): goma de butilo. Llevar gafas o máscara de protección: Recomendado: gafas anti-salpicaduras , máscara. Llevar prendas de protección: Recomendado: traje protector resistente a los químicos.  mantener alejado del calor, de superficies calientes, de chispas, de llamas abiertas y de cualquier otra fuente de ignición. No fumar. Utilizar un material eléctrico, de ventilación, de iluminación y todos los equipos de manipulación de materiales antideflagrantes. Utilizar únicamente herramientas que no produzcan chispas. Tomar medidas de precaución contra descargas electrostáticas. Mantener el recipiente herméticamente cerrado. No comer, beber ni fumar durante su utilización. Lavarse las manos concienzudamente tras la manipulación. EN CASO DE INHALACIÓN: Transportar a la persona al aire libre y mantenerla en una posición que le facilite la respiración. Llamar inmediatamente a un centro de información toxicológica o a un médico. EN CASO DE INGESTIÓN: Llamar
inmediatamente a un centro de información toxicológica o a un médico. Enjuagarse la boca. NO provocar el vómito. EN CASO DE CONTACTO CON LA PIEL (o el pelo): Quitar inmediatamente todas las prendas contaminadas. Aclararse la piel con agua o ducharse. Lavar las prendas contaminadas antes de volver a usarlas. Llamar inmediatamente a un centro de información toxicológica o a un médico. EN CASO DE CONTACTO CON LA PIEL: Lavar con agua y jabón abundantes. Llamar a un centro de información toxicológica o a un médico en caso de malestar. Quitar las prendas contaminadas y lavarlas antes de volver a usarlas. EN CASO DE CONTACTO CON LOS OJOS: Aclarar cuidadosamente con agua durante varios minutos. Quitar las lentes de contacto, si lleva y resulta fácil. Seguir aclarando. Llamar inmediatamente a
un centro de información toxicológica o a un médico. Guardar cerrado. Almacenar en un lugar bien ventilado. Mantener en lugar fresco. Eliminar el contenido y el recipiente de acuerdo con las normativas locales, regionales, nacionales e internacionales.",b,e,g,I,0.09,1,1.09,32002136,9/6/2025,9/6/2027,1,
KAO-QB00030,Q0203004B,DANOX BT60 ,No Aplica,PELIGRO,+34 93 739 9445,Líquidos y vapores inflamables. Nocivo en caso de ingestión o en contacto con la piel. Provoca quemaduras graves en la piel y lesiones oculares graves.,"Llevar guantes de protección: > 8 horas (tiempo de detección): goma de butilo. Llevar gafas o máscara de protección: Recomendado: gafas anti-salpicaduras , máscara. Llevar prendas de protección: Recomendado: traje protector resistente a los químicos.  mantener alejado del calor, de superficies calientes, de chispas, de llamas abiertas y de cualquier otra fuente de ignición. No fumar. Utilizar un material eléctrico, de ventilación, de iluminación y todos los equipos de manipulación de materiales antideflagrantes. Utilizar únicamente herramientas que no produzcan chispas. Tomar medidas de precaución contra descargas electrostáticas. Mantener el recipiente herméticamente cerrado. No comer, beber ni fumar durante su utilización. Lavarse las manos concienzudamente tras la manipulación. EN CASO DE INHALACIÓN: Transportar a la persona al aire libre y mantenerla en una posición que le facilite la respiración. Llamar inmediatamente a un centro de información toxicológica o a un médico. EN CASO DE INGESTIÓN: Llamar
inmediatamente a un centro de información toxicológica o a un médico. Enjuagarse la boca. NO provocar el vómito. EN CASO DE CONTACTO CON LA PIEL (o el pelo): Quitar inmediatamente todas las prendas contaminadas. Aclararse la piel con agua o ducharse. Lavar las prendas contaminadas antes de volver a usarlas. Llamar inmediatamente a un centro de información toxicológica o a un médico. EN CASO DE CONTACTO CON LA PIEL: Lavar con agua y jabón abundantes. Llamar a un centro de información toxicológica o a un médico en caso de malestar. Quitar las prendas contaminadas y lavarlas antes de volver a usarlas. EN CASO DE CONTACTO CON LOS OJOS: Aclarar cuidadosamente con agua durante varios minutos. Quitar las lentes de contacto, si lleva y resulta fácil. Seguir aclarando. Llamar inmediatamente a
un centro de información toxicológica o a un médico. Guardar cerrado. Almacenar en un lugar bien ventilado. Mantener en lugar fresco. Eliminar el contenido y el recipiente de acuerdo con las normativas locales, regionales, nacionales e internacionales.",b,e,g,I,0.24,2,2.24,32002136,9/6/2025,9/6/2027,1,
KAO-QB00030,Q0203004C,DANOX BT60 ,No Aplica,PELIGRO,+34 93 739 9445,Líquidos y vapores inflamables. Nocivo en caso de ingestión o en contacto con la piel. Provoca quemaduras graves en la piel y lesiones oculares graves.,"Llevar guantes de protección: > 8 horas (tiempo de detección): goma de butilo. Llevar gafas o máscara de protección: Recomendado: gafas anti-salpicaduras , máscara. Llevar prendas de protección: Recomendado: traje protector resistente a los químicos.  mantener alejado del calor, de superficies calientes, de chispas, de llamas abiertas y de cualquier otra fuente de ignición. No fumar. Utilizar un material eléctrico, de ventilación, de iluminación y todos los equipos de manipulación de materiales antideflagrantes. Utilizar únicamente herramientas que no produzcan chispas. Tomar medidas de precaución contra descargas electrostáticas. Mantener el recipiente herméticamente cerrado. No comer, beber ni fumar durante su utilización. Lavarse las manos concienzudamente tras la manipulación. EN CASO DE INHALACIÓN: Transportar a la persona al aire libre y mantenerla en una posición que le facilite la respiración. Llamar inmediatamente a un centro de información toxicológica o a un médico. EN CASO DE INGESTIÓN: Llamar
inmediatamente a un centro de información toxicológica o a un médico. Enjuagarse la boca. NO provocar el vómito. EN CASO DE CONTACTO CON LA PIEL (o el pelo): Quitar inmediatamente todas las prendas contaminadas. Aclararse la piel con agua o ducharse. Lavar las prendas contaminadas antes de volver a usarlas. Llamar inmediatamente a un centro de información toxicológica o a un médico. EN CASO DE CONTACTO CON LA PIEL: Lavar con agua y jabón abundantes. Llamar a un centro de información toxicológica o a un médico en caso de malestar. Quitar las prendas contaminadas y lavarlas antes de volver a usarlas. EN CASO DE CONTACTO CON LOS OJOS: Aclarar cuidadosamente con agua durante varios minutos. Quitar las lentes de contacto, si lleva y resulta fácil. Seguir aclarando. Llamar inmediatamente a
un centro de información toxicológica o a un médico. Guardar cerrado. Almacenar en un lugar bien ventilado. Mantener en lugar fresco. Eliminar el contenido y el recipiente de acuerdo con las normativas locales, regionales, nacionales e internacionales.",b,e,g,I,0.24,3,3.24,32002136,9/6/2025,9/6/2027,1,
KAO-QB00030,Q0203004D,DANOX BT60 ,No Aplica,PELIGRO,+34 93 739 9445,Líquidos y vapores inflamables. Nocivo en caso de ingestión o en contacto con la piel. Provoca quemaduras graves en la piel y lesiones oculares graves.,"Llevar guantes de protección: > 8 horas (tiempo de detección): goma de butilo. Llevar gafas o máscara de protección: Recomendado: gafas anti-salpicaduras , máscara. Llevar prendas de protección: Recomendado: traje protector resistente a los químicos.  mantener alejado del calor, de superficies calientes, de chispas, de llamas abiertas y de cualquier otra fuente de ignición. No fumar. Utilizar un material eléctrico, de ventilación, de iluminación y todos los equipos de manipulación de materiales antideflagrantes. Utilizar únicamente herramientas que no produzcan chispas. Tomar medidas de precaución contra descargas electrostáticas. Mantener el recipiente herméticamente cerrado. No comer, beber ni fumar durante su utilización. Lavarse las manos concienzudamente tras la manipulación. EN CASO DE INHALACIÓN: Transportar a la persona al aire libre y mantenerla en una posición que le facilite la respiración. Llamar inmediatamente a un centro de información toxicológica o a un médico. EN CASO DE INGESTIÓN: Llamar
inmediatamente a un centro de información toxicológica o a un médico. Enjuagarse la boca. NO provocar el vómito. EN CASO DE CONTACTO CON LA PIEL (o el pelo): Quitar inmediatamente todas las prendas contaminadas. Aclararse la piel con agua o ducharse. Lavar las prendas contaminadas antes de volver a usarlas. Llamar inmediatamente a un centro de información toxicológica o a un médico. EN CASO DE CONTACTO CON LA PIEL: Lavar con agua y jabón abundantes. Llamar a un centro de información toxicológica o a un médico en caso de malestar. Quitar las prendas contaminadas y lavarlas antes de volver a usarlas. EN CASO DE CONTACTO CON LOS OJOS: Aclarar cuidadosamente con agua durante varios minutos. Quitar las lentes de contacto, si lleva y resulta fácil. Seguir aclarando. Llamar inmediatamente a
un centro de información toxicológica o a un médico. Guardar cerrado. Almacenar en un lugar bien ventilado. Mantener en lugar fresco. Eliminar el contenido y el recipiente de acuerdo con las normativas locales, regionales, nacionales e internacionales.",b,e,g,I,0.24,4,4.24,32002136,9/6/2025,9/6/2027,1,
KAO-QB00030,Q0203004E,DANOX BT60 ,No Aplica,PELIGRO,+34 93 739 9445,Líquidos y vapores inflamables. Nocivo en caso de ingestión o en contacto con la piel. Provoca quemaduras graves en la piel y lesiones oculares graves.,"Llevar guantes de protección: > 8 horas (tiempo de detección): goma de butilo. Llevar gafas o máscara de protección: Recomendado: gafas anti-salpicaduras , máscara. Llevar prendas de protección: Recomendado: traje protector resistente a los químicos.  mantener alejado del calor, de superficies calientes, de chispas, de llamas abiertas y de cualquier otra fuente de ignición. No fumar. Utilizar un material eléctrico, de ventilación, de iluminación y todos los equipos de manipulación de materiales antideflagrantes. Utilizar únicamente herramientas que no produzcan chispas. Tomar medidas de precaución contra descargas electrostáticas. Mantener el recipiente herméticamente cerrado. No comer, beber ni fumar durante su utilización. Lavarse las manos concienzudamente tras la manipulación. EN CASO DE INHALACIÓN: Transportar a la persona al aire libre y mantenerla en una posición que le facilite la respiración. Llamar inmediatamente a un centro de información toxicológica o a un médico. EN CASO DE INGESTIÓN: Llamar
inmediatamente a un centro de información toxicológica o a un médico. Enjuagarse la boca. NO provocar el vómito. EN CASO DE CONTACTO CON LA PIEL (o el pelo): Quitar inmediatamente todas las prendas contaminadas. Aclararse la piel con agua o ducharse. Lavar las prendas contaminadas antes de volver a usarlas. Llamar inmediatamente a un centro de información toxicológica o a un médico. EN CASO DE CONTACTO CON LA PIEL: Lavar con agua y jabón abundantes. Llamar a un centro de información toxicológica o a un médico en caso de malestar. Quitar las prendas contaminadas y lavarlas antes de volver a usarlas. EN CASO DE CONTACTO CON LOS OJOS: Aclarar cuidadosamente con agua durante varios minutos. Quitar las lentes de contacto, si lleva y resulta fácil. Seguir aclarando. Llamar inmediatamente a
un centro de información toxicológica o a un médico. Guardar cerrado. Almacenar en un lugar bien ventilado. Mantener en lugar fresco. Eliminar el contenido y el recipiente de acuerdo con las normativas locales, regionales, nacionales e internacionales.",b,e,g,I,0.28,5,5.28,32002136,9/6/2025,9/6/2027,1,
KAO-QB00030,Q0203004F,DANOX BT60 ,No Aplica,PELIGRO,+34 93 739 9445,Líquidos y vapores inflamables. Nocivo en caso de ingestión o en contacto con la piel. Provoca quemaduras graves en la piel y lesiones oculares graves.,"Llevar guantes de protección: > 8 horas (tiempo de detección): goma de butilo. Llevar gafas o máscara de protección: Recomendado: gafas anti-salpicaduras , máscara. Llevar prendas de protección: Recomendado: traje protector resistente a los químicos.  mantener alejado del calor, de superficies calientes, de chispas, de llamas abiertas y de cualquier otra fuente de ignición. No fumar. Utilizar un material eléctrico, de ventilación, de iluminación y todos los equipos de manipulación de materiales antideflagrantes. Utilizar únicamente herramientas que no produzcan chispas. Tomar medidas de precaución contra descargas electrostáticas. Mantener el recipiente herméticamente cerrado. No comer, beber ni fumar durante su utilización. Lavarse las manos concienzudamente tras la manipulación. EN CASO DE INHALACIÓN: Transportar a la persona al aire libre y mantenerla en una posición que le facilite la respiración. Llamar inmediatamente a un centro de información toxicológica o a un médico. EN CASO DE INGESTIÓN: Llamar
inmediatamente a un centro de información toxicológica o a un médico. Enjuagarse la boca. NO provocar el vómito. EN CASO DE CONTACTO CON LA PIEL (o el pelo): Quitar inmediatamente todas las prendas contaminadas. Aclararse la piel con agua o ducharse. Lavar las prendas contaminadas antes de volver a usarlas. Llamar inmediatamente a un centro de información toxicológica o a un médico. EN CASO DE CONTACTO CON LA PIEL: Lavar con agua y jabón abundantes. Llamar a un centro de información toxicológica o a un médico en caso de malestar. Quitar las prendas contaminadas y lavarlas antes de volver a usarlas. EN CASO DE CONTACTO CON LOS OJOS: Aclarar cuidadosamente con agua durante varios minutos. Quitar las lentes de contacto, si lleva y resulta fácil. Seguir aclarando. Llamar inmediatamente a
un centro de información toxicológica o a un médico. Guardar cerrado. Almacenar en un lugar bien ventilado. Mantener en lugar fresco. Eliminar el contenido y el recipiente de acuerdo con las normativas locales, regionales, nacionales e internacionales.",b,e,g,I,0.48,10,10.48,32002136,9/6/2025,9/6/2027,1,
KAO-QB00030,Q0203004G,DANOX BT60 ,No Aplica,PELIGRO,+34 93 739 9445,Líquidos y vapores inflamables. Nocivo en caso de ingestión o en contacto con la piel. Provoca quemaduras graves en la piel y lesiones oculares graves.,"Llevar guantes de protección: > 8 horas (tiempo de detección): goma de butilo. Llevar gafas o máscara de protección: Recomendado: gafas anti-salpicaduras , máscara. Llevar prendas de protección: Recomendado: traje protector resistente a los químicos.  mantener alejado del calor, de superficies calientes, de chispas, de llamas abiertas y de cualquier otra fuente de ignición. No fumar. Utilizar un material eléctrico, de ventilación, de iluminación y todos los equipos de manipulación de materiales antideflagrantes. Utilizar únicamente herramientas que no produzcan chispas. Tomar medidas de precaución contra descargas electrostáticas. Mantener el recipiente herméticamente cerrado. No comer, beber ni fumar durante su utilización. Lavarse las manos concienzudamente tras la manipulación. EN CASO DE INHALACIÓN: Transportar a la persona al aire libre y mantenerla en una posición que le facilite la respiración. Llamar inmediatamente a un centro de información toxicológica o a un médico. EN CASO DE INGESTIÓN: Llamar
inmediatamente a un centro de información toxicológica o a un médico. Enjuagarse la boca. NO provocar el vómito. EN CASO DE CONTACTO CON LA PIEL (o el pelo): Quitar inmediatamente todas las prendas contaminadas. Aclararse la piel con agua o ducharse. Lavar las prendas contaminadas antes de volver a usarlas. Llamar inmediatamente a un centro de información toxicológica o a un médico. EN CASO DE CONTACTO CON LA PIEL: Lavar con agua y jabón abundantes. Llamar a un centro de información toxicológica o a un médico en caso de malestar. Quitar las prendas contaminadas y lavarlas antes de volver a usarlas. EN CASO DE CONTACTO CON LOS OJOS: Aclarar cuidadosamente con agua durante varios minutos. Quitar las lentes de contacto, si lleva y resulta fácil. Seguir aclarando. Llamar inmediatamente a
un centro de información toxicológica o a un médico. Guardar cerrado. Almacenar en un lugar bien ventilado. Mantener en lugar fresco. Eliminar el contenido y el recipiente de acuerdo con las normativas locales, regionales, nacionales e internacionales.",b,e,g,I,0.9,15,15.9,32002136,9/6/2025,9/6/2027,1,
KAO-QB00030,Q0203004H,DANOX BT60 ,No Aplica,PELIGRO,+34 93 739 9445,Líquidos y vapores inflamables. Nocivo en caso de ingestión o en contacto con la piel. Provoca quemaduras graves en la piel y lesiones oculares graves.,"Llevar guantes de protección: > 8 horas (tiempo de detección): goma de butilo. Llevar gafas o máscara de protección: Recomendado: gafas anti-salpicaduras , máscara. Llevar prendas de protección: Recomendado: traje protector resistente a los químicos.  mantener alejado del calor, de superficies calientes, de chispas, de llamas abiertas y de cualquier otra fuente de ignición. No fumar. Utilizar un material eléctrico, de ventilación, de iluminación y todos los equipos de manipulación de materiales antideflagrantes. Utilizar únicamente herramientas que no produzcan chispas. Tomar medidas de precaución contra descargas electrostáticas. Mantener el recipiente herméticamente cerrado. No comer, beber ni fumar durante su utilización. Lavarse las manos concienzudamente tras la manipulación. EN CASO DE INHALACIÓN: Transportar a la persona al aire libre y mantenerla en una posición que le facilite la respiración. Llamar inmediatamente a un centro de información toxicológica o a un médico. EN CASO DE INGESTIÓN: Llamar
inmediatamente a un centro de información toxicológica o a un médico. Enjuagarse la boca. NO provocar el vómito. EN CASO DE CONTACTO CON LA PIEL (o el pelo): Quitar inmediatamente todas las prendas contaminadas. Aclararse la piel con agua o ducharse. Lavar las prendas contaminadas antes de volver a usarlas. Llamar inmediatamente a un centro de información toxicológica o a un médico. EN CASO DE CONTACTO CON LA PIEL: Lavar con agua y jabón abundantes. Llamar a un centro de información toxicológica o a un médico en caso de malestar. Quitar las prendas contaminadas y lavarlas antes de volver a usarlas. EN CASO DE CONTACTO CON LOS OJOS: Aclarar cuidadosamente con agua durante varios minutos. Quitar las lentes de contacto, si lleva y resulta fácil. Seguir aclarando. Llamar inmediatamente a
un centro de información toxicológica o a un médico. Guardar cerrado. Almacenar en un lugar bien ventilado. Mantener en lugar fresco. Eliminar el contenido y el recipiente de acuerdo con las normativas locales, regionales, nacionales e internacionales.",b,e,g,I,0.9,20,20.9,32002136,9/6/2025,9/6/2027,1,
KAO-QB00030,Q0203004I,DANOX BT60 ,No Aplica,PELIGRO,+34 93 739 9445,Líquidos y vapores inflamables. Nocivo en caso de ingestión o en contacto con la piel. Provoca quemaduras graves en la piel y lesiones oculares graves.,"Llevar guantes de protección: > 8 horas (tiempo de detección): goma de butilo. Llevar gafas o máscara de protección: Recomendado: gafas anti-salpicaduras , máscara. Llevar prendas de protección: Recomendado: traje protector resistente a los químicos.  mantener alejado del calor, de superficies calientes, de chispas, de llamas abiertas y de cualquier otra fuente de ignición. No fumar. Utilizar un material eléctrico, de ventilación, de iluminación y todos los equipos de manipulación de materiales antideflagrantes. Utilizar únicamente herramientas que no produzcan chispas. Tomar medidas de precaución contra descargas electrostáticas. Mantener el recipiente herméticamente cerrado. No comer, beber ni fumar durante su utilización. Lavarse las manos concienzudamente tras la manipulación. EN CASO DE INHALACIÓN: Transportar a la persona al aire libre y mantenerla en una posición que le facilite la respiración. Llamar inmediatamente a un centro de información toxicológica o a un médico. EN CASO DE INGESTIÓN: Llamar
inmediatamente a un centro de información toxicológica o a un médico. Enjuagarse la boca. NO provocar el vómito. EN CASO DE CONTACTO CON LA PIEL (o el pelo): Quitar inmediatamente todas las prendas contaminadas. Aclararse la piel con agua o ducharse. Lavar las prendas contaminadas antes de volver a usarlas. Llamar inmediatamente a un centro de información toxicológica o a un médico. EN CASO DE CONTACTO CON LA PIEL: Lavar con agua y jabón abundantes. Llamar a un centro de información toxicológica o a un médico en caso de malestar. Quitar las prendas contaminadas y lavarlas antes de volver a usarlas. EN CASO DE CONTACTO CON LOS OJOS: Aclarar cuidadosamente con agua durante varios minutos. Quitar las lentes de contacto, si lleva y resulta fácil. Seguir aclarando. Llamar inmediatamente a
un centro de información toxicológica o a un médico. Guardar cerrado. Almacenar en un lugar bien ventilado. Mantener en lugar fresco. Eliminar el contenido y el recipiente de acuerdo con las normativas locales, regionales, nacionales e internacionales.",b,e,g,I,2.2,50,52.2,32002136,9/6/2025,9/6/2027,1,
,,,,,,,,,,,,,,,,,,,
KAO-QB00028,Q0204001A,CORROMIN E-4,No aplicable,PELIGRO,+34 93 739 9445,Líquidos y vapores inflamables. Nocivo en caso de ingestión. Provoca quemaduras graves en la piel y  lesiones oculares graves. Puede provocar una reacción alérgica en la piel. Puede provocar somnolencia o vértigo. Provoca daños en los órganos tras exposiciones prolongadas o repetidas.,"Llevar guantes de protección: > 8 horas (tiempo de detección): goma de butilo , Viton®. Llevar gafas o máscara de protección: Recomendado: gafas anti-salpicaduras , máscara. Llevar prendas de protección: Recomendado: Traje de protección. Mantener alejado del calor, de superficies calientes, de chispas, de llamas abiertas y de cualquier otra fuente de ignición. No fumar. Utilizar un material eléctrico, de ventilación, de iluminación y todos los equipos de manipulación de materiales antideflagrantes. Utilizar únicamente herramientas que no produzcan chispas. Tomar medidas de precaución contra descargas electrostáticas. Mantener el recipiente herméticamente cerrado. Utilizar únicamente en exteriores o en un lugar bien ventilado. No respirar los vapores. No comer, beber ni fumar durante su utilización. Lavarse las manos concienzudamente tras la manipulación.  Consultar a un médico en caso de malestar. EN CASO DE INHALACIÓN: Transportar a la víctima al exterior y mantenerla en reposo en una posición confortable para respirar. Llamar inmediatamente a un centro de información toxicológica o a un médico. EN CASO DE INGESTIÓN: Llamar inmediatamente a un centro de información toxicológica o a un médico. Enjuagarse la boca. NO provocar el vómito. EN CASO DE CONTACTO CON LA PIEL (o el pelo): Quitar inmediatamente todas las prendas contaminadas. Aclararse la piel con agua o ducharse. Lavar las prendas contaminadas antes de volver a usarlas. Llamar inmediatamente a un centro de información toxicológica o a un médico. EN CASO DE CONTACTO CON LA PIEL: Lave la piel contaminada con el de 3% de ácido acético o el agente que contiene Diphoterin (por ejemplo, Previn ®). En caso de irritación o erupción cutánea: Consultar a un médico. EN CASO DE CONTACTO CON LOS OJOS: Lavar inmediatamente  con un agente que contenga Diphoterin (por ejemplo, Previn ®), levantando casionalmente los párpados superior e inferior.  Quitar las lentes de contacto, si lleva y resulta fácil. Seguir  aclarando. Llamar inmediatamente a un centro de información toxicológica o a un médico. Guardar cerrado. Almacenar en un lugar bien ventilado. Mantener en lugar fresco. Eliminar el contenido y el recipiente de acuerdo con las normativas locales, regionales, nacionales e internacionales.",b,g,h,e,0.28,5,5.28,31146194,5/21/2025,5/21/2027,1,
KAO-QB00028,Q0204001B,CORROMIN E-4,No aplicable,PELIGRO,+34 93 739 9445,Líquidos y vapores inflamables. Nocivo en caso de ingestión. Provoca quemaduras graves en la piel y  lesiones oculares graves. Puede provocar una reacción alérgica en la piel. Puede provocar somnolencia o vértigo. Provoca daños en los órganos tras exposiciones prolongadas o repetidas.,"Llevar guantes de protección: > 8 horas (tiempo de detección): goma de butilo , Viton®. Llevar gafas o máscara de protección: Recomendado: gafas anti-salpicaduras , máscara. Llevar prendas de protección: Recomendado: Traje de protección. Mantener alejado del calor, de superficies calientes, de chispas, de llamas abiertas y de cualquier otra fuente de ignición. No fumar. Utilizar un material eléctrico, de ventilación, de iluminación y todos los equipos de manipulación de materiales antideflagrantes. Utilizar únicamente herramientas que no produzcan chispas. Tomar medidas de precaución contra descargas electrostáticas. Mantener el recipiente herméticamente cerrado. Utilizar únicamente en exteriores o en un lugar bien ventilado. No respirar los vapores. No comer, beber ni fumar durante su utilización. Lavarse las manos concienzudamente tras la manipulación.  Consultar a un médico en caso de malestar. EN CASO DE INHALACIÓN: Transportar a la víctima al exterior y mantenerla en reposo en una posición confortable para respirar. Llamar inmediatamente a un centro de información toxicológica o a un médico. EN CASO DE INGESTIÓN: Llamar inmediatamente a un centro de información toxicológica o a un médico. Enjuagarse la boca. NO provocar el vómito. EN CASO DE CONTACTO CON LA PIEL (o el pelo): Quitar inmediatamente todas las prendas contaminadas. Aclararse la piel con agua o ducharse. Lavar las prendas contaminadas antes de volver a usarlas. Llamar inmediatamente a un centro de información toxicológica o a un médico. EN CASO DE CONTACTO CON LA PIEL: Lave la piel contaminada con el de 3% de ácido acético o el agente que contiene Diphoterin (por ejemplo, Previn ®). En caso de irritación o erupción cutánea: Consultar a un médico. EN CASO DE CONTACTO CON LOS OJOS: Lavar inmediatamente  con un agente que contenga Diphoterin (por ejemplo, Previn ®), levantando casionalmente los párpados superior e inferior.  Quitar las lentes de contacto, si lleva y resulta fácil. Seguir  aclarando. Llamar inmediatamente a un centro de información toxicológica o a un médico. Guardar cerrado. Almacenar en un lugar bien ventilado. Mantener en lugar fresco. Eliminar el contenido y el recipiente de acuerdo con las normativas locales, regionales, nacionales e internacionales.",b,g,h,e,0.48,10,10.48,31146194,5/21/2025,5/21/2027,1,
KAO-QB00028,Q0204001C,CORROMIN E-4,No aplicable,PELIGRO,+34 93 739 9445,Líquidos y vapores inflamables. Nocivo en caso de ingestión. Provoca quemaduras graves en la piel y  lesiones oculares graves. Puede provocar una reacción alérgica en la piel. Puede provocar somnolencia o vértigo. Provoca daños en los órganos tras exposiciones prolongadas o repetidas.,"Llevar guantes de protección: > 8 horas (tiempo de detección): goma de butilo , Viton®. Llevar gafas o máscara de protección: Recomendado: gafas anti-salpicaduras , máscara. Llevar prendas de protección: Recomendado: Traje de protección. Mantener alejado del calor, de superficies calientes, de chispas, de llamas abiertas y de cualquier otra fuente de ignición. No fumar. Utilizar un material eléctrico, de ventilación, de iluminación y todos los equipos de manipulación de materiales antideflagrantes. Utilizar únicamente herramientas que no produzcan chispas. Tomar medidas de precaución contra descargas electrostáticas. Mantener el recipiente herméticamente cerrado. Utilizar únicamente en exteriores o en un lugar bien ventilado. No respirar los vapores. No comer, beber ni fumar durante su utilización. Lavarse las manos concienzudamente tras la manipulación.  Consultar a un médico en caso de malestar. EN CASO DE INHALACIÓN: Transportar a la víctima al exterior y mantenerla en reposo en una posición confortable para respirar. Llamar inmediatamente a un centro de información toxicológica o a un médico. EN CASO DE INGESTIÓN: Llamar inmediatamente a un centro de información toxicológica o a un médico. Enjuagarse la boca. NO provocar el vómito. EN CASO DE CONTACTO CON LA PIEL (o el pelo): Quitar inmediatamente todas las prendas contaminadas. Aclararse la piel con agua o ducharse. Lavar las prendas contaminadas antes de volver a usarlas. Llamar inmediatamente a un centro de información toxicológica o a un médico. EN CASO DE CONTACTO CON LA PIEL: Lave la piel contaminada con el de 3% de ácido acético o el agente que contiene Diphoterin (por ejemplo, Previn ®). En caso de irritación o erupción cutánea: Consultar a un médico. EN CASO DE CONTACTO CON LOS OJOS: Lavar inmediatamente  con un agente que contenga Diphoterin (por ejemplo, Previn ®), levantando casionalmente los párpados superior e inferior.  Quitar las lentes de contacto, si lleva y resulta fácil. Seguir  aclarando. Llamar inmediatamente a un centro de información toxicológica o a un médico. Guardar cerrado. Almacenar en un lugar bien ventilado. Mantener en lugar fresco. Eliminar el contenido y el recipiente de acuerdo con las normativas locales, regionales, nacionales e internacionales.",b,g,h,e,0.9,15,15.9,31146194,5/21/2025,5/21/2027,1,
KAO-QB00028,Q0204001D,CORROMIN E-4,No aplicable,PELIGRO,+34 93 739 9445,Líquidos y vapores inflamables. Nocivo en caso de ingestión. Provoca quemaduras graves en la piel y  lesiones oculares graves. Puede provocar una reacción alérgica en la piel. Puede provocar somnolencia o vértigo. Provoca daños en los órganos tras exposiciones prolongadas o repetidas.,"Llevar guantes de protección: > 8 horas (tiempo de detección): goma de butilo , Viton®. Llevar gafas o máscara de protección: Recomendado: gafas anti-salpicaduras , máscara. Llevar prendas de protección: Recomendado: Traje de protección. Mantener alejado del calor, de superficies calientes, de chispas, de llamas abiertas y de cualquier otra fuente de ignición. No fumar. Utilizar un material eléctrico, de ventilación, de iluminación y todos los equipos de manipulación de materiales antideflagrantes. Utilizar únicamente herramientas que no produzcan chispas. Tomar medidas de precaución contra descargas electrostáticas. Mantener el recipiente herméticamente cerrado. Utilizar únicamente en exteriores o en un lugar bien ventilado. No respirar los vapores. No comer, beber ni fumar durante su utilización. Lavarse las manos concienzudamente tras la manipulación.  Consultar a un médico en caso de malestar. EN CASO DE INHALACIÓN: Transportar a la víctima al exterior y mantenerla en reposo en una posición confortable para respirar. Llamar inmediatamente a un centro de información toxicológica o a un médico. EN CASO DE INGESTIÓN: Llamar inmediatamente a un centro de información toxicológica o a un médico. Enjuagarse la boca. NO provocar el vómito. EN CASO DE CONTACTO CON LA PIEL (o el pelo): Quitar inmediatamente todas las prendas contaminadas. Aclararse la piel con agua o ducharse. Lavar las prendas contaminadas antes de volver a usarlas. Llamar inmediatamente a un centro de información toxicológica o a un médico. EN CASO DE CONTACTO CON LA PIEL: Lave la piel contaminada con el de 3% de ácido acético o el agente que contiene Diphoterin (por ejemplo, Previn ®). En caso de irritación o erupción cutánea: Consultar a un médico. EN CASO DE CONTACTO CON LOS OJOS: Lavar inmediatamente  con un agente que contenga Diphoterin (por ejemplo, Previn ®), levantando casionalmente los párpados superior e inferior.  Quitar las lentes de contacto, si lleva y resulta fácil. Seguir  aclarando. Llamar inmediatamente a un centro de información toxicológica o a un médico. Guardar cerrado. Almacenar en un lugar bien ventilado. Mantener en lugar fresco. Eliminar el contenido y el recipiente de acuerdo con las normativas locales, regionales, nacionales e internacionales.",b,g,h,e,0.9,20,20.9,31146194,5/21/2025,5/21/2027,1,
KAO-QB00028,Q0204001E,CORROMIN E-4,No aplicable,PELIGRO,+34 93 739 9445,Líquidos y vapores inflamables. Nocivo en caso de ingestión. Provoca quemaduras graves en la piel y  lesiones oculares graves. Puede provocar una reacción alérgica en la piel. Puede provocar somnolencia o vértigo. Provoca daños en los órganos tras exposiciones prolongadas o repetidas.,"Llevar guantes de protección: > 8 horas (tiempo de detección): goma de butilo , Viton®. Llevar gafas o máscara de protección: Recomendado: gafas anti-salpicaduras , máscara. Llevar prendas de protección: Recomendado: Traje de protección. Mantener alejado del calor, de superficies calientes, de chispas, de llamas abiertas y de cualquier otra fuente de ignición. No fumar. Utilizar un material eléctrico, de ventilación, de iluminación y todos los equipos de manipulación de materiales antideflagrantes. Utilizar únicamente herramientas que no produzcan chispas. Tomar medidas de precaución contra descargas electrostáticas. Mantener el recipiente herméticamente cerrado. Utilizar únicamente en exteriores o en un lugar bien ventilado. No respirar los vapores. No comer, beber ni fumar durante su utilización. Lavarse las manos concienzudamente tras la manipulación.  Consultar a un médico en caso de malestar. EN CASO DE INHALACIÓN: Transportar a la víctima al exterior y mantenerla en reposo en una posición confortable para respirar. Llamar inmediatamente a un centro de información toxicológica o a un médico. EN CASO DE INGESTIÓN: Llamar inmediatamente a un centro de información toxicológica o a un médico. Enjuagarse la boca. NO provocar el vómito. EN CASO DE CONTACTO CON LA PIEL (o el pelo): Quitar inmediatamente todas las prendas contaminadas. Aclararse la piel con agua o ducharse. Lavar las prendas contaminadas antes de volver a usarlas. Llamar inmediatamente a un centro de información toxicológica o a un médico. EN CASO DE CONTACTO CON LA PIEL: Lave la piel contaminada con el de 3% de ácido acético o el agente que contiene Diphoterin (por ejemplo, Previn ®). En caso de irritación o erupción cutánea: Consultar a un médico. EN CASO DE CONTACTO CON LOS OJOS: Lavar inmediatamente  con un agente que contenga Diphoterin (por ejemplo, Previn ®), levantando casionalmente los párpados superior e inferior.  Quitar las lentes de contacto, si lleva y resulta fácil. Seguir  aclarando. Llamar inmediatamente a un centro de información toxicológica o a un médico. Guardar cerrado. Almacenar en un lugar bien ventilado. Mantener en lugar fresco. Eliminar el contenido y el recipiente de acuerdo con las normativas locales, regionales, nacionales e internacionales.",b,g,h,e,2.2,50,52.2,31146194,5/21/2025,5/21/2027,1,
,,,,,,,,,,,,,,,,,,,
KAO-QB00049,Q0208004A,FORMOX DMCD (E),No aplicable,PELIGRO,+34 93 739 9445,Provoca lesiones oculares graves. Provoca irritación cutánea.,"Llevar guantes de protección: > 8 horas (tiempo de detección): goma de butilo. Llevar gafas o máscara de protección: Recomendado: gafas anti-salpicaduras. Lavarse las manos concienzudamente tras la manipulación. EN CASO DE CONTACTO CON LA PIEL: Lavar con agua y jabón abundantes. Quitar las prendas contaminadas y lavarlas antes de volver a usarlas. En caso de irritación cutánea: Consultar a un médico. EN CASO DE CONTACTO CON LOS OJOS: Aclarar cuidadosamente con agua durante varios minutos. Quitar las lentes de contacto, si lleva y resulta fácil. Seguir aclarando. Llamar inmediatamente a un centro de información toxicológica o a un médico. ",1,1,e,1,0.28,5,5.28,1206060/10,11/24/2025,11/24/2027,1,
KAO-QB00049,Q0208004B,FORMOX DMCD (E),No aplicable,PELIGRO,+34 93 739 9445,Provoca lesiones oculares graves. Provoca irritación cutánea.,"Llevar guantes de protección: > 8 horas (tiempo de detección): goma de butilo. Llevar gafas o máscara de protección: Recomendado: gafas anti-salpicaduras. Lavarse las manos concienzudamente tras la manipulación. EN CASO DE CONTACTO CON LA PIEL: Lavar con agua y jabón abundantes. Quitar las prendas contaminadas y lavarlas antes de volver a usarlas. En caso de irritación cutánea: Consultar a un médico. EN CASO DE CONTACTO CON LOS OJOS: Aclarar cuidadosamente con agua durante varios minutos. Quitar las lentes de contacto, si lleva y resulta fácil. Seguir aclarando. Llamar inmediatamente a un centro de información toxicológica o a un médico. ",1,1,e,1,0.48,10,10.48,1206060/10,11/24/2025,11/24/2027,1,
KAO-QB00049,Q0208004C,FORMOX DMCD (E),No aplicable,PELIGRO,+34 93 739 9445,Provoca lesiones oculares graves. Provoca irritación cutánea.,"Llevar guantes de protección: > 8 horas (tiempo de detección): goma de butilo. Llevar gafas o máscara de protección: Recomendado: gafas anti-salpicaduras. Lavarse las manos concienzudamente tras la manipulación. EN CASO DE CONTACTO CON LA PIEL: Lavar con agua y jabón abundantes. Quitar las prendas contaminadas y lavarlas antes de volver a usarlas. En caso de irritación cutánea: Consultar a un médico. EN CASO DE CONTACTO CON LOS OJOS: Aclarar cuidadosamente con agua durante varios minutos. Quitar las lentes de contacto, si lleva y resulta fácil. Seguir aclarando. Llamar inmediatamente a un centro de información toxicológica o a un médico. ",1,1,e,1,0.9,15,15.9,1206060/10,11/24/2025,11/24/2027,1,
KAO-QB00049,Q0208004D,FORMOX DMCD (E),No aplicable,PELIGRO,+34 93 739 9445,Provoca lesiones oculares graves. Provoca irritación cutánea.,"Llevar guantes de protección: > 8 horas (tiempo de detección): goma de butilo. Llevar gafas o máscara de protección: Recomendado: gafas anti-salpicaduras. Lavarse las manos concienzudamente tras la manipulación. EN CASO DE CONTACTO CON LA PIEL: Lavar con agua y jabón abundantes. Quitar las prendas contaminadas y lavarlas antes de volver a usarlas. En caso de irritación cutánea: Consultar a un médico. EN CASO DE CONTACTO CON LOS OJOS: Aclarar cuidadosamente con agua durante varios minutos. Quitar las lentes de contacto, si lleva y resulta fácil. Seguir aclarando. Llamar inmediatamente a un centro de información toxicológica o a un médico. ",1,1,e,1,0.9,20,20.9,1206060/10,11/24/2025,11/24/2027,1,
KAO-QB00049,Q0208004E,FORMOX DMCD (E),No aplicable,PELIGRO,+34 93 739 9445,Provoca lesiones oculares graves. Provoca irritación cutánea.,"Llevar guantes de protección: > 8 horas (tiempo de detección): goma de butilo. Llevar gafas o máscara de protección: Recomendado: gafas anti-salpicaduras. Lavarse las manos concienzudamente tras la manipulación. EN CASO DE CONTACTO CON LA PIEL: Lavar con agua y jabón abundantes. Quitar las prendas contaminadas y lavarlas antes de volver a usarlas. En caso de irritación cutánea: Consultar a un médico. EN CASO DE CONTACTO CON LOS OJOS: Aclarar cuidadosamente con agua durante varios minutos. Quitar las lentes de contacto, si lleva y resulta fácil. Seguir aclarando. Llamar inmediatamente a un centro de información toxicológica o a un médico. ",1,1,e,1,2.2,50,52.2,1206060/10,11/24/2025,11/24/2027,1,
,,,,,,,,,,,,,,,,,,,
,Q0208005A,ACIDO GRASO TO (ACIDO OLEICO QK),61790-12-3,SIN PALABRA,+34 93 739 9445,No Aplicable,No Aplicable,1,1,1,1,0.24,3,3.24,30871921,6/13/2022,6/13/2024,1,
,Q0208005B,ACIDO GRASO TO (ACIDO OLEICO QK),61790-12-3,SIN PALABRA,+34 93 739 9445,No Aplicable,No Aplicable,1,1,1,1,0.48,5,5.48,30871921,6/13/2022,6/13/2024,1,
,Q0208005C,ACIDO GRASO TO (ACIDO OLEICO QK),61790-12-3,SIN PALABRA,+34 93 739 9445,No Aplicable,No Aplicable,1,1,1,1,0.48,9,9.48,30871921,6/13/2022,6/13/2024,1,
,Q0208005D,ACIDO GRASO TO (ACIDO OLEICO QK),61790-12-3,SIN PALABRA,+34 93 739 9445,No Aplicable,No Aplicable,1,1,1,1,0.9,10,10.9,30871921,6/13/2022,6/13/2024,1,
,Q0208005E,ACIDO GRASO TO (ACIDO OLEICO QK),61790-12-3,SIN PALABRA,+34 93 739 9445,No Aplicable,No Aplicable,1,1,1,1,0.9,15,15.9,30871921,6/13/2022,6/13/2024,1,
,Q0208005F,ACIDO GRASO TO (ACIDO OLEICO QK),61790-12-3,SIN PALABRA,+34 93 739 9445,No Aplicable,No Aplicable,1,1,1,1,0.9,18,18.9,30871921,6/13/2022,6/13/2024,1,
,Q0208005G,ACIDO GRASO TO (ACIDO OLEICO QK),61790-12-3,SIN PALABRA,+34 93 739 9445,No Aplicable,No Aplicable,1,1,1,1,2.2,40,42.2,30871921,6/13/2022,6/13/2024,1,
,Q0208005H,ACIDO GRASO TO (ACIDO OLEICO QK),61790-12-3,SIN PALABRA,+34 93 739 9445,No Aplicable,No Aplicable,1,1,1,1,2.2,47,49.2,30871921,6/13/2022,6/13/2024,1,
,,,,,,,,,,,,,,,,,,,
KAO-QB00044,Q0208012A,EMAL 227 (LESS QKA),No Aplicable,PELIGRO,+34 93 739 9445,Provoca lesiones oculares graves. Provoca irritación cutánea.,"Llevar guantes de protección. Llevar gafas o máscara de protección. Lavarse las manos concienzudamente tras la manipulación. EN CASO DE CONTACTO CON LA PIEL: Lavar con agua y jabón abundantes. Quitar las prendas contaminadas y lavarlas antes de volver a usarlas. En caso de irritación cutánea: Consultar a un médico. EN CASO DE CONTACTO CON LOS OJOS: Aclarar cuidadosamente con agua durante varios minutos. Quitar las lentes de contacto, si lleva y resulta fácil. Seguir aclarando. Llamar inmediatamente a un centro de información toxicológica o a un médico. ",e,1,1,1,0.28,5,5.28,TLC-250825M,8/25/2025,8/25/2026,1,
KAO-QB00044,Q0208012B,EMAL 227 (LESS QKA),No Aplicable,PELIGRO,+34 93 739 9445,Provoca lesiones oculares graves. Provoca irritación cutánea.,"Llevar guantes de protección. Llevar gafas o máscara de protección. Lavarse las manos concienzudamente tras la manipulación. EN CASO DE CONTACTO CON LA PIEL: Lavar con agua y jabón abundantes. Quitar las prendas contaminadas y lavarlas antes de volver a usarlas. En caso de irritación cutánea: Consultar a un médico. EN CASO DE CONTACTO CON LOS OJOS: Aclarar cuidadosamente con agua durante varios minutos. Quitar las lentes de contacto, si lleva y resulta fácil. Seguir aclarando. Llamar inmediatamente a un centro de información toxicológica o a un médico. ",e,1,1,1,0.48,10,10.48,TLC-250825M,8/25/2025,8/25/2026,1,
KAO-QB00044,Q0208012C,EMAL 227 (LESS QKA),No Aplicable,PELIGRO,+34 93 739 9445,Provoca lesiones oculares graves. Provoca irritación cutánea.,"Llevar guantes de protección. Llevar gafas o máscara de protección. Lavarse las manos concienzudamente tras la manipulación. EN CASO DE CONTACTO CON LA PIEL: Lavar con agua y jabón abundantes. Quitar las prendas contaminadas y lavarlas antes de volver a usarlas. En caso de irritación cutánea: Consultar a un médico. EN CASO DE CONTACTO CON LOS OJOS: Aclarar cuidadosamente con agua durante varios minutos. Quitar las lentes de contacto, si lleva y resulta fácil. Seguir aclarando. Llamar inmediatamente a un centro de información toxicológica o a un médico. ",e,1,1,1,0.9,15,15.9,TLC-250825M,8/25/2025,8/25/2026,1,
KAO-QB00044,Q0208012D,EMAL 227 (LESS QKA),No Aplicable,PELIGRO,+34 93 739 9445,Provoca lesiones oculares graves. Provoca irritación cutánea.,"Llevar guantes de protección. Llevar gafas o máscara de protección. Lavarse las manos concienzudamente tras la manipulación. EN CASO DE CONTACTO CON LA PIEL: Lavar con agua y jabón abundantes. Quitar las prendas contaminadas y lavarlas antes de volver a usarlas. En caso de irritación cutánea: Consultar a un médico. EN CASO DE CONTACTO CON LOS OJOS: Aclarar cuidadosamente con agua durante varios minutos. Quitar las lentes de contacto, si lleva y resulta fácil. Seguir aclarando. Llamar inmediatamente a un centro de información toxicológica o a un médico. ",e,1,1,1,0.9,20,20.9,TLC-250825M,8/25/2025,8/25/2026,1,
KAO-QB00044,Q0208012E,EMAL 227 (LESS QKA),No Aplicable,PELIGRO,+34 93 739 9445,Provoca lesiones oculares graves. Provoca irritación cutánea.,"Llevar guantes de protección. Llevar gafas o máscara de protección. Lavarse las manos concienzudamente tras la manipulación. EN CASO DE CONTACTO CON LA PIEL: Lavar con agua y jabón abundantes. Quitar las prendas contaminadas y lavarlas antes de volver a usarlas. En caso de irritación cutánea: Consultar a un médico. EN CASO DE CONTACTO CON LOS OJOS: Aclarar cuidadosamente con agua durante varios minutos. Quitar las lentes de contacto, si lleva y resulta fácil. Seguir aclarando. Llamar inmediatamente a un centro de información toxicológica o a un médico. ",e,1,1,1,2.2,50,52.2,TLC-250825M,8/25/2025,8/25/2026,1,
,,,,,,,,,,,,,,,,,,,
KAO-QB00019,Q0208016A,ALFANOX 46 ,68439-57-6,PELIGRO,+34 93 739 9445,Provoca lesiones oculares graves. Provoca irritación cutánea.,"Llevar guantes de protección: > 8 horas (tiempo de detección): goma de butilo, Viton®, caucho nitrílico, neopreno. Llevar gafas o máscara de protección: Recomendado: gafas anti-salpicaduras , gafas de seguridad con protección lateral. Lavarse las manos concienzudamente tras la manipulación. EN CASO DE CONTACTO CON LA PIEL: Lavar con agua y jabón abundantes. Quitarse las prendas contaminadas. Lavar las prendas contaminadas antes de volver a usarlas. En caso de irritación cutánea: Consultar a un  médico. EN CASO DE CONTACTO CON LOS OJOS: Aclarar cuidadosamente con agua durante varios minutos. Quitar las lentes de contacto, si lleva y resulta fácil. Seguir aclarando. Llamar inmediatamente a un centro de información toxicológica o a un médico. ",1,e,1,1,0.28,5,5.28,2655430211,3/13/2025,3/13/2027,1,
KAO-QB00019,Q0208016B,ALFANOX 46 ,68439-57-6,PELIGRO,+34 93 739 9445,Provoca lesiones oculares graves. Provoca irritación cutánea.,"Llevar guantes de protección: > 8 horas (tiempo de detección): goma de butilo, Viton®, caucho nitrílico, neopreno. Llevar gafas o máscara de protección: Recomendado: gafas anti-salpicaduras , gafas de seguridad con protección lateral. Lavarse las manos concienzudamente tras la manipulación. EN CASO DE CONTACTO CON LA PIEL: Lavar con agua y jabón abundantes. Quitarse las prendas contaminadas. Lavar las prendas contaminadas antes de volver a usarlas. En caso de irritación cutánea: Consultar a un  médico. EN CASO DE CONTACTO CON LOS OJOS: Aclarar cuidadosamente con agua durante varios minutos. Quitar las lentes de contacto, si lleva y resulta fácil. Seguir aclarando. Llamar inmediatamente a un centro de información toxicológica o a un médico. ",1,e,1,1,0.48,10,10.48,2655430211,3/13/2025,3/13/2027,1,
KAO-QB00019,Q0208016C,ALFANOX 46 ,68439-57-6,PELIGRO,+34 93 739 9445,Provoca lesiones oculares graves. Provoca irritación cutánea.,"Llevar guantes de protección: > 8 horas (tiempo de detección): goma de butilo, Viton®, caucho nitrílico, neopreno. Llevar gafas o máscara de protección: Recomendado: gafas anti-salpicaduras , gafas de seguridad con protección lateral. Lavarse las manos concienzudamente tras la manipulación. EN CASO DE CONTACTO CON LA PIEL: Lavar con agua y jabón abundantes. Quitarse las prendas contaminadas. Lavar las prendas contaminadas antes de volver a usarlas. En caso de irritación cutánea: Consultar a un  médico. EN CASO DE CONTACTO CON LOS OJOS: Aclarar cuidadosamente con agua durante varios minutos. Quitar las lentes de contacto, si lleva y resulta fácil. Seguir aclarando. Llamar inmediatamente a un centro de información toxicológica o a un médico. ",1,e,1,1,0.9,15,15.9,2655430211,3/13/2025,3/13/2027,1,
KAO-QB00019,Q0208016D,ALFANOX 46 ,68439-57-6,PELIGRO,+34 93 739 9445,Provoca lesiones oculares graves. Provoca irritación cutánea.,"Llevar guantes de protección: > 8 horas (tiempo de detección): goma de butilo, Viton®, caucho nitrílico, neopreno. Llevar gafas o máscara de protección: Recomendado: gafas anti-salpicaduras , gafas de seguridad con protección lateral. Lavarse las manos concienzudamente tras la manipulación. EN CASO DE CONTACTO CON LA PIEL: Lavar con agua y jabón abundantes. Quitarse las prendas contaminadas. Lavar las prendas contaminadas antes de volver a usarlas. En caso de irritación cutánea: Consultar a un  médico. EN CASO DE CONTACTO CON LOS OJOS: Aclarar cuidadosamente con agua durante varios minutos. Quitar las lentes de contacto, si lleva y resulta fácil. Seguir aclarando. Llamar inmediatamente a un centro de información toxicológica o a un médico. ",1,e,1,1,0.9,20,20.9,2655430211,3/13/2025,3/13/2027,1,
KAO-QB00019,Q0208016E,ALFANOX 46 ,68439-57-6,PELIGRO,+34 93 739 9445,Provoca lesiones oculares graves. Provoca irritación cutánea.,"Llevar guantes de protección: > 8 horas (tiempo de detección): goma de butilo, Viton®, caucho nitrílico, neopreno. Llevar gafas o máscara de protección: Recomendado: gafas anti-salpicaduras , gafas de seguridad con protección lateral. Lavarse las manos concienzudamente tras la manipulación. EN CASO DE CONTACTO CON LA PIEL: Lavar con agua y jabón abundantes. Quitarse las prendas contaminadas. Lavar las prendas contaminadas antes de volver a usarlas. En caso de irritación cutánea: Consultar a un  médico. EN CASO DE CONTACTO CON LOS OJOS: Aclarar cuidadosamente con agua durante varios minutos. Quitar las lentes de contacto, si lleva y resulta fácil. Seguir aclarando. Llamar inmediatamente a un centro de información toxicológica o a un médico. ",1,e,1,1,2.2,50,52.2,2655430211,3/13/2025,3/13/2027,1,
,,,,,,,,,,,,,,,,,,,
KAO-QB00042,Q0208020A,EMAL 10-N (LAURIL SULFATO DE SODIO) ,73296-89-6,PELIGRO,+34 93 739 9445,Nocivo en caso de ingestión. Provoca lesiones oculares graves. Provoca irritación cutánea.,"Llevar guantes de protección: > 8 horas (tiempo de detección): goma de butilo, Viton®, caucho nitrílico, neopreno. Llevar gafas o máscara de protección:  Recomendado: gafas anti-salpicaduras. No comer, beber ni fumar durante su  tilización. Lavarse las manos concienzudamente tras la manipulación.  EN CASO DE INGESTIÓN: Llamar a un centro de información toxicológica o a un médico en caso de malestar. Enjuagarse la boca. EN CASO DE CONTACTO CON LA PIEL: Lavar con agua y jabón abundantes. Quitar las prendas contaminadas y lavarlas antes de volver a usarlas. En caso de irritación cutánea: Consultar a un médico. EN CASO DE CONTACTO CON LOS OJOS: Aclarar cuidadosamente con agua durante varios minutos. Quitar las lentes de contacto, si lleva y resulta fácil. Seguir aclarando. Llamar inmediatamente a un centro de información toxicológica o a un médico. Eliminar el contenido y el recipiente de acuerdo con las normativas locales, regionales, nacionales e internacionales.",1,e,g,1,0.015,0.5,0.515,43259,7/1/2025,7/1/2027,1,
KAO-QB00042,Q0208020B,EMAL 10-N (LAURIL SULFATO DE SODIO) ,73296-89-6,PELIGRO,+34 93 739 9445,Nocivo en caso de ingestión. Provoca lesiones oculares graves. Provoca irritación cutánea.,"Llevar guantes de protección: > 8 horas (tiempo de detección): goma de butilo, Viton®, caucho nitrílico, neopreno. Llevar gafas o máscara de protección:  Recomendado: gafas anti-salpicaduras. No comer, beber ni fumar durante su  tilización. Lavarse las manos concienzudamente tras la manipulación.  EN CASO DE INGESTIÓN: Llamar a un centro de información toxicológica o a un médico en caso de malestar. Enjuagarse la boca. EN CASO DE CONTACTO CON LA PIEL: Lavar con agua y jabón abundantes. Quitar las prendas contaminadas y lavarlas antes de volver a usarlas. En caso de irritación cutánea: Consultar a un médico. EN CASO DE CONTACTO CON LOS OJOS: Aclarar cuidadosamente con agua durante varios minutos. Quitar las lentes de contacto, si lleva y resulta fácil. Seguir aclarando. Llamar inmediatamente a un centro de información toxicológica o a un médico. Eliminar el contenido y el recipiente de acuerdo con las normativas locales, regionales, nacionales e internacionales.",1,e,g,1,0.015,1,1.015,43259,7/1/2025,7/1/2027,1,
KAO-QB00042,Q0208020C,EMAL 10-N (LAURIL SULFATO DE SODIO) ,73296-89-6,PELIGRO,+34 93 739 9445,Nocivo en caso de ingestión. Provoca lesiones oculares graves. Provoca irritación cutánea.,"Llevar guantes de protección: > 8 horas (tiempo de detección): goma de butilo, Viton®, caucho nitrílico, neopreno. Llevar gafas o máscara de protección:  Recomendado: gafas anti-salpicaduras. No comer, beber ni fumar durante su  tilización. Lavarse las manos concienzudamente tras la manipulación.  EN CASO DE INGESTIÓN: Llamar a un centro de información toxicológica o a un médico en caso de malestar. Enjuagarse la boca. EN CASO DE CONTACTO CON LA PIEL: Lavar con agua y jabón abundantes. Quitar las prendas contaminadas y lavarlas antes de volver a usarlas. En caso de irritación cutánea: Consultar a un médico. EN CASO DE CONTACTO CON LOS OJOS: Aclarar cuidadosamente con agua durante varios minutos. Quitar las lentes de contacto, si lleva y resulta fácil. Seguir aclarando. Llamar inmediatamente a un centro de información toxicológica o a un médico. Eliminar el contenido y el recipiente de acuerdo con las normativas locales, regionales, nacionales e internacionales.",1,e,g,1,0.015,2,2.015,43259,7/1/2025,7/1/2027,1,
KAO-QB00042,Q0208020D,EMAL 10-N (LAURIL SULFATO DE SODIO) ,73296-89-6,PELIGRO,+34 93 739 9445,Nocivo en caso de ingestión. Provoca lesiones oculares graves. Provoca irritación cutánea.,"Llevar guantes de protección: > 8 horas (tiempo de detección): goma de butilo, Viton®, caucho nitrílico, neopreno. Llevar gafas o máscara de protección:  Recomendado: gafas anti-salpicaduras. No comer, beber ni fumar durante su  tilización. Lavarse las manos concienzudamente tras la manipulación.  EN CASO DE INGESTIÓN: Llamar a un centro de información toxicológica o a un médico en caso de malestar. Enjuagarse la boca. EN CASO DE CONTACTO CON LA PIEL: Lavar con agua y jabón abundantes. Quitar las prendas contaminadas y lavarlas antes de volver a usarlas. En caso de irritación cutánea: Consultar a un médico. EN CASO DE CONTACTO CON LOS OJOS: Aclarar cuidadosamente con agua durante varios minutos. Quitar las lentes de contacto, si lleva y resulta fácil. Seguir aclarando. Llamar inmediatamente a un centro de información toxicológica o a un médico. Eliminar el contenido y el recipiente de acuerdo con las normativas locales, regionales, nacionales e internacionales.",1,e,g,1,0.035,3,3.035,43259,7/1/2025,7/1/2027,1,
KAO-QB00042,Q0208020E,EMAL 10-N (LAURIL SULFATO DE SODIO) ,73296-89-6,PELIGRO,+34 93 739 9445,Nocivo en caso de ingestión. Provoca lesiones oculares graves. Provoca irritación cutánea.,"Llevar guantes de protección: > 8 horas (tiempo de detección): goma de butilo, Viton®, caucho nitrílico, neopreno. Llevar gafas o máscara de protección:  Recomendado: gafas anti-salpicaduras. No comer, beber ni fumar durante su  tilización. Lavarse las manos concienzudamente tras la manipulación.  EN CASO DE INGESTIÓN: Llamar a un centro de información toxicológica o a un médico en caso de malestar. Enjuagarse la boca. EN CASO DE CONTACTO CON LA PIEL: Lavar con agua y jabón abundantes. Quitar las prendas contaminadas y lavarlas antes de volver a usarlas. En caso de irritación cutánea: Consultar a un médico. EN CASO DE CONTACTO CON LOS OJOS: Aclarar cuidadosamente con agua durante varios minutos. Quitar las lentes de contacto, si lleva y resulta fácil. Seguir aclarando. Llamar inmediatamente a un centro de información toxicológica o a un médico. Eliminar el contenido y el recipiente de acuerdo con las normativas locales, regionales, nacionales e internacionales.",1,e,g,1,0.035,4,4.035,43259,7/1/2025,7/1/2027,1,
KAO-QB00042,Q0208020F,EMAL 10-N (LAURIL SULFATO DE SODIO) ,73296-89-6,PELIGRO,+34 93 739 9445,Nocivo en caso de ingestión. Provoca lesiones oculares graves. Provoca irritación cutánea.,"Llevar guantes de protección: > 8 horas (tiempo de detección): goma de butilo, Viton®, caucho nitrílico, neopreno. Llevar gafas o máscara de protección:  Recomendado: gafas anti-salpicaduras. No comer, beber ni fumar durante su  tilización. Lavarse las manos concienzudamente tras la manipulación.  EN CASO DE INGESTIÓN: Llamar a un centro de información toxicológica o a un médico en caso de malestar. Enjuagarse la boca. EN CASO DE CONTACTO CON LA PIEL: Lavar con agua y jabón abundantes. Quitar las prendas contaminadas y lavarlas antes de volver a usarlas. En caso de irritación cutánea: Consultar a un médico. EN CASO DE CONTACTO CON LOS OJOS: Aclarar cuidadosamente con agua durante varios minutos. Quitar las lentes de contacto, si lleva y resulta fácil. Seguir aclarando. Llamar inmediatamente a un centro de información toxicológica o a un médico. Eliminar el contenido y el recipiente de acuerdo con las normativas locales, regionales, nacionales e internacionales.",1,e,g,1,0.035,5,5.035,43259,7/1/2025,7/1/2027,1,
KAO-QB00042,Q0208020G,EMAL 10-N (LAURIL SULFATO DE SODIO) ,73296-89-6,PELIGRO,+34 93 739 9445,Nocivo en caso de ingestión. Provoca lesiones oculares graves. Provoca irritación cutánea.,"Llevar guantes de protección: > 8 horas (tiempo de detección): goma de butilo, Viton®, caucho nitrílico, neopreno. Llevar gafas o máscara de protección:  Recomendado: gafas anti-salpicaduras. No comer, beber ni fumar durante su  tilización. Lavarse las manos concienzudamente tras la manipulación.  EN CASO DE INGESTIÓN: Llamar a un centro de información toxicológica o a un médico en caso de malestar. Enjuagarse la boca. EN CASO DE CONTACTO CON LA PIEL: Lavar con agua y jabón abundantes. Quitar las prendas contaminadas y lavarlas antes de volver a usarlas. En caso de irritación cutánea: Consultar a un médico. EN CASO DE CONTACTO CON LOS OJOS: Aclarar cuidadosamente con agua durante varios minutos. Quitar las lentes de contacto, si lleva y resulta fácil. Seguir aclarando. Llamar inmediatamente a un centro de información toxicológica o a un médico. Eliminar el contenido y el recipiente de acuerdo con las normativas locales, regionales, nacionales e internacionales.",1,e,g,1,0.035,10,10.035,43259,7/1/2025,7/1/2027,1,
,,,,,,,,,,,,,,,,,,,
,Q0301001A,ACEITE DE PINO Y40,8002 – 9 – 3,ATENCION,+55 5831 7905 ,"H226: líquido y vapores inflamables. H334: puede provocar síntomas de alergia o asma o dificultades respiratorias si se inhala.  H400: no dispersar en el medio ambiente/no es
su uso destinado.
","P233: mantener alejado del calor/de chispas/de llamas al descubierto/de superficies calientes. No fumar. P235: mantener el recipiente herméticamente cerrado. P241: utilizar un material eléctrico/de ventilación/iluminación/…/antideflagrante. P242: no utilizar herramienta que produzca chispa. P243: tomar medidas de precaución contra las descargas electroestáticas. P280: usar guantes y equipo de protección personal para ojos/cara. P303, P361, y P353: en caso de contacto con la piel o el pelo: quitar inmediatamente la ropa contaminada. Enjuagar la piel con agua/ducharse. P370 y P378: en caso de incendio utilizar para la extinción: polvo químico seco (extintor de PQS) P391: recoger los vertidos.
P501: eliminar el contenido del recipiente conforme a la
reglamentación/local/nacional/internacional.
",g,h,b,1,0.48,5,5.48,,,,1,
,Q0301001B,ACEITE DE PINO Y40,8002 – 9 – 3,ATENCION,+55 5831 7905 ,"H226: líquido y vapores inflamables. H334: puede provocar síntomas de alergia o asma o dificultades respiratorias si se inhala.  H400: no dispersar en el medio ambiente/no es
su uso destinado.
","P233: mantener alejado del calor/de chispas/de llamas al descubierto/de superficies calientes. No fumar. P235: mantener el recipiente herméticamente cerrado. P241: utilizar un material eléctrico/de ventilación/iluminación/…/antideflagrante. P242: no utilizar herramienta que produzca chispa. P243: tomar medidas de precaución contra las descargas electroestáticas. P280: usar guantes y equipo de protección personal para ojos/cara. P303, P361, y P353: en caso de contacto con la piel o el pelo: quitar inmediatamente la ropa contaminada. Enjuagar la piel con agua/ducharse. P370 y P378: en caso de incendio utilizar para la extinción: polvo químico seco (extintor de PQS) P391: recoger los vertidos.
P501: eliminar el contenido del recipiente conforme a la
reglamentación/local/nacional/internacional.
",g,h,b,1,0.48,9,9.48,,,,1,
,Q0301001C,ACEITE DE PINO Y40,8002 – 9 – 3,ATENCION,+55 5831 7905 ,"H226: líquido y vapores inflamables. H334: puede provocar síntomas de alergia o asma o dificultades respiratorias si se inhala.  H400: no dispersar en el medio ambiente/no es
su uso destinado.
","P233: mantener alejado del calor/de chispas/de llamas al descubierto/de superficies calientes. No fumar. P235: mantener el recipiente herméticamente cerrado. P241: utilizar un material eléctrico/de ventilación/iluminación/…/antideflagrante. P242: no utilizar herramienta que produzca chispa. P243: tomar medidas de precaución contra las descargas electroestáticas. P280: usar guantes y equipo de protección personal para ojos/cara. P303, P361, y P353: en caso de contacto con la piel o el pelo: quitar inmediatamente la ropa contaminada. Enjuagar la piel con agua/ducharse. P370 y P378: en caso de incendio utilizar para la extinción: polvo químico seco (extintor de PQS) P391: recoger los vertidos.
P501: eliminar el contenido del recipiente conforme a la
reglamentación/local/nacional/internacional.
",g,h,b,1,0.9,10,10.9,,,,1,
,Q0301001D,ACEITE DE PINO Y40,8002 – 9 – 3,ATENCION,+55 5831 7905 ,"H226: líquido y vapores inflamables. H334: puede provocar síntomas de alergia o asma o dificultades respiratorias si se inhala.  H400: no dispersar en el medio ambiente/no es
su uso destinado.
","P233: mantener alejado del calor/de chispas/de llamas al descubierto/de superficies calientes. No fumar. P235: mantener el recipiente herméticamente cerrado. P241: utilizar un material eléctrico/de ventilación/iluminación/…/antideflagrante. P242: no utilizar herramienta que produzca chispa. P243: tomar medidas de precaución contra las descargas electroestáticas. P280: usar guantes y equipo de protección personal para ojos/cara. P303, P361, y P353: en caso de contacto con la piel o el pelo: quitar inmediatamente la ropa contaminada. Enjuagar la piel con agua/ducharse. P370 y P378: en caso de incendio utilizar para la extinción: polvo químico seco (extintor de PQS) P391: recoger los vertidos.
P501: eliminar el contenido del recipiente conforme a la
reglamentación/local/nacional/internacional.
",g,h,b,1,0.9,15,15.9,,,,1,
,Q0301001E,ACEITE DE PINO Y40,8002 – 9 – 3,ATENCION,+55 5831 7905 ,"H226: líquido y vapores inflamables. H334: puede provocar síntomas de alergia o asma o dificultades respiratorias si se inhala.  H400: no dispersar en el medio ambiente/no es
su uso destinado.
","P233: mantener alejado del calor/de chispas/de llamas al descubierto/de superficies calientes. No fumar. P235: mantener el recipiente herméticamente cerrado. P241: utilizar un material eléctrico/de ventilación/iluminación/…/antideflagrante. P242: no utilizar herramienta que produzca chispa. P243: tomar medidas de precaución contra las descargas electroestáticas. P280: usar guantes y equipo de protección personal para ojos/cara. P303, P361, y P353: en caso de contacto con la piel o el pelo: quitar inmediatamente la ropa contaminada. Enjuagar la piel con agua/ducharse. P370 y P378: en caso de incendio utilizar para la extinción: polvo químico seco (extintor de PQS) P391: recoger los vertidos.
P501: eliminar el contenido del recipiente conforme a la
reglamentación/local/nacional/internacional.
",g,h,b,1,0.9,18,18.9,,,,1,
,Q0301001F,ACEITE DE PINO Y40,8002 – 9 – 3,ATENCION,+55 5831 7905 ,"H226: líquido y vapores inflamables. H334: puede provocar síntomas de alergia o asma o dificultades respiratorias si se inhala.  H400: no dispersar en el medio ambiente/no es
su uso destinado.
","P233: mantener alejado del calor/de chispas/de llamas al descubierto/de superficies calientes. No fumar. P235: mantener el recipiente herméticamente cerrado. P241: utilizar un material eléctrico/de ventilación/iluminación/…/antideflagrante. P242: no utilizar herramienta que produzca chispa. P243: tomar medidas de precaución contra las descargas electroestáticas. P280: usar guantes y equipo de protección personal para ojos/cara. P303, P361, y P353: en caso de contacto con la piel o el pelo: quitar inmediatamente la ropa contaminada. Enjuagar la piel con agua/ducharse. P370 y P378: en caso de incendio utilizar para la extinción: polvo químico seco (extintor de PQS) P391: recoger los vertidos.
P501: eliminar el contenido del recipiente conforme a la
reglamentación/local/nacional/internacional.
",g,h,b,1,2.2,40,42.2,,,,1,
,Q0301001G,ACEITE DE PINO Y40,8002 – 9 – 3,ATENCION,+55 5831 7905 ,"H226: líquido y vapores inflamables. H334: puede provocar síntomas de alergia o asma o dificultades respiratorias si se inhala.  H400: no dispersar en el medio ambiente/no es
su uso destinado.
","P233: mantener alejado del calor/de chispas/de llamas al descubierto/de superficies calientes. No fumar. P235: mantener el recipiente herméticamente cerrado. P241: utilizar un material eléctrico/de ventilación/iluminación/…/antideflagrante. P242: no utilizar herramienta que produzca chispa. P243: tomar medidas de precaución contra las descargas electroestáticas. P280: usar guantes y equipo de protección personal para ojos/cara. P303, P361, y P353: en caso de contacto con la piel o el pelo: quitar inmediatamente la ropa contaminada. Enjuagar la piel con agua/ducharse. P370 y P378: en caso de incendio utilizar para la extinción: polvo químico seco (extintor de PQS) P391: recoger los vertidos.
P501: eliminar el contenido del recipiente conforme a la
reglamentación/local/nacional/internacional.
",g,h,b,1,2.2,47,49.2,,,,1,
,,,,,,,,,,,,,,,,,,,
VAR-QB00005,Q0301002A,ACEITE DE PINO Y55,8002 – 9 – 3,ATENCION,+55 5831 7905 ,"H226: líquido y vapores inflamables. H334: puede provocar síntomas de alergia o asma o dificultades respiratorias si se inhala.  H400: no dispersar en el medio ambiente/no es
su uso destinado.
","P233: mantener alejado del calor/de chispas/de llamas al descubierto/de superficies calientes. No fumar. P235: mantener el recipiente herméticamente cerrado. P241: utilizar un material eléctrico/de ventilación/iluminación/…/antideflagrante. P242: no utilizar herramienta que produzca chispa. P243: tomar medidas de precaución contra las descargas electroestáticas. P280: usar guantes y equipo de protección personal para ojos/cara. P303, P361, y P353: en caso de contacto con la piel o el pelo: quitar inmediatamente la ropa contaminada. Enjuagar la piel con agua/ducharse. P370 y P378: en caso de incendio utilizar para la extinción: polvo químico seco (extintor de PQS) P391: recoger los vertidos.
P501: eliminar el contenido del recipiente conforme a la
reglamentación/local/nacional/internacional.
",g,h,b,1,0.24,3,3.24,ACP55241025,10/24/2025,10/24/2026,1,
VAR-QB00005,Q0301002B,ACEITE DE PINO Y55,8002 – 9 – 3,ATENCION,+55 5831 7905 ,"H226: líquido y vapores inflamables. H334: puede provocar síntomas de alergia o asma o dificultades respiratorias si se inhala.  H400: no dispersar en el medio ambiente/no es
su uso destinado.
","P233: mantener alejado del calor/de chispas/de llamas al descubierto/de superficies calientes. No fumar. P235: mantener el recipiente herméticamente cerrado. P241: utilizar un material eléctrico/de ventilación/iluminación/…/antideflagrante. P242: no utilizar herramienta que produzca chispa. P243: tomar medidas de precaución contra las descargas electroestáticas. P280: usar guantes y equipo de protección personal para ojos/cara. P303, P361, y P353: en caso de contacto con la piel o el pelo: quitar inmediatamente la ropa contaminada. Enjuagar la piel con agua/ducharse. P370 y P378: en caso de incendio utilizar para la extinción: polvo químico seco (extintor de PQS) P391: recoger los vertidos.
P501: eliminar el contenido del recipiente conforme a la
reglamentación/local/nacional/internacional.
",g,h,b,1,0.28,4,4.28,ACP55241025,10/24/2025,10/24/2026,1,
VAR-QB00005,Q0301002C,ACEITE DE PINO Y55,8002 – 9 – 3,ATENCION,+55 5831 7905 ,"H226: líquido y vapores inflamables. H334: puede provocar síntomas de alergia o asma o dificultades respiratorias si se inhala.  H400: no dispersar en el medio ambiente/no es
su uso destinado.
","P233: mantener alejado del calor/de chispas/de llamas al descubierto/de superficies calientes. No fumar. P235: mantener el recipiente herméticamente cerrado. P241: utilizar un material eléctrico/de ventilación/iluminación/…/antideflagrante. P242: no utilizar herramienta que produzca chispa. P243: tomar medidas de precaución contra las descargas electroestáticas. P280: usar guantes y equipo de protección personal para ojos/cara. P303, P361, y P353: en caso de contacto con la piel o el pelo: quitar inmediatamente la ropa contaminada. Enjuagar la piel con agua/ducharse. P370 y P378: en caso de incendio utilizar para la extinción: polvo químico seco (extintor de PQS) P391: recoger los vertidos.
P501: eliminar el contenido del recipiente conforme a la
reglamentación/local/nacional/internacional.
",g,h,b,1,0.48,5,5.48,ACP55241025,10/24/2025,10/24/2026,1,
VAR-QB00005,Q0301002D,ACEITE DE PINO Y55,8002 – 9 – 3,ATENCION,+55 5831 7905 ,"H226: líquido y vapores inflamables. H334: puede provocar síntomas de alergia o asma o dificultades respiratorias si se inhala.  H400: no dispersar en el medio ambiente/no es
su uso destinado.
","P233: mantener alejado del calor/de chispas/de llamas al descubierto/de superficies calientes. No fumar. P235: mantener el recipiente herméticamente cerrado. P241: utilizar un material eléctrico/de ventilación/iluminación/…/antideflagrante. P242: no utilizar herramienta que produzca chispa. P243: tomar medidas de precaución contra las descargas electroestáticas. P280: usar guantes y equipo de protección personal para ojos/cara. P303, P361, y P353: en caso de contacto con la piel o el pelo: quitar inmediatamente la ropa contaminada. Enjuagar la piel con agua/ducharse. P370 y P378: en caso de incendio utilizar para la extinción: polvo químico seco (extintor de PQS) P391: recoger los vertidos.
P501: eliminar el contenido del recipiente conforme a la
reglamentación/local/nacional/internacional.
",g,h,b,1,0.48,9,9.48,ACP55241025,10/24/2025,10/24/2026,1,
VAR-QB00005,Q0301002E,ACEITE DE PINO Y55,8002 – 9 – 3,ATENCION,+55 5831 7905 ,"H226: líquido y vapores inflamables. H334: puede provocar síntomas de alergia o asma o dificultades respiratorias si se inhala.  H400: no dispersar en el medio ambiente/no es
su uso destinado.
","P233: mantener alejado del calor/de chispas/de llamas al descubierto/de superficies calientes. No fumar. P235: mantener el recipiente herméticamente cerrado. P241: utilizar un material eléctrico/de ventilación/iluminación/…/antideflagrante. P242: no utilizar herramienta que produzca chispa. P243: tomar medidas de precaución contra las descargas electroestáticas. P280: usar guantes y equipo de protección personal para ojos/cara. P303, P361, y P353: en caso de contacto con la piel o el pelo: quitar inmediatamente la ropa contaminada. Enjuagar la piel con agua/ducharse. P370 y P378: en caso de incendio utilizar para la extinción: polvo químico seco (extintor de PQS) P391: recoger los vertidos.
P501: eliminar el contenido del recipiente conforme a la
reglamentación/local/nacional/internacional.
",g,h,b,1,0.9,10,10.9,ACP55241025,10/24/2025,10/24/2026,1,
VAR-QB00005,Q0301002F,ACEITE DE PINO Y55,8002 – 9 – 3,ATENCION,+55 5831 7905 ,"H226: líquido y vapores inflamables. H334: puede provocar síntomas de alergia o asma o dificultades respiratorias si se inhala.  H400: no dispersar en el medio ambiente/no es
su uso destinado.
","P233: mantener alejado del calor/de chispas/de llamas al descubierto/de superficies calientes. No fumar. P235: mantener el recipiente herméticamente cerrado. P241: utilizar un material eléctrico/de ventilación/iluminación/…/antideflagrante. P242: no utilizar herramienta que produzca chispa. P243: tomar medidas de precaución contra las descargas electroestáticas. P280: usar guantes y equipo de protección personal para ojos/cara. P303, P361, y P353: en caso de contacto con la piel o el pelo: quitar inmediatamente la ropa contaminada. Enjuagar la piel con agua/ducharse. P370 y P378: en caso de incendio utilizar para la extinción: polvo químico seco (extintor de PQS) P391: recoger los vertidos.
P501: eliminar el contenido del recipiente conforme a la
reglamentación/local/nacional/internacional.
",g,h,b,1,0.9,15,15.9,ACP55241025,10/24/2025,10/24/2026,1,
VAR-QB00005,Q0301002G,ACEITE DE PINO Y55,8002 – 9 – 3,ATENCION,+55 5831 7905 ,"H226: líquido y vapores inflamables. H334: puede provocar síntomas de alergia o asma o dificultades respiratorias si se inhala.  H400: no dispersar en el medio ambiente/no es
su uso destinado.
","P233: mantener alejado del calor/de chispas/de llamas al descubierto/de superficies calientes. No fumar. P235: mantener el recipiente herméticamente cerrado. P241: utilizar un material eléctrico/de ventilación/iluminación/…/antideflagrante. P242: no utilizar herramienta que produzca chispa. P243: tomar medidas de precaución contra las descargas electroestáticas. P280: usar guantes y equipo de protección personal para ojos/cara. P303, P361, y P353: en caso de contacto con la piel o el pelo: quitar inmediatamente la ropa contaminada. Enjuagar la piel con agua/ducharse. P370 y P378: en caso de incendio utilizar para la extinción: polvo químico seco (extintor de PQS) P391: recoger los vertidos.
P501: eliminar el contenido del recipiente conforme a la
reglamentación/local/nacional/internacional.
",g,h,b,1,0.9,18,18.9,ACP55241025,10/24/2025,10/24/2026,1,
VAR-QB00005,Q0301002H,ACEITE DE PINO Y55,8002 – 9 – 3,ATENCION,+55 5831 7905 ,"H226: líquido y vapores inflamables. H334: puede provocar síntomas de alergia o asma o dificultades respiratorias si se inhala.  H400: no dispersar en el medio ambiente/no es
su uso destinado.
","P233: mantener alejado del calor/de chispas/de llamas al descubierto/de superficies calientes. No fumar. P235: mantener el recipiente herméticamente cerrado. P241: utilizar un material eléctrico/de ventilación/iluminación/…/antideflagrante. P242: no utilizar herramienta que produzca chispa. P243: tomar medidas de precaución contra las descargas electroestáticas. P280: usar guantes y equipo de protección personal para ojos/cara. P303, P361, y P353: en caso de contacto con la piel o el pelo: quitar inmediatamente la ropa contaminada. Enjuagar la piel con agua/ducharse. P370 y P378: en caso de incendio utilizar para la extinción: polvo químico seco (extintor de PQS) P391: recoger los vertidos.
P501: eliminar el contenido del recipiente conforme a la
reglamentación/local/nacional/internacional.
",g,h,b,1,0.9,20,20.9,ACP55241025,10/24/2025,10/24/2026,1,
VAR-QB00005,Q0301002I,ACEITE DE PINO Y55,8002 – 9 – 3,ATENCION,+55 5831 7905 ,"H226: líquido y vapores inflamables. H334: puede provocar síntomas de alergia o asma o dificultades respiratorias si se inhala.  H400: no dispersar en el medio ambiente/no es
su uso destinado.
","P233: mantener alejado del calor/de chispas/de llamas al descubierto/de superficies calientes. No fumar. P235: mantener el recipiente herméticamente cerrado. P241: utilizar un material eléctrico/de ventilación/iluminación/…/antideflagrante. P242: no utilizar herramienta que produzca chispa. P243: tomar medidas de precaución contra las descargas electroestáticas. P280: usar guantes y equipo de protección personal para ojos/cara. P303, P361, y P353: en caso de contacto con la piel o el pelo: quitar inmediatamente la ropa contaminada. Enjuagar la piel con agua/ducharse. P370 y P378: en caso de incendio utilizar para la extinción: polvo químico seco (extintor de PQS) P391: recoger los vertidos.
P501: eliminar el contenido del recipiente conforme a la
reglamentación/local/nacional/internacional.
",g,h,b,1,2.2,40,42.2,ACP55241025,10/24/2025,10/24/2026,1,
VAR-QB00005,Q0301002J,ACEITE DE PINO Y55,8002 – 9 – 3,ATENCION,+55 5831 7905 ,"H226: líquido y vapores inflamables. H334: puede provocar síntomas de alergia o asma o dificultades respiratorias si se inhala.  H400: no dispersar en el medio ambiente/no es
su uso destinado.
","P233: mantener alejado del calor/de chispas/de llamas al descubierto/de superficies calientes. No fumar. P235: mantener el recipiente herméticamente cerrado. P241: utilizar un material eléctrico/de ventilación/iluminación/…/antideflagrante. P242: no utilizar herramienta que produzca chispa. P243: tomar medidas de precaución contra las descargas electroestáticas. P280: usar guantes y equipo de protección personal para ojos/cara. P303, P361, y P353: en caso de contacto con la piel o el pelo: quitar inmediatamente la ropa contaminada. Enjuagar la piel con agua/ducharse. P370 y P378: en caso de incendio utilizar para la extinción: polvo químico seco (extintor de PQS) P391: recoger los vertidos.
P501: eliminar el contenido del recipiente conforme a la
reglamentación/local/nacional/internacional.
",g,h,b,1,2.2,47,49.2,ACP55241025,10/24/2025,10/24/2026,1,
,,,,,,,,,,,,,,,,,,,
VAR-QB00006,Q0301003A,ACEITE MINERAL QB 85,8012-95-1; 8042-47-5,Sin palabra de advertencia.,01 800 00 21400,No Aplicable,No Aplicable,G,1,1,1,0.24,3,3.24,PT-2-25269,10/3/2025,10/3/2028,1,
VAR-QB00006,Q0301003B,ACEITE MINERAL QB 85,8012-95-1; 8042-47-5,Sin palabra de advertencia.,01 800 00 21400,No Aplicable,No Aplicable,G,1,1,1,0.48,5,5.48,PT-2-25269,10/3/2025,10/3/2028,1,
VAR-QB00006,Q0301003C,ACEITE MINERAL QB 85,8012-95-1; 8042-47-5,Sin palabra de advertencia.,01 800 00 21400,No Aplicable,No Aplicable,G,1,1,1,0.48,9,9.48,PT-2-25269,10/3/2025,10/3/2028,1,
VAR-QB00006,Q0301003D,ACEITE MINERAL QB 85,8012-95-1; 8042-47-5,Sin palabra de advertencia.,01 800 00 21400,No Aplicable,No Aplicable,G,1,1,1,0.9,10,10.9,PT-2-25269,10/3/2025,10/3/2028,1,
VAR-QB00006,Q0301003E,ACEITE MINERAL QB 85,8012-95-1; 8042-47-5,Sin palabra de advertencia.,01 800 00 21400,No Aplicable,No Aplicable,G,1,1,1,0.9,15,15.9,PT-2-25269,10/3/2025,10/3/2028,1,
VAR-QB00006,Q0301003F,ACEITE MINERAL QB 85,8012-95-1; 8042-47-5,Sin palabra de advertencia.,01 800 00 21400,No Aplicable,No Aplicable,G,1,1,1,0.9,18,18.9,PT-2-25269,10/3/2025,10/3/2028,1,
VAR-QB00006,Q0301003G,ACEITE MINERAL QB 85,8012-95-1; 8042-47-5,Sin palabra de advertencia.,01 800 00 21400,No Aplicable,No Aplicable,G,1,1,1,2.2,40,42.2,PT-2-25269,10/3/2025,10/3/2028,1,
VAR-QB00006,Q0301003H,ACEITE MINERAL QB 85,8012-95-1; 8042-47-5,Sin palabra de advertencia.,01 800 00 21400,No Aplicable,No Aplicable,G,1,1,1,2.2,45,47.2,PT-2-25269,10/3/2025,10/3/2028,1,
,,,,,,,,,,,,,,,,,,,
VAR-QB00018,Q0302004A,ALCOHOL LAURICO 9 MOLES, - ,PELIGRO, - ,H302: Nocivo en caso de ingestión. H315: Provoca irritación cutánea. H313: Puede ser nocivo en contacto con la piel. H318: Provo lesiones oculares graves.,"P264: Lavarse concienzudamente tras la manipulación.P270: No comer, beber ni fumar durante su utilización. P280: Llevar guantes/prendas/gafas/mascara de protección. P301+ P312: EN CASO DE INGESTION: Llamar a un centro de
información toxicológica o a un médico si se encuentra mal. P302+ P352: EN CASO DE CONTACTO CON LA PIEL: Lavar con agua y jabón abundante.
P310: Llamar inmediatamente a un centro de información toxicológica o aun medico. P312: Llamar a un centro de toxicología o medico si la persona se
encuentra mal. P321: Tratamiento específico (ver sección 4 en esta FDS)
P330: Enjuagarse la boca. P332+ P313: En caso de irritación cutánea consultar a un medico. P362+ P364: Quitar la ropa contaminada y lavarla antes de volverla
a usar",g,e,1,1,0.6,5,5.6,PLMI1042,10/5/2025,10/5/2027,1,
VAR-QB00018,Q0302004B,ALCOHOL LAURICO 9 MOLES, - ,PELIGRO, - ,H302: Nocivo en caso de ingestión. H315: Provoca irritación cutánea. H313: Puede ser nocivo en contacto con la piel. H318: Provo lesiones oculares graves.,"P264: Lavarse concienzudamente tras la manipulación.P270: No comer, beber ni fumar durante su utilización. P280: Llevar guantes/prendas/gafas/mascara de protección. P301+ P312: EN CASO DE INGESTION: Llamar a un centro de
información toxicológica o a un médico si se encuentra mal. P302+ P352: EN CASO DE CONTACTO CON LA PIEL: Lavar con agua y jabón abundante.
P310: Llamar inmediatamente a un centro de información toxicológica o aun medico. P312: Llamar a un centro de toxicología o medico si la persona se
encuentra mal. P321: Tratamiento específico (ver sección 4 en esta FDS)
P330: Enjuagarse la boca. P332+ P313: En caso de irritación cutánea consultar a un medico. P362+ P364: Quitar la ropa contaminada y lavarla antes de volverla
a usar",g,e,1,1,0.6,10,10.6,PLMI1042,10/5/2025,10/5/2027,1,
VAR-QB00018,Q0302004C,ALCOHOL LAURICO 9 MOLES, - ,PELIGRO, - ,H302: Nocivo en caso de ingestión. H315: Provoca irritación cutánea. H313: Puede ser nocivo en contacto con la piel. H318: Provo lesiones oculares graves.,"P264: Lavarse concienzudamente tras la manipulación.P270: No comer, beber ni fumar durante su utilización. P280: Llevar guantes/prendas/gafas/mascara de protección. P301+ P312: EN CASO DE INGESTION: Llamar a un centro de
información toxicológica o a un médico si se encuentra mal. P302+ P352: EN CASO DE CONTACTO CON LA PIEL: Lavar con agua y jabón abundante.
P310: Llamar inmediatamente a un centro de información toxicológica o aun medico. P312: Llamar a un centro de toxicología o medico si la persona se
encuentra mal. P321: Tratamiento específico (ver sección 4 en esta FDS)
P330: Enjuagarse la boca. P332+ P313: En caso de irritación cutánea consultar a un medico. P362+ P364: Quitar la ropa contaminada y lavarla antes de volverla
a usar",g,e,1,1,1.2,15,16.2,PLMI1042,10/5/2025,10/5/2027,1,
VAR-QB00018,Q0302004D,ALCOHOL LAURICO 9 MOLES, - ,PELIGRO, - ,H302: Nocivo en caso de ingestión. H315: Provoca irritación cutánea. H313: Puede ser nocivo en contacto con la piel. H318: Provo lesiones oculares graves.,"P264: Lavarse concienzudamente tras la manipulación.P270: No comer, beber ni fumar durante su utilización. P280: Llevar guantes/prendas/gafas/mascara de protección. P301+ P312: EN CASO DE INGESTION: Llamar a un centro de
información toxicológica o a un médico si se encuentra mal. P302+ P352: EN CASO DE CONTACTO CON LA PIEL: Lavar con agua y jabón abundante.
P310: Llamar inmediatamente a un centro de información toxicológica o aun medico. P312: Llamar a un centro de toxicología o medico si la persona se
encuentra mal. P321: Tratamiento específico (ver sección 4 en esta FDS)
P330: Enjuagarse la boca. P332+ P313: En caso de irritación cutánea consultar a un medico. P362+ P364: Quitar la ropa contaminada y lavarla antes de volverla
a usar",g,e,1,1,1.2,20,21.2,PLMI1042,10/5/2025,10/5/2027,1,
,,,,,,,,,,,,,,,,,,,
VAR-QB00008,Q0303001A,ACIDO CITRICO,77- 92- 9,ATENCION, - ,H319: Provoca irritación ocular grave.,"P264: Lavarse las manos concienzudamente tras la manipulación. P280: Llevar guantes/prendas/gafas/mascara de protección. P305+ P351+ P338: EN CASO DE CONTACTO CON LOS OJOS, aclarar cuidadosamente con agua durante varios minutos. Quitar las lentes de contacto, si lleva y resulta fácil. Seguir aclarando. P337+ P313: Si persiste la irritación ocular consulte a un médico.",g,1,1,1,0.015,0.5,0.515,2AX2504029,4/20/2025,4/20/2028,1,
VAR-QB00008,Q0303001B,ACIDO CITRICO,77- 92- 9,ATENCION, - ,H319: Provoca irritación ocular grave.,"P264: Lavarse las manos concienzudamente tras la manipulación. P280: Llevar guantes/prendas/gafas/mascara de protección. P305+ P351+ P338: EN CASO DE CONTACTO CON LOS OJOS, aclarar cuidadosamente con agua durante varios minutos. Quitar las lentes de contacto, si lleva y resulta fácil. Seguir aclarando. P337+ P313: Si persiste la irritación ocular consulte a un médico.",g,1,1,1,0.015,1,1.015,2AX2504029,4/20/2025,4/20/2028,1,
VAR-QB00008,Q0303001C,ACIDO CITRICO,77- 92- 9,ATENCION, - ,H319: Provoca irritación ocular grave.,"P264: Lavarse las manos concienzudamente tras la manipulación. P280: Llevar guantes/prendas/gafas/mascara de protección. P305+ P351+ P338: EN CASO DE CONTACTO CON LOS OJOS, aclarar cuidadosamente con agua durante varios minutos. Quitar las lentes de contacto, si lleva y resulta fácil. Seguir aclarando. P337+ P313: Si persiste la irritación ocular consulte a un médico.",g,1,1,1,0.015,2,2.015,2AX2504029,4/20/2025,4/20/2028,1,
VAR-QB00008,Q0303001D,ACIDO CITRICO,77- 92- 9,ATENCION, - ,H319: Provoca irritación ocular grave.,"P264: Lavarse las manos concienzudamente tras la manipulación. P280: Llevar guantes/prendas/gafas/mascara de protección. P305+ P351+ P338: EN CASO DE CONTACTO CON LOS OJOS, aclarar cuidadosamente con agua durante varios minutos. Quitar las lentes de contacto, si lleva y resulta fácil. Seguir aclarando. P337+ P313: Si persiste la irritación ocular consulte a un médico.",g,1,1,1,0.035,3,3.035,2AX2504029,4/20/2025,4/20/2028,1,
VAR-QB00008,Q0303001E,ACIDO CITRICO,77- 92- 9,ATENCION, - ,H319: Provoca irritación ocular grave.,"P264: Lavarse las manos concienzudamente tras la manipulación. P280: Llevar guantes/prendas/gafas/mascara de protección. P305+ P351+ P338: EN CASO DE CONTACTO CON LOS OJOS, aclarar cuidadosamente con agua durante varios minutos. Quitar las lentes de contacto, si lleva y resulta fácil. Seguir aclarando. P337+ P313: Si persiste la irritación ocular consulte a un médico.",g,1,1,1,0.035,4,4.035,2AX2504029,4/20/2025,4/20/2028,1,
VAR-QB00008,Q0303001F,ACIDO CITRICO,77- 92- 9,ATENCION, - ,H319: Provoca irritación ocular grave.,"P264: Lavarse las manos concienzudamente tras la manipulación. P280: Llevar guantes/prendas/gafas/mascara de protección. P305+ P351+ P338: EN CASO DE CONTACTO CON LOS OJOS, aclarar cuidadosamente con agua durante varios minutos. Quitar las lentes de contacto, si lleva y resulta fácil. Seguir aclarando. P337+ P313: Si persiste la irritación ocular consulte a un médico.",g,1,1,1,0.035,5,5.035,2AX2504029,4/20/2025,4/20/2028,1,
VAR-QB00008,Q0303001G,ACIDO CITRICO,77- 92- 9,ATENCION, - ,H319: Provoca irritación ocular grave.,"P264: Lavarse las manos concienzudamente tras la manipulación. P280: Llevar guantes/prendas/gafas/mascara de protección. P305+ P351+ P338: EN CASO DE CONTACTO CON LOS OJOS, aclarar cuidadosamente con agua durante varios minutos. Quitar las lentes de contacto, si lleva y resulta fácil. Seguir aclarando. P337+ P313: Si persiste la irritación ocular consulte a un médico.",g,1,1,1,0.035,10,10.035,2AX2504029,4/20/2025,4/20/2028,1,
,,,,,,,,,,,,,,,,,,,
VAR-QB00009,Q0303003A,ACIDO ESTEARICO AE-5001 TRIPLE PRENSADO (COSMETICO),No Aplica,ATENCION,01 800 00 21400; 01 (55) 55 59 15 88,H413 puede causar efecto nocivos duraderos en la vida acuática,P273 evitar su liberación al medio ambiente,g,1,1,1,0.015,0.5,0.515,20240829,8/29/2024,8/28/2026,1,
VAR-QB00009,Q0303003B,ACIDO ESTEARICO AE-5001 TRIPLE PRENSADO (COSMETICO),No Aplica,ATENCION,01 800 00 21400; 01 (55) 55 59 15 88,H413 puede causar efecto nocivos duraderos en la vida acuática,P273 evitar su liberación al medio ambiente,g,1,1,1,0.015,1,1.015,20240829,8/29/2024,8/28/2026,1,
VAR-QB00009,Q0303003C,ACIDO ESTEARICO AE-5001 TRIPLE PRENSADO (COSMETICO),No Aplica,ATENCION,01 800 00 21400; 01 (55) 55 59 15 88,H413 puede causar efecto nocivos duraderos en la vida acuática,P273 evitar su liberación al medio ambiente,g,1,1,1,0.015,2,2.015,20240829,8/29/2024,8/28/2026,1,
VAR-QB00009,Q0303003D,ACIDO ESTEARICO AE-5001 TRIPLE PRENSADO (COSMETICO),No Aplica,ATENCION,01 800 00 21400; 01 (55) 55 59 15 88,H413 puede causar efecto nocivos duraderos en la vida acuática,P273 evitar su liberación al medio ambiente,g,1,1,1,0.035,3,3.035,20240829,8/29/2024,8/28/2026,1,
VAR-QB00009,Q0303003E,ACIDO ESTEARICO AE-5001 TRIPLE PRENSADO (COSMETICO),No Aplica,ATENCION,01 800 00 21400; 01 (55) 55 59 15 88,H413 puede causar efecto nocivos duraderos en la vida acuática,P273 evitar su liberación al medio ambiente,g,1,1,1,0.035,4,4.035,20240829,8/29/2024,8/28/2026,1,
VAR-QB00009,Q0303003F,ACIDO ESTEARICO AE-5001 TRIPLE PRENSADO (COSMETICO),No Aplica,ATENCION,01 800 00 21400; 01 (55) 55 59 15 88,H413 puede causar efecto nocivos duraderos en la vida acuática,P273 evitar su liberación al medio ambiente,g,1,1,1,0.035,5,5.035,20240829,8/29/2024,8/28/2026,1,
VAR-QB00009,Q0303003G,ACIDO ESTEARICO AE-5001 TRIPLE PRENSADO (COSMETICO),No Aplica,ATENCION,01 800 00 21400; 01 (55) 55 59 15 88,H413 puede causar efecto nocivos duraderos en la vida acuática,P273 evitar su liberación al medio ambiente,g,1,1,1,0.035,10,10.035,20240829,8/29/2024,8/28/2026,1,
,,,,,,,,,,,,,,,,,,,
VAR-QB00011,Q0303005A,ADBS QB,27176-87-0,PELIGRO,SETIQ: 01800-00-214-00 HARMONY CHEM: 01-779-79-6-26-85,H301: Toxico en caso de ingestión H305: puede ser nocivo en caso de ingestión y de penetración en las vías respiratorias H314: provoca graves quemaduras en la piel y lesiones oculares H315: provoca irritación cutánea H318: provoca lesiones oculares graves H402: nocivo para los organismos acuáticos graves,"P207 – no comer, beber ni fumar durante la utilización de este producto. P264 – lavarse las manos concienzudamente tras la manipulación.  P301+P312 – EN CASO DE INGESTION: si se siente mal, llame a un CENTRO DE INFORMACION TOXICOLOGICA/medico. P301+P330+P331 – EN CASO DE INGESTION: enjuagar la boca. NO induzca el vómito. P303+P361+P353 – EN CASO DE CONTACTO CON LA PIEL (o el pelo): quitar inmediatamente la ropa contaminada. Aclararse la piel con agua/ducharse. P304+P340+P311 - EN CASO DE INHALACION: transportar a la víctima al exterior y mantenerla en reposo en una posición confortable para respirar. Llamar inmediatamente a un centro de toxicología/medico, P305+P351+P338 - EN CASO DE CONTACTO CON LOS OJOS: enjuague bien con agua durante varios minutos. En el caso de las lentes de contacto, quitarlas, si es fácil. Continúe enjuagando. P501: eliminar el contenido/el recipiente en un punto de recogida de residuos especiales.",g,e,1,1,0.28,5,5.28,0009205676,11/7/2025,11/7/2026,1,
VAR-QB00011,Q0303005B,ADBS QB,27176-87-0,PELIGRO,SETIQ: 01800-00-214-00 HARMONY CHEM: 01-779-79-6-26-85,H301: Toxico en caso de ingestión H305: puede ser nocivo en caso de ingestión y de penetración en las vías respiratorias H314: provoca graves quemaduras en la piel y lesiones oculares H315: provoca irritación cutánea H318: provoca lesiones oculares graves H402: nocivo para los organismos acuáticos graves,"P207 – no comer, beber ni fumar durante la utilización de este producto. P264 – lavarse las manos concienzudamente tras la manipulación.  P301+P312 – EN CASO DE INGESTION: si se siente mal, llame a un CENTRO DE INFORMACION TOXICOLOGICA/medico. P301+P330+P331 – EN CASO DE INGESTION: enjuagar la boca. NO induzca el vómito. P303+P361+P353 – EN CASO DE CONTACTO CON LA PIEL (o el pelo): quitar inmediatamente la ropa contaminada. Aclararse la piel con agua/ducharse. P304+P340+P311 - EN CASO DE INHALACION: transportar a la víctima al exterior y mantenerla en reposo en una posición confortable para respirar. Llamar inmediatamente a un centro de toxicología/medico, P305+P351+P338 - EN CASO DE CONTACTO CON LOS OJOS: enjuague bien con agua durante varios minutos. En el caso de las lentes de contacto, quitarlas, si es fácil. Continúe enjuagando. P501: eliminar el contenido/el recipiente en un punto de recogida de residuos especiales.",g,e,1,1,0.48,10,10.48,0009205676,11/7/2025,11/7/2026,1,
VAR-QB00011,Q0303005C,ADBS QB,27176-87-0,PELIGRO,SETIQ: 01800-00-214-00 HARMONY CHEM: 01-779-79-6-26-85,H301: Toxico en caso de ingestión H305: puede ser nocivo en caso de ingestión y de penetración en las vías respiratorias H314: provoca graves quemaduras en la piel y lesiones oculares H315: provoca irritación cutánea H318: provoca lesiones oculares graves H402: nocivo para los organismos acuáticos graves,"P207 – no comer, beber ni fumar durante la utilización de este producto. P264 – lavarse las manos concienzudamente tras la manipulación.  P301+P312 – EN CASO DE INGESTION: si se siente mal, llame a un CENTRO DE INFORMACION TOXICOLOGICA/medico. P301+P330+P331 – EN CASO DE INGESTION: enjuagar la boca. NO induzca el vómito. P303+P361+P353 – EN CASO DE CONTACTO CON LA PIEL (o el pelo): quitar inmediatamente la ropa contaminada. Aclararse la piel con agua/ducharse. P304+P340+P311 - EN CASO DE INHALACION: transportar a la víctima al exterior y mantenerla en reposo en una posición confortable para respirar. Llamar inmediatamente a un centro de toxicología/medico, P305+P351+P338 - EN CASO DE CONTACTO CON LOS OJOS: enjuague bien con agua durante varios minutos. En el caso de las lentes de contacto, quitarlas, si es fácil. Continúe enjuagando. P501: eliminar el contenido/el recipiente en un punto de recogida de residuos especiales.",g,e,1,1,0.9,15,15.9,0009205676,11/7/2025,11/7/2026,1,
VAR-QB00011,Q0303005D,ADBS QB,27176-87-0,PELIGRO,SETIQ: 01800-00-214-00 HARMONY CHEM: 01-779-79-6-26-85,H301: Toxico en caso de ingestión H305: puede ser nocivo en caso de ingestión y de penetración en las vías respiratorias H314: provoca graves quemaduras en la piel y lesiones oculares H315: provoca irritación cutánea H318: provoca lesiones oculares graves H402: nocivo para los organismos acuáticos graves,"P207 – no comer, beber ni fumar durante la utilización de este producto. P264 – lavarse las manos concienzudamente tras la manipulación.  P301+P312 – EN CASO DE INGESTION: si se siente mal, llame a un CENTRO DE INFORMACION TOXICOLOGICA/medico. P301+P330+P331 – EN CASO DE INGESTION: enjuagar la boca. NO induzca el vómito. P303+P361+P353 – EN CASO DE CONTACTO CON LA PIEL (o el pelo): quitar inmediatamente la ropa contaminada. Aclararse la piel con agua/ducharse. P304+P340+P311 - EN CASO DE INHALACION: transportar a la víctima al exterior y mantenerla en reposo en una posición confortable para respirar. Llamar inmediatamente a un centro de toxicología/medico, P305+P351+P338 - EN CASO DE CONTACTO CON LOS OJOS: enjuague bien con agua durante varios minutos. En el caso de las lentes de contacto, quitarlas, si es fácil. Continúe enjuagando. P501: eliminar el contenido/el recipiente en un punto de recogida de residuos especiales.",g,e,1,1,0.9,20,20.9,0009205676,11/7/2025,11/7/2026,1,
VAR-QB00011,Q0303005E,ADBS QB,27176-87-0,PELIGRO,SETIQ: 01800-00-214-00 HARMONY CHEM: 01-779-79-6-26-85,H301: Toxico en caso de ingestión H305: puede ser nocivo en caso de ingestión y de penetración en las vías respiratorias H314: provoca graves quemaduras en la piel y lesiones oculares H315: provoca irritación cutánea H318: provoca lesiones oculares graves H402: nocivo para los organismos acuáticos graves,"P207 – no comer, beber ni fumar durante la utilización de este producto. P264 – lavarse las manos concienzudamente tras la manipulación.  P301+P312 – EN CASO DE INGESTION: si se siente mal, llame a un CENTRO DE INFORMACION TOXICOLOGICA/medico. P301+P330+P331 – EN CASO DE INGESTION: enjuagar la boca. NO induzca el vómito. P303+P361+P353 – EN CASO DE CONTACTO CON LA PIEL (o el pelo): quitar inmediatamente la ropa contaminada. Aclararse la piel con agua/ducharse. P304+P340+P311 - EN CASO DE INHALACION: transportar a la víctima al exterior y mantenerla en reposo en una posición confortable para respirar. Llamar inmediatamente a un centro de toxicología/medico, P305+P351+P338 - EN CASO DE CONTACTO CON LOS OJOS: enjuague bien con agua durante varios minutos. En el caso de las lentes de contacto, quitarlas, si es fácil. Continúe enjuagando. P501: eliminar el contenido/el recipiente en un punto de recogida de residuos especiales.",g,e,1,1,2.2,50,52.2,0009205676,11/7/2025,11/7/2026,1,
,,,,,,,,,,,,,,,,,,,
VAR-QB00069,Q0304001A,DBSS,25155-30-0,ATENCION,01800- 00- 214- 00 / 01-779- 79- 6- 26- 85,"H302: Nocivo en caso de ingestión. H315: Irritación a la piel, corrosión/irritación. H318: Daño en los ojos, lesiones oculares graves/irritación.","P264: Lávese cuidadosamente después de la manipulación. P270: No coma, beba o fume cuando esté usando este producto. P280: Use guantes protectores ropa protección, lentes de protección y protección para la cara y los ojos. P261: Evite respirar el polvo, humo, gas, niebla, vapor o spray. P301+P312: SI SE INGIERE: Llamar a un centro de toxicología o al doctor si no se siente bien. P302+P352: SI SE ENCUENTRA EN LA PIEL: Lavar con abundante jabón y agua. P305+P351+P338: SI SE ENCUENTRA EN LOS OJOS: Enjuague cuidadosamente con agua por varios minutos, remueva los lentes de contacto. P321: Tratamiento específico. P330: Enjuagar la boca. P332+P313: Si hay  rritación en la piel: consiga atención médica. P501: Eliminar el contenedor de acuerdo a las regulaciones nacionales",g,1,1,1,0.015,0.5,0.515,25A8010-161SN,10/20/2025,10/20/2026,1,
VAR-QB00069,Q0304001B,DBSS,25155-30-0,ATENCION,01800- 00- 214- 00 / 01-779- 79- 6- 26- 85,"H302: Nocivo en caso de ingestión. H315: Irritación a la piel, corrosión/irritación. H318: Daño en los ojos, lesiones oculares graves/irritación.","P264: Lávese cuidadosamente después de la manipulación. P270: No coma, beba o fume cuando esté usando este producto. P280: Use guantes protectores ropa protección, lentes de protección y protección para la cara y los ojos. P261: Evite respirar el polvo, humo, gas, niebla, vapor o spray. P301+P312: SI SE INGIERE: Llamar a un centro de toxicología o al doctor si no se siente bien. P302+P352: SI SE ENCUENTRA EN LA PIEL: Lavar con abundante jabón y agua. P305+P351+P338: SI SE ENCUENTRA EN LOS OJOS: Enjuague cuidadosamente con agua por varios minutos, remueva los lentes de contacto. P321: Tratamiento específico. P330: Enjuagar la boca. P332+P313: Si hay  rritación en la piel: consiga atención médica. P501: Eliminar el contenedor de acuerdo a las regulaciones nacionales",g,1,1,1,0.015,1,1.015,25A8010-161SN,10/20/2025,10/20/2026,1,
VAR-QB00069,Q0304001C,DBSS,25155-30-0,ATENCION,01800- 00- 214- 00 / 01-779- 79- 6- 26- 85,"H302: Nocivo en caso de ingestión. H315: Irritación a la piel, corrosión/irritación. H318: Daño en los ojos, lesiones oculares graves/irritación.","P264: Lávese cuidadosamente después de la manipulación. P270: No coma, beba o fume cuando esté usando este producto. P280: Use guantes protectores ropa protección, lentes de protección y protección para la cara y los ojos. P261: Evite respirar el polvo, humo, gas, niebla, vapor o spray. P301+P312: SI SE INGIERE: Llamar a un centro de toxicología o al doctor si no se siente bien. P302+P352: SI SE ENCUENTRA EN LA PIEL: Lavar con abundante jabón y agua. P305+P351+P338: SI SE ENCUENTRA EN LOS OJOS: Enjuague cuidadosamente con agua por varios minutos, remueva los lentes de contacto. P321: Tratamiento específico. P330: Enjuagar la boca. P332+P313: Si hay  rritación en la piel: consiga atención médica. P501: Eliminar el contenedor de acuerdo a las regulaciones nacionales",g,1,1,1,0.015,2,2.015,25A8010-161SN,10/20/2025,10/20/2026,1,
VAR-QB00069,Q0304001D,DBSS,25155-30-0,ATENCION,01800- 00- 214- 00 / 01-779- 79- 6- 26- 85,"H302: Nocivo en caso de ingestión. H315: Irritación a la piel, corrosión/irritación. H318: Daño en los ojos, lesiones oculares graves/irritación.","P264: Lávese cuidadosamente después de la manipulación. P270: No coma, beba o fume cuando esté usando este producto. P280: Use guantes protectores ropa protección, lentes de protección y protección para la cara y los ojos. P261: Evite respirar el polvo, humo, gas, niebla, vapor o spray. P301+P312: SI SE INGIERE: Llamar a un centro de toxicología o al doctor si no se siente bien. P302+P352: SI SE ENCUENTRA EN LA PIEL: Lavar con abundante jabón y agua. P305+P351+P338: SI SE ENCUENTRA EN LOS OJOS: Enjuague cuidadosamente con agua por varios minutos, remueva los lentes de contacto. P321: Tratamiento específico. P330: Enjuagar la boca. P332+P313: Si hay  rritación en la piel: consiga atención médica. P501: Eliminar el contenedor de acuerdo a las regulaciones nacionales",g,1,1,1,0.035,3,3.035,25A8010-161SN,10/20/2025,10/20/2026,1,
VAR-QB00069,Q0304001E,DBSS,25155-30-0,ATENCION,01800- 00- 214- 00 / 01-779- 79- 6- 26- 85,"H302: Nocivo en caso de ingestión. H315: Irritación a la piel, corrosión/irritación. H318: Daño en los ojos, lesiones oculares graves/irritación.","P264: Lávese cuidadosamente después de la manipulación. P270: No coma, beba o fume cuando esté usando este producto. P280: Use guantes protectores ropa protección, lentes de protección y protección para la cara y los ojos. P261: Evite respirar el polvo, humo, gas, niebla, vapor o spray. P301+P312: SI SE INGIERE: Llamar a un centro de toxicología o al doctor si no se siente bien. P302+P352: SI SE ENCUENTRA EN LA PIEL: Lavar con abundante jabón y agua. P305+P351+P338: SI SE ENCUENTRA EN LOS OJOS: Enjuague cuidadosamente con agua por varios minutos, remueva los lentes de contacto. P321: Tratamiento específico. P330: Enjuagar la boca. P332+P313: Si hay  rritación en la piel: consiga atención médica. P501: Eliminar el contenedor de acuerdo a las regulaciones nacionales",g,1,1,1,0.035,4,4.035,25A8010-161SN,10/20/2025,10/20/2026,1,
VAR-QB00069,Q0304001F,DBSS,25155-30-0,ATENCION,01800- 00- 214- 00 / 01-779- 79- 6- 26- 85,"H302: Nocivo en caso de ingestión. H315: Irritación a la piel, corrosión/irritación. H318: Daño en los ojos, lesiones oculares graves/irritación.","P264: Lávese cuidadosamente después de la manipulación. P270: No coma, beba o fume cuando esté usando este producto. P280: Use guantes protectores ropa protección, lentes de protección y protección para la cara y los ojos. P261: Evite respirar el polvo, humo, gas, niebla, vapor o spray. P301+P312: SI SE INGIERE: Llamar a un centro de toxicología o al doctor si no se siente bien. P302+P352: SI SE ENCUENTRA EN LA PIEL: Lavar con abundante jabón y agua. P305+P351+P338: SI SE ENCUENTRA EN LOS OJOS: Enjuague cuidadosamente con agua por varios minutos, remueva los lentes de contacto. P321: Tratamiento específico. P330: Enjuagar la boca. P332+P313: Si hay  rritación en la piel: consiga atención médica. P501: Eliminar el contenedor de acuerdo a las regulaciones nacionales",g,1,1,1,0.035,5,5.035,25A8010-161SN,10/20/2025,10/20/2026,1,
VAR-QB00069,Q0304001G,DBSS,25155-30-0,ATENCION,01800- 00- 214- 00 / 01-779- 79- 6- 26- 85,"H302: Nocivo en caso de ingestión. H315: Irritación a la piel, corrosión/irritación. H318: Daño en los ojos, lesiones oculares graves/irritación.","P264: Lávese cuidadosamente después de la manipulación. P270: No coma, beba o fume cuando esté usando este producto. P280: Use guantes protectores ropa protección, lentes de protección y protección para la cara y los ojos. P261: Evite respirar el polvo, humo, gas, niebla, vapor o spray. P301+P312: SI SE INGIERE: Llamar a un centro de toxicología o al doctor si no se siente bien. P302+P352: SI SE ENCUENTRA EN LA PIEL: Lavar con abundante jabón y agua. P305+P351+P338: SI SE ENCUENTRA EN LOS OJOS: Enjuague cuidadosamente con agua por varios minutos, remueva los lentes de contacto. P321: Tratamiento específico. P330: Enjuagar la boca. P332+P313: Si hay  rritación en la piel: consiga atención médica. P501: Eliminar el contenedor de acuerdo a las regulaciones nacionales",g,1,1,1,0.035,10,10.035,25A8010-161SN,10/20/2025,10/20/2026,1,
,,,,,,,,,,,,,,,,,,,
VAR-QB00111,Q0304005A,LSA QH,2235- 54- 3,ATENCION,+52 5552 2955 55,H315: Provoca irritación cutánea. H319: Provoca irritación ocular grave,P264: Lavarse piel concienzudamente tras la manipulación. P280: Llevar uantes/gafas/mascara de protección.  P302+ P352 EN CASO DE CONTACTO CON LA PIEL: Lavar con abundante agua. P305+ P351+ P338: EN CASO DE CONTACTO CON LOS OJOS: Enjuagar con agua cuidadosamente durante varios minutos. Quitar los lentes de contacto cuando estén presentes y pueda hacerse. con facilidad. Proseguir con el lavado. P332+ P313 EN CASO DE IRRITACION CUTANEA: Consultar a un médico. P362+ P364: Quitar prendas contaminadas y lavarlas antes de volver a usarlas.,g,1,1,1,0.6,5,5.6,EVLSA-300425,4/30/2025,4/30/2027,1,
VAR-QB00111,Q0304005B,LSA QH,2235- 54- 3,ATENCION,+52 5552 2955 55,H315: Provoca irritación cutánea. H319: Provoca irritación ocular grave,P264: Lavarse piel concienzudamente tras la manipulación. P280: Llevar uantes/gafas/mascara de protección.  P302+ P352 EN CASO DE CONTACTO CON LA PIEL: Lavar con abundante agua. P305+ P351+ P338: EN CASO DE CONTACTO CON LOS OJOS: Enjuagar con agua cuidadosamente durante varios minutos. Quitar los lentes de contacto cuando estén presentes y pueda hacerse. con facilidad. Proseguir con el lavado. P332+ P313 EN CASO DE IRRITACION CUTANEA: Consultar a un médico. P362+ P364: Quitar prendas contaminadas y lavarlas antes de volver a usarlas.,g,1,1,1,0.6,10,10.6,EVLSA-300425,4/30/2025,4/30/2027,1,
VAR-QB00111,Q0304005C,LSA QH,2235- 54- 3,ATENCION,+52 5552 2955 55,H315: Provoca irritación cutánea. H319: Provoca irritación ocular grave,P264: Lavarse piel concienzudamente tras la manipulación. P280: Llevar uantes/gafas/mascara de protección.  P302+ P352 EN CASO DE CONTACTO CON LA PIEL: Lavar con abundante agua. P305+ P351+ P338: EN CASO DE CONTACTO CON LOS OJOS: Enjuagar con agua cuidadosamente durante varios minutos. Quitar los lentes de contacto cuando estén presentes y pueda hacerse. con facilidad. Proseguir con el lavado. P332+ P313 EN CASO DE IRRITACION CUTANEA: Consultar a un médico. P362+ P364: Quitar prendas contaminadas y lavarlas antes de volver a usarlas.,g,1,1,1,1.2,15,16.2,EVLSA-300425,4/30/2025,4/30/2027,1,
VAR-QB00111,Q0304005D,LSA QH,2235- 54- 3,ATENCION,+52 5552 2955 55,H315: Provoca irritación cutánea. H319: Provoca irritación ocular grave,P264: Lavarse piel concienzudamente tras la manipulación. P280: Llevar uantes/gafas/mascara de protección.  P302+ P352 EN CASO DE CONTACTO CON LA PIEL: Lavar con abundante agua. P305+ P351+ P338: EN CASO DE CONTACTO CON LOS OJOS: Enjuagar con agua cuidadosamente durante varios minutos. Quitar los lentes de contacto cuando estén presentes y pueda hacerse. con facilidad. Proseguir con el lavado. P332+ P313 EN CASO DE IRRITACION CUTANEA: Consultar a un médico. P362+ P364: Quitar prendas contaminadas y lavarlas antes de volver a usarlas.,g,1,1,1,1.2,20,21.2,EVLSA-300425,4/30/2025,4/30/2027,1,
,,,,,,,,,,,,,,,,,,,
VAR-QB00122,Q0304007A,NF-600,No Aplica,PELIGRO,01-800-00-214,"H302: Nocivo en caso de ingestión. H313: Puede ser nocivo en contacto con la piel. H315: Provoca irritación cutánea. H318: Provoca lesiones oculares graves. H401: Toxico para los organismos acuáticos. H411: Toxico para los organismos acuáticos, con efectos nocivos duraderos.","P264: Lavarse las manos completamente después de su manipulación. P270: No comer, beber o fumar mientras se manipula este producto. P273: No dispersar en el medio  mbiente. P280: Usar guantes/ropa/lentes de protección. P301+P312: En caso de ingestión llamar a un centro de toxicología si la persona se encuentra mal. P302+P352: En caso de contacto con la piel lavar con abundante agua. P305+P351+P338: En caso de contacto con los ojos enjuagar con agua cuidadosamente durante varios minutos. Quitar los lentes de contacto cuando estén presentes y pueda hacerse con facilidad. Proseguir con el lavado. P310: Llamar inmediatamente a un centro de toxicología. P332+P313: En caso de irritación cutánea consultar a un médico. P330: Enjuagarse la boca P362+P364: Quitar la ropa contaminada y lavarla antes de volverla a usar. P391: Recoger el vertido. P401: Guardar con forme a lo indicado en la sección VII.  Eliminar el contenido/recipiente conforme a la reglamentación local.",g,e,i,1,0.28,5,5.28,D250115351,1/26/2025,12/27/2026,1,
VAR-QB00122,Q0304007B,NF-600,No Aplica,PELIGRO,01-800-00-214,"H302: Nocivo en caso de ingestión. H313: Puede ser nocivo en contacto con la piel. H315: Provoca irritación cutánea. H318: Provoca lesiones oculares graves. H401: Toxico para los organismos acuáticos. H411: Toxico para los organismos acuáticos, con efectos nocivos duraderos.","P264: Lavarse las manos completamente después de su manipulación. P270: No comer, beber o fumar mientras se manipula este producto. P273: No dispersar en el medio  mbiente. P280: Usar guantes/ropa/lentes de protección. P301+P312: En caso de ingestión llamar a un centro de toxicología si la persona se encuentra mal. P302+P352: En caso de contacto con la piel lavar con abundante agua. P305+P351+P338: En caso de contacto con los ojos enjuagar con agua cuidadosamente durante varios minutos. Quitar los lentes de contacto cuando estén presentes y pueda hacerse con facilidad. Proseguir con el lavado. P310: Llamar inmediatamente a un centro de toxicología. P332+P313: En caso de irritación cutánea consultar a un médico. P330: Enjuagarse la boca P362+P364: Quitar la ropa contaminada y lavarla antes de volverla a usar. P391: Recoger el vertido. P401: Guardar con forme a lo indicado en la sección VII.  Eliminar el contenido/recipiente conforme a la reglamentación local.",g,e,i,1,0.48,10,10.48,D250115351,1/26/2025,12/27/2026,1,
VAR-QB00122,Q0304007C,NF-600,No Aplica,PELIGRO,01-800-00-214,"H302: Nocivo en caso de ingestión. H313: Puede ser nocivo en contacto con la piel. H315: Provoca irritación cutánea. H318: Provoca lesiones oculares graves. H401: Toxico para los organismos acuáticos. H411: Toxico para los organismos acuáticos, con efectos nocivos duraderos.","P264: Lavarse las manos completamente después de su manipulación. P270: No comer, beber o fumar mientras se manipula este producto. P273: No dispersar en el medio  mbiente. P280: Usar guantes/ropa/lentes de protección. P301+P312: En caso de ingestión llamar a un centro de toxicología si la persona se encuentra mal. P302+P352: En caso de contacto con la piel lavar con abundante agua. P305+P351+P338: En caso de contacto con los ojos enjuagar con agua cuidadosamente durante varios minutos. Quitar los lentes de contacto cuando estén presentes y pueda hacerse con facilidad. Proseguir con el lavado. P310: Llamar inmediatamente a un centro de toxicología. P332+P313: En caso de irritación cutánea consultar a un médico. P330: Enjuagarse la boca P362+P364: Quitar la ropa contaminada y lavarla antes de volverla a usar. P391: Recoger el vertido. P401: Guardar con forme a lo indicado en la sección VII.  Eliminar el contenido/recipiente conforme a la reglamentación local.",g,e,i,1,0.9,15,15.9,D250115351,1/26/2025,12/27/2026,1,
VAR-QB00122,Q0304007D,NF-600,No Aplica,PELIGRO,01-800-00-214,"H302: Nocivo en caso de ingestión. H313: Puede ser nocivo en contacto con la piel. H315: Provoca irritación cutánea. H318: Provoca lesiones oculares graves. H401: Toxico para los organismos acuáticos. H411: Toxico para los organismos acuáticos, con efectos nocivos duraderos.","P264: Lavarse las manos completamente después de su manipulación. P270: No comer, beber o fumar mientras se manipula este producto. P273: No dispersar en el medio  mbiente. P280: Usar guantes/ropa/lentes de protección. P301+P312: En caso de ingestión llamar a un centro de toxicología si la persona se encuentra mal. P302+P352: En caso de contacto con la piel lavar con abundante agua. P305+P351+P338: En caso de contacto con los ojos enjuagar con agua cuidadosamente durante varios minutos. Quitar los lentes de contacto cuando estén presentes y pueda hacerse con facilidad. Proseguir con el lavado. P310: Llamar inmediatamente a un centro de toxicología. P332+P313: En caso de irritación cutánea consultar a un médico. P330: Enjuagarse la boca P362+P364: Quitar la ropa contaminada y lavarla antes de volverla a usar. P391: Recoger el vertido. P401: Guardar con forme a lo indicado en la sección VII.  Eliminar el contenido/recipiente conforme a la reglamentación local.",g,e,i,1,0.9,20,20.9,D250115351,1/26/2025,12/27/2026,1,
VAR-QB00122,Q0304007E,NF-600,No Aplica,PELIGRO,01-800-00-214,"H302: Nocivo en caso de ingestión. H313: Puede ser nocivo en contacto con la piel. H315: Provoca irritación cutánea. H318: Provoca lesiones oculares graves. H401: Toxico para los organismos acuáticos. H411: Toxico para los organismos acuáticos, con efectos nocivos duraderos.","P264: Lavarse las manos completamente después de su manipulación. P270: No comer, beber o fumar mientras se manipula este producto. P273: No dispersar en el medio  mbiente. P280: Usar guantes/ropa/lentes de protección. P301+P312: En caso de ingestión llamar a un centro de toxicología si la persona se encuentra mal. P302+P352: En caso de contacto con la piel lavar con abundante agua. P305+P351+P338: En caso de contacto con los ojos enjuagar con agua cuidadosamente durante varios minutos. Quitar los lentes de contacto cuando estén presentes y pueda hacerse con facilidad. Proseguir con el lavado. P310: Llamar inmediatamente a un centro de toxicología. P332+P313: En caso de irritación cutánea consultar a un médico. P330: Enjuagarse la boca P362+P364: Quitar la ropa contaminada y lavarla antes de volverla a usar. P391: Recoger el vertido. P401: Guardar con forme a lo indicado en la sección VII.  Eliminar el contenido/recipiente conforme a la reglamentación local.",g,e,i,1,2.2,50,52.2,D250115351,1/26/2025,12/27/2026,1,
,,,,,,,,,,,,,,,,,,,
VAR-QB00030,Q0304008A,BETAINA QB,61789-40-0,ATENCION,-,H319: Provoca irritación ocular grave,P305+ P351+ P338 EN CASO DE CONTACTO CON LOS OJOS: Enjaguar con agua cuidadosamente durante varios minutos. Quitar lentes de contacto cuando estén presentes y pueda hacerse con facilidad. Proseguir con el lavado. P313: Consultar a un médico. P301+ P330+ P331 EN CASO DE INGESTION: Enjuagar la boca. No provocar el vomito. P302+ P352 EN CASO DE CONTACTO CON LA PIEL: Lavar con abundante agua.,g,1,1,1,0.28,5,5.28,TB-131125M,11/13/2025,11/13/2027,1,
VAR-QB00030,Q0304008B,BETAINA QB,61789-40-0,ATENCION,-,H319: Provoca irritación ocular grave,P305+ P351+ P338 EN CASO DE CONTACTO CON LOS OJOS: Enjaguar con agua cuidadosamente durante varios minutos. Quitar lentes de contacto cuando estén presentes y pueda hacerse con facilidad. Proseguir con el lavado. P313: Consultar a un médico. P301+ P330+ P331 EN CASO DE INGESTION: Enjuagar la boca. No provocar el vomito. P302+ P352 EN CASO DE CONTACTO CON LA PIEL: Lavar con abundante agua.,g,1,1,1,0.48,10,10.48,TB-131125M,11/13/2025,11/13/2027,1,
VAR-QB00030,Q0304008C,BETAINA QB,61789-40-0,ATENCION,-,H319: Provoca irritación ocular grave,P305+ P351+ P338 EN CASO DE CONTACTO CON LOS OJOS: Enjaguar con agua cuidadosamente durante varios minutos. Quitar lentes de contacto cuando estén presentes y pueda hacerse con facilidad. Proseguir con el lavado. P313: Consultar a un médico. P301+ P330+ P331 EN CASO DE INGESTION: Enjuagar la boca. No provocar el vomito. P302+ P352 EN CASO DE CONTACTO CON LA PIEL: Lavar con abundante agua.,g,1,1,1,0.9,15,15.9,TB-131125M,11/13/2025,11/13/2027,1,
VAR-QB00030,Q0304008D,BETAINA QB,61789-40-0,ATENCION,-,H319: Provoca irritación ocular grave,P305+ P351+ P338 EN CASO DE CONTACTO CON LOS OJOS: Enjaguar con agua cuidadosamente durante varios minutos. Quitar lentes de contacto cuando estén presentes y pueda hacerse con facilidad. Proseguir con el lavado. P313: Consultar a un médico. P301+ P330+ P331 EN CASO DE INGESTION: Enjuagar la boca. No provocar el vomito. P302+ P352 EN CASO DE CONTACTO CON LA PIEL: Lavar con abundante agua.,g,1,1,1,0.9,20,20.9,TB-131125M,11/13/2025,11/13/2027,1,
VAR-QB00030,Q0304008E,BETAINA QB,61789-40-0,ATENCION,-,H319: Provoca irritación ocular grave,P305+ P351+ P338 EN CASO DE CONTACTO CON LOS OJOS: Enjaguar con agua cuidadosamente durante varios minutos. Quitar lentes de contacto cuando estén presentes y pueda hacerse con facilidad. Proseguir con el lavado. P313: Consultar a un médico. P301+ P330+ P331 EN CASO DE INGESTION: Enjuagar la boca. No provocar el vomito. P302+ P352 EN CASO DE CONTACTO CON LA PIEL: Lavar con abundante agua.,g,1,1,1,2.2,50,52.2,TB-131125M,11/13/2025,11/13/2027,1,
,,,,,,,,,,,,,,,,,,,
VAR-QB00119,Q0304010A,NF1000 QB,127087-87-0,ATENCION,01-800-00-214-00,H302: Nocivo en caso de ingestión. H313: puede ser nocivo en contacto con la piel. H315: provoca irritación cutánea. H319: provoca irritación ocular grave. H402: nocivo para los organismos acuáticos.,"P264: lavarse las manos y la cara completamente después de su manipulación. Báñese completamente al finalizar su jornada de trabajo. P270: no comer, beber o fumar mientras se manipula este producto. P273: no dispersar en el medio ambiente. P280: usar guantes, ropa de protección, equipo de protección para la cara y ojos. P301+P312: EN CASO DE INGESTION, llamar a un centro de toxicología o medico si la persona se encuentra mal. P330: enjuagarse la boca. P312: llamar a un centro de toxicología o medico si la persona se encuentra mal. P302+P352: EN CASO DE CONTACTO CON LA PIEL: lavar con abundante agua. P321: tratamiento específico (ver sección 4 en esta FDS). P332+P313: en caso de irritación cutánea, consultar un médico.
P362+P364: quitar la ropa contaminada y lavarla antes de volverla a usar.
P305+P351+P338: EN CASO DE CONTACTO CON LOS OJOS: enjuagar con agua  uidadosamente durante varios minutos. Quitar las lentes de contacto cuando estén presentes y pueda hacerse con facilidad. Proseguir el lavado. P501: eliminar el contenido y el recipiente de acuerdo con las normas nacionales o internacionales  igentes.",g,e,i,1,0.28,5,5.28,RCSTM02180725,6/14/2025,6/14/2027,1,
VAR-QB00119,Q0304010B,NF1000 QB,127087-87-0,ATENCION,01-800-00-214-00,H302: Nocivo en caso de ingestión. H313: puede ser nocivo en contacto con la piel. H315: provoca irritación cutánea. H319: provoca irritación ocular grave. H402: nocivo para los organismos acuáticos.,"P264: lavarse las manos y la cara completamente después de su manipulación. Báñese completamente al finalizar su jornada de trabajo. P270: no comer, beber o fumar mientras se manipula este producto. P273: no dispersar en el medio ambiente. P280: usar guantes, ropa de protección, equipo de protección para la cara y ojos. P301+P312: EN CASO DE INGESTION, llamar a un centro de toxicología o medico si la persona se encuentra mal. P330: enjuagarse la boca. P312: llamar a un centro de toxicología o medico si la persona se encuentra mal. P302+P352: EN CASO DE CONTACTO CON LA PIEL: lavar con abundante agua. P321: tratamiento específico (ver sección 4 en esta FDS). P332+P313: en caso de irritación cutánea, consultar un médico.
P362+P364: quitar la ropa contaminada y lavarla antes de volverla a usar.
P305+P351+P338: EN CASO DE CONTACTO CON LOS OJOS: enjuagar con agua  uidadosamente durante varios minutos. Quitar las lentes de contacto cuando estén presentes y pueda hacerse con facilidad. Proseguir el lavado. P501: eliminar el contenido y el recipiente de acuerdo con las normas nacionales o internacionales  igentes.",g,e,i,1,0.48,10,10.48,RCSTM02180725,6/14/2025,6/14/2027,1,
VAR-QB00119,Q0304010C,NF1000 QB,127087-87-0,ATENCION,01-800-00-214-00,H302: Nocivo en caso de ingestión. H313: puede ser nocivo en contacto con la piel. H315: provoca irritación cutánea. H319: provoca irritación ocular grave. H402: nocivo para los organismos acuáticos.,"P264: lavarse las manos y la cara completamente después de su manipulación. Báñese completamente al finalizar su jornada de trabajo. P270: no comer, beber o fumar mientras se manipula este producto. P273: no dispersar en el medio ambiente. P280: usar guantes, ropa de protección, equipo de protección para la cara y ojos. P301+P312: EN CASO DE INGESTION, llamar a un centro de toxicología o medico si la persona se encuentra mal. P330: enjuagarse la boca. P312: llamar a un centro de toxicología o medico si la persona se encuentra mal. P302+P352: EN CASO DE CONTACTO CON LA PIEL: lavar con abundante agua. P321: tratamiento específico (ver sección 4 en esta FDS). P332+P313: en caso de irritación cutánea, consultar un médico.
P362+P364: quitar la ropa contaminada y lavarla antes de volverla a usar.
P305+P351+P338: EN CASO DE CONTACTO CON LOS OJOS: enjuagar con agua  uidadosamente durante varios minutos. Quitar las lentes de contacto cuando estén presentes y pueda hacerse con facilidad. Proseguir el lavado. P501: eliminar el contenido y el recipiente de acuerdo con las normas nacionales o internacionales  igentes.",g,e,i,1,0.9,15,15.9,RCSTM02180725,6/14/2025,6/14/2027,1,
VAR-QB00119,Q0304010D,NF1000 QB,127087-87-0,ATENCION,01-800-00-214-00,H302: Nocivo en caso de ingestión. H313: puede ser nocivo en contacto con la piel. H315: provoca irritación cutánea. H319: provoca irritación ocular grave. H402: nocivo para los organismos acuáticos.,"P264: lavarse las manos y la cara completamente después de su manipulación. Báñese completamente al finalizar su jornada de trabajo. P270: no comer, beber o fumar mientras se manipula este producto. P273: no dispersar en el medio ambiente. P280: usar guantes, ropa de protección, equipo de protección para la cara y ojos. P301+P312: EN CASO DE INGESTION, llamar a un centro de toxicología o medico si la persona se encuentra mal. P330: enjuagarse la boca. P312: llamar a un centro de toxicología o medico si la persona se encuentra mal. P302+P352: EN CASO DE CONTACTO CON LA PIEL: lavar con abundante agua. P321: tratamiento específico (ver sección 4 en esta FDS). P332+P313: en caso de irritación cutánea, consultar un médico.
P362+P364: quitar la ropa contaminada y lavarla antes de volverla a usar.
P305+P351+P338: EN CASO DE CONTACTO CON LOS OJOS: enjuagar con agua  uidadosamente durante varios minutos. Quitar las lentes de contacto cuando estén presentes y pueda hacerse con facilidad. Proseguir el lavado. P501: eliminar el contenido y el recipiente de acuerdo con las normas nacionales o internacionales  igentes.",g,e,i,1,0.9,20,20.9,RCSTM02180725,6/14/2025,6/14/2027,1,
VAR-QB00119,Q0304010E,NF1000 QB,127087-87-0,ATENCION,01-800-00-214-00,H302: Nocivo en caso de ingestión. H313: puede ser nocivo en contacto con la piel. H315: provoca irritación cutánea. H319: provoca irritación ocular grave. H402: nocivo para los organismos acuáticos.,"P264: lavarse las manos y la cara completamente después de su manipulación. Báñese completamente al finalizar su jornada de trabajo. P270: no comer, beber o fumar mientras se manipula este producto. P273: no dispersar en el medio ambiente. P280: usar guantes, ropa de protección, equipo de protección para la cara y ojos. P301+P312: EN CASO DE INGESTION, llamar a un centro de toxicología o medico si la persona se encuentra mal. P330: enjuagarse la boca. P312: llamar a un centro de toxicología o medico si la persona se encuentra mal. P302+P352: EN CASO DE CONTACTO CON LA PIEL: lavar con abundante agua. P321: tratamiento específico (ver sección 4 en esta FDS). P332+P313: en caso de irritación cutánea, consultar un médico.
P362+P364: quitar la ropa contaminada y lavarla antes de volverla a usar.
P305+P351+P338: EN CASO DE CONTACTO CON LOS OJOS: enjuagar con agua  uidadosamente durante varios minutos. Quitar las lentes de contacto cuando estén presentes y pueda hacerse con facilidad. Proseguir el lavado. P501: eliminar el contenido y el recipiente de acuerdo con las normas nacionales o internacionales  igentes.",g,e,i,1,2.2,50,52.2,RCSTM02180725,6/14/2025,6/14/2027,1,
,,,,,,,,,,,,,,,,,,,
VAR-QB00082,Q0304023A,ESTANATO DE SODIO ,-,-,-,-,-,1,1,1,1,0.015,0.5,0.515,257L116,7/1/2025,7/1/2026,1,
VAR-QB00082,Q0304023B,ESTANATO DE SODIO ,-,-,-,-,-,1,1,1,1,0.015,1,1.015,257L116,7/1/2025,7/1/2026,1,
VAR-QB00082,Q0304023C,ESTANATO DE SODIO ,-,-,-,-,-,1,1,1,1,0.015,2,2.015,257L116,7/1/2025,7/1/2026,1,
VAR-QB00082,Q0304023D,ESTANATO DE SODIO ,-,-,-,-,-,1,1,1,1,0.035,3,3.035,257L116,7/1/2025,7/1/2026,1,
VAR-QB00082,Q0304023E,ESTANATO DE SODIO ,-,-,-,-,-,1,1,1,1,0.035,4,4.035,257L116,7/1/2025,7/1/2026,1,
VAR-QB00082,Q0304023F,ESTANATO DE SODIO ,-,-,-,-,-,1,1,1,1,0.035,5,5.035,257L116,7/1/2025,7/1/2026,1,
VAR-QB00082,Q0304023G,ESTANATO DE SODIO ,-,-,-,-,-,1,1,1,1,0.035,10,10.035,257L116,7/1/2025,7/1/2026,1,
,,,,,,,,,,,,,,,,,,,
VAR-QB00099,Q0305001A,GLICEPOL 160,"31566-31-1, 123-94-4, 11099-07-3, 85666-92-8, 85251-77-0",No Aplicable, -  ,No Aplicable,No Aplicable,1,1,1,1,0.015,0.5,0.515,8G599825,7/7/2025,7/6/2027,1,
VAR-QB00099,Q0305001B,GLICEPOL 160,"31566-31-1, 123-94-4, 11099-07-3, 85666-92-8, 85251-77-0",No Aplicable, -  ,No Aplicable,No Aplicable,1,1,1,1,0.015,1,1.015,8G599825,7/7/2025,7/6/2027,1,
VAR-QB00099,Q0305001C,GLICEPOL 160,"31566-31-1, 123-94-4, 11099-07-3, 85666-92-8, 85251-77-0",No Aplicable, -  ,No Aplicable,No Aplicable,1,1,1,1,0.015,2,2.015,8G599825,7/7/2025,7/6/2027,1,
VAR-QB00099,Q0305001D,GLICEPOL 160,"31566-31-1, 123-94-4, 11099-07-3, 85666-92-8, 85251-77-0",No Aplicable, -  ,No Aplicable,No Aplicable,1,1,1,1,0.035,3,3.035,8G599825,7/7/2025,7/6/2027,1,
VAR-QB00099,Q0305001E,GLICEPOL 160,"31566-31-1, 123-94-4, 11099-07-3, 85666-92-8, 85251-77-0",No Aplicable, -  ,No Aplicable,No Aplicable,1,1,1,1,0.035,4,4.035,8G599825,7/7/2025,7/6/2027,1,
VAR-QB00099,Q0305001F,GLICEPOL 160,"31566-31-1, 123-94-4, 11099-07-3, 85666-92-8, 85251-77-0",No Aplicable, -  ,No Aplicable,No Aplicable,1,1,1,1,0.035,5,5.035,8G599825,7/7/2025,7/6/2027,1,
VAR-QB00099,Q0305001G,GLICEPOL 160,"31566-31-1, 123-94-4, 11099-07-3, 85666-92-8, 85251-77-0",No Aplicable, -  ,No Aplicable,No Aplicable,1,1,1,1,0.035,10,10.035,8G599825,7/7/2025,7/6/2027,1,
,,,,,,,,,,,,,,,,,,,
VAR-QB00023,Q0306002A,ANTIESPUMANTE,No Aplicable,No Aplicable, - ,No Aplicable,No Aplicable,1,1,1,1,0.28,5,5.28,16412,12/9/2025,6/9/2026,1,
VAR-QB00023,Q0306002B,ANTIESPUMANTE,No Aplicable,No Aplicable, - ,No Aplicable,No Aplicable,1,1,1,1,0.48,10,10.48,16412,12/9/2025,6/9/2026,1,
VAR-QB00023,Q0306002C,ANTIESPUMANTE,No Aplicable,No Aplicable, - ,No Aplicable,No Aplicable,1,1,1,1,0.9,15,15.9,16412,12/9/2025,6/9/2026,1,
VAR-QB00023,Q0306002D,ANTIESPUMANTE,No Aplicable,No Aplicable, - ,No Aplicable,No Aplicable,1,1,1,1,0.9,20,20.9,16412,12/9/2025,6/9/2026,1,
VAR-QB00023,Q0306002E,ANTIESPUMANTE,No Aplicable,No Aplicable, - ,No Aplicable,No Aplicable,1,1,1,1,2.2,50,52.2,16412,12/9/2025,6/9/2026,1,
,,,,,,,,,,,,,,,,,,,
VAR-QB00032,Q0306003A,C.M.C.,9004-32-4,ATENCION, - ,Puede provocar irritación cutánea Puede formar concentraciones de polvo combustible en aire.,No Aplicable,g,1,1,1,0.015,0.5,0.515,1241139,11/11/2024,11/10/2026,1,
VAR-QB00032,Q0306003B,C.M.C.,9004-32-4,ATENCION, - ,Puede provocar irritación cutánea Puede formar concentraciones de polvo combustible en aire.,No Aplicable,g,1,1,1,0.015,1,1.015,1241139,11/11/2024,11/10/2026,1,
VAR-QB00032,Q0306003C,C.M.C.,9004-32-4,ATENCION, - ,Puede provocar irritación cutánea Puede formar concentraciones de polvo combustible en aire.,No Aplicable,g,1,1,1,0.015,2,2.015,1241139,11/11/2024,11/10/2026,1,
VAR-QB00032,Q0306003D,C.M.C.,9004-32-4,ATENCION, - ,Puede provocar irritación cutánea Puede formar concentraciones de polvo combustible en aire.,No Aplicable,g,1,1,1,0.035,3,3.035,1241139,11/11/2024,11/10/2026,1,
VAR-QB00032,Q0306003E,C.M.C.,9004-32-4,ATENCION, - ,Puede provocar irritación cutánea Puede formar concentraciones de polvo combustible en aire.,No Aplicable,g,1,1,1,0.035,4,4.035,1241139,11/11/2024,11/10/2026,1,
VAR-QB00032,Q0306003F,C.M.C.,9004-32-4,ATENCION, - ,Puede provocar irritación cutánea Puede formar concentraciones de polvo combustible en aire.,No Aplicable,g,1,1,1,0.035,5,5.035,1241139,11/11/2024,11/10/2026,1,
VAR-QB00032,Q0306003G,C.M.C.,9004-32-4,ATENCION, - ,Puede provocar irritación cutánea Puede formar concentraciones de polvo combustible en aire.,No Aplicable,g,1,1,1,0.035,10,10.035,1241139,11/11/2024,11/10/2026,1,
,,,,,,,,,,,,,,,,,,,
VAR-QB00076,Q0306005A,EDTA,MEZCLA,ATENCION,01 800 002 14/,H303- Puede ser nocivo en caso de ingestión. H315- Provoca irritación cutánea. H319- Provoca irritación ocular grave. H332- Nocivo si se inhala. H351- Susceptible de provocar cáncer. H373- Puede provocar daños en los órganos (tracto respiratorio) tras exposiciones prolongadas o repetidas si se inhala.,"P201: Procurar las instrucciones antes del uso. P202: No manipular antes de haber leído y comprendido todas las precauciones de seguridad. P260: No respirar polvos o nieblas. P264: Lavarse cuidadosamente después de la manipulación. P271: Utilizar solo al aire libre o en un lugar bien ventilado. P280: Usar guantes, ropa de protección y equipo de protección adecuados para ojos y cara. RESPUESTA P302+ P352: EN CASO DE CONTACTO CON LA PIEL lavar con abundante agua. P304+ P340+ P312: EN CASO DE INHALACION transportar la victima al aire libre y mantenerla en reposo en una posición que le facilite la respiración. Llamar un centro de toxicología o a un médico si la persona se encuentra mal. P305+ P351+ P338: EN CASO DE CONTACTO CON LOS OJOS enjuagar con agua cuidadosamente durante varios minutos. Quitar las lentes de contacto cuando estén presentes y pueda hacerse con facilidad. Proseguir con el lavado. P312: Llamar a un centro de toxicología o aun medico si la persona se encuentra mal. P332+ P313: En caso de irritación cutánea consultar a un médico. ALMACENAMIENTO P405: Guardar bajo llave. DISPOSICION P501: Eliminar el contenido/recipiente en un punto de recogida de residuos especiales. ____________________________________________________________________",g,h,1,1,0.015,0.5,0.515,20240330,3/30/2024,3/29/2026,1,
VAR-QB00076,Q0306005B,EDTA,MEZCLA,ATENCION,01 800 002 14/,H303- Puede ser nocivo en caso de ingestión. H315- Provoca irritación cutánea. H319- Provoca irritación ocular grave. H332- Nocivo si se inhala. H351- Susceptible de provocar cáncer. H373- Puede provocar daños en los órganos (tracto respiratorio) tras exposiciones prolongadas o repetidas si se inhala.,"P201: Procurar las instrucciones antes del uso. P202: No manipular antes de haber leído y comprendido todas las precauciones de seguridad. P260: No respirar polvos o nieblas. P264: Lavarse cuidadosamente después de la manipulación. P271: Utilizar solo al aire libre o en un lugar bien ventilado. P280: Usar guantes, ropa de protección y equipo de protección adecuados para ojos y cara. RESPUESTA P302+ P352: EN CASO DE CONTACTO CON LA PIEL lavar con abundante agua. P304+ P340+ P312: EN CASO DE INHALACION transportar la victima al aire libre y mantenerla en reposo en una posición que le facilite la respiración. Llamar un centro de toxicología o a un médico si la persona se encuentra mal. P305+ P351+ P338: EN CASO DE CONTACTO CON LOS OJOS enjuagar con agua cuidadosamente durante varios minutos. Quitar las lentes de contacto cuando estén presentes y pueda hacerse con facilidad. Proseguir con el lavado. P312: Llamar a un centro de toxicología o aun medico si la persona se encuentra mal. P332+ P313: En caso de irritación cutánea consultar a un médico. ALMACENAMIENTO P405: Guardar bajo llave. DISPOSICION P501: Eliminar el contenido/recipiente en un punto de recogida de residuos especiales. ____________________________________________________________________",g,h,1,1,0.015,1,1.015,20240330,3/30/2024,3/29/2026,1,
VAR-QB00076,Q0306005C,EDTA,MEZCLA,ATENCION,01 800 002 14/,H303- Puede ser nocivo en caso de ingestión. H315- Provoca irritación cutánea. H319- Provoca irritación ocular grave. H332- Nocivo si se inhala. H351- Susceptible de provocar cáncer. H373- Puede provocar daños en los órganos (tracto respiratorio) tras exposiciones prolongadas o repetidas si se inhala.,"P201: Procurar las instrucciones antes del uso. P202: No manipular antes de haber leído y comprendido todas las precauciones de seguridad. P260: No respirar polvos o nieblas. P264: Lavarse cuidadosamente después de la manipulación. P271: Utilizar solo al aire libre o en un lugar bien ventilado. P280: Usar guantes, ropa de protección y equipo de protección adecuados para ojos y cara. RESPUESTA P302+ P352: EN CASO DE CONTACTO CON LA PIEL lavar con abundante agua. P304+ P340+ P312: EN CASO DE INHALACION transportar la victima al aire libre y mantenerla en reposo en una posición que le facilite la respiración. Llamar un centro de toxicología o a un médico si la persona se encuentra mal. P305+ P351+ P338: EN CASO DE CONTACTO CON LOS OJOS enjuagar con agua cuidadosamente durante varios minutos. Quitar las lentes de contacto cuando estén presentes y pueda hacerse con facilidad. Proseguir con el lavado. P312: Llamar a un centro de toxicología o aun medico si la persona se encuentra mal. P332+ P313: En caso de irritación cutánea consultar a un médico. ALMACENAMIENTO P405: Guardar bajo llave. DISPOSICION P501: Eliminar el contenido/recipiente en un punto de recogida de residuos especiales. ____________________________________________________________________",g,h,1,1,0.015,2,2.015,20240330,3/30/2024,3/29/2026,1,
VAR-QB00076,Q0306005D,EDTA,MEZCLA,ATENCION,01 800 002 14/,H303- Puede ser nocivo en caso de ingestión. H315- Provoca irritación cutánea. H319- Provoca irritación ocular grave. H332- Nocivo si se inhala. H351- Susceptible de provocar cáncer. H373- Puede provocar daños en los órganos (tracto respiratorio) tras exposiciones prolongadas o repetidas si se inhala.,"P201: Procurar las instrucciones antes del uso. P202: No manipular antes de haber leído y comprendido todas las precauciones de seguridad. P260: No respirar polvos o nieblas. P264: Lavarse cuidadosamente después de la manipulación. P271: Utilizar solo al aire libre o en un lugar bien ventilado. P280: Usar guantes, ropa de protección y equipo de protección adecuados para ojos y cara. RESPUESTA P302+ P352: EN CASO DE CONTACTO CON LA PIEL lavar con abundante agua. P304+ P340+ P312: EN CASO DE INHALACION transportar la victima al aire libre y mantenerla en reposo en una posición que le facilite la respiración. Llamar un centro de toxicología o a un médico si la persona se encuentra mal. P305+ P351+ P338: EN CASO DE CONTACTO CON LOS OJOS enjuagar con agua cuidadosamente durante varios minutos. Quitar las lentes de contacto cuando estén presentes y pueda hacerse con facilidad. Proseguir con el lavado. P312: Llamar a un centro de toxicología o aun medico si la persona se encuentra mal. P332+ P313: En caso de irritación cutánea consultar a un médico. ALMACENAMIENTO P405: Guardar bajo llave. DISPOSICION P501: Eliminar el contenido/recipiente en un punto de recogida de residuos especiales. ____________________________________________________________________",g,h,1,1,0.035,3,3.035,20240330,3/30/2024,3/29/2026,1,
VAR-QB00076,Q0306005E,EDTA,MEZCLA,ATENCION,01 800 002 14/,H303- Puede ser nocivo en caso de ingestión. H315- Provoca irritación cutánea. H319- Provoca irritación ocular grave. H332- Nocivo si se inhala. H351- Susceptible de provocar cáncer. H373- Puede provocar daños en los órganos (tracto respiratorio) tras exposiciones prolongadas o repetidas si se inhala.,"P201: Procurar las instrucciones antes del uso. P202: No manipular antes de haber leído y comprendido todas las precauciones de seguridad. P260: No respirar polvos o nieblas. P264: Lavarse cuidadosamente después de la manipulación. P271: Utilizar solo al aire libre o en un lugar bien ventilado. P280: Usar guantes, ropa de protección y equipo de protección adecuados para ojos y cara. RESPUESTA P302+ P352: EN CASO DE CONTACTO CON LA PIEL lavar con abundante agua. P304+ P340+ P312: EN CASO DE INHALACION transportar la victima al aire libre y mantenerla en reposo en una posición que le facilite la respiración. Llamar un centro de toxicología o a un médico si la persona se encuentra mal. P305+ P351+ P338: EN CASO DE CONTACTO CON LOS OJOS enjuagar con agua cuidadosamente durante varios minutos. Quitar las lentes de contacto cuando estén presentes y pueda hacerse con facilidad. Proseguir con el lavado. P312: Llamar a un centro de toxicología o aun medico si la persona se encuentra mal. P332+ P313: En caso de irritación cutánea consultar a un médico. ALMACENAMIENTO P405: Guardar bajo llave. DISPOSICION P501: Eliminar el contenido/recipiente en un punto de recogida de residuos especiales. ____________________________________________________________________",g,h,1,1,0.035,4,4.035,20240330,3/30/2024,3/29/2026,1,
VAR-QB00076,Q0306005F,EDTA,MEZCLA,ATENCION,01 800 002 14/,H303- Puede ser nocivo en caso de ingestión. H315- Provoca irritación cutánea. H319- Provoca irritación ocular grave. H332- Nocivo si se inhala. H351- Susceptible de provocar cáncer. H373- Puede provocar daños en los órganos (tracto respiratorio) tras exposiciones prolongadas o repetidas si se inhala.,"P201: Procurar las instrucciones antes del uso. P202: No manipular antes de haber leído y comprendido todas las precauciones de seguridad. P260: No respirar polvos o nieblas. P264: Lavarse cuidadosamente después de la manipulación. P271: Utilizar solo al aire libre o en un lugar bien ventilado. P280: Usar guantes, ropa de protección y equipo de protección adecuados para ojos y cara. RESPUESTA P302+ P352: EN CASO DE CONTACTO CON LA PIEL lavar con abundante agua. P304+ P340+ P312: EN CASO DE INHALACION transportar la victima al aire libre y mantenerla en reposo en una posición que le facilite la respiración. Llamar un centro de toxicología o a un médico si la persona se encuentra mal. P305+ P351+ P338: EN CASO DE CONTACTO CON LOS OJOS enjuagar con agua cuidadosamente durante varios minutos. Quitar las lentes de contacto cuando estén presentes y pueda hacerse con facilidad. Proseguir con el lavado. P312: Llamar a un centro de toxicología o aun medico si la persona se encuentra mal. P332+ P313: En caso de irritación cutánea consultar a un médico. ALMACENAMIENTO P405: Guardar bajo llave. DISPOSICION P501: Eliminar el contenido/recipiente en un punto de recogida de residuos especiales. ____________________________________________________________________",g,h,1,1,0.035,5,5.035,20240330,3/30/2024,3/29/2026,1,
VAR-QB00076,Q0306005G,EDTA,MEZCLA,ATENCION,01 800 002 14/,H303- Puede ser nocivo en caso de ingestión. H315- Provoca irritación cutánea. H319- Provoca irritación ocular grave. H332- Nocivo si se inhala. H351- Susceptible de provocar cáncer. H373- Puede provocar daños en los órganos (tracto respiratorio) tras exposiciones prolongadas o repetidas si se inhala.,"P201: Procurar las instrucciones antes del uso. P202: No manipular antes de haber leído y comprendido todas las precauciones de seguridad. P260: No respirar polvos o nieblas. P264: Lavarse cuidadosamente después de la manipulación. P271: Utilizar solo al aire libre o en un lugar bien ventilado. P280: Usar guantes, ropa de protección y equipo de protección adecuados para ojos y cara. RESPUESTA P302+ P352: EN CASO DE CONTACTO CON LA PIEL lavar con abundante agua. P304+ P340+ P312: EN CASO DE INHALACION transportar la victima al aire libre y mantenerla en reposo en una posición que le facilite la respiración. Llamar un centro de toxicología o a un médico si la persona se encuentra mal. P305+ P351+ P338: EN CASO DE CONTACTO CON LOS OJOS enjuagar con agua cuidadosamente durante varios minutos. Quitar las lentes de contacto cuando estén presentes y pueda hacerse con facilidad. Proseguir con el lavado. P312: Llamar a un centro de toxicología o aun medico si la persona se encuentra mal. P332+ P313: En caso de irritación cutánea consultar a un médico. ALMACENAMIENTO P405: Guardar bajo llave. DISPOSICION P501: Eliminar el contenido/recipiente en un punto de recogida de residuos especiales. ____________________________________________________________________",g,h,1,1,0.035,10,10.035,20240330,3/30/2024,3/29/2026,1,
,,,,,,,,,,,,,,,,,,,
VAR-QB00118,Q0306007A,NACARANTE QB,"68585-34-2, 627-83-8, 68140-00-1",ATENCION,01 800 00 21400 ; 01 (55) 55 59 15 88,H319 Causa seria irritación ocular H315 Causa irritación en piel.,"P280 Utilizar equipo de protección personal (lentes, guantes mascarilla). P264 Lavarse bien después de manipularlo. P305+P351+P338 En caso de tener contacto con los ojos enjuagar con abundante agua, si es posible retirar los lentes y continuar enjuagando.",g,1,1,1,0.28,5,5.28,NT-301225,12/31/2025,12/31/2026,1,
VAR-QB00118,Q0306007B,NACARANTE QB,"68585-34-2, 627-83-8, 68140-00-1",ATENCION,01 800 00 21400 ; 01 (55) 55 59 15 88,H319 Causa seria irritación ocular H315 Causa irritación en piel.,"P280 Utilizar equipo de protección personal (lentes, guantes mascarilla). P264 Lavarse bien después de manipularlo. P305+P351+P338 En caso de tener contacto con los ojos enjuagar con abundante agua, si es posible retirar los lentes y continuar enjuagando.",g,1,1,1,0.48,10,10.48,NT-301225,12/31/2025,12/31/2026,1,
VAR-QB00118,Q0306007C,NACARANTE QB,"68585-34-2, 627-83-8, 68140-00-1",ATENCION,01 800 00 21400 ; 01 (55) 55 59 15 88,H319 Causa seria irritación ocular H315 Causa irritación en piel.,"P280 Utilizar equipo de protección personal (lentes, guantes mascarilla). P264 Lavarse bien después de manipularlo. P305+P351+P338 En caso de tener contacto con los ojos enjuagar con abundante agua, si es posible retirar los lentes y continuar enjuagando.",g,1,1,1,0.9,15,15.9,NT-301225,12/31/2025,12/31/2026,1,
VAR-QB00118,Q0306007D,NACARANTE QB,"68585-34-2, 627-83-8, 68140-00-1",ATENCION,01 800 00 21400 ; 01 (55) 55 59 15 88,H319 Causa seria irritación ocular H315 Causa irritación en piel.,"P280 Utilizar equipo de protección personal (lentes, guantes mascarilla). P264 Lavarse bien después de manipularlo. P305+P351+P338 En caso de tener contacto con los ojos enjuagar con abundante agua, si es posible retirar los lentes y continuar enjuagando.",g,1,1,1,0.9,20,20.9,NT-301225,12/31/2025,12/31/2026,1,
VAR-QB00118,Q0306007E,NACARANTE QB,"68585-34-2, 627-83-8, 68140-00-1",ATENCION,01 800 00 21400 ; 01 (55) 55 59 15 88,H319 Causa seria irritación ocular H315 Causa irritación en piel.,"P280 Utilizar equipo de protección personal (lentes, guantes mascarilla). P264 Lavarse bien después de manipularlo. P305+P351+P338 En caso de tener contacto con los ojos enjuagar con abundante agua, si es posible retirar los lentes y continuar enjuagando.",g,1,1,1,2.2,50,52.2,NT-301225,12/31/2025,12/31/2026,1,
,,,,,,,,,,,,,,,,,,,
VAR-QB00140,Q0306010A,TEA USO INDUSTRIAL (TRIETANOLAMINA 85%),102-71-6,PELIGRO,01 800 00 21400,H302 Nocivo en caso de ingestión. H318 Provoca lesiones oculares graves. H315 Provoca irritación cutánea. H373 Puede provocar daños en los órganos tras exposiciones prolongadas o repetidas.,"P270 No comer, beber ni fumar durante la utilización. P302+P352 En caso de contacto con la piel: Lavar con agua y jabón abundantes. P305+P351+P338 En caso de contacto con los ojos: Aclarar cuidadosamente con agua durante varios minutos. Quitar los lentes de contacto, si lleva y resulta fácil. Seguir aclarando. P310 Llamar inmediatamente a un centro de toxicología o aun médico.
P321 Si necesita un tratamiento específico (acuda al médico con la ficha de seguridad de este producto). P362 Quitarse las prendas contaminadas y lavarlas antes de volver a usarlas.",g,e,h,1,0.28,5,5.28,717-260825,8/1/2025,8/1/2026,1,
VAR-QB00140,Q0306010B,TEA USO INDUSTRIAL (TRIETANOLAMINA 85%),102-71-6,PELIGRO,01 800 00 21400,H302 Nocivo en caso de ingestión. H318 Provoca lesiones oculares graves. H315 Provoca irritación cutánea. H373 Puede provocar daños en los órganos tras exposiciones prolongadas o repetidas.,"P270 No comer, beber ni fumar durante la utilización. P302+P352 En caso de contacto con la piel: Lavar con agua y jabón abundantes. P305+P351+P338 En caso de contacto con los ojos: Aclarar cuidadosamente con agua durante varios minutos. Quitar los lentes de contacto, si lleva y resulta fácil. Seguir aclarando. P310 Llamar inmediatamente a un centro de toxicología o aun médico.
P321 Si necesita un tratamiento específico (acuda al médico con la ficha de seguridad de este producto). P362 Quitarse las prendas contaminadas y lavarlas antes de volver a usarlas.",g,e,h,1,0.48,10,10.48,717-260825,8/1/2025,8/1/2026,1,
VAR-QB00140,Q0306010C,TEA USO INDUSTRIAL (TRIETANOLAMINA 85%),102-71-6,PELIGRO,01 800 00 21400,H302 Nocivo en caso de ingestión. H318 Provoca lesiones oculares graves. H315 Provoca irritación cutánea. H373 Puede provocar daños en los órganos tras exposiciones prolongadas o repetidas.,"P270 No comer, beber ni fumar durante la utilización. P302+P352 En caso de contacto con la piel: Lavar con agua y jabón abundantes. P305+P351+P338 En caso de contacto con los ojos: Aclarar cuidadosamente con agua durante varios minutos. Quitar los lentes de contacto, si lleva y resulta fácil. Seguir aclarando. P310 Llamar inmediatamente a un centro de toxicología o aun médico.
P321 Si necesita un tratamiento específico (acuda al médico con la ficha de seguridad de este producto). P362 Quitarse las prendas contaminadas y lavarlas antes de volver a usarlas.",g,e,h,1,0.9,15,15.9,717-260825,8/1/2025,8/1/2026,1,
VAR-QB00140,Q0306010D,TEA USO INDUSTRIAL (TRIETANOLAMINA 85%),102-71-6,PELIGRO,01 800 00 21400,H302 Nocivo en caso de ingestión. H318 Provoca lesiones oculares graves. H315 Provoca irritación cutánea. H373 Puede provocar daños en los órganos tras exposiciones prolongadas o repetidas.,"P270 No comer, beber ni fumar durante la utilización. P302+P352 En caso de contacto con la piel: Lavar con agua y jabón abundantes. P305+P351+P338 En caso de contacto con los ojos: Aclarar cuidadosamente con agua durante varios minutos. Quitar los lentes de contacto, si lleva y resulta fácil. Seguir aclarando. P310 Llamar inmediatamente a un centro de toxicología o aun médico.
P321 Si necesita un tratamiento específico (acuda al médico con la ficha de seguridad de este producto). P362 Quitarse las prendas contaminadas y lavarlas antes de volver a usarlas.",g,e,h,1,0.9,20,20.9,717-260825,8/1/2025,8/1/2026,1,
VAR-QB00140,Q0306010E,TEA USO INDUSTRIAL (TRIETANOLAMINA 85%),102-71-6,PELIGRO,01 800 00 21400,H302 Nocivo en caso de ingestión. H318 Provoca lesiones oculares graves. H315 Provoca irritación cutánea. H373 Puede provocar daños en los órganos tras exposiciones prolongadas o repetidas.,"P270 No comer, beber ni fumar durante la utilización. P302+P352 En caso de contacto con la piel: Lavar con agua y jabón abundantes. P305+P351+P338 En caso de contacto con los ojos: Aclarar cuidadosamente con agua durante varios minutos. Quitar los lentes de contacto, si lleva y resulta fácil. Seguir aclarando. P310 Llamar inmediatamente a un centro de toxicología o aun médico.
P321 Si necesita un tratamiento específico (acuda al médico con la ficha de seguridad de este producto). P362 Quitarse las prendas contaminadas y lavarlas antes de volver a usarlas.",g,e,h,1,2.2,50,52.2,717-260825,8/1/2025,8/1/2026,1,
,,,,,,,,,,,,,,,,,,,
VAR-QB00037,Q0306023A,CETEARETH-20,68439-49-6,No Aplicable, - ,No Aplicable,No Aplicable,1,1,1,1,0.015,0.5,0.515,D250225237,3/5/2025,2/3/2027,1,
VAR-QB00037,Q0306023B,CETEARETH-20,68439-49-6,No Aplicable, - ,No Aplicable,No Aplicable,1,1,1,1,0.015,1,1.015,D250225237,3/5/2025,2/3/2027,1,
VAR-QB00037,Q0306023C,CETEARETH-20,68439-49-6,No Aplicable, - ,No Aplicable,No Aplicable,1,1,1,1,0.015,2,2.015,D250225237,3/5/2025,2/3/2027,1,
VAR-QB00037,Q0306023D,CETEARETH-20,68439-49-6,No Aplicable, - ,No Aplicable,No Aplicable,1,1,1,1,0.035,3,3.035,D250225237,3/5/2025,2/3/2027,1,
VAR-QB00037,Q0306023E,CETEARETH-20,68439-49-6,No Aplicable, - ,No Aplicable,No Aplicable,1,1,1,1,0.035,4,4.035,D250225237,3/5/2025,2/3/2027,1,
VAR-QB00037,Q0306023F,CETEARETH-20,68439-49-6,No Aplicable, - ,No Aplicable,No Aplicable,1,1,1,1,0.035,5,5.035,D250225237,3/5/2025,2/3/2027,1,
VAR-QB00037,Q0306023G,CETEARETH-20,68439-49-6,No Aplicable, - ,No Aplicable,No Aplicable,1,1,1,1,0.035,10,10.035,D250225237,3/5/2025,2/3/2027,1,
,,,,,,,,,,,,,,,,,,,
VAR-QB00070,Q0306025A,DEAC DE COCO,"68603-42-9, 61791-31-9",ATENCION,5860-2196 / 5860- 2039,H319 provoca irritación ocular,"P305+P351+P338 EN CASO DE CONTACTO CON LOS OJOS, enjuagar con agua cuidadosamente durante varios minutos. Quitar lentes de contacto cuando estén presentes y pueda hacerse con facilidad. Proseguir el lavado. P313 Consultar un medico. P301+P330+P331 EN CASO DE INGESTION, enjuagar la boca. No provocar el vomito. P302+P352 EN CASO DE CONTACTO CON LA PIEL, lavar con agua abundante.",g,1,1,1,0.28,5,5.28,TSA-101125-P,11/10/2025,11/10/2027,1,
VAR-QB00070,Q0306025B,DEAC DE COCO,"68603-42-9, 61791-31-9",ATENCION,5860-2196 / 5860- 2039,H319 provoca irritación ocular,"P305+P351+P338 EN CASO DE CONTACTO CON LOS OJOS, enjuagar con agua cuidadosamente durante varios minutos. Quitar lentes de contacto cuando estén presentes y pueda hacerse con facilidad. Proseguir el lavado. P313 Consultar un medico. P301+P330+P331 EN CASO DE INGESTION, enjuagar la boca. No provocar el vomito. P302+P352 EN CASO DE CONTACTO CON LA PIEL, lavar con agua abundante.",g,1,1,1,0.48,10,10.48,TSA-101125-P,11/10/2025,11/10/2027,1,
VAR-QB00070,Q0306025C,DEAC DE COCO,"68603-42-9, 61791-31-9",ATENCION,5860-2196 / 5860- 2039,H319 provoca irritación ocular,"P305+P351+P338 EN CASO DE CONTACTO CON LOS OJOS, enjuagar con agua cuidadosamente durante varios minutos. Quitar lentes de contacto cuando estén presentes y pueda hacerse con facilidad. Proseguir el lavado. P313 Consultar un medico. P301+P330+P331 EN CASO DE INGESTION, enjuagar la boca. No provocar el vomito. P302+P352 EN CASO DE CONTACTO CON LA PIEL, lavar con agua abundante.",g,1,1,1,0.9,15,15.9,TSA-101125-P,11/10/2025,11/10/2027,1,
VAR-QB00070,Q0306025D,DEAC DE COCO,"68603-42-9, 61791-31-9",ATENCION,5860-2196 / 5860- 2039,H319 provoca irritación ocular,"P305+P351+P338 EN CASO DE CONTACTO CON LOS OJOS, enjuagar con agua cuidadosamente durante varios minutos. Quitar lentes de contacto cuando estén presentes y pueda hacerse con facilidad. Proseguir el lavado. P313 Consultar un medico. P301+P330+P331 EN CASO DE INGESTION, enjuagar la boca. No provocar el vomito. P302+P352 EN CASO DE CONTACTO CON LA PIEL, lavar con agua abundante.",g,1,1,1,0.9,20,20.9,TSA-101125-P,11/10/2025,11/10/2027,1,
VAR-QB00070,Q0306025E,DEAC DE COCO,"68603-42-9, 61791-31-9",ATENCION,5860-2196 / 5860- 2039,H319 provoca irritación ocular,"P305+P351+P338 EN CASO DE CONTACTO CON LOS OJOS, enjuagar con agua cuidadosamente durante varios minutos. Quitar lentes de contacto cuando estén presentes y pueda hacerse con facilidad. Proseguir el lavado. P313 Consultar un medico. P301+P330+P331 EN CASO DE INGESTION, enjuagar la boca. No provocar el vomito. P302+P352 EN CASO DE CONTACTO CON LA PIEL, lavar con agua abundante.",g,1,1,1,2.2,50,52.2,TSA-101125-P,11/10/2025,11/10/2027,1,
,,,,,,,,,,,,,,,,,,,
VAR-QB00093,Q0308005A,FONGRABAC MG (CONSERVA GEL SHAMPOO),10377- 60- 3/ 26172- 55- 4 / 2682- 20- 4,PELIGRO,+ 52 55 52 29 55 55,H302: Nocivo en caso de ingestión. H314: Provoca quemaduras graves en la piel y lesiones oculares graves. H317: Puede provocar una reacción alérgica en la piel. H318: Provoca lesiones oculares graves.,"P261: Evitar respirar el polvo/el humo/el gas/la niebla/los vapores/el aerosol. P264: Lavarse la piel concienzudamente tras la manipulación. P270: No comer, beber ni fumar durante su utilización. P272: Las prendas de trabajo contaminadas no podrán sacarse del lugar de trabajo. P280: Llevar guanterendas/gafas/mascara de protección. P301+ P312+ P330 EN CASO DE INGESTION: Llamar a un centro de información
toxicológica o a un médico en caso de malestar. Enjuagarse la boca.
P301+ P330+ P331 EN CASO DE INGESTION: Enjuagarse la boca. No provocar el
vómito.
P303+ P361+ P353 EN CASO DE CONTACTO CON LA PIEL (o el pelo): Quitarse
inmediatamente las prendas contaminadas. Aclararse la piel con agua o ducharse.
P304+ P340+ P310 EN CASO DE INHALACION: Transportar a la víctima al exterior y
mantenerla en reposo en una posición confortable para respirar. Llamar
inmediatamente a un centro de información toxicológica o a un médico.
P305+ P351+ P338+ P310 EN CASO DE CONTACTO CON LOS OJOS: Aclarar cuidadosamente con agua durante varios minutos. Quitar las lentes de contacto, si
lleva y resulta fácil. Seguir aclarando. Llamar inmediatamente a un centro de
información toxicológica o a un médico. P333+ P313: En caso de irritación o erupción cutánea consultar a un médico. P363: Lavar las prendas contaminadas antes de volver a usarlas. P405: Guardar bajo llave. P501: Eliminar el contenido/el recipiente en una planta de eliminación de residuos autorizada.",e,g,1,1,0.09,0.5,0.59,MX1C000540,6/20/2025,6/20/2026,1,
VAR-QB00093,Q0308005B,FONGRABAC MG (CONSERVA GEL SHAMPOO),10377- 60- 3/ 26172- 55- 4 / 2682- 20- 4,PELIGRO,+ 52 55 52 29 55 55,H302: Nocivo en caso de ingestión. H314: Provoca quemaduras graves en la piel y lesiones oculares graves. H317: Puede provocar una reacción alérgica en la piel. H318: Provoca lesiones oculares graves.,"P261: Evitar respirar el polvo/el humo/el gas/la niebla/los vapores/el aerosol. P264: Lavarse la piel concienzudamente tras la manipulación. P270: No comer, beber ni fumar durante su utilización. P272: Las prendas de trabajo contaminadas no podrán sacarse del lugar de trabajo. P280: Llevar guanterendas/gafas/mascara de protección. P301+ P312+ P330 EN CASO DE INGESTION: Llamar a un centro de información
toxicológica o a un médico en caso de malestar. Enjuagarse la boca.
P301+ P330+ P331 EN CASO DE INGESTION: Enjuagarse la boca. No provocar el
vómito.
P303+ P361+ P353 EN CASO DE CONTACTO CON LA PIEL (o el pelo): Quitarse
inmediatamente las prendas contaminadas. Aclararse la piel con agua o ducharse.
P304+ P340+ P310 EN CASO DE INHALACION: Transportar a la víctima al exterior y
mantenerla en reposo en una posición confortable para respirar. Llamar
inmediatamente a un centro de información toxicológica o a un médico.
P305+ P351+ P338+ P310 EN CASO DE CONTACTO CON LOS OJOS: Aclarar cuidadosamente con agua durante varios minutos. Quitar las lentes de contacto, si
lleva y resulta fácil. Seguir aclarando. Llamar inmediatamente a un centro de
información toxicológica o a un médico. P333+ P313: En caso de irritación o erupción cutánea consultar a un médico. P363: Lavar las prendas contaminadas antes de volver a usarlas. P405: Guardar bajo llave. P501: Eliminar el contenido/el recipiente en una planta de eliminación de residuos autorizada.",e,g,1,1,0.09,1,1.09,MX1C000540,6/20/2025,6/20/2026,1,
VAR-QB00093,Q0308005C,FONGRABAC MG (CONSERVA GEL SHAMPOO),10377- 60- 3/ 26172- 55- 4 / 2682- 20- 4,PELIGRO,+ 52 55 52 29 55 55,H302: Nocivo en caso de ingestión. H314: Provoca quemaduras graves en la piel y lesiones oculares graves. H317: Puede provocar una reacción alérgica en la piel. H318: Provoca lesiones oculares graves.,"P261: Evitar respirar el polvo/el humo/el gas/la niebla/los vapores/el aerosol. P264: Lavarse la piel concienzudamente tras la manipulación. P270: No comer, beber ni fumar durante su utilización. P272: Las prendas de trabajo contaminadas no podrán sacarse del lugar de trabajo. P280: Llevar guanterendas/gafas/mascara de protección. P301+ P312+ P330 EN CASO DE INGESTION: Llamar a un centro de información
toxicológica o a un médico en caso de malestar. Enjuagarse la boca.
P301+ P330+ P331 EN CASO DE INGESTION: Enjuagarse la boca. No provocar el
vómito.
P303+ P361+ P353 EN CASO DE CONTACTO CON LA PIEL (o el pelo): Quitarse
inmediatamente las prendas contaminadas. Aclararse la piel con agua o ducharse.
P304+ P340+ P310 EN CASO DE INHALACION: Transportar a la víctima al exterior y
mantenerla en reposo en una posición confortable para respirar. Llamar
inmediatamente a un centro de información toxicológica o a un médico.
P305+ P351+ P338+ P310 EN CASO DE CONTACTO CON LOS OJOS: Aclarar cuidadosamente con agua durante varios minutos. Quitar las lentes de contacto, si
lleva y resulta fácil. Seguir aclarando. Llamar inmediatamente a un centro de
información toxicológica o a un médico. P333+ P313: En caso de irritación o erupción cutánea consultar a un médico. P363: Lavar las prendas contaminadas antes de volver a usarlas. P405: Guardar bajo llave. P501: Eliminar el contenido/el recipiente en una planta de eliminación de residuos autorizada.",e,g,1,1,0.24,2,2.24,MX1C000540,6/20/2025,6/20/2026,1,
VAR-QB00093,Q0308005D,FONGRABAC MG (CONSERVA GEL SHAMPOO),10377- 60- 3/ 26172- 55- 4 / 2682- 20- 4,PELIGRO,+ 52 55 52 29 55 55,H302: Nocivo en caso de ingestión. H314: Provoca quemaduras graves en la piel y lesiones oculares graves. H317: Puede provocar una reacción alérgica en la piel. H318: Provoca lesiones oculares graves.,"P261: Evitar respirar el polvo/el humo/el gas/la niebla/los vapores/el aerosol. P264: Lavarse la piel concienzudamente tras la manipulación. P270: No comer, beber ni fumar durante su utilización. P272: Las prendas de trabajo contaminadas no podrán sacarse del lugar de trabajo. P280: Llevar guanterendas/gafas/mascara de protección. P301+ P312+ P330 EN CASO DE INGESTION: Llamar a un centro de información
toxicológica o a un médico en caso de malestar. Enjuagarse la boca.
P301+ P330+ P331 EN CASO DE INGESTION: Enjuagarse la boca. No provocar el
vómito.
P303+ P361+ P353 EN CASO DE CONTACTO CON LA PIEL (o el pelo): Quitarse
inmediatamente las prendas contaminadas. Aclararse la piel con agua o ducharse.
P304+ P340+ P310 EN CASO DE INHALACION: Transportar a la víctima al exterior y
mantenerla en reposo en una posición confortable para respirar. Llamar
inmediatamente a un centro de información toxicológica o a un médico.
P305+ P351+ P338+ P310 EN CASO DE CONTACTO CON LOS OJOS: Aclarar cuidadosamente con agua durante varios minutos. Quitar las lentes de contacto, si
lleva y resulta fácil. Seguir aclarando. Llamar inmediatamente a un centro de
información toxicológica o a un médico. P333+ P313: En caso de irritación o erupción cutánea consultar a un médico. P363: Lavar las prendas contaminadas antes de volver a usarlas. P405: Guardar bajo llave. P501: Eliminar el contenido/el recipiente en una planta de eliminación de residuos autorizada.",e,g,1,1,0.24,3,3.24,MX1C000540,6/20/2025,6/20/2026,1,
VAR-QB00093,Q0308005E,FONGRABAC MG (CONSERVA GEL SHAMPOO),10377- 60- 3/ 26172- 55- 4 / 2682- 20- 4,PELIGRO,+ 52 55 52 29 55 55,H302: Nocivo en caso de ingestión. H314: Provoca quemaduras graves en la piel y lesiones oculares graves. H317: Puede provocar una reacción alérgica en la piel. H318: Provoca lesiones oculares graves.,"P261: Evitar respirar el polvo/el humo/el gas/la niebla/los vapores/el aerosol. P264: Lavarse la piel concienzudamente tras la manipulación. P270: No comer, beber ni fumar durante su utilización. P272: Las prendas de trabajo contaminadas no podrán sacarse del lugar de trabajo. P280: Llevar guanterendas/gafas/mascara de protección. P301+ P312+ P330 EN CASO DE INGESTION: Llamar a un centro de información
toxicológica o a un médico en caso de malestar. Enjuagarse la boca.
P301+ P330+ P331 EN CASO DE INGESTION: Enjuagarse la boca. No provocar el
vómito.
P303+ P361+ P353 EN CASO DE CONTACTO CON LA PIEL (o el pelo): Quitarse
inmediatamente las prendas contaminadas. Aclararse la piel con agua o ducharse.
P304+ P340+ P310 EN CASO DE INHALACION: Transportar a la víctima al exterior y
mantenerla en reposo en una posición confortable para respirar. Llamar
inmediatamente a un centro de información toxicológica o a un médico.
P305+ P351+ P338+ P310 EN CASO DE CONTACTO CON LOS OJOS: Aclarar cuidadosamente con agua durante varios minutos. Quitar las lentes de contacto, si
lleva y resulta fácil. Seguir aclarando. Llamar inmediatamente a un centro de
información toxicológica o a un médico. P333+ P313: En caso de irritación o erupción cutánea consultar a un médico. P363: Lavar las prendas contaminadas antes de volver a usarlas. P405: Guardar bajo llave. P501: Eliminar el contenido/el recipiente en una planta de eliminación de residuos autorizada.",e,g,1,1,0.24,4,4.24,MX1C000540,6/20/2025,6/20/2026,1,
VAR-QB00093,Q0308005F,FONGRABAC MG (CONSERVA GEL SHAMPOO),10377- 60- 3/ 26172- 55- 4 / 2682- 20- 4,PELIGRO,+ 52 55 52 29 55 55,H302: Nocivo en caso de ingestión. H314: Provoca quemaduras graves en la piel y lesiones oculares graves. H317: Puede provocar una reacción alérgica en la piel. H318: Provoca lesiones oculares graves.,"P261: Evitar respirar el polvo/el humo/el gas/la niebla/los vapores/el aerosol. P264: Lavarse la piel concienzudamente tras la manipulación. P270: No comer, beber ni fumar durante su utilización. P272: Las prendas de trabajo contaminadas no podrán sacarse del lugar de trabajo. P280: Llevar guanterendas/gafas/mascara de protección. P301+ P312+ P330 EN CASO DE INGESTION: Llamar a un centro de información
toxicológica o a un médico en caso de malestar. Enjuagarse la boca.
P301+ P330+ P331 EN CASO DE INGESTION: Enjuagarse la boca. No provocar el
vómito.
P303+ P361+ P353 EN CASO DE CONTACTO CON LA PIEL (o el pelo): Quitarse
inmediatamente las prendas contaminadas. Aclararse la piel con agua o ducharse.
P304+ P340+ P310 EN CASO DE INHALACION: Transportar a la víctima al exterior y
mantenerla en reposo en una posición confortable para respirar. Llamar
inmediatamente a un centro de información toxicológica o a un médico.
P305+ P351+ P338+ P310 EN CASO DE CONTACTO CON LOS OJOS: Aclarar cuidadosamente con agua durante varios minutos. Quitar las lentes de contacto, si
lleva y resulta fácil. Seguir aclarando. Llamar inmediatamente a un centro de
información toxicológica o a un médico. P333+ P313: En caso de irritación o erupción cutánea consultar a un médico. P363: Lavar las prendas contaminadas antes de volver a usarlas. P405: Guardar bajo llave. P501: Eliminar el contenido/el recipiente en una planta de eliminación de residuos autorizada.",e,g,1,1,0.28,5,5.28,MX1C000540,6/20/2025,6/20/2026,1,
VAR-QB00093,Q0308005G,FONGRABAC MG (CONSERVA GEL SHAMPOO),10377- 60- 3/ 26172- 55- 4 / 2682- 20- 4,PELIGRO,+ 52 55 52 29 55 55,H302: Nocivo en caso de ingestión. H314: Provoca quemaduras graves en la piel y lesiones oculares graves. H317: Puede provocar una reacción alérgica en la piel. H318: Provoca lesiones oculares graves.,"P261: Evitar respirar el polvo/el humo/el gas/la niebla/los vapores/el aerosol. P264: Lavarse la piel concienzudamente tras la manipulación. P270: No comer, beber ni fumar durante su utilización. P272: Las prendas de trabajo contaminadas no podrán sacarse del lugar de trabajo. P280: Llevar guanterendas/gafas/mascara de protección. P301+ P312+ P330 EN CASO DE INGESTION: Llamar a un centro de información
toxicológica o a un médico en caso de malestar. Enjuagarse la boca.
P301+ P330+ P331 EN CASO DE INGESTION: Enjuagarse la boca. No provocar el
vómito.
P303+ P361+ P353 EN CASO DE CONTACTO CON LA PIEL (o el pelo): Quitarse
inmediatamente las prendas contaminadas. Aclararse la piel con agua o ducharse.
P304+ P340+ P310 EN CASO DE INHALACION: Transportar a la víctima al exterior y
mantenerla en reposo en una posición confortable para respirar. Llamar
inmediatamente a un centro de información toxicológica o a un médico.
P305+ P351+ P338+ P310 EN CASO DE CONTACTO CON LOS OJOS: Aclarar cuidadosamente con agua durante varios minutos. Quitar las lentes de contacto, si
lleva y resulta fácil. Seguir aclarando. Llamar inmediatamente a un centro de
información toxicológica o a un médico. P333+ P313: En caso de irritación o erupción cutánea consultar a un médico. P363: Lavar las prendas contaminadas antes de volver a usarlas. P405: Guardar bajo llave. P501: Eliminar el contenido/el recipiente en una planta de eliminación de residuos autorizada.",e,g,1,1,0.48,10,10.48,MX1C000540,6/20/2025,6/20/2026,1,
VAR-QB00093,Q0308005H,FONGRABAC MG (CONSERVA GEL SHAMPOO),10377- 60- 3/ 26172- 55- 4 / 2682- 20- 4,PELIGRO,+ 52 55 52 29 55 55,H302: Nocivo en caso de ingestión. H314: Provoca quemaduras graves en la piel y lesiones oculares graves. H317: Puede provocar una reacción alérgica en la piel. H318: Provoca lesiones oculares graves.,"P261: Evitar respirar el polvo/el humo/el gas/la niebla/los vapores/el aerosol. P264: Lavarse la piel concienzudamente tras la manipulación. P270: No comer, beber ni fumar durante su utilización. P272: Las prendas de trabajo contaminadas no podrán sacarse del lugar de trabajo. P280: Llevar guanterendas/gafas/mascara de protección. P301+ P312+ P330 EN CASO DE INGESTION: Llamar a un centro de información
toxicológica o a un médico en caso de malestar. Enjuagarse la boca.
P301+ P330+ P331 EN CASO DE INGESTION: Enjuagarse la boca. No provocar el
vómito.
P303+ P361+ P353 EN CASO DE CONTACTO CON LA PIEL (o el pelo): Quitarse
inmediatamente las prendas contaminadas. Aclararse la piel con agua o ducharse.
P304+ P340+ P310 EN CASO DE INHALACION: Transportar a la víctima al exterior y
mantenerla en reposo en una posición confortable para respirar. Llamar
inmediatamente a un centro de información toxicológica o a un médico.
P305+ P351+ P338+ P310 EN CASO DE CONTACTO CON LOS OJOS: Aclarar cuidadosamente con agua durante varios minutos. Quitar las lentes de contacto, si
lleva y resulta fácil. Seguir aclarando. Llamar inmediatamente a un centro de
información toxicológica o a un médico. P333+ P313: En caso de irritación o erupción cutánea consultar a un médico. P363: Lavar las prendas contaminadas antes de volver a usarlas. P405: Guardar bajo llave. P501: Eliminar el contenido/el recipiente en una planta de eliminación de residuos autorizada.",e,g,1,1,0.9,15,15.9,MX1C000540,6/20/2025,6/20/2026,1,
VAR-QB00093,Q0308005I,FONGRABAC MG (CONSERVA GEL SHAMPOO),10377- 60- 3/ 26172- 55- 4 / 2682- 20- 4,PELIGRO,+ 52 55 52 29 55 55,H302: Nocivo en caso de ingestión. H314: Provoca quemaduras graves en la piel y lesiones oculares graves. H317: Puede provocar una reacción alérgica en la piel. H318: Provoca lesiones oculares graves.,"P261: Evitar respirar el polvo/el humo/el gas/la niebla/los vapores/el aerosol. P264: Lavarse la piel concienzudamente tras la manipulación. P270: No comer, beber ni fumar durante su utilización. P272: Las prendas de trabajo contaminadas no podrán sacarse del lugar de trabajo. P280: Llevar guanterendas/gafas/mascara de protección. P301+ P312+ P330 EN CASO DE INGESTION: Llamar a un centro de información
toxicológica o a un médico en caso de malestar. Enjuagarse la boca.
P301+ P330+ P331 EN CASO DE INGESTION: Enjuagarse la boca. No provocar el
vómito.
P303+ P361+ P353 EN CASO DE CONTACTO CON LA PIEL (o el pelo): Quitarse
inmediatamente las prendas contaminadas. Aclararse la piel con agua o ducharse.
P304+ P340+ P310 EN CASO DE INHALACION: Transportar a la víctima al exterior y
mantenerla en reposo en una posición confortable para respirar. Llamar
inmediatamente a un centro de información toxicológica o a un médico.
P305+ P351+ P338+ P310 EN CASO DE CONTACTO CON LOS OJOS: Aclarar cuidadosamente con agua durante varios minutos. Quitar las lentes de contacto, si
lleva y resulta fácil. Seguir aclarando. Llamar inmediatamente a un centro de
información toxicológica o a un médico. P333+ P313: En caso de irritación o erupción cutánea consultar a un médico. P363: Lavar las prendas contaminadas antes de volver a usarlas. P405: Guardar bajo llave. P501: Eliminar el contenido/el recipiente en una planta de eliminación de residuos autorizada.",e,g,1,1,0.9,20,20.9,MX1C000540,6/20/2025,6/20/2026,1,
,,,,,,,,,,,,,,,,,,,
VAR-QB00144,Q0308009A,TRICLOSAN,3380-34-5,PELIGRO, - ,H303: Puede ser dañino si se ingiere. H315: Causa irritación en la piel. H319: Causa seria irritación en ojos. H410: Muy dañino en organismos acuáticos con efectos nocivos a largo plazo. ,"P273: Evitar su liberación al medio ambiente. P305+ P351+ P338: En caso de tener contacto con los ojos, lavar con agua cuidadosamente por varios minutos tratando de remover los lentes de contacto si se puede y es fácil de hacerlo, seguir lavando. P501: Eliminar en una planta tratadora de químicos autorizada. ",i,g,1,1,0.015,0.5,0.515,241106,11/3/2024,11/2/2029,1,
VAR-QB00144,Q0308009B,TRICLOSAN,3380-34-5,PELIGRO, - ,H303: Puede ser dañino si se ingiere. H315: Causa irritación en la piel. H319: Causa seria irritación en ojos. H410: Muy dañino en organismos acuáticos con efectos nocivos a largo plazo. ,"P273: Evitar su liberación al medio ambiente. P305+ P351+ P338: En caso de tener contacto con los ojos, lavar con agua cuidadosamente por varios minutos tratando de remover los lentes de contacto si se puede y es fácil de hacerlo, seguir lavando. P501: Eliminar en una planta tratadora de químicos autorizada. ",i,g,1,1,0.015,1,1.015,241106,11/3/2024,11/2/2029,1,
VAR-QB00144,Q0308009C,TRICLOSAN,3380-34-5,PELIGRO, - ,H303: Puede ser dañino si se ingiere. H315: Causa irritación en la piel. H319: Causa seria irritación en ojos. H410: Muy dañino en organismos acuáticos con efectos nocivos a largo plazo. ,"P273: Evitar su liberación al medio ambiente. P305+ P351+ P338: En caso de tener contacto con los ojos, lavar con agua cuidadosamente por varios minutos tratando de remover los lentes de contacto si se puede y es fácil de hacerlo, seguir lavando. P501: Eliminar en una planta tratadora de químicos autorizada. ",i,g,1,1,0.015,2,2.015,241106,11/3/2024,11/2/2029,1,
VAR-QB00144,Q0308009D,TRICLOSAN,3380-34-5,PELIGRO, - ,H303: Puede ser dañino si se ingiere. H315: Causa irritación en la piel. H319: Causa seria irritación en ojos. H410: Muy dañino en organismos acuáticos con efectos nocivos a largo plazo. ,"P273: Evitar su liberación al medio ambiente. P305+ P351+ P338: En caso de tener contacto con los ojos, lavar con agua cuidadosamente por varios minutos tratando de remover los lentes de contacto si se puede y es fácil de hacerlo, seguir lavando. P501: Eliminar en una planta tratadora de químicos autorizada. ",i,g,1,1,0.035,3,3.035,241106,11/3/2024,11/2/2029,1,
VAR-QB00144,Q0308009E,TRICLOSAN,3380-34-5,PELIGRO, - ,H303: Puede ser dañino si se ingiere. H315: Causa irritación en la piel. H319: Causa seria irritación en ojos. H410: Muy dañino en organismos acuáticos con efectos nocivos a largo plazo. ,"P273: Evitar su liberación al medio ambiente. P305+ P351+ P338: En caso de tener contacto con los ojos, lavar con agua cuidadosamente por varios minutos tratando de remover los lentes de contacto si se puede y es fácil de hacerlo, seguir lavando. P501: Eliminar en una planta tratadora de químicos autorizada. ",i,g,1,1,0.035,4,4.035,241106,11/3/2024,11/2/2029,1,
VAR-QB00144,Q0308009F,TRICLOSAN,3380-34-5,PELIGRO, - ,H303: Puede ser dañino si se ingiere. H315: Causa irritación en la piel. H319: Causa seria irritación en ojos. H410: Muy dañino en organismos acuáticos con efectos nocivos a largo plazo. ,"P273: Evitar su liberación al medio ambiente. P305+ P351+ P338: En caso de tener contacto con los ojos, lavar con agua cuidadosamente por varios minutos tratando de remover los lentes de contacto si se puede y es fácil de hacerlo, seguir lavando. P501: Eliminar en una planta tratadora de químicos autorizada. ",i,g,1,1,0.035,5,5.035,241106,11/3/2024,11/2/2029,1,
VAR-QB00144,Q0308009G,TRICLOSAN,3380-34-5,PELIGRO, - ,H303: Puede ser dañino si se ingiere. H315: Causa irritación en la piel. H319: Causa seria irritación en ojos. H410: Muy dañino en organismos acuáticos con efectos nocivos a largo plazo. ,"P273: Evitar su liberación al medio ambiente. P305+ P351+ P338: En caso de tener contacto con los ojos, lavar con agua cuidadosamente por varios minutos tratando de remover los lentes de contacto si se puede y es fácil de hacerlo, seguir lavando. P501: Eliminar en una planta tratadora de químicos autorizada. ",i,g,1,1,0.035,10,10.035,241106,11/3/2024,11/2/2029,1,
,,,,,,,,,,,,,,,,,,,
,Q0309011A,ESPESANTE LIQUIDO AL3645, - , - , - , - , - ,1,1,1,1,0.29,1,1.29,,00/00/0000,00/00/0000,1,
,Q0309011B,ESPESANTE LIQUIDO AL3645, - , - , - , - , - ,1,1,1,1,0.29,1.5,1.8,,00/00/0000,00/00/0000,1,
,Q0309011C,ESPESANTE LIQUIDO AL3645, - , - , - , - , - ,1,1,1,1,0.29,2,2.29,,00/00/0000,00/00/0000,1,
,Q0309011D,ESPESANTE LIQUIDO AL3645, - , - , - , - , - ,1,1,1,1,0.29,3,3.29,,00/00/0000,00/00/0000,1,
,Q0309011E,ESPESANTE LIQUIDO AL3645, - , - , - , - , - ,1,1,1,1,0.29,4,4.29,,00/00/0000,00/00/0000,1,
,Q0309011F,ESPESANTE LIQUIDO AL3645, - , - , - , - , - ,1,1,1,1,0.6,5,5.6,,00/00/0000,00/00/0000,1,
,Q0309011G,ESPESANTE LIQUIDO AL3645, - , - , - , - , - ,1,1,1,1,0.6,10,10.6,,00/00/0000,00/00/0000,1,
,Q0309011H,ESPESANTE LIQUIDO AL3645, - , - , - , - , - ,1,1,1,1,1.2,15,16.2,,00/00/0000,00/00/0000,1,
,Q0309011I,ESPESANTE LIQUIDO AL3645, - , - , - , - , - ,1,1,1,1,1.2,20,21.2,,00/00/0000,00/00/0000,1,
,,,,,,,,,,,,,,,,,,,
VAR-QB00154,Q0311001A,DIETILEN GLICOL,111-46-6,ATENCION,01-800-00-21400,H302 Nocivo en caso de ingestión. H373 Puede provocar daños en los órganos tras exposiciones prolongadas o repetidas.,"P230 No respirar el polvo/el humo/el gas/los vapores/el aerosol. P264 Lavarse  oncienzudamente tras la manipulación. P270 No comer, beber ni fumar durante su utilización. P314 Consultar a un médico en caso de malestar. P330 Enjuagarse la boca. P501 Eliminar el contenido/el recipiente en las instalaciones industriales de combustión.",g,h,1,1,0.28,5,5.28,LA-7603-24,7/1/2024,7/1/2025,1,
VAR-QB00154,Q0311001B,DIETILEN GLICOL,111-46-6,ATENCION,01-800-00-21400,H302 Nocivo en caso de ingestión. H373 Puede provocar daños en los órganos tras exposiciones prolongadas o repetidas.,"P230 No respirar el polvo/el humo/el gas/los vapores/el aerosol. P264 Lavarse  oncienzudamente tras la manipulación. P270 No comer, beber ni fumar durante su utilización. P314 Consultar a un médico en caso de malestar. P330 Enjuagarse la boca. P501 Eliminar el contenido/el recipiente en las instalaciones industriales de combustión.",g,h,1,1,0.48,10,10.48,LA-7603-24,7/1/2024,7/1/2025,1,
VAR-QB00154,Q0311001C,DIETILEN GLICOL,111-46-6,ATENCION,01-800-00-21400,H302 Nocivo en caso de ingestión. H373 Puede provocar daños en los órganos tras exposiciones prolongadas o repetidas.,"P230 No respirar el polvo/el humo/el gas/los vapores/el aerosol. P264 Lavarse  oncienzudamente tras la manipulación. P270 No comer, beber ni fumar durante su utilización. P314 Consultar a un médico en caso de malestar. P330 Enjuagarse la boca. P501 Eliminar el contenido/el recipiente en las instalaciones industriales de combustión.",g,h,1,1,0.9,15,15.9,LA-7603-24,7/1/2024,7/1/2025,1,
VAR-QB00154,Q0311001D,DIETILEN GLICOL,111-46-6,ATENCION,01-800-00-21400,H302 Nocivo en caso de ingestión. H373 Puede provocar daños en los órganos tras exposiciones prolongadas o repetidas.,"P230 No respirar el polvo/el humo/el gas/los vapores/el aerosol. P264 Lavarse  oncienzudamente tras la manipulación. P270 No comer, beber ni fumar durante su utilización. P314 Consultar a un médico en caso de malestar. P330 Enjuagarse la boca. P501 Eliminar el contenido/el recipiente en las instalaciones industriales de combustión.",g,h,1,1,0.9,20,20.9,LA-7603-24,7/1/2024,7/1/2025,1,
VAR-QB00154,Q0311001E,DIETILEN GLICOL,111-46-6,ATENCION,01-800-00-21400,H302 Nocivo en caso de ingestión. H373 Puede provocar daños en los órganos tras exposiciones prolongadas o repetidas.,"P230 No respirar el polvo/el humo/el gas/los vapores/el aerosol. P264 Lavarse  oncienzudamente tras la manipulación. P270 No comer, beber ni fumar durante su utilización. P314 Consultar a un médico en caso de malestar. P330 Enjuagarse la boca. P501 Eliminar el contenido/el recipiente en las instalaciones industriales de combustión.",g,h,1,1,2.2,50,52.2,LA-7603-24,7/1/2024,7/1/2025,1,
,,,,,,,,,,,,,,,,,,,
VAR-QB00074,Q0311002A,DIPROPILEN GLICOL,25265-71-8,No Aplicable,01- 800- 00- 214- 00,No Aplicable,No Aplicable,1,1,1,1,0.28,5,5.28,7P97C11-1,9/7/2025,9/7/2026,1,
VAR-QB00074,Q0311002B,DIPROPILEN GLICOL,25265-71-8,No Aplicable,01- 800- 00- 214- 00,No Aplicable,No Aplicable,1,1,1,1,0.48,10,10.48,7P97C11-1,9/7/2025,9/7/2026,1,
VAR-QB00074,Q0311002C,DIPROPILEN GLICOL,25265-71-8,No Aplicable,01- 800- 00- 214- 00,No Aplicable,No Aplicable,1,1,1,1,0.9,15,15.9,7P97C11-1,9/7/2025,9/7/2026,1,
VAR-QB00074,Q0311002D,DIPROPILEN GLICOL,25265-71-8,No Aplicable,01- 800- 00- 214- 00,No Aplicable,No Aplicable,1,1,1,1,0.9,20,20.9,7P97C11-1,9/7/2025,9/7/2026,1,
VAR-QB00074,Q0311002E,DIPROPILEN GLICOL,25265-71-8,No Aplicable,01- 800- 00- 214- 00,No Aplicable,No Aplicable,1,1,1,1,2.2,50,52.2,7P97C11-1,9/7/2025,9/7/2026,1,
,,,,,,,,,,,,,,,,,,,
VAR-QB00117,Q0311003A,MONOPROPILEN GLICOL,57- 55- 6,No Aplicable,01- 800- 00- 214- 00,No Aplicable,No Aplicable,1,1,1,1,0.28,5,5.28,250716,6/25/2025,6/25/2027,1,
VAR-QB00117,Q0311003B,MONOPROPILEN GLICOL,57- 55- 6,No Aplicable,01- 800- 00- 214- 00,No Aplicable,No Aplicable,1,1,1,1,0.48,10,10.48,250716,6/25/2025,6/25/2027,1,
VAR-QB00117,Q0311003C,MONOPROPILEN GLICOL,57- 55- 6,No Aplicable,01- 800- 00- 214- 00,No Aplicable,No Aplicable,1,1,1,1,0.9,15,15.9,250716,6/25/2025,6/25/2027,1,
VAR-QB00117,Q0311003D,MONOPROPILEN GLICOL,57- 55- 6,No Aplicable,01- 800- 00- 214- 00,No Aplicable,No Aplicable,1,1,1,1,0.9,20,20.9,250716,6/25/2025,6/25/2027,1,
VAR-QB00117,Q0311003E,MONOPROPILEN GLICOL,57- 55- 6,No Aplicable,01- 800- 00- 214- 00,No Aplicable,No Aplicable,1,1,1,1,2.2,50,52.2,250716,6/25/2025,6/25/2027,1,
,,,,,,,,,,,,,,,,,,,
VAR-QB00146,Q0312003A,TWEN 20 QE,9005-64-5,No Aplicable,01 800 00 21400  / 01 (55) 55 59 15 88,No Aplicable,No Aplicable,1,1,1,1,0.28,5,5.28,39L129225,12/10/2025,12/9/2027,1,
VAR-QB00146,Q0312003B,TWEN 20 QE,9005-64-5,No Aplicable,01 800 00 21400  / 01 (55) 55 59 15 88,No Aplicable,No Aplicable,1,1,1,1,0.48,10,10.48,39L129225,12/10/2025,12/9/2027,1,
VAR-QB00146,Q0312003C,TWEN 20 QE,9005-64-5,No Aplicable,01 800 00 21400  / 01 (55) 55 59 15 88,No Aplicable,No Aplicable,1,1,1,1,0.9,15,15.9,39L129225,12/10/2025,12/9/2027,1,
VAR-QB00146,Q0312003D,TWEN 20 QE,9005-64-5,No Aplicable,01 800 00 21400  / 01 (55) 55 59 15 88,No Aplicable,No Aplicable,1,1,1,1,0.9,20,20.9,39L129225,12/10/2025,12/9/2027,1,
VAR-QB00146,Q0312003E,TWEN 20 QE,9005-64-5,No Aplicable,01 800 00 21400  / 01 (55) 55 59 15 88,No Aplicable,No Aplicable,1,1,1,1,2.2,50,52.2,39L129225,12/10/2025,12/9/2027,1,
,,,,,,,,,,,,,,,,,,,
VAR-QB00141,Q0312008A,TERPENOS DE NARANJA,8028- 48- 6,PELIGRO,55 5873 6098,"H226: Líquidos y vapores inflamables. H304: Puede ser mortal en caso de ingestión y penetración en las vías respiratorias. H315: Provoca irritación cutánea. H317: Puede provocar una reacción alérgica en la piel.
H410: Muy toxico para los organismos acuáticos, con efectos nocivos duraderos. ","P210: Mantener alejado del calor, de superficies calientes, de chispas, de llamas abiertas y de cualquier otra fuente de ignición. No fumar. P261: Evitar respirar el polvo/el humo/el gas/la niebla/los vapores/el aerosol. P273: Evitar su liberación al medio ambiente. P280: Llevar guanterendas/gafas/mascara de protección. P301+ P310+ P331 EN CASO DE INGESTIÓN: Llamar inmediatamente a un centro de toxicología/medico. No provocar el vómito. P302+ P352+ P333+ P313 EN CASO DE CONTACTO CON LA PIEL: Lavar con agua y jabón abundantes. En caso de irritación o erupción cutánea. Consultar a un médico. P370+ P378 EN CASO DE INCENDIO: Utilizar dióxido de carbono, espuma, polvo seco o agua pulverizada para la extinción. P391:  Recoger el vertido.",g,h,i,b,0.24,3,3.24,      FRUES004565072025,7/1/2025,1/1/2027,1,
VAR-QB00141,Q0312008B,TERPENOS DE NARANJA,8028- 48- 6,PELIGRO,55 5873 6098,"H226: Líquidos y vapores inflamables. H304: Puede ser mortal en caso de ingestión y penetración en las vías respiratorias. H315: Provoca irritación cutánea. H317: Puede provocar una reacción alérgica en la piel.
H410: Muy toxico para los organismos acuáticos, con efectos nocivos duraderos. ","P210: Mantener alejado del calor, de superficies calientes, de chispas, de llamas abiertas y de cualquier otra fuente de ignición. No fumar. P261: Evitar respirar el polvo/el humo/el gas/la niebla/los vapores/el aerosol. P273: Evitar su liberación al medio ambiente. P280: Llevar guanterendas/gafas/mascara de protección. P301+ P310+ P331 EN CASO DE INGESTIÓN: Llamar inmediatamente a un centro de toxicología/medico. No provocar el vómito. P302+ P352+ P333+ P313 EN CASO DE CONTACTO CON LA PIEL: Lavar con agua y jabón abundantes. En caso de irritación o erupción cutánea. Consultar a un médico. P370+ P378 EN CASO DE INCENDIO: Utilizar dióxido de carbono, espuma, polvo seco o agua pulverizada para la extinción. P391:  Recoger el vertido.",g,h,i,b,0.48,5,5.48,      FRUES004565072025,7/1/2025,1/1/2027,1,
VAR-QB00141,Q0312008C,TERPENOS DE NARANJA,8028- 48- 6,PELIGRO,55 5873 6098,"H226: Líquidos y vapores inflamables. H304: Puede ser mortal en caso de ingestión y penetración en las vías respiratorias. H315: Provoca irritación cutánea. H317: Puede provocar una reacción alérgica en la piel.
H410: Muy toxico para los organismos acuáticos, con efectos nocivos duraderos. ","P210: Mantener alejado del calor, de superficies calientes, de chispas, de llamas abiertas y de cualquier otra fuente de ignición. No fumar. P261: Evitar respirar el polvo/el humo/el gas/la niebla/los vapores/el aerosol. P273: Evitar su liberación al medio ambiente. P280: Llevar guanterendas/gafas/mascara de protección. P301+ P310+ P331 EN CASO DE INGESTIÓN: Llamar inmediatamente a un centro de toxicología/medico. No provocar el vómito. P302+ P352+ P333+ P313 EN CASO DE CONTACTO CON LA PIEL: Lavar con agua y jabón abundantes. En caso de irritación o erupción cutánea. Consultar a un médico. P370+ P378 EN CASO DE INCENDIO: Utilizar dióxido de carbono, espuma, polvo seco o agua pulverizada para la extinción. P391:  Recoger el vertido.",g,h,i,b,0.48,9,9.48,      FRUES004565072025,7/1/2025,1/1/2027,1,
VAR-QB00141,Q0312008D,TERPENOS DE NARANJA,8028- 48- 6,PELIGRO,55 5873 6098,"H226: Líquidos y vapores inflamables. H304: Puede ser mortal en caso de ingestión y penetración en las vías respiratorias. H315: Provoca irritación cutánea. H317: Puede provocar una reacción alérgica en la piel.
H410: Muy toxico para los organismos acuáticos, con efectos nocivos duraderos. ","P210: Mantener alejado del calor, de superficies calientes, de chispas, de llamas abiertas y de cualquier otra fuente de ignición. No fumar. P261: Evitar respirar el polvo/el humo/el gas/la niebla/los vapores/el aerosol. P273: Evitar su liberación al medio ambiente. P280: Llevar guanterendas/gafas/mascara de protección. P301+ P310+ P331 EN CASO DE INGESTIÓN: Llamar inmediatamente a un centro de toxicología/medico. No provocar el vómito. P302+ P352+ P333+ P313 EN CASO DE CONTACTO CON LA PIEL: Lavar con agua y jabón abundantes. En caso de irritación o erupción cutánea. Consultar a un médico. P370+ P378 EN CASO DE INCENDIO: Utilizar dióxido de carbono, espuma, polvo seco o agua pulverizada para la extinción. P391:  Recoger el vertido.",g,h,i,b,0.9,10,10.9,      FRUES004565072025,7/1/2025,1/1/2027,1,
VAR-QB00141,Q0312008E,TERPENOS DE NARANJA,8028- 48- 6,PELIGRO,55 5873 6098,"H226: Líquidos y vapores inflamables. H304: Puede ser mortal en caso de ingestión y penetración en las vías respiratorias. H315: Provoca irritación cutánea. H317: Puede provocar una reacción alérgica en la piel.
H410: Muy toxico para los organismos acuáticos, con efectos nocivos duraderos. ","P210: Mantener alejado del calor, de superficies calientes, de chispas, de llamas abiertas y de cualquier otra fuente de ignición. No fumar. P261: Evitar respirar el polvo/el humo/el gas/la niebla/los vapores/el aerosol. P273: Evitar su liberación al medio ambiente. P280: Llevar guanterendas/gafas/mascara de protección. P301+ P310+ P331 EN CASO DE INGESTIÓN: Llamar inmediatamente a un centro de toxicología/medico. No provocar el vómito. P302+ P352+ P333+ P313 EN CASO DE CONTACTO CON LA PIEL: Lavar con agua y jabón abundantes. En caso de irritación o erupción cutánea. Consultar a un médico. P370+ P378 EN CASO DE INCENDIO: Utilizar dióxido de carbono, espuma, polvo seco o agua pulverizada para la extinción. P391:  Recoger el vertido.",g,h,i,b,0.9,15,15.9,      FRUES004565072025,7/1/2025,1/1/2027,1,
VAR-QB00141,Q0312008F,TERPENOS DE NARANJA,8028- 48- 6,PELIGRO,55 5873 6098,"H226: Líquidos y vapores inflamables. H304: Puede ser mortal en caso de ingestión y penetración en las vías respiratorias. H315: Provoca irritación cutánea. H317: Puede provocar una reacción alérgica en la piel.
H410: Muy toxico para los organismos acuáticos, con efectos nocivos duraderos. ","P210: Mantener alejado del calor, de superficies calientes, de chispas, de llamas abiertas y de cualquier otra fuente de ignición. No fumar. P261: Evitar respirar el polvo/el humo/el gas/la niebla/los vapores/el aerosol. P273: Evitar su liberación al medio ambiente. P280: Llevar guanterendas/gafas/mascara de protección. P301+ P310+ P331 EN CASO DE INGESTIÓN: Llamar inmediatamente a un centro de toxicología/medico. No provocar el vómito. P302+ P352+ P333+ P313 EN CASO DE CONTACTO CON LA PIEL: Lavar con agua y jabón abundantes. En caso de irritación o erupción cutánea. Consultar a un médico. P370+ P378 EN CASO DE INCENDIO: Utilizar dióxido de carbono, espuma, polvo seco o agua pulverizada para la extinción. P391:  Recoger el vertido.",g,h,i,b,0.9,18,18.9,      FRUES004565072025,7/1/2025,1/1/2027,1,
VAR-QB00141,Q0312008G,TERPENOS DE NARANJA,8028- 48- 6,PELIGRO,55 5873 6098,"H226: Líquidos y vapores inflamables. H304: Puede ser mortal en caso de ingestión y penetración en las vías respiratorias. H315: Provoca irritación cutánea. H317: Puede provocar una reacción alérgica en la piel.
H410: Muy toxico para los organismos acuáticos, con efectos nocivos duraderos. ","P210: Mantener alejado del calor, de superficies calientes, de chispas, de llamas abiertas y de cualquier otra fuente de ignición. No fumar. P261: Evitar respirar el polvo/el humo/el gas/la niebla/los vapores/el aerosol. P273: Evitar su liberación al medio ambiente. P280: Llevar guanterendas/gafas/mascara de protección. P301+ P310+ P331 EN CASO DE INGESTIÓN: Llamar inmediatamente a un centro de toxicología/medico. No provocar el vómito. P302+ P352+ P333+ P313 EN CASO DE CONTACTO CON LA PIEL: Lavar con agua y jabón abundantes. En caso de irritación o erupción cutánea. Consultar a un médico. P370+ P378 EN CASO DE INCENDIO: Utilizar dióxido de carbono, espuma, polvo seco o agua pulverizada para la extinción. P391:  Recoger el vertido.",g,h,i,b,2.2,40,42.2,      FRUES004565072025,7/1/2025,1/1/2027,1,
VAR-QB00141,Q0312008H,TERPENOS DE NARANJA,8028- 48- 6,PELIGRO,55 5873 6098,"H226: Líquidos y vapores inflamables. H304: Puede ser mortal en caso de ingestión y penetración en las vías respiratorias. H315: Provoca irritación cutánea. H317: Puede provocar una reacción alérgica en la piel.
H410: Muy toxico para los organismos acuáticos, con efectos nocivos duraderos. ","P210: Mantener alejado del calor, de superficies calientes, de chispas, de llamas abiertas y de cualquier otra fuente de ignición. No fumar. P261: Evitar respirar el polvo/el humo/el gas/la niebla/los vapores/el aerosol. P273: Evitar su liberación al medio ambiente. P280: Llevar guanterendas/gafas/mascara de protección. P301+ P310+ P331 EN CASO DE INGESTIÓN: Llamar inmediatamente a un centro de toxicología/medico. No provocar el vómito. P302+ P352+ P333+ P313 EN CASO DE CONTACTO CON LA PIEL: Lavar con agua y jabón abundantes. En caso de irritación o erupción cutánea. Consultar a un médico. P370+ P378 EN CASO DE INCENDIO: Utilizar dióxido de carbono, espuma, polvo seco o agua pulverizada para la extinción. P391:  Recoger el vertido.",g,h,i,b,2.2,47,49.2,      FRUES004565072025,7/1/2025,1/1/2027,1,
,,,,,,,,,,,,,,,,,,,
VAR-QB00077,Q0312015A,EMULBOSS 54, - , - , - , - , - ,1,1,1,1,0.6,5,5.6,JE039,10/1/2025,10/1/2026,1,
VAR-QB00077,Q0312015B,EMULBOSS 54, - , - , - , - , - ,1,1,1,1,0.6,10,10.6,JE039,10/1/2025,10/1/2026,1,
VAR-QB00077,Q0312015C,EMULBOSS 54, - , - , - , - , - ,1,1,1,1,1.2,15,16.2,JE039,10/1/2025,10/1/2026,1,
VAR-QB00077,Q0312015D,EMULBOSS 54, - , - , - , - , - ,1,1,1,1,1.2,20,21.2,JE039,10/1/2025,10/1/2026,1,
VAR-QB00077,Q0312015E,EMULBOSS 54, - , - , - , - , - ,1,1,1,1,2.2,50,52.2,JE039,10/1/2025,10/1/2026,1,
,,,,,,,,,,,,,,,,,,,
VAR-QB00075,Q0312017A,D-LIMONENO, - , - , - , - , - ,g,h,i,b,0.48,5,5.48,4007270824,8/1/2024,8/1/2026,1,
VAR-QB00075,Q0312017B,D-LIMONENO, - , - , - , - , - ,g,h,i,b,0.48,9,9.48,4007270824,8/1/2024,8/1/2026,1,
VAR-QB00075,Q0312017C,D-LIMONENO, - , - , - , - , - ,g,h,i,b,0.9,10,10.9,4007270824,8/1/2024,8/1/2026,1,
VAR-QB00075,Q0312017D,D-LIMONENO, - , - , - , - , - ,g,h,i,b,0.9,15,15.9,4007270824,8/1/2024,8/1/2026,1,
VAR-QB00075,Q0312017E,D-LIMONENO, - , - , - , - , - ,g,h,i,b,0.9,18,18.9,4007270824,8/1/2024,8/1/2026,1,
VAR-QB00075,Q0312017F,D-LIMONENO, - , - , - , - , - ,g,h,i,b,2.2,40,42.2,4007270824,8/1/2024,8/1/2026,1,
VAR-QB00075,Q0312017G,D-LIMONENO, - , - , - , - , - ,g,h,i,b,2.2,45,47.2,4007270824,8/1/2024,8/1/2026,1,
,,,,,,,,,,,,,,,,,,,
VAR-QB00078,Q0313001A,EMULSION 37, - ,PELIGRO, - ,H319: Provoca irritación ocular grave,"P264: Lavarse la piel cuidadosamente después de la manipulación. P280: Usar equipo de protección para los ojos/cara. P305+P351+P338: En caso de contacto con los ojos enjuagar con agua durante varios minutos. Quitar lentes de contacto. P337+P313: Si la irritación ocular persiste, consultar a un médico.",g,1,1,1,0.28,5,5.28,16311,10/29/2025,8/29/2026,1,
VAR-QB00078,Q0313001B,EMULSION 37, - ,PELIGRO, - ,H319: Provoca irritación ocular grave,"P264: Lavarse la piel cuidadosamente después de la manipulación. P280: Usar equipo de protección para los ojos/cara. P305+P351+P338: En caso de contacto con los ojos enjuagar con agua durante varios minutos. Quitar lentes de contacto. P337+P313: Si la irritación ocular persiste, consultar a un médico.",g,1,1,1,0.48,10,10.48,16311,10/29/2025,8/29/2026,1,
VAR-QB00078,Q0313001C,EMULSION 37, - ,PELIGRO, - ,H319: Provoca irritación ocular grave,"P264: Lavarse la piel cuidadosamente después de la manipulación. P280: Usar equipo de protección para los ojos/cara. P305+P351+P338: En caso de contacto con los ojos enjuagar con agua durante varios minutos. Quitar lentes de contacto. P337+P313: Si la irritación ocular persiste, consultar a un médico.",g,1,1,1,0.9,15,15.9,16311,10/29/2025,8/29/2026,1,
VAR-QB00078,Q0313001D,EMULSION 37, - ,PELIGRO, - ,H319: Provoca irritación ocular grave,"P264: Lavarse la piel cuidadosamente después de la manipulación. P280: Usar equipo de protección para los ojos/cara. P305+P351+P338: En caso de contacto con los ojos enjuagar con agua durante varios minutos. Quitar lentes de contacto. P337+P313: Si la irritación ocular persiste, consultar a un médico.",g,1,1,1,0.9,20,20.9,16311,10/29/2025,8/29/2026,1,
VAR-QB00078,Q0313001E,EMULSION 37, - ,PELIGRO, - ,H319: Provoca irritación ocular grave,"P264: Lavarse la piel cuidadosamente después de la manipulación. P280: Usar equipo de protección para los ojos/cara. P305+P351+P338: En caso de contacto con los ojos enjuagar con agua durante varios minutos. Quitar lentes de contacto. P337+P313: Si la irritación ocular persiste, consultar a un médico.",g,1,1,1,2.2,50,52.2,16311,10/29/2025,8/29/2026,1,
,,,,,,,,,,,,,,,,,,,
VAR-QB00039,Q0313002A,CICLODIMETICONA 8014 SILIKA, - ,ATENCION, - ,H226: Liquido y vapores inflamables. H361: Susceptible de perjudicar la fertilidad.,"P201: Procurarse las instrucciones antes del uso. P202: No manipular antes de haber leído y comprendido todas las precauciones de seguridad. P210: Mantener alejado del calor/de chispas/ de llamas al descubierto/de superficies calientes. No fumar. P233: Mantener el recipiente herméticamente cerrado. P241: Utilizar material eléctrico, ventilación o de iluminación antideflagrante. P242: No utilizar herramientas que produzcan chispas. P243: Tomar medidas de precaución contra las descargas  lectrostáticas. P280: Usar guantes/ropa de protección/equipo de protección para los ojos/la cara. P303+P361+P353: En caso de contacto con la piel quitar inmediatamente toda la ropa contaminada. Enjuagar la piel con agua. P308+P313: En caso de exposición consultar a un Medico. P405: Guardar bajo llave. P501: Eliminar el contenido/recipiente con un proveedor autorizado.",b,h,1,1,0.29,1,1.29,0625CC005,6/30/2025,6/30/2027,1,
VAR-QB00039,Q0313002B,CICLODIMETICONA 8014 SILIKA, - ,ATENCION, - ,H226: Liquido y vapores inflamables. H361: Susceptible de perjudicar la fertilidad.,"P201: Procurarse las instrucciones antes del uso. P202: No manipular antes de haber leído y comprendido todas las precauciones de seguridad. P210: Mantener alejado del calor/de chispas/ de llamas al descubierto/de superficies calientes. No fumar. P233: Mantener el recipiente herméticamente cerrado. P241: Utilizar material eléctrico, ventilación o de iluminación antideflagrante. P242: No utilizar herramientas que produzcan chispas. P243: Tomar medidas de precaución contra las descargas  lectrostáticas. P280: Usar guantes/ropa de protección/equipo de protección para los ojos/la cara. P303+P361+P353: En caso de contacto con la piel quitar inmediatamente toda la ropa contaminada. Enjuagar la piel con agua. P308+P313: En caso de exposición consultar a un Medico. P405: Guardar bajo llave. P501: Eliminar el contenido/recipiente con un proveedor autorizado.",b,h,1,1,0.29,2,2.29,0625CC005,6/30/2025,6/30/2027,1,
VAR-QB00039,Q0313002C,CICLODIMETICONA 8014 SILIKA, - ,ATENCION, - ,H226: Liquido y vapores inflamables. H361: Susceptible de perjudicar la fertilidad.,"P201: Procurarse las instrucciones antes del uso. P202: No manipular antes de haber leído y comprendido todas las precauciones de seguridad. P210: Mantener alejado del calor/de chispas/ de llamas al descubierto/de superficies calientes. No fumar. P233: Mantener el recipiente herméticamente cerrado. P241: Utilizar material eléctrico, ventilación o de iluminación antideflagrante. P242: No utilizar herramientas que produzcan chispas. P243: Tomar medidas de precaución contra las descargas  lectrostáticas. P280: Usar guantes/ropa de protección/equipo de protección para los ojos/la cara. P303+P361+P353: En caso de contacto con la piel quitar inmediatamente toda la ropa contaminada. Enjuagar la piel con agua. P308+P313: En caso de exposición consultar a un Medico. P405: Guardar bajo llave. P501: Eliminar el contenido/recipiente con un proveedor autorizado.",b,h,1,1,0.29,3,3.29,0625CC005,6/30/2025,6/30/2027,1,
VAR-QB00039,Q0313002D,CICLODIMETICONA 8014 SILIKA, - ,ATENCION, - ,H226: Liquido y vapores inflamables. H361: Susceptible de perjudicar la fertilidad.,"P201: Procurarse las instrucciones antes del uso. P202: No manipular antes de haber leído y comprendido todas las precauciones de seguridad. P210: Mantener alejado del calor/de chispas/ de llamas al descubierto/de superficies calientes. No fumar. P233: Mantener el recipiente herméticamente cerrado. P241: Utilizar material eléctrico, ventilación o de iluminación antideflagrante. P242: No utilizar herramientas que produzcan chispas. P243: Tomar medidas de precaución contra las descargas  lectrostáticas. P280: Usar guantes/ropa de protección/equipo de protección para los ojos/la cara. P303+P361+P353: En caso de contacto con la piel quitar inmediatamente toda la ropa contaminada. Enjuagar la piel con agua. P308+P313: En caso de exposición consultar a un Medico. P405: Guardar bajo llave. P501: Eliminar el contenido/recipiente con un proveedor autorizado.",b,h,1,1,0.6,4,4.6,0625CC005,6/30/2025,6/30/2027,1,
VAR-QB00039,Q0313002E,CICLODIMETICONA 8014 SILIKA, - ,ATENCION, - ,H226: Liquido y vapores inflamables. H361: Susceptible de perjudicar la fertilidad.,"P201: Procurarse las instrucciones antes del uso. P202: No manipular antes de haber leído y comprendido todas las precauciones de seguridad. P210: Mantener alejado del calor/de chispas/ de llamas al descubierto/de superficies calientes. No fumar. P233: Mantener el recipiente herméticamente cerrado. P241: Utilizar material eléctrico, ventilación o de iluminación antideflagrante. P242: No utilizar herramientas que produzcan chispas. P243: Tomar medidas de precaución contra las descargas  lectrostáticas. P280: Usar guantes/ropa de protección/equipo de protección para los ojos/la cara. P303+P361+P353: En caso de contacto con la piel quitar inmediatamente toda la ropa contaminada. Enjuagar la piel con agua. P308+P313: En caso de exposición consultar a un Medico. P405: Guardar bajo llave. P501: Eliminar el contenido/recipiente con un proveedor autorizado.",b,h,1,1,0.6,5,5.6,0625CC005,6/30/2025,6/30/2027,1,
VAR-QB00039,Q0313002F,CICLODIMETICONA 8014 SILIKA, - ,ATENCION, - ,H226: Liquido y vapores inflamables. H361: Susceptible de perjudicar la fertilidad.,"P201: Procurarse las instrucciones antes del uso. P202: No manipular antes de haber leído y comprendido todas las precauciones de seguridad. P210: Mantener alejado del calor/de chispas/ de llamas al descubierto/de superficies calientes. No fumar. P233: Mantener el recipiente herméticamente cerrado. P241: Utilizar material eléctrico, ventilación o de iluminación antideflagrante. P242: No utilizar herramientas que produzcan chispas. P243: Tomar medidas de precaución contra las descargas  lectrostáticas. P280: Usar guantes/ropa de protección/equipo de protección para los ojos/la cara. P303+P361+P353: En caso de contacto con la piel quitar inmediatamente toda la ropa contaminada. Enjuagar la piel con agua. P308+P313: En caso de exposición consultar a un Medico. P405: Guardar bajo llave. P501: Eliminar el contenido/recipiente con un proveedor autorizado.",b,h,1,1,1.2,10,11.2,0625CC005,6/30/2025,6/30/2027,1,
VAR-QB00039,Q0313002G,CICLODIMETICONA 8014 SILIKA, - ,ATENCION, - ,H226: Liquido y vapores inflamables. H361: Susceptible de perjudicar la fertilidad.,"P201: Procurarse las instrucciones antes del uso. P202: No manipular antes de haber leído y comprendido todas las precauciones de seguridad. P210: Mantener alejado del calor/de chispas/ de llamas al descubierto/de superficies calientes. No fumar. P233: Mantener el recipiente herméticamente cerrado. P241: Utilizar material eléctrico, ventilación o de iluminación antideflagrante. P242: No utilizar herramientas que produzcan chispas. P243: Tomar medidas de precaución contra las descargas  lectrostáticas. P280: Usar guantes/ropa de protección/equipo de protección para los ojos/la cara. P303+P361+P353: En caso de contacto con la piel quitar inmediatamente toda la ropa contaminada. Enjuagar la piel con agua. P308+P313: En caso de exposición consultar a un Medico. P405: Guardar bajo llave. P501: Eliminar el contenido/recipiente con un proveedor autorizado.",b,h,1,1,1.2,15,16.2,0625CC005,6/30/2025,6/30/2027,1,
VAR-QB00039,Q0313002H,CICLODIMETICONA 8014 SILIKA, - ,ATENCION, - ,H226: Liquido y vapores inflamables. H361: Susceptible de perjudicar la fertilidad.,"P201: Procurarse las instrucciones antes del uso. P202: No manipular antes de haber leído y comprendido todas las precauciones de seguridad. P210: Mantener alejado del calor/de chispas/ de llamas al descubierto/de superficies calientes. No fumar. P233: Mantener el recipiente herméticamente cerrado. P241: Utilizar material eléctrico, ventilación o de iluminación antideflagrante. P242: No utilizar herramientas que produzcan chispas. P243: Tomar medidas de precaución contra las descargas  lectrostáticas. P280: Usar guantes/ropa de protección/equipo de protección para los ojos/la cara. P303+P361+P353: En caso de contacto con la piel quitar inmediatamente toda la ropa contaminada. Enjuagar la piel con agua. P308+P313: En caso de exposición consultar a un Medico. P405: Guardar bajo llave. P501: Eliminar el contenido/recipiente con un proveedor autorizado.",b,h,1,1,1.2,18,19.2,0625CC005,6/30/2025,6/30/2027,1,
,,,,,,,,,,,,,,,,,,,
VAR-QB00135,Q0313003A,SILICON 1000,No Aplicable,No Aplicable, - ,No Aplicable,No Aplicable,1,1,1,1,0.09,1,1.09,H054P5D019,5/13/2025,4/27/2028,1,
VAR-QB00135,Q0313003B,SILICON 1000,No Aplicable,No Aplicable, - ,No Aplicable,No Aplicable,1,1,1,1,0.24,2,2.24,H054P5D019,5/13/2025,4/27/2028,1,
VAR-QB00135,Q0313003C,SILICON 1000,No Aplicable,No Aplicable, - ,No Aplicable,No Aplicable,1,1,1,1,0.24,3,3.24,H054P5D019,5/13/2025,4/27/2028,1,
VAR-QB00135,Q0313003D,SILICON 1000,No Aplicable,No Aplicable, - ,No Aplicable,No Aplicable,1,1,1,1,0.24,4,4.24,H054P5D019,5/13/2025,4/27/2028,1,
VAR-QB00135,Q0313003E,SILICON 1000,No Aplicable,No Aplicable, - ,No Aplicable,No Aplicable,1,1,1,1,0.28,5,5.28,H054P5D019,5/13/2025,4/27/2028,1,
VAR-QB00135,Q0313003F,SILICON 1000,No Aplicable,No Aplicable, - ,No Aplicable,No Aplicable,1,1,1,1,0.48,10,10.48,H054P5D019,5/13/2025,4/27/2028,1,
VAR-QB00135,Q0313003G,SILICON 1000,No Aplicable,No Aplicable, - ,No Aplicable,No Aplicable,1,1,1,1,0.9,15,15.9,H054P5D019,5/13/2025,4/27/2028,1,
VAR-QB00135,Q0313003H,SILICON 1000,No Aplicable,No Aplicable, - ,No Aplicable,No Aplicable,1,1,1,1,0.9,20,20.9,H054P5D019,5/13/2025,4/27/2028,1,
VAR-QB00135,Q0313003I,SILICON 1000,No Aplicable,No Aplicable, - ,No Aplicable,No Aplicable,1,1,1,1,2.2,50,52.2,H054P5D019,5/13/2025,4/27/2028,1,
,,,,,,,,,,,,,,,,,,,
VAR-QB00038,Q0313006A,CICLODIMETICONA 8002 SILIKA,556-67-2/541-02-3,ATENCION, - ,H226 Liquido y vapores inflamables. H361 Susceptible de perjudicar la fertilidad.,"P201 Procurarse las instrucciones antes del uso P202 No manipular antes de haber leído y comprendido todas las precauciones de seguridad. P210 Mantener alejado del calor/de chipas/de llamas al descubierto/de superficies calientes. No fumar. P233 Mantener el recipiente herméticamente cerrado. P241 Utilizar material eléctrico, ventilación o de iluminación antideflagrante. P242 No utilizar herramientas que produzcan chispas. P243 Tomar medidas de precaución contra descargas electrónicas. P280 Usar guantes/ropa de protección/equipo de protección para los ojos/la cara. P303+P361+P353 En caso de contacto con la piel: quitar inmediatamente toda la ropa contaminada. Enjuagar la piel con agua. P308+P313 En caso de exposición: consultar un médico. P405 Guardar bajo llave. P501 Eliminar el contenido/recipiente con un proveedor autorizado.",b,h,1,1,0.28,5,5.28,2513WKQ515,3/26/2025,3/25/2028,1,
VAR-QB00038,Q0313006B,CICLODIMETICONA 8002 SILIKA,556-67-2/541-02-3,ATENCION, - ,H226 Liquido y vapores inflamables. H361 Susceptible de perjudicar la fertilidad.,"P201 Procurarse las instrucciones antes del uso P202 No manipular antes de haber leído y comprendido todas las precauciones de seguridad. P210 Mantener alejado del calor/de chipas/de llamas al descubierto/de superficies calientes. No fumar. P233 Mantener el recipiente herméticamente cerrado. P241 Utilizar material eléctrico, ventilación o de iluminación antideflagrante. P242 No utilizar herramientas que produzcan chispas. P243 Tomar medidas de precaución contra descargas electrónicas. P280 Usar guantes/ropa de protección/equipo de protección para los ojos/la cara. P303+P361+P353 En caso de contacto con la piel: quitar inmediatamente toda la ropa contaminada. Enjuagar la piel con agua. P308+P313 En caso de exposición: consultar un médico. P405 Guardar bajo llave. P501 Eliminar el contenido/recipiente con un proveedor autorizado.",b,h,1,1,0.48,10,10.48,2513WKQ515,3/26/2025,3/25/2028,1,
VAR-QB00038,Q0313006C,CICLODIMETICONA 8002 SILIKA,556-67-2/541-02-3,ATENCION, - ,H226 Liquido y vapores inflamables. H361 Susceptible de perjudicar la fertilidad.,"P201 Procurarse las instrucciones antes del uso P202 No manipular antes de haber leído y comprendido todas las precauciones de seguridad. P210 Mantener alejado del calor/de chipas/de llamas al descubierto/de superficies calientes. No fumar. P233 Mantener el recipiente herméticamente cerrado. P241 Utilizar material eléctrico, ventilación o de iluminación antideflagrante. P242 No utilizar herramientas que produzcan chispas. P243 Tomar medidas de precaución contra descargas electrónicas. P280 Usar guantes/ropa de protección/equipo de protección para los ojos/la cara. P303+P361+P353 En caso de contacto con la piel: quitar inmediatamente toda la ropa contaminada. Enjuagar la piel con agua. P308+P313 En caso de exposición: consultar un médico. P405 Guardar bajo llave. P501 Eliminar el contenido/recipiente con un proveedor autorizado.",b,h,1,1,0.9,15,15.9,2513WKQ515,3/26/2025,3/25/2028,1,
VAR-QB00038,Q0313006D,CICLODIMETICONA 8002 SILIKA,556-67-2/541-02-3,ATENCION, - ,H226 Liquido y vapores inflamables. H361 Susceptible de perjudicar la fertilidad.,"P201 Procurarse las instrucciones antes del uso P202 No manipular antes de haber leído y comprendido todas las precauciones de seguridad. P210 Mantener alejado del calor/de chipas/de llamas al descubierto/de superficies calientes. No fumar. P233 Mantener el recipiente herméticamente cerrado. P241 Utilizar material eléctrico, ventilación o de iluminación antideflagrante. P242 No utilizar herramientas que produzcan chispas. P243 Tomar medidas de precaución contra descargas electrónicas. P280 Usar guantes/ropa de protección/equipo de protección para los ojos/la cara. P303+P361+P353 En caso de contacto con la piel: quitar inmediatamente toda la ropa contaminada. Enjuagar la piel con agua. P308+P313 En caso de exposición: consultar un médico. P405 Guardar bajo llave. P501 Eliminar el contenido/recipiente con un proveedor autorizado.",b,h,1,1,0.9,20,20.9,2513WKQ515,3/26/2025,3/25/2028,1,
VAR-QB00038,Q0313006E,CICLODIMETICONA 8002 SILIKA,556-67-2/541-02-3,ATENCION, - ,H226 Liquido y vapores inflamables. H361 Susceptible de perjudicar la fertilidad.,"P201 Procurarse las instrucciones antes del uso P202 No manipular antes de haber leído y comprendido todas las precauciones de seguridad. P210 Mantener alejado del calor/de chipas/de llamas al descubierto/de superficies calientes. No fumar. P233 Mantener el recipiente herméticamente cerrado. P241 Utilizar material eléctrico, ventilación o de iluminación antideflagrante. P242 No utilizar herramientas que produzcan chispas. P243 Tomar medidas de precaución contra descargas electrónicas. P280 Usar guantes/ropa de protección/equipo de protección para los ojos/la cara. P303+P361+P353 En caso de contacto con la piel: quitar inmediatamente toda la ropa contaminada. Enjuagar la piel con agua. P308+P313 En caso de exposición: consultar un médico. P405 Guardar bajo llave. P501 Eliminar el contenido/recipiente con un proveedor autorizado.",b,h,1,1,2.2,50,52.2,2513WKQ515,3/26/2025,3/25/2028,1,
,,,,,,,,,,,,,,,,,,,
,Q0313007A,CICLODIMETICONA 8050 SILIKA , - , - , - , - , - ,1,1,1,1,0.09,0.5,0.59,H052J6F128,6/15/2019,1/12/2021,1,
,Q0313007B,CICLODIMETICONA 8050 SILIKA , - , - , - , - , - ,1,1,1,1,0.09,1,1.09,H052J6F128,6/15/2019,1/12/2021,1,
,Q0313007C,CICLODIMETICONA 8050 SILIKA , - , - , - , - , - ,1,1,1,1,0.24,1.5,1.74,H052J6F128,6/15/2019,1/12/2021,1,
,Q0313007D,CICLODIMETICONA 8050 SILIKA , - , - , - , - , - ,1,1,1,1,0.24,2,2.24,H052J6F128,6/15/2019,1/12/2021,1,
,Q0313007E,CICLODIMETICONA 8050 SILIKA , - , - , - , - , - ,1,1,1,1,0.24,3,3.24,H052J6F128,6/15/2019,1/12/2021,1,
,Q0313007F,CICLODIMETICONA 8050 SILIKA , - , - , - , - , - ,1,1,1,1,0.24,4,4.24,H052J6F128,6/15/2019,1/12/2021,1,
,Q0313007G,CICLODIMETICONA 8050 SILIKA , - , - , - , - , - ,1,1,1,1,0.28,5,5.28,H052J6F128,6/15/2019,1/12/2021,1,
,Q0313007H,CICLODIMETICONA 8050 SILIKA , - , - , - , - , - ,1,1,1,1,0.48,8,8.47,H052J6F128,6/15/2019,1/12/2021,1,
,Q0313007I,CICLODIMETICONA 8050 SILIKA , - , - , - , - , - ,1,1,1,1,0.48,10,10.48,H052J6F128,6/15/2019,1/12/2021,1,
,,,,,,,,,,,,,,,,,,,
VAR-QB00107,Q0313021A,KERATINA K100, - , - , - , - , - ,1,1,1,1,0.09,0.5,0.59,E2340,8/12/2024,8/12/2026,1,
VAR-QB00107,Q0313021B,KERATINA K100, - , - , - , - , - ,1,1,1,1,0.09,1,1.09,E2340,8/12/2024,8/12/2026,1,
VAR-QB00107,Q0313021C,KERATINA K100, - , - , - , - , - ,1,1,1,1,0.24,2,2.24,E2340,8/12/2024,8/12/2026,1,
VAR-QB00107,Q0313021D,KERATINA K100, - , - , - , - , - ,1,1,1,1,0.24,3,3.24,E2340,8/12/2024,8/12/2026,1,
VAR-QB00107,Q0313021E,KERATINA K100, - , - , - , - , - ,1,1,1,1,0.24,4,4.24,E2340,8/12/2024,8/12/2026,1,
VAR-QB00107,Q0313021F,KERATINA K100, - , - , - , - , - ,1,1,1,1,0.28,5,5.28,E2340,8/12/2024,8/12/2026,1,
VAR-QB00107,Q0313021G,KERATINA K100, - , - , - , - , - ,1,1,1,1,0.48,10,10.48,E2340,8/12/2024,8/12/2026,1,
VAR-QB00107,Q0313021H,KERATINA K100, - , - , - , - , - ,1,1,1,1,0.9,15,15.9,E2340,8/12/2024,8/12/2026,1,
VAR-QB00107,Q0313021I,KERATINA K100, - , - , - , - , - ,1,1,1,1,0.9,20,20.9,E2340,8/12/2024,8/12/2026,1,
,,,,,,,,,,,,,,,,,,,
VAR-QB00100,Q0315001A,GLICERINA USP,56- 81- 5,Atención,(01) (55) 54 49 63 91 (directo).,Toxicidad aguda por inhalacion,"P261- Evitar respirar nieblas, vapores o aerosoles. P271- Utilizar solo al aire libre o en un lugar bien ventilado. P304+ P340- En caso de inhalación: transportar a la persona al aire libre y mantenerla en una posición que le facilite la respiración. P312- Llamar a un centro de toxicología/medico si la persona se siente mal.",g,1,1,1,0.28,5,5.28,010/25,10/7/2025,10/1/2026,1,
VAR-QB00100,Q0315001B,GLICERINA USP,56- 81- 5,Atención,(01) (55) 54 49 63 91 (directo).,Toxicidad aguda por inhalacion,"P261- Evitar respirar nieblas, vapores o aerosoles. P271- Utilizar solo al aire libre o en un lugar bien ventilado. P304+ P340- En caso de inhalación: transportar a la persona al aire libre y mantenerla en una posición que le facilite la respiración. P312- Llamar a un centro de toxicología/medico si la persona se siente mal.",g,1,1,1,0.48,10,10.48,010/25,10/7/2025,10/1/2026,1,
VAR-QB00100,Q0315001C,GLICERINA USP,56- 81- 5,Atención,(01) (55) 54 49 63 91 (directo).,Toxicidad aguda por inhalacion,"P261- Evitar respirar nieblas, vapores o aerosoles. P271- Utilizar solo al aire libre o en un lugar bien ventilado. P304+ P340- En caso de inhalación: transportar a la persona al aire libre y mantenerla en una posición que le facilite la respiración. P312- Llamar a un centro de toxicología/medico si la persona se siente mal.",g,1,1,1,0.9,15,15.9,010/25,10/7/2025,10/1/2026,1,
VAR-QB00100,Q0315001D,GLICERINA USP,56- 81- 5,Atención,(01) (55) 54 49 63 91 (directo).,Toxicidad aguda por inhalacion,"P261- Evitar respirar nieblas, vapores o aerosoles. P271- Utilizar solo al aire libre o en un lugar bien ventilado. P304+ P340- En caso de inhalación: transportar a la persona al aire libre y mantenerla en una posición que le facilite la respiración. P312- Llamar a un centro de toxicología/medico si la persona se siente mal.",g,1,1,1,0.9,20,20.9,010/25,10/7/2025,10/1/2026,1,
VAR-QB00100,Q0315001E,GLICERINA USP,56- 81- 5,Atención,(01) (55) 54 49 63 91 (directo).,Toxicidad aguda por inhalacion,"P261- Evitar respirar nieblas, vapores o aerosoles. P271- Utilizar solo al aire libre o en un lugar bien ventilado. P304+ P340- En caso de inhalación: transportar a la persona al aire libre y mantenerla en una posición que le facilite la respiración. P312- Llamar a un centro de toxicología/medico si la persona se siente mal.",g,1,1,1,2.2,50,52.2,010/25,10/7/2025,10/1/2026,1,
,,,,,,,,,,,,,,,,,,,
VAR-QB00114,Q0315002H,MIRISTATO DE ISOPROPILO, - , - , - , - , - ,g,1,1,1,0.24,3,3.24,1N0753G,7/11/2023,12/31/2026,1,
VAR-QB00114,Q0315002A,MIRISTATO DE ISOPROPILO, - , - , - , - , - ,g,1,1,1,0.48,5,5.48,1N0753G,7/11/2023,12/31/2026,1,
VAR-QB00114,Q0315002B,MIRISTATO DE ISOPROPILO, - , - , - , - , - ,g,1,1,1,0.48,9,9.48,1N0753G,7/11/2023,12/31/2026,1,
VAR-QB00114,Q0315002C,MIRISTATO DE ISOPROPILO, - , - , - , - , - ,g,1,1,1,0.9,10,10.9,1N0753G,7/11/2023,12/31/2026,1,
VAR-QB00114,Q0315002D,MIRISTATO DE ISOPROPILO, - , - , - , - , - ,g,1,1,1,0.9,15,15.9,1N0753G,7/11/2023,12/31/2026,1,
VAR-QB00114,Q0315002E,MIRISTATO DE ISOPROPILO, - , - , - , - , - ,g,1,1,1,0.9,18,18.9,1N0753G,7/11/2023,12/31/2026,1,
VAR-QB00114,Q0315002F,MIRISTATO DE ISOPROPILO, - , - , - , - , - ,g,1,1,1,2.2,40,42.2,1N0753G,7/11/2023,12/31/2026,1,
VAR-QB00114,Q0315002G,MIRISTATO DE ISOPROPILO, - , - , - , - , - ,g,1,1,1,2.2,47,49.2,1N0753G,7/11/2023,12/31/2026,1,
,,,,,,,,,,,,,,,,,,,
VAR-QB00091,Q0316013A,FISION HAIR MOISTURE,No Aplicable,No Aplicable,+1 (973) 298- 8850 +1 (800) 222- 1222,No Aplicable,No Aplicable,1,1,1,1,0.09,0.5,0.59,B2752,12/18/2024,12/18/2027,1,
VAR-QB00091,Q0316013B,FISION HAIR MOISTURE,No Aplicable,No Aplicable,+1 (973) 298- 8850 +1 (800) 222- 1222,No Aplicable,No Aplicable,1,1,1,1,0.09,1,1.09,B2752,12/18/2024,12/18/2027,1,
VAR-QB00091,Q0316013C,FISION HAIR MOISTURE,No Aplicable,No Aplicable,+1 (973) 298- 8850 +1 (800) 222- 1222,No Aplicable,No Aplicable,1,1,1,1,0.24,2,2.24,B2752,12/18/2024,12/18/2027,1,
VAR-QB00091,Q0316013D,FISION HAIR MOISTURE,No Aplicable,No Aplicable,+1 (973) 298- 8850 +1 (800) 222- 1222,No Aplicable,No Aplicable,1,1,1,1,0.24,3,3.24,B2752,12/18/2024,12/18/2027,1,
VAR-QB00091,Q0316013E,FISION HAIR MOISTURE,No Aplicable,No Aplicable,+1 (973) 298- 8850 +1 (800) 222- 1222,No Aplicable,No Aplicable,1,1,1,1,0.24,4,4.24,B2752,12/18/2024,12/18/2027,1,
VAR-QB00091,Q0316013F,FISION HAIR MOISTURE,No Aplicable,No Aplicable,+1 (973) 298- 8850 +1 (800) 222- 1222,No Aplicable,No Aplicable,1,1,1,1,0.28,5,5.28,B2752,12/18/2024,12/18/2027,1,
VAR-QB00091,Q0316013G,FISION HAIR MOISTURE,No Aplicable,No Aplicable,+1 (973) 298- 8850 +1 (800) 222- 1222,No Aplicable,No Aplicable,1,1,1,1,0.48,10,10.48,B2752,12/18/2024,12/18/2027,1,
VAR-QB00091,Q0316013H,FISION HAIR MOISTURE,No Aplicable,No Aplicable,+1 (973) 298- 8850 +1 (800) 222- 1222,No Aplicable,No Aplicable,1,1,1,1,0.9,15,15.9,B2752,12/18/2024,12/18/2027,1,
VAR-QB00091,Q0316013I,FISION HAIR MOISTURE,No Aplicable,No Aplicable,+1 (973) 298- 8850 +1 (800) 222- 1222,No Aplicable,No Aplicable,1,1,1,1,0.9,20,20.9,B2752,12/18/2024,12/18/2027,1,
VAR-QB00091,Q0316013J,FISION HAIR MOISTURE,No Aplicable,No Aplicable,+1 (973) 298- 8850 +1 (800) 222- 1222,No Aplicable,No Aplicable,1,1,1,1,2.2,50,52.2,B2752,12/18/2024,12/18/2027,1,
,,,,,,,,,,,,,,,,,,,
VAR-QB00041,Q0316017A,COLAGENO (COLLATEIN N359, - , - , - , - , - ,1,1,1,1,0.09,0.5,0.59,LOT0209TI,9/1/2025,9/1/2026,1,
VAR-QB00041,Q0316017B,COLAGENO (COLLATEIN N359, - , - , - , - , - ,1,1,1,1,0.09,1,1.09,LOT0209TI,9/1/2025,9/1/2026,1,
VAR-QB00041,Q0316017C,COLAGENO (COLLATEIN N359, - , - , - , - , - ,1,1,1,1,0.24,2,2.24,LOT0209TI,9/1/2025,9/1/2026,1,
VAR-QB00041,Q0316017D,COLAGENO (COLLATEIN N359, - , - , - , - , - ,1,1,1,1,0.24,3,3.24,LOT0209TI,9/1/2025,9/1/2026,1,
VAR-QB00041,Q0316017E,COLAGENO (COLLATEIN N359, - , - , - , - , - ,1,1,1,1,0.24,4,4.24,LOT0209TI,9/1/2025,9/1/2026,1,
VAR-QB00041,Q0316017F,COLAGENO (COLLATEIN N359, - , - , - , - , - ,1,1,1,1,0.28,5,5.28,LOT0209TI,9/1/2025,9/1/2026,1,
VAR-QB00041,Q0316017G,COLAGENO (COLLATEIN N359, - , - , - , - , - ,1,1,1,1,0.48,10,10.48,LOT0209TI,9/1/2025,9/1/2026,1,
VAR-QB00041,Q0316017H,COLAGENO (COLLATEIN N359, - , - , - , - , - ,1,1,1,1,0.9,15,15.9,LOT0209TI,9/1/2025,9/1/2026,1,
VAR-QB00041,Q0316017I,COLAGENO (COLLATEIN N359, - , - , - , - , - ,1,1,1,1,0.9,20,20.9,LOT0209TI,9/1/2025,9/1/2026,1,
,,,,,,,,,,,,,,,,,,,
PRD-QB00001,Q0317004A,BASE AROMATIZANTE, - , - , - , - , - ,1,1,1,1,0.9,20,20.9,,,,1,
,,,,,,,,,,,,,, ,,,,1,
VAR-QB00036,Q0317009A,CERABOSS 4048 BASE, - , - , - , - , - ,1,1,1,1,0.015,0.5,0.515,F2524025-001,6/11/2025,6/11/2028,1,
VAR-QB00036,Q0317009B,CERABOSS 4048 BASE, - , - , - , - , - ,1,1,1,1,0.015,1,1.015,F2524025-001,6/11/2025,6/11/2028,1,
VAR-QB00036,Q0317009C,CERABOSS 4048 BASE, - , - , - , - , - ,1,1,1,1,0.015,2,2.015,F2524025-001,6/11/2025,6/11/2028,1,
VAR-QB00036,Q0317009D,CERABOSS 4048 BASE, - , - , - , - , - ,1,1,1,1,0.035,3,3.035,F2524025-001,6/11/2025,6/11/2028,1,
VAR-QB00036,Q0317009E,CERABOSS 4048 BASE, - , - , - , - , - ,1,1,1,1,0.035,4,4.035,F2524025-001,6/11/2025,6/11/2028,1,
VAR-QB00036,Q0317009F,CERABOSS 4048 BASE, - , - , - , - , - ,1,1,1,1,0.035,5,5.035,F2524025-001,6/11/2025,6/11/2028,1,
VAR-QB00036,Q0317009G,CERABOSS 4048 BASE, - , - , - , - , - ,1,1,1,1,0.035,10,10.035,F2524025-001,6/11/2025,6/11/2028,1,
,,,,,,,,,,,,,,,,,,,
VAR-QB00034,Q0317010A,CERA DE ABEJA BCA ,No Aplicable,-, - ,No Aplicable,No Aplicable,1,1,1,1,0.015,0.5,0.515,F1648002-001,00/00/0000,00/00/0000,1,
VAR-QB00034,Q0317010B,CERA DE ABEJA BCA ,No Aplicable,-, - ,No Aplicable,No Aplicable,1,1,1,1,0.015,1,1.015,,00/00/0000,00/00/0000,1,
VAR-QB00034,Q0317010C,CERA DE ABEJA BCA ,No Aplicable,-, - ,No Aplicable,No Aplicable,1,1,1,1,0.015,2,2.015,,00/00/0000,00/00/0000,1,
VAR-QB00034,Q0317010D,CERA DE ABEJA BCA ,No Aplicable,-, - ,No Aplicable,No Aplicable,1,1,1,1,0.035,3,3.035,,00/00/0000,00/00/0000,1,
VAR-QB00034,Q0317010E,CERA DE ABEJA BCA ,No Aplicable,-, - ,No Aplicable,No Aplicable,1,1,1,1,0.035,4,4.035,,00/00/0000,00/00/0000,1,
VAR-QB00034,Q0317010F,CERA DE ABEJA BCA ,No Aplicable,-, - ,No Aplicable,No Aplicable,1,1,1,1,0.035,5,5.035,,00/00/0000,00/00/0000,1,
VAR-QB00034,Q0317010G,CERA DE ABEJA BCA ,No Aplicable,-, - ,No Aplicable,No Aplicable,1,1,1,1,0.035,10,10.035,,00/00/0000,00/00/0000,1,
,,,,,,,,,,,,,,,,,,,
VAR-QB00001,Q0317013A,ABRILLANTADOR OPTICO POLVO,13463- 67- 7,PELIGRO, - ,H320: Provoca irritación ocular H335: Puede irritar las vías respiratorias H371: Puede causar daños a los órganos H350: Puede causar cáncer,"P201: Procurar las instrucciones antes del uso. P202: No manipular antes de haber leído y comprendido todas.las precauciones de seguridad. P260: No respirar polvos o nieblas. P264: Lavarse cuidadosamente después de la manipulación
P270: No comer, beber o fumar mientras se manipula este producto. P271: Utilizar solo al aire libre o en un lugar bien ventilado. P273: No dispersar en el medio ambiente. P280: Usar guantes, ropa de protección y equipo de protección
adecuados para ojos y cara
",g,h,1,1,0.015,0.5,0.515,2025212337,5/28/2025,5/28/2030,1,
VAR-QB00001,Q0317013B,ABRILLANTADOR OPTICO POLVO,13463- 67- 7,PELIGRO, - ,H320: Provoca irritación ocular H335: Puede irritar las vías respiratorias H371: Puede causar daños a los órganos H350: Puede causar cáncer,"P201: Procurar las instrucciones antes del uso. P202: No manipular antes de haber leído y comprendido todas.las precauciones de seguridad. P260: No respirar polvos o nieblas. P264: Lavarse cuidadosamente después de la manipulación
P270: No comer, beber o fumar mientras se manipula este producto. P271: Utilizar solo al aire libre o en un lugar bien ventilado. P273: No dispersar en el medio ambiente. P280: Usar guantes, ropa de protección y equipo de protección
adecuados para ojos y cara
",g,h,1,1,0.015,1,1.015,2025212337,5/28/2025,5/28/2030,1,
VAR-QB00001,Q0317013C,ABRILLANTADOR OPTICO POLVO,13463- 67- 7,PELIGRO, - ,H320: Provoca irritación ocular H335: Puede irritar las vías respiratorias H371: Puede causar daños a los órganos H350: Puede causar cáncer,"P201: Procurar las instrucciones antes del uso. P202: No manipular antes de haber leído y comprendido todas.las precauciones de seguridad. P260: No respirar polvos o nieblas. P264: Lavarse cuidadosamente después de la manipulación
P270: No comer, beber o fumar mientras se manipula este producto. P271: Utilizar solo al aire libre o en un lugar bien ventilado. P273: No dispersar en el medio ambiente. P280: Usar guantes, ropa de protección y equipo de protección
adecuados para ojos y cara
",g,h,1,1,0.015,2,2.015,2025212337,5/28/2025,5/28/2030,1,
VAR-QB00001,Q0317013D,ABRILLANTADOR OPTICO POLVO,13463- 67- 7,PELIGRO, - ,H320: Provoca irritación ocular H335: Puede irritar las vías respiratorias H371: Puede causar daños a los órganos H350: Puede causar cáncer,"P201: Procurar las instrucciones antes del uso. P202: No manipular antes de haber leído y comprendido todas.las precauciones de seguridad. P260: No respirar polvos o nieblas. P264: Lavarse cuidadosamente después de la manipulación
P270: No comer, beber o fumar mientras se manipula este producto. P271: Utilizar solo al aire libre o en un lugar bien ventilado. P273: No dispersar en el medio ambiente. P280: Usar guantes, ropa de protección y equipo de protección
adecuados para ojos y cara
",g,h,1,1,0.035,3,3.035,2025212337,5/28/2025,5/28/2030,1,
VAR-QB00001,Q0317013E,ABRILLANTADOR OPTICO POLVO,13463- 67- 7,PELIGRO, - ,H320: Provoca irritación ocular H335: Puede irritar las vías respiratorias H371: Puede causar daños a los órganos H350: Puede causar cáncer,"P201: Procurar las instrucciones antes del uso. P202: No manipular antes de haber leído y comprendido todas.las precauciones de seguridad. P260: No respirar polvos o nieblas. P264: Lavarse cuidadosamente después de la manipulación
P270: No comer, beber o fumar mientras se manipula este producto. P271: Utilizar solo al aire libre o en un lugar bien ventilado. P273: No dispersar en el medio ambiente. P280: Usar guantes, ropa de protección y equipo de protección
adecuados para ojos y cara
",g,h,1,1,0.035,4,4.035,2025212337,5/28/2025,5/28/2030,1,
VAR-QB00001,Q0317013F,ABRILLANTADOR OPTICO POLVO,13463- 67- 7,PELIGRO, - ,H320: Provoca irritación ocular H335: Puede irritar las vías respiratorias H371: Puede causar daños a los órganos H350: Puede causar cáncer,"P201: Procurar las instrucciones antes del uso. P202: No manipular antes de haber leído y comprendido todas.las precauciones de seguridad. P260: No respirar polvos o nieblas. P264: Lavarse cuidadosamente después de la manipulación
P270: No comer, beber o fumar mientras se manipula este producto. P271: Utilizar solo al aire libre o en un lugar bien ventilado. P273: No dispersar en el medio ambiente. P280: Usar guantes, ropa de protección y equipo de protección
adecuados para ojos y cara
",g,h,1,1,0.035,5,5.035,2025212337,5/28/2025,5/28/2030,1,
VAR-QB00001,Q0317013G,ABRILLANTADOR OPTICO POLVO,13463- 67- 7,PELIGRO, - ,H320: Provoca irritación ocular H335: Puede irritar las vías respiratorias H371: Puede causar daños a los órganos H350: Puede causar cáncer,"P201: Procurar las instrucciones antes del uso. P202: No manipular antes de haber leído y comprendido todas.las precauciones de seguridad. P260: No respirar polvos o nieblas. P264: Lavarse cuidadosamente después de la manipulación
P270: No comer, beber o fumar mientras se manipula este producto. P271: Utilizar solo al aire libre o en un lugar bien ventilado. P273: No dispersar en el medio ambiente. P280: Usar guantes, ropa de protección y equipo de protección
adecuados para ojos y cara
",g,h,1,1,0.035,10,10.035,2025212337,5/28/2025,5/28/2030,1,
,,,,,,,,,,,,,,,,,,,
VAR-QB00163,Q0317015A,ESTABILIZADOR DE PEROXIDO, - , - , - , - , - ,1,1,1,1,0.015,0.5,0.515,L442642212,12/1/2022,11/1/2027,1,
VAR-QB00163,Q0317015B,ESTABILIZADOR DE PEROXIDO, - , - , - , - , - ,1,1,1,1,0.015,1,1.015,L442642212,12/1/2022,11/1/2027,1,
VAR-QB00163,Q0317015C,ESTABILIZADOR DE PEROXIDO, - , - , - , - , - ,1,1,1,1,0.015,2,2.015,L442642212,12/1/2022,11/1/2027,1,
VAR-QB00163,Q0317015D,ESTABILIZADOR DE PEROXIDO, - , - , - , - , - ,1,1,1,1,0.035,3,3.035,L442642212,12/1/2022,11/1/2027,1,
VAR-QB00163,Q0317015E,ESTABILIZADOR DE PEROXIDO, - , - , - , - , - ,1,1,1,1,0.035,4,4.035,L442642212,12/1/2022,11/1/2027,1,
VAR-QB00163,Q0317015F,ESTABILIZADOR DE PEROXIDO, - , - , - , - , - ,1,1,1,1,0.035,5,5.035,L442642212,12/1/2022,11/1/2027,1,
VAR-QB00163,Q0317015G,ESTABILIZADOR DE PEROXIDO, - , - , - , - , - ,1,1,1,1,0.035,10,10.035,L442642212,12/1/2022,11/1/2027,1,
,,,,,,,,,,,,,,,,,,,
VAR-QB00073,Q0317021A,DETERCL  30-12,No Aplicable,ATENCION,01800 00 214 00,"[H302] nocivo en caso de ingestión. [H318] provoca lesiones oculares graves. [H401] toxico para los organismos acuáticos. [H412] nocivo para los organismos acuáticos, con efectos nocivos duraderos."," [P264] lavarse las manos cuidadosamente después de la manipulación. [P270] no comer, beber o fumar mientras se manipula el producto. [P273] no dispersar al medio ambiente. [P280] usar guantes, mandil y lentes de seguridad. [P301+P312+P330]  en caso de ingestión: enjuáguese la boca. Llamar a un médico si la persona se encuentra mal. [P302+P352] en caso de contacto con la piel: lavar con abundante agua y jabón. [P362+P364] quitar la ropa contaminada y lavarla antes de volver a usar. [P332+P313] en caso de irritación cutánea consultar a un médico, preferentemente a un dermatólogo. [P305+P351+P338] en caso de contacto con los ojos: enjuagar con agua cuidadosamente durante varios minutos. Quitar los lentes de contacto cuando estén presentes y pueda hacerse con facilidad. Proseguir con el lavado; [P310] llamar inmediatamente a un médico, preferentemente a un oftalmólogo.",g,h,1,1,0.6,5,5.6,25-002,8/18/2025,8/17/2027,1,
VAR-QB00073,Q0317021B,DETERCL  30-12,No Aplicable,ATENCION,01800 00 214 00,"[H302] nocivo en caso de ingestión. [H318] provoca lesiones oculares graves. [H401] toxico para los organismos acuáticos. [H412] nocivo para los organismos acuáticos, con efectos nocivos duraderos."," [P264] lavarse las manos cuidadosamente después de la manipulación. [P270] no comer, beber o fumar mientras se manipula el producto. [P273] no dispersar al medio ambiente. [P280] usar guantes, mandil y lentes de seguridad. [P301+P312+P330]  en caso de ingestión: enjuáguese la boca. Llamar a un médico si la persona se encuentra mal. [P302+P352] en caso de contacto con la piel: lavar con abundante agua y jabón. [P362+P364] quitar la ropa contaminada y lavarla antes de volver a usar. [P332+P313] en caso de irritación cutánea consultar a un médico, preferentemente a un dermatólogo. [P305+P351+P338] en caso de contacto con los ojos: enjuagar con agua cuidadosamente durante varios minutos. Quitar los lentes de contacto cuando estén presentes y pueda hacerse con facilidad. Proseguir con el lavado; [P310] llamar inmediatamente a un médico, preferentemente a un oftalmólogo.",g,h,1,1,0.6,10,10.6,25-002,8/18/2025,8/17/2027,1,
VAR-QB00073,Q0317021C,DETERCL  30-12,No Aplicable,ATENCION,01800 00 214 00,"[H302] nocivo en caso de ingestión. [H318] provoca lesiones oculares graves. [H401] toxico para los organismos acuáticos. [H412] nocivo para los organismos acuáticos, con efectos nocivos duraderos."," [P264] lavarse las manos cuidadosamente después de la manipulación. [P270] no comer, beber o fumar mientras se manipula el producto. [P273] no dispersar al medio ambiente. [P280] usar guantes, mandil y lentes de seguridad. [P301+P312+P330]  en caso de ingestión: enjuáguese la boca. Llamar a un médico si la persona se encuentra mal. [P302+P352] en caso de contacto con la piel: lavar con abundante agua y jabón. [P362+P364] quitar la ropa contaminada y lavarla antes de volver a usar. [P332+P313] en caso de irritación cutánea consultar a un médico, preferentemente a un dermatólogo. [P305+P351+P338] en caso de contacto con los ojos: enjuagar con agua cuidadosamente durante varios minutos. Quitar los lentes de contacto cuando estén presentes y pueda hacerse con facilidad. Proseguir con el lavado; [P310] llamar inmediatamente a un médico, preferentemente a un oftalmólogo.",g,h,1,1,1.2,15,16.2,25-002,8/18/2025,8/17/2027,1,
VAR-QB00073,Q0317021D,DETERCL  30-12,No Aplicable,ATENCION,01800 00 214 00,"[H302] nocivo en caso de ingestión. [H318] provoca lesiones oculares graves. [H401] toxico para los organismos acuáticos. [H412] nocivo para los organismos acuáticos, con efectos nocivos duraderos."," [P264] lavarse las manos cuidadosamente después de la manipulación. [P270] no comer, beber o fumar mientras se manipula el producto. [P273] no dispersar al medio ambiente. [P280] usar guantes, mandil y lentes de seguridad. [P301+P312+P330]  en caso de ingestión: enjuáguese la boca. Llamar a un médico si la persona se encuentra mal. [P302+P352] en caso de contacto con la piel: lavar con abundante agua y jabón. [P362+P364] quitar la ropa contaminada y lavarla antes de volver a usar. [P332+P313] en caso de irritación cutánea consultar a un médico, preferentemente a un dermatólogo. [P305+P351+P338] en caso de contacto con los ojos: enjuagar con agua cuidadosamente durante varios minutos. Quitar los lentes de contacto cuando estén presentes y pueda hacerse con facilidad. Proseguir con el lavado; [P310] llamar inmediatamente a un médico, preferentemente a un oftalmólogo.",g,h,1,1,1.2,20,21.2,25-002,8/18/2025,8/17/2027,1,
,,,,,,,,,,,,,,,,,,,
PRD-QB00002,Q0317025A,BASE LIMPIADOR QB12, - , - , - , - , - ,g,1,1,1,0.28,5,5.28,0031012502,1/31/2025,1/31/2026,1,
PRD-QB00002,Q0317025B,BASE LIMPIADOR QB12, - , - , - , - , - ,g,1,1,1,0.48,10,10.48,0031012502,1/31/2025,1/31/2026,1,
PRD-QB00002,Q0317025C,BASE LIMPIADOR QB12, - , - , - , - , - ,g,1,1,1,0.9,15,15.9,0031012502,1/31/2025,1/31/2026,1,
PRD-QB00002,Q0317025D,BASE LIMPIADOR QB12, - , - , - , - , - ,g,1,1,1,0.9,20,20.9,0031012502,1/31/2025,1/31/2026,1,
PRD-QB00002,Q0317025E,BASE LIMPIADOR QB12, - , - , - , - , - ,g,1,1,1,2.2,50,52.2,0031012502,1/31/2025,1/31/2026,1,
,,,,,,,,,,,,,,,,,,,
PRD-QB00003,Q0317029A,BASE SHAMPOO, - ,ATENCION,01800 00214 00,H315 Provoca irritación cutánea. H319 Provoca irritación ocular grave,"P280 Usar guantes/ropa de protección/equipo de protección para la cara/los ojos. P303+P351+P338 En caso de contacto con la piel o el pelo, quitar inmediatamente toda la ropa contaminada. Enjuagar la piel con agua o ducharse. P305+P351+P338 En caso de contacto con los ojos: Enjuagar con agua cuidadosamente durante varios minutos. Quitar los lentes de contacto cuando estén presentes y pueda hacerse con facilidad. Proseguir con el lavado. P314 Consultar a un médico si la persona se encuentra mal. P403+P233 Almacenar en un lugar bien ventilado. Mantener el recipiente herméticamente cerrado.",g,1,1,1,0.28,5,5.28,0011072502,7/11/2025,7/11/2026,1,
PRD-QB00003,Q0317029B,BASE SHAMPOO, - ,ATENCION,01800 00214 00,H315 Provoca irritación cutánea. H319 Provoca irritación ocular grave,"P280 Usar guantes/ropa de protección/equipo de protección para la cara/los ojos. P303+P351+P338 En caso de contacto con la piel o el pelo, quitar inmediatamente toda la ropa contaminada. Enjuagar la piel con agua o ducharse. P305+P351+P338 En caso de contacto con los ojos: Enjuagar con agua cuidadosamente durante varios minutos. Quitar los lentes de contacto cuando estén presentes y pueda hacerse con facilidad. Proseguir con el lavado. P314 Consultar a un médico si la persona se encuentra mal. P403+P233 Almacenar en un lugar bien ventilado. Mantener el recipiente herméticamente cerrado.",g,1,1,1,0.48,10,10.48,0011072502,7/11/2025,7/11/2026,1,
PRD-QB00003,Q0317029C,BASE SHAMPOO, - ,ATENCION,01800 00214 00,H315 Provoca irritación cutánea. H319 Provoca irritación ocular grave,"P280 Usar guantes/ropa de protección/equipo de protección para la cara/los ojos. P303+P351+P338 En caso de contacto con la piel o el pelo, quitar inmediatamente toda la ropa contaminada. Enjuagar la piel con agua o ducharse. P305+P351+P338 En caso de contacto con los ojos: Enjuagar con agua cuidadosamente durante varios minutos. Quitar los lentes de contacto cuando estén presentes y pueda hacerse con facilidad. Proseguir con el lavado. P314 Consultar a un médico si la persona se encuentra mal. P403+P233 Almacenar en un lugar bien ventilado. Mantener el recipiente herméticamente cerrado.",g,1,1,1,0.9,15,15.9,0011072502,7/11/2025,7/11/2026,1,
PRD-QB00003,Q0317029D,BASE SHAMPOO, - ,ATENCION,01800 00214 00,H315 Provoca irritación cutánea. H319 Provoca irritación ocular grave,"P280 Usar guantes/ropa de protección/equipo de protección para la cara/los ojos. P303+P351+P338 En caso de contacto con la piel o el pelo, quitar inmediatamente toda la ropa contaminada. Enjuagar la piel con agua o ducharse. P305+P351+P338 En caso de contacto con los ojos: Enjuagar con agua cuidadosamente durante varios minutos. Quitar los lentes de contacto cuando estén presentes y pueda hacerse con facilidad. Proseguir con el lavado. P314 Consultar a un médico si la persona se encuentra mal. P403+P233 Almacenar en un lugar bien ventilado. Mantener el recipiente herméticamente cerrado.",g,1,1,1,0.9,20,20.9,0011072502,7/11/2025,7/11/2026,1,
PRD-QB00003,Q0317029E,BASE SHAMPOO, - ,ATENCION,01800 00214 00,H315 Provoca irritación cutánea. H319 Provoca irritación ocular grave,"P280 Usar guantes/ropa de protección/equipo de protección para la cara/los ojos. P303+P351+P338 En caso de contacto con la piel o el pelo, quitar inmediatamente toda la ropa contaminada. Enjuagar la piel con agua o ducharse. P305+P351+P338 En caso de contacto con los ojos: Enjuagar con agua cuidadosamente durante varios minutos. Quitar los lentes de contacto cuando estén presentes y pueda hacerse con facilidad. Proseguir con el lavado. P314 Consultar a un médico si la persona se encuentra mal. P403+P233 Almacenar en un lugar bien ventilado. Mantener el recipiente herméticamente cerrado.",g,1,1,1,2.2,50,52.2,0011072502,7/11/2025,7/11/2026,1,
,,,,,,,,,,,,,,,,,,,
VAR-QB00177,Q0317030A,PLANCHA FACIL MOD 1,No Aplicable,No Aplicable, - ,No Aplicable,No Aplicable,1,1,1,1,0.09,0.5,0.59,ID-040925,9/4/2025,9/4/2026,1,
VAR-QB00177,Q0317030B,PLANCHA FACIL MOD 1,No Aplicable,No Aplicable, - ,No Aplicable,No Aplicable,1,1,1,1,0.09,1,1.09,ID-040925,9/4/2025,9/4/2026,1,
VAR-QB00177,Q0317030C,PLANCHA FACIL MOD 1,No Aplicable,No Aplicable, - ,No Aplicable,No Aplicable,1,1,1,1,0.24,2,2.24,ID-040925,9/4/2025,9/4/2026,1,
VAR-QB00177,Q0317030D,PLANCHA FACIL MOD 1,No Aplicable,No Aplicable, - ,No Aplicable,No Aplicable,1,1,1,1,0.24,3,3.24,ID-040925,9/4/2025,9/4/2026,1,
VAR-QB00177,Q0317030E,PLANCHA FACIL MOD 1,No Aplicable,No Aplicable, - ,No Aplicable,No Aplicable,1,1,1,1,0.24,4,4.24,ID-040925,9/4/2025,9/4/2026,1,
VAR-QB00177,Q0317030F,PLANCHA FACIL MOD 1,No Aplicable,No Aplicable, - ,No Aplicable,No Aplicable,1,1,1,1,0.28,5,5.28,ID-040925,9/4/2025,9/4/2026,1,
VAR-QB00177,Q0317030G,PLANCHA FACIL MOD 1,No Aplicable,No Aplicable, - ,No Aplicable,No Aplicable,1,1,1,1,0.48,10,10.48,ID-040925,9/4/2025,9/4/2026,1,
VAR-QB00177,Q0317030H,PLANCHA FACIL MOD 1,No Aplicable,No Aplicable, - ,No Aplicable,No Aplicable,1,1,1,1,0.9,15,15.9,ID-040925,9/4/2025,9/4/2026,1,
VAR-QB00177,Q0317030I,PLANCHA FACIL MOD 1,No Aplicable,No Aplicable, - ,No Aplicable,No Aplicable,1,1,1,1,0.9,20,20.9,ID-040925,9/4/2025,9/4/2026,1,
,,,,,,,,,,,,,,,,,,,
VAR-QB00013,Q0320006A,ALCANFOR ,76-22-2,ATENCION, - ,"H228 – Solido inflamable, H302 – Nocivo en caso de ingestión, H332 – Nocivo en caso de inhalación, H371 – Puede provocar daño en los órganos, H402 – Nocivo para los organismos acuáticos.","P210 – Mantener alejado del calor, de superficies calientes, de chispas, de llamas  biertas y de cualquier otra fuente de ignición. No fumar, P260 – No respirar el polvo/el humo/ el gas/la niebla/los vapores/el aerosol, P273 – Evitar su liberación al medio ambiente, P301+P312+P330 – En caso de ingestión: Llamar a un centro de  toxicología/medico si la persona se encuentra mal. Enjuagarse la boca, P304+P340+P312 – En caso de inhalación: transportar a la persona al aire libre y mantener en posición que le facilite la respiración. Llamar a un centro de toxicología/medico si la persona se encuentra mal, P370+P378 – En caso de incendio: Utilizar dióxido de carbono, espuma, polvo seco o agua pulverizada para su extinción.",b,g,h,1,0.015,0.5,0.59,350284,10/1/2025,10/1/2027,1,
VAR-QB00013,Q0320006B,ALCANFOR ,76-22-2,ATENCION, - ,"H228 – Solido inflamable, H302 – Nocivo en caso de ingestión, H332 – Nocivo en caso de inhalación, H371 – Puede provocar daño en los órganos, H402 – Nocivo para los organismos acuáticos.","P210 – Mantener alejado del calor, de superficies calientes, de chispas, de llamas  biertas y de cualquier otra fuente de ignición. No fumar, P260 – No respirar el polvo/el humo/ el gas/la niebla/los vapores/el aerosol, P273 – Evitar su liberación al medio ambiente, P301+P312+P330 – En caso de ingestión: Llamar a un centro de  toxicología/medico si la persona se encuentra mal. Enjuagarse la boca, P304+P340+P312 – En caso de inhalación: transportar a la persona al aire libre y mantener en posición que le facilite la respiración. Llamar a un centro de toxicología/medico si la persona se encuentra mal, P370+P378 – En caso de incendio: Utilizar dióxido de carbono, espuma, polvo seco o agua pulverizada para su extinción.",b,g,h,1,0.015,1,1.015,350284,10/1/2025,10/1/2027,1,
VAR-QB00013,Q0320006C,ALCANFOR ,76-22-2,ATENCION, - ,"H228 – Solido inflamable, H302 – Nocivo en caso de ingestión, H332 – Nocivo en caso de inhalación, H371 – Puede provocar daño en los órganos, H402 – Nocivo para los organismos acuáticos.","P210 – Mantener alejado del calor, de superficies calientes, de chispas, de llamas  biertas y de cualquier otra fuente de ignición. No fumar, P260 – No respirar el polvo/el humo/ el gas/la niebla/los vapores/el aerosol, P273 – Evitar su liberación al medio ambiente, P301+P312+P330 – En caso de ingestión: Llamar a un centro de  toxicología/medico si la persona se encuentra mal. Enjuagarse la boca, P304+P340+P312 – En caso de inhalación: transportar a la persona al aire libre y mantener en posición que le facilite la respiración. Llamar a un centro de toxicología/medico si la persona se encuentra mal, P370+P378 – En caso de incendio: Utilizar dióxido de carbono, espuma, polvo seco o agua pulverizada para su extinción.",b,g,h,1,0.015,2,2.015,350284,10/1/2025,10/1/2027,1,
VAR-QB00013,Q0320006D,ALCANFOR ,76-22-2,ATENCION, - ,"H228 – Solido inflamable, H302 – Nocivo en caso de ingestión, H332 – Nocivo en caso de inhalación, H371 – Puede provocar daño en los órganos, H402 – Nocivo para los organismos acuáticos.","P210 – Mantener alejado del calor, de superficies calientes, de chispas, de llamas  biertas y de cualquier otra fuente de ignición. No fumar, P260 – No respirar el polvo/el humo/ el gas/la niebla/los vapores/el aerosol, P273 – Evitar su liberación al medio ambiente, P301+P312+P330 – En caso de ingestión: Llamar a un centro de  toxicología/medico si la persona se encuentra mal. Enjuagarse la boca, P304+P340+P312 – En caso de inhalación: transportar a la persona al aire libre y mantener en posición que le facilite la respiración. Llamar a un centro de toxicología/medico si la persona se encuentra mal, P370+P378 – En caso de incendio: Utilizar dióxido de carbono, espuma, polvo seco o agua pulverizada para su extinción.",b,g,h,1,0.035,3,3.035,350284,10/1/2025,10/1/2027,1,
VAR-QB00013,Q0320006E,ALCANFOR ,76-22-2,ATENCION, - ,"H228 – Solido inflamable, H302 – Nocivo en caso de ingestión, H332 – Nocivo en caso de inhalación, H371 – Puede provocar daño en los órganos, H402 – Nocivo para los organismos acuáticos.","P210 – Mantener alejado del calor, de superficies calientes, de chispas, de llamas  biertas y de cualquier otra fuente de ignición. No fumar, P260 – No respirar el polvo/el humo/ el gas/la niebla/los vapores/el aerosol, P273 – Evitar su liberación al medio ambiente, P301+P312+P330 – En caso de ingestión: Llamar a un centro de  toxicología/medico si la persona se encuentra mal. Enjuagarse la boca, P304+P340+P312 – En caso de inhalación: transportar a la persona al aire libre y mantener en posición que le facilite la respiración. Llamar a un centro de toxicología/medico si la persona se encuentra mal, P370+P378 – En caso de incendio: Utilizar dióxido de carbono, espuma, polvo seco o agua pulverizada para su extinción.",b,g,h,1,0.035,4,4.035,350284,10/1/2025,10/1/2027,1,
VAR-QB00013,Q0320006F,ALCANFOR ,76-22-2,ATENCION, - ,"H228 – Solido inflamable, H302 – Nocivo en caso de ingestión, H332 – Nocivo en caso de inhalación, H371 – Puede provocar daño en los órganos, H402 – Nocivo para los organismos acuáticos.","P210 – Mantener alejado del calor, de superficies calientes, de chispas, de llamas  biertas y de cualquier otra fuente de ignición. No fumar, P260 – No respirar el polvo/el humo/ el gas/la niebla/los vapores/el aerosol, P273 – Evitar su liberación al medio ambiente, P301+P312+P330 – En caso de ingestión: Llamar a un centro de  toxicología/medico si la persona se encuentra mal. Enjuagarse la boca, P304+P340+P312 – En caso de inhalación: transportar a la persona al aire libre y mantener en posición que le facilite la respiración. Llamar a un centro de toxicología/medico si la persona se encuentra mal, P370+P378 – En caso de incendio: Utilizar dióxido de carbono, espuma, polvo seco o agua pulverizada para su extinción.",b,g,h,1,0.035,5,5.035,350284,10/1/2025,10/1/2027,1,
VAR-QB00013,Q0320006G,ALCANFOR ,76-22-2,ATENCION, - ,"H228 – Solido inflamable, H302 – Nocivo en caso de ingestión, H332 – Nocivo en caso de inhalación, H371 – Puede provocar daño en los órganos, H402 – Nocivo para los organismos acuáticos.","P210 – Mantener alejado del calor, de superficies calientes, de chispas, de llamas  biertas y de cualquier otra fuente de ignición. No fumar, P260 – No respirar el polvo/el humo/ el gas/la niebla/los vapores/el aerosol, P273 – Evitar su liberación al medio ambiente, P301+P312+P330 – En caso de ingestión: Llamar a un centro de  toxicología/medico si la persona se encuentra mal. Enjuagarse la boca, P304+P340+P312 – En caso de inhalación: transportar a la persona al aire libre y mantener en posición que le facilite la respiración. Llamar a un centro de toxicología/medico si la persona se encuentra mal, P370+P378 – En caso de incendio: Utilizar dióxido de carbono, espuma, polvo seco o agua pulverizada para su extinción.",b,g,h,1,0.035,10,10.035,350284,10/1/2025,10/1/2027,1,
,,,,,,,,,,,,,,,,,,,
VAR-QB00040,Q0320008A,CITRONELLA ACEITE ES. 100,91771-61-8,PELIGRO, - ,"H303 Puede ser nocivo en caso de ingestión. H315 Provoca irritación cutánea. H317 Puede provocar una reacción alérgica en la piel. H318 Provoca lesiones oculares graves. H411 Toxico para los organismos acuáticos, con efectos nocivos duraderos","P261 Evitar respirar el polvo/el humo/el gas/la niebla/los vapores/el aerosol. P273 Evitar su liberación al medio ambiente P280 Llevar guanterendas/gafas/mascara de protección P302+P352+P333+P313 EN CASO DE CONTACTO CON LA PIEL Lavar con agua y jabón abundantes En caso de Irritación o erupción cutánea Consultar a un medico
P305+P351+P338+P337+P313 EN CASO DE CONTACTO CON LOS OJOS Aclarar cuidadosamente con agua durante varios minutos Quitar las lentes de contacto, si lleva y resulta fácil. Seguir aclarando. Si persiste la irritación ocular: Consultar a un médico. P31Z Llamar a un CENTRO DE TOXICOLOGÍA/médico si la persona se encuentra mal. P391 Recoger el vertido.",g,e,i,1,0.48,5,5.48,L8931189,5/1/2025,5/1/2027,1,
VAR-QB00040,Q0320008B,CITRONELLA ACEITE ES. 100,91771-61-8,PELIGRO, - ,"H303 Puede ser nocivo en caso de ingestión. H315 Provoca irritación cutánea. H317 Puede provocar una reacción alérgica en la piel. H318 Provoca lesiones oculares graves. H411 Toxico para los organismos acuáticos, con efectos nocivos duraderos","P261 Evitar respirar el polvo/el humo/el gas/la niebla/los vapores/el aerosol. P273 Evitar su liberación al medio ambiente P280 Llevar guanterendas/gafas/mascara de protección P302+P352+P333+P313 EN CASO DE CONTACTO CON LA PIEL Lavar con agua y jabón abundantes En caso de Irritación o erupción cutánea Consultar a un medico
P305+P351+P338+P337+P313 EN CASO DE CONTACTO CON LOS OJOS Aclarar cuidadosamente con agua durante varios minutos Quitar las lentes de contacto, si lleva y resulta fácil. Seguir aclarando. Si persiste la irritación ocular: Consultar a un médico. P31Z Llamar a un CENTRO DE TOXICOLOGÍA/médico si la persona se encuentra mal. P391 Recoger el vertido.",g,e,i,1,0.48,9,9.48,L8931189,5/1/2025,5/1/2027,1,
VAR-QB00040,Q0320008C,CITRONELLA ACEITE ES. 100,91771-61-8,PELIGRO, - ,"H303 Puede ser nocivo en caso de ingestión. H315 Provoca irritación cutánea. H317 Puede provocar una reacción alérgica en la piel. H318 Provoca lesiones oculares graves. H411 Toxico para los organismos acuáticos, con efectos nocivos duraderos","P261 Evitar respirar el polvo/el humo/el gas/la niebla/los vapores/el aerosol. P273 Evitar su liberación al medio ambiente P280 Llevar guanterendas/gafas/mascara de protección P302+P352+P333+P313 EN CASO DE CONTACTO CON LA PIEL Lavar con agua y jabón abundantes En caso de Irritación o erupción cutánea Consultar a un medico
P305+P351+P338+P337+P313 EN CASO DE CONTACTO CON LOS OJOS Aclarar cuidadosamente con agua durante varios minutos Quitar las lentes de contacto, si lleva y resulta fácil. Seguir aclarando. Si persiste la irritación ocular: Consultar a un médico. P31Z Llamar a un CENTRO DE TOXICOLOGÍA/médico si la persona se encuentra mal. P391 Recoger el vertido.",g,e,i,1,0.9,10,10.9,L8931189,5/1/2025,5/1/2027,1,
VAR-QB00040,Q0320008D,CITRONELLA ACEITE ES. 100,91771-61-8,PELIGRO, - ,"H303 Puede ser nocivo en caso de ingestión. H315 Provoca irritación cutánea. H317 Puede provocar una reacción alérgica en la piel. H318 Provoca lesiones oculares graves. H411 Toxico para los organismos acuáticos, con efectos nocivos duraderos","P261 Evitar respirar el polvo/el humo/el gas/la niebla/los vapores/el aerosol. P273 Evitar su liberación al medio ambiente P280 Llevar guanterendas/gafas/mascara de protección P302+P352+P333+P313 EN CASO DE CONTACTO CON LA PIEL Lavar con agua y jabón abundantes En caso de Irritación o erupción cutánea Consultar a un medico
P305+P351+P338+P337+P313 EN CASO DE CONTACTO CON LOS OJOS Aclarar cuidadosamente con agua durante varios minutos Quitar las lentes de contacto, si lleva y resulta fácil. Seguir aclarando. Si persiste la irritación ocular: Consultar a un médico. P31Z Llamar a un CENTRO DE TOXICOLOGÍA/médico si la persona se encuentra mal. P391 Recoger el vertido.",g,e,i,1,0.9,15,15.9,L8931189,5/1/2025,5/1/2027,1,
VAR-QB00040,Q0320008E,CITRONELLA ACEITE ES. 100,91771-61-8,PELIGRO, - ,"H303 Puede ser nocivo en caso de ingestión. H315 Provoca irritación cutánea. H317 Puede provocar una reacción alérgica en la piel. H318 Provoca lesiones oculares graves. H411 Toxico para los organismos acuáticos, con efectos nocivos duraderos","P261 Evitar respirar el polvo/el humo/el gas/la niebla/los vapores/el aerosol. P273 Evitar su liberación al medio ambiente P280 Llevar guanterendas/gafas/mascara de protección P302+P352+P333+P313 EN CASO DE CONTACTO CON LA PIEL Lavar con agua y jabón abundantes En caso de Irritación o erupción cutánea Consultar a un medico
P305+P351+P338+P337+P313 EN CASO DE CONTACTO CON LOS OJOS Aclarar cuidadosamente con agua durante varios minutos Quitar las lentes de contacto, si lleva y resulta fácil. Seguir aclarando. Si persiste la irritación ocular: Consultar a un médico. P31Z Llamar a un CENTRO DE TOXICOLOGÍA/médico si la persona se encuentra mal. P391 Recoger el vertido.",g,e,i,1,0.9,18,18.9,L8931189,5/1/2025,5/1/2027,1,
VAR-QB00040,Q0320008F,CITRONELLA ACEITE ES. 100,91771-61-8,PELIGRO, - ,"H303 Puede ser nocivo en caso de ingestión. H315 Provoca irritación cutánea. H317 Puede provocar una reacción alérgica en la piel. H318 Provoca lesiones oculares graves. H411 Toxico para los organismos acuáticos, con efectos nocivos duraderos","P261 Evitar respirar el polvo/el humo/el gas/la niebla/los vapores/el aerosol. P273 Evitar su liberación al medio ambiente P280 Llevar guanterendas/gafas/mascara de protección P302+P352+P333+P313 EN CASO DE CONTACTO CON LA PIEL Lavar con agua y jabón abundantes En caso de Irritación o erupción cutánea Consultar a un medico
P305+P351+P338+P337+P313 EN CASO DE CONTACTO CON LOS OJOS Aclarar cuidadosamente con agua durante varios minutos Quitar las lentes de contacto, si lleva y resulta fácil. Seguir aclarando. Si persiste la irritación ocular: Consultar a un médico. P31Z Llamar a un CENTRO DE TOXICOLOGÍA/médico si la persona se encuentra mal. P391 Recoger el vertido.",g,e,i,1,2.2,40,42.2,L8931189,5/1/2025,5/1/2027,1,
VAR-QB00040,Q0320008G,CITRONELLA ACEITE ES. 100,91771-61-8,PELIGRO, - ,"H303 Puede ser nocivo en caso de ingestión. H315 Provoca irritación cutánea. H317 Puede provocar una reacción alérgica en la piel. H318 Provoca lesiones oculares graves. H411 Toxico para los organismos acuáticos, con efectos nocivos duraderos","P261 Evitar respirar el polvo/el humo/el gas/la niebla/los vapores/el aerosol. P273 Evitar su liberación al medio ambiente P280 Llevar guanterendas/gafas/mascara de protección P302+P352+P333+P313 EN CASO DE CONTACTO CON LA PIEL Lavar con agua y jabón abundantes En caso de Irritación o erupción cutánea Consultar a un medico
P305+P351+P338+P337+P313 EN CASO DE CONTACTO CON LOS OJOS Aclarar cuidadosamente con agua durante varios minutos Quitar las lentes de contacto, si lleva y resulta fácil. Seguir aclarando. Si persiste la irritación ocular: Consultar a un médico. P31Z Llamar a un CENTRO DE TOXICOLOGÍA/médico si la persona se encuentra mal. P391 Recoger el vertido.",g,e,i,1,2.2,47,49.2,L8931189,5/1/2025,5/1/2027,1,
,,,,,,,,,,,,,,,,,,,
VAR-QB00085,Q0320010A,EXTRACTO DE EUCALIPTO ,8000- 48- 4,PELIGRO,55 5873 6098,"H226: Líquidos y vapores inflamables. H303: Puede ser nocivo en caso de ingestión. H304: Puede ser mortal en caso de ingestión y penetración en las vías respiratorias. H315: Provoca irritación cutánea. H317: Puede provocar una reacción alérgica en la piel. H411: Toxico para los organismos acuáticos, con efectos nocivos duraderos.","P210: Mantener alejado del calor, de superficies calientes, de chispas. de llamas abiertas y de cualquier otra fuente de ignición. No fumar. P261: Evitar respirar el polvo/el humo/el gas/la niebla/los vapores/el
aerosol. P273: Evitar su liberación al medio ambiente. P280: Llevar guanterendas/gafas/mascara de protección. P301+ P310+ P331 EN CASO DE INGESTION: Llamar inmediatamente a un centro de toxicología/medico. No provocar el vómito. P302+ P352+ P333+ P313 EN CASO DE CONTACTO CON LA PIEL: Lavar con agua y jabón abundantes. En caso de irritación o erupción cutánea consultar a un médico. P370+ P378: En caso de incendio utilizar dióxido de carbono, espuma, polvo seco o agua pulverizada para la extinción. P391: Recoger el vertido.",1,1,1,1,0.09,0.5,0.59,H00085,1/23/2023,1/22/2025,1,
VAR-QB00085,Q0320010B,EXTRACTO DE EUCALIPTO ,8000- 48- 4,PELIGRO,55 5873 6098,"H226: Líquidos y vapores inflamables. H303: Puede ser nocivo en caso de ingestión. H304: Puede ser mortal en caso de ingestión y penetración en las vías respiratorias. H315: Provoca irritación cutánea. H317: Puede provocar una reacción alérgica en la piel. H411: Toxico para los organismos acuáticos, con efectos nocivos duraderos.","P210: Mantener alejado del calor, de superficies calientes, de chispas. de llamas abiertas y de cualquier otra fuente de ignición. No fumar. P261: Evitar respirar el polvo/el humo/el gas/la niebla/los vapores/el
aerosol. P273: Evitar su liberación al medio ambiente. P280: Llevar guanterendas/gafas/mascara de protección. P301+ P310+ P331 EN CASO DE INGESTION: Llamar inmediatamente a un centro de toxicología/medico. No provocar el vómito. P302+ P352+ P333+ P313 EN CASO DE CONTACTO CON LA PIEL: Lavar con agua y jabón abundantes. En caso de irritación o erupción cutánea consultar a un médico. P370+ P378: En caso de incendio utilizar dióxido de carbono, espuma, polvo seco o agua pulverizada para la extinción. P391: Recoger el vertido.",1,1,1,1,0.09,1,1.09,H00085,1/23/2023,1/22/2025,1,
VAR-QB00085,Q0320010C,EXTRACTO DE EUCALIPTO ,8000- 48- 4,PELIGRO,55 5873 6098,"H226: Líquidos y vapores inflamables. H303: Puede ser nocivo en caso de ingestión. H304: Puede ser mortal en caso de ingestión y penetración en las vías respiratorias. H315: Provoca irritación cutánea. H317: Puede provocar una reacción alérgica en la piel. H411: Toxico para los organismos acuáticos, con efectos nocivos duraderos.","P210: Mantener alejado del calor, de superficies calientes, de chispas. de llamas abiertas y de cualquier otra fuente de ignición. No fumar. P261: Evitar respirar el polvo/el humo/el gas/la niebla/los vapores/el
aerosol. P273: Evitar su liberación al medio ambiente. P280: Llevar guanterendas/gafas/mascara de protección. P301+ P310+ P331 EN CASO DE INGESTION: Llamar inmediatamente a un centro de toxicología/medico. No provocar el vómito. P302+ P352+ P333+ P313 EN CASO DE CONTACTO CON LA PIEL: Lavar con agua y jabón abundantes. En caso de irritación o erupción cutánea consultar a un médico. P370+ P378: En caso de incendio utilizar dióxido de carbono, espuma, polvo seco o agua pulverizada para la extinción. P391: Recoger el vertido.",1,1,1,1,0.24,1.5,1.74,H00085,1/23/2023,1/22/2025,1,
VAR-QB00085,Q0320010D,EXTRACTO DE EUCALIPTO ,8000- 48- 4,PELIGRO,55 5873 6098,"H226: Líquidos y vapores inflamables. H303: Puede ser nocivo en caso de ingestión. H304: Puede ser mortal en caso de ingestión y penetración en las vías respiratorias. H315: Provoca irritación cutánea. H317: Puede provocar una reacción alérgica en la piel. H411: Toxico para los organismos acuáticos, con efectos nocivos duraderos.","P210: Mantener alejado del calor, de superficies calientes, de chispas. de llamas abiertas y de cualquier otra fuente de ignición. No fumar. P261: Evitar respirar el polvo/el humo/el gas/la niebla/los vapores/el
aerosol. P273: Evitar su liberación al medio ambiente. P280: Llevar guanterendas/gafas/mascara de protección. P301+ P310+ P331 EN CASO DE INGESTION: Llamar inmediatamente a un centro de toxicología/medico. No provocar el vómito. P302+ P352+ P333+ P313 EN CASO DE CONTACTO CON LA PIEL: Lavar con agua y jabón abundantes. En caso de irritación o erupción cutánea consultar a un médico. P370+ P378: En caso de incendio utilizar dióxido de carbono, espuma, polvo seco o agua pulverizada para la extinción. P391: Recoger el vertido.",1,1,1,1,0.24,2,2.24,H00085,1/23/2023,1/22/2025,1,
VAR-QB00085,Q0320010E,EXTRACTO DE EUCALIPTO ,8000- 48- 4,PELIGRO,55 5873 6098,"H226: Líquidos y vapores inflamables. H303: Puede ser nocivo en caso de ingestión. H304: Puede ser mortal en caso de ingestión y penetración en las vías respiratorias. H315: Provoca irritación cutánea. H317: Puede provocar una reacción alérgica en la piel. H411: Toxico para los organismos acuáticos, con efectos nocivos duraderos.","P210: Mantener alejado del calor, de superficies calientes, de chispas. de llamas abiertas y de cualquier otra fuente de ignición. No fumar. P261: Evitar respirar el polvo/el humo/el gas/la niebla/los vapores/el
aerosol. P273: Evitar su liberación al medio ambiente. P280: Llevar guanterendas/gafas/mascara de protección. P301+ P310+ P331 EN CASO DE INGESTION: Llamar inmediatamente a un centro de toxicología/medico. No provocar el vómito. P302+ P352+ P333+ P313 EN CASO DE CONTACTO CON LA PIEL: Lavar con agua y jabón abundantes. En caso de irritación o erupción cutánea consultar a un médico. P370+ P378: En caso de incendio utilizar dióxido de carbono, espuma, polvo seco o agua pulverizada para la extinción. P391: Recoger el vertido.",1,1,1,1,0.24,3,3.24,H00085,1/23/2023,1/22/2025,1,
VAR-QB00085,Q0320010F,EXTRACTO DE EUCALIPTO ,8000- 48- 4,PELIGRO,55 5873 6098,"H226: Líquidos y vapores inflamables. H303: Puede ser nocivo en caso de ingestión. H304: Puede ser mortal en caso de ingestión y penetración en las vías respiratorias. H315: Provoca irritación cutánea. H317: Puede provocar una reacción alérgica en la piel. H411: Toxico para los organismos acuáticos, con efectos nocivos duraderos.","P210: Mantener alejado del calor, de superficies calientes, de chispas. de llamas abiertas y de cualquier otra fuente de ignición. No fumar. P261: Evitar respirar el polvo/el humo/el gas/la niebla/los vapores/el
aerosol. P273: Evitar su liberación al medio ambiente. P280: Llevar guanterendas/gafas/mascara de protección. P301+ P310+ P331 EN CASO DE INGESTION: Llamar inmediatamente a un centro de toxicología/medico. No provocar el vómito. P302+ P352+ P333+ P313 EN CASO DE CONTACTO CON LA PIEL: Lavar con agua y jabón abundantes. En caso de irritación o erupción cutánea consultar a un médico. P370+ P378: En caso de incendio utilizar dióxido de carbono, espuma, polvo seco o agua pulverizada para la extinción. P391: Recoger el vertido.",1,1,1,1,0.24,4,4.24,H00085,1/23/2023,1/22/2025,1,
VAR-QB00085,Q0320010G,EXTRACTO DE EUCALIPTO ,8000- 48- 4,PELIGRO,55 5873 6098,"H226: Líquidos y vapores inflamables. H303: Puede ser nocivo en caso de ingestión. H304: Puede ser mortal en caso de ingestión y penetración en las vías respiratorias. H315: Provoca irritación cutánea. H317: Puede provocar una reacción alérgica en la piel. H411: Toxico para los organismos acuáticos, con efectos nocivos duraderos.","P210: Mantener alejado del calor, de superficies calientes, de chispas. de llamas abiertas y de cualquier otra fuente de ignición. No fumar. P261: Evitar respirar el polvo/el humo/el gas/la niebla/los vapores/el
aerosol. P273: Evitar su liberación al medio ambiente. P280: Llevar guanterendas/gafas/mascara de protección. P301+ P310+ P331 EN CASO DE INGESTION: Llamar inmediatamente a un centro de toxicología/medico. No provocar el vómito. P302+ P352+ P333+ P313 EN CASO DE CONTACTO CON LA PIEL: Lavar con agua y jabón abundantes. En caso de irritación o erupción cutánea consultar a un médico. P370+ P378: En caso de incendio utilizar dióxido de carbono, espuma, polvo seco o agua pulverizada para la extinción. P391: Recoger el vertido.",1,1,1,1,0.28,5,5.28,H00085,1/23/2023,1/22/2025,1,
,,,,,,,,,,,,,,,,,,,
VAR-QB00112,Q0320011A,MENTA DE BRASIL , - , - , - , - , - ,g,1,i,1,0.09,0.5,0.59,J01019,7/17/2025,6/16/2027,1,
VAR-QB00112,Q0320011B,MENTA DE BRASIL , - , - , - , - , - ,g,1,i,1,0.09,1,1.09,J01019,7/17/2025,6/16/2027,1,
VAR-QB00112,Q0320011C,MENTA DE BRASIL , - , - , - , - , - ,g,1,i,1,0.24,2,2.24,J01019,7/17/2025,6/16/2027,1,
VAR-QB00112,Q0320011D,MENTA DE BRASIL , - , - , - , - , - ,g,1,i,1,0.24,3,3.24,J01019,7/17/2025,6/16/2027,1,
VAR-QB00112,Q0320011E,MENTA DE BRASIL , - , - , - , - , - ,g,1,i,1,0.24,4,4.24,J01019,7/17/2025,6/16/2027,1,
VAR-QB00112,Q0320011F,MENTA DE BRASIL , - , - , - , - , - ,g,1,i,1,0.28,5,5.28,J01019,7/17/2025,6/16/2027,1,
VAR-QB00112,Q0320011G,MENTA DE BRASIL , - , - , - , - , - ,g,1,i,1,0.48,10,10.48,J01019,7/17/2025,6/16/2027,1,
VAR-QB00112,Q0320011H,MENTA DE BRASIL , - , - , - , - , - ,g,1,i,1,0.9,15,15.9,J01019,7/17/2025,6/16/2027,1,
VAR-QB00112,Q0320011I,MENTA DE BRASIL , - , - , - , - , - ,g,1,i,1,0.9,20,20.9,J01019,7/17/2025,6/16/2027,1,
VAR-QB00112,Q0320011J,MENTA DE BRASIL , - , - , - , - , - ,g,1,i,1,2.2,50,52.2,J01019,7/17/2025,6/16/2027,1,
,,,,,,,,,,,,,,,,,,,
PRD-QB00005,Q0320013A,CITRONELLA QBD09, - , - , - , - , - ,g,1,1,1,0.09,0.5,0.59,0020062501,6/20/2025,6/20/2026,1,
PRD-QB00005,Q0320013B,CITRONELLA QBD09, - , - , - , - , - ,g,1,1,1,0.09,1,1.09,0020062501,6/20/2025,6/20/2026,1,
PRD-QB00005,Q0320013C,CITRONELLA QBD09, - , - , - , - , - ,g,1,1,1,0.24,1.5,1.74,0020062501,6/20/2025,6/20/2026,1,
PRD-QB00005,Q0320013D,CITRONELLA QBD09, - , - , - , - , - ,g,1,1,1,0.24,2,2.24,0020062501,6/20/2025,6/20/2026,1,
PRD-QB00005,Q0320013E,CITRONELLA QBD09, - , - , - , - , - ,g,1,1,1,0.24,3,3.24,0020062501,6/20/2025,6/20/2026,1,
PRD-QB00005,Q0320013F,CITRONELLA QBD09, - , - , - , - , - ,g,1,1,1,0.24,4,4.24,0020062501,6/20/2025,6/20/2026,1,
PRD-QB00005,Q0320013G,CITRONELLA QBD09, - , - , - , - , - ,g,1,1,1,0.28,5,5.28,0020062501,6/20/2025,6/20/2026,1,
PRD-QB00005,Q0320013H,CITRONELLA QBD09, - , - , - , - , - ,g,1,1,1,0.48,10,10.48,0020062501,6/20/2025,6/20/2026,1,
PRD-QB00005,Q0320013I,CITRONELLA QBD09, - , - , - , - , - ,g,1,1,1,0.9,15,15.9,0020062501,6/20/2025,6/20/2026,1,
PRD-QB00005,Q0320013J,CITRONELLA QBD09, - , - , - , - , - ,g,1,1,1,0.9,20,20.9,0020062501,6/20/2025,6/20/2026,1,
,,,,,,,,,,,,,,,,,,,
VAR-QB00133,Q0320019A,REPELENTE PARA INSECTOS ,52304-36-6,ATENCION,(55)-21-22-16-59 /  01-800-00-214-00,H319 Provoca irritación ocular grave,P305 + P351 + P338 EN CASO DE CONTACTO CON LOS OJOS: ENJUAGAR CON AGUA CUIDADOSAMENTE DURANTE VARIOS MINUTOS. Quitar las lentes de contacto cuando estén presentes y puedan hacerse con facilidad. Proseguir con el lavado,g,1,1,1,0.28,5,5.28,E300044743,3/3/2024,3/31/2027,1,
VAR-QB00133,Q0320019B,REPELENTE PARA INSECTOS ,52304-36-6,ATENCION,(55)-21-22-16-59 /  01-800-00-214-00,H319 Provoca irritación ocular grave,P305 + P351 + P338 EN CASO DE CONTACTO CON LOS OJOS: ENJUAGAR CON AGUA CUIDADOSAMENTE DURANTE VARIOS MINUTOS. Quitar las lentes de contacto cuando estén presentes y puedan hacerse con facilidad. Proseguir con el lavado,g,1,1,1,0.48,10,10.48,E300044743,3/3/2024,3/31/2027,1,
VAR-QB00133,Q0320019C,REPELENTE PARA INSECTOS ,52304-36-6,ATENCION,(55)-21-22-16-59 /  01-800-00-214-00,H319 Provoca irritación ocular grave,P305 + P351 + P338 EN CASO DE CONTACTO CON LOS OJOS: ENJUAGAR CON AGUA CUIDADOSAMENTE DURANTE VARIOS MINUTOS. Quitar las lentes de contacto cuando estén presentes y puedan hacerse con facilidad. Proseguir con el lavado,g,1,1,1,0.9,15,15.9,E300044743,3/3/2024,3/31/2027,1,
VAR-QB00133,Q0320019D,REPELENTE PARA INSECTOS ,52304-36-6,ATENCION,(55)-21-22-16-59 /  01-800-00-214-00,H319 Provoca irritación ocular grave,P305 + P351 + P338 EN CASO DE CONTACTO CON LOS OJOS: ENJUAGAR CON AGUA CUIDADOSAMENTE DURANTE VARIOS MINUTOS. Quitar las lentes de contacto cuando estén presentes y puedan hacerse con facilidad. Proseguir con el lavado,g,1,1,1,0.9,16,16.9,E300044743,3/3/2024,3/31/2027,1,
VAR-QB00133,Q0320019E,REPELENTE PARA INSECTOS ,52304-36-6,ATENCION,(55)-21-22-16-59 /  01-800-00-214-00,H319 Provoca irritación ocular grave,P305 + P351 + P338 EN CASO DE CONTACTO CON LOS OJOS: ENJUAGAR CON AGUA CUIDADOSAMENTE DURANTE VARIOS MINUTOS. Quitar las lentes de contacto cuando estén presentes y puedan hacerse con facilidad. Proseguir con el lavado,g,1,1,1,0.9,20,20.9,E300044743,3/3/2024,3/31/2027,1,
VAR-QB00133,Q0320019F,REPELENTE PARA INSECTOS ,52304-36-6,ATENCION,(55)-21-22-16-59 /  01-800-00-214-00,H319 Provoca irritación ocular grave,P305 + P351 + P338 EN CASO DE CONTACTO CON LOS OJOS: ENJUAGAR CON AGUA CUIDADOSAMENTE DURANTE VARIOS MINUTOS. Quitar las lentes de contacto cuando estén presentes y puedan hacerse con facilidad. Proseguir con el lavado,g,1,1,1,2.2,50,52.2,E300044743,3/3/2024,3/31/2027,1,
VAR-QB00133,Q0320019G,REPELENTE PARA INSECTOS ,52304-36-6,ATENCION,(55)-21-22-16-59 /  01-800-00-214-00,H319 Provoca irritación ocular grave,P305 + P351 + P338 EN CASO DE CONTACTO CON LOS OJOS: ENJUAGAR CON AGUA CUIDADOSAMENTE DURANTE VARIOS MINUTOS. Quitar las lentes de contacto cuando estén presentes y puedan hacerse con facilidad. Proseguir con el lavado,g,1,1,1,,,,E300044743,3/3/2024,3/31/2027,1,
VAR-QB00133,Q0320019H,REPELENTE PARA INSECTOS ,52304-36-6,ATENCION,(55)-21-22-16-59 /  01-800-00-214-00,H319 Provoca irritación ocular grave,P305 + P351 + P338 EN CASO DE CONTACTO CON LOS OJOS: ENJUAGAR CON AGUA CUIDADOSAMENTE DURANTE VARIOS MINUTOS. Quitar las lentes de contacto cuando estén presentes y puedan hacerse con facilidad. Proseguir con el lavado,g,1,1,1,,,,E300044743,3/3/2024,3/31/2027,1,
VAR-QB00133,Q0320019I,REPELENTE PARA INSECTOS ,52304-36-6,ATENCION,(55)-21-22-16-59 /  01-800-00-214-00,H319 Provoca irritación ocular grave,P305 + P351 + P338 EN CASO DE CONTACTO CON LOS OJOS: ENJUAGAR CON AGUA CUIDADOSAMENTE DURANTE VARIOS MINUTOS. Quitar las lentes de contacto cuando estén presentes y puedan hacerse con facilidad. Proseguir con el lavado,g,1,1,1,,,,E300044743,3/3/2024,3/31/2027,1,
,,,,,,,,,,,,,,,,,,,
VAR-QB00176,Q0401001A,CARBOMER GBM 940,9003-01-4,No Aplicable,SETIQ 018000021400,No Aplicable,No Aplicable,1,1,1,1,0.015,0.5,0.515,20250804011CBM940,8/4/2025,8/3/2027,1,
VAR-QB00176,Q0401001B,CARBOMER GBM 940,9003-01-4,No Aplicable,SETIQ 018000021400,No Aplicable,No Aplicable,1,1,1,1,0.015,1,1.015,20250804011CBM940,8/4/2025,8/3/2027,1,
VAR-QB00176,Q0401001C,CARBOMER GBM 940,9003-01-4,No Aplicable,SETIQ 018000021400,No Aplicable,No Aplicable,1,1,1,1,0.035,2,2.035,20250804011CBM940,8/4/2025,8/3/2027,1,
VAR-QB00176,Q0401001D,CARBOMER GBM 940,9003-01-4,No Aplicable,SETIQ 018000021400,No Aplicable,No Aplicable,1,1,1,1,0.035,3,3.035,20250804011CBM940,8/4/2025,8/3/2027,1,
VAR-QB00176,Q0401001E,CARBOMER GBM 940,9003-01-4,No Aplicable,SETIQ 018000021400,No Aplicable,No Aplicable,1,1,1,1,0.035,4,4.035,20250804011CBM940,8/4/2025,8/3/2027,1,
VAR-QB00176,Q0401001F,CARBOMER GBM 940,9003-01-4,No Aplicable,SETIQ 018000021400,No Aplicable,No Aplicable,1,1,1,1,0.035,5,5.035,20250804011CBM940,8/4/2025,8/3/2027,1,
,,,,,,,,,,,,,,,,,,,
LUB-QB00025,Q0401003A,CARBOPOL ULTREZ 21,110-82-7,ATENCION,216-447-5000,H319: Provoca irritación ocular grave. H402: Nocivo para los organismos acuáticos,"P264: Lavarse cuidadosamente después de la manipulación. P280: Usar guantes/ropa de protección/equipo de protección para los ojos/la cara. P273: No dispersar en el medio ambiente. P305+P351+P338: En caso de contacto con los ojos: Enjuagar con agua cuidadosamente durante varios minutos. Quitar las lentes de contacto cuando estén presentes y pueda hacerse con facilidad. Proseguir con el lavado. P337+P313: Si la irritación ocular persiste, consultar a un médico. P501: Eliminar  el contenido/recipiente en una planta apropiada detratamiento y eliminación conforme a las leyes/reglamentaciones aplicables y las características del producto en el momento de la eliminación.",g,1,1,1,0.015,0.5,0.515,0000228723,12/23/2024,12/23/2026,1,
LUB-QB00025,Q0401003B,CARBOPOL ULTREZ 21,110-82-7,ATENCION,216-447-5000,H319: Provoca irritación ocular grave. H402: Nocivo para los organismos acuáticos,"P264: Lavarse cuidadosamente después de la manipulación. P280: Usar guantes/ropa de protección/equipo de protección para los ojos/la cara. P273: No dispersar en el medio ambiente. P305+P351+P338: En caso de contacto con los ojos: Enjuagar con agua cuidadosamente durante varios minutos. Quitar las lentes de contacto cuando estén presentes y pueda hacerse con facilidad. Proseguir con el lavado. P337+P313: Si la irritación ocular persiste, consultar a un médico. P501: Eliminar  el contenido/recipiente en una planta apropiada detratamiento y eliminación conforme a las leyes/reglamentaciones aplicables y las características del producto en el momento de la eliminación.",g,1,1,1,0.015,1,1.015,0000228723,12/23/2024,12/23/2026,1,
LUB-QB00025,Q0401003C,CARBOPOL ULTREZ 21,110-82-7,ATENCION,216-447-5000,H319: Provoca irritación ocular grave. H402: Nocivo para los organismos acuáticos,"P264: Lavarse cuidadosamente después de la manipulación. P280: Usar guantes/ropa de protección/equipo de protección para los ojos/la cara. P273: No dispersar en el medio ambiente. P305+P351+P338: En caso de contacto con los ojos: Enjuagar con agua cuidadosamente durante varios minutos. Quitar las lentes de contacto cuando estén presentes y pueda hacerse con facilidad. Proseguir con el lavado. P337+P313: Si la irritación ocular persiste, consultar a un médico. P501: Eliminar  el contenido/recipiente en una planta apropiada detratamiento y eliminación conforme a las leyes/reglamentaciones aplicables y las características del producto en el momento de la eliminación.",g,1,1,1,0.035,2,2.035,0000228723,12/23/2024,12/23/2026,1,
LUB-QB00025,Q0401003D,CARBOPOL ULTREZ 21,110-82-7,ATENCION,216-447-5000,H319: Provoca irritación ocular grave. H402: Nocivo para los organismos acuáticos,"P264: Lavarse cuidadosamente después de la manipulación. P280: Usar guantes/ropa de protección/equipo de protección para los ojos/la cara. P273: No dispersar en el medio ambiente. P305+P351+P338: En caso de contacto con los ojos: Enjuagar con agua cuidadosamente durante varios minutos. Quitar las lentes de contacto cuando estén presentes y pueda hacerse con facilidad. Proseguir con el lavado. P337+P313: Si la irritación ocular persiste, consultar a un médico. P501: Eliminar  el contenido/recipiente en una planta apropiada detratamiento y eliminación conforme a las leyes/reglamentaciones aplicables y las características del producto en el momento de la eliminación.",g,1,1,1,0.035,3,3.035,0000228723,12/23/2024,12/23/2026,1,
LUB-QB00025,Q0401003E,CARBOPOL ULTREZ 21,110-82-7,ATENCION,216-447-5000,H319: Provoca irritación ocular grave. H402: Nocivo para los organismos acuáticos,"P264: Lavarse cuidadosamente después de la manipulación. P280: Usar guantes/ropa de protección/equipo de protección para los ojos/la cara. P273: No dispersar en el medio ambiente. P305+P351+P338: En caso de contacto con los ojos: Enjuagar con agua cuidadosamente durante varios minutos. Quitar las lentes de contacto cuando estén presentes y pueda hacerse con facilidad. Proseguir con el lavado. P337+P313: Si la irritación ocular persiste, consultar a un médico. P501: Eliminar  el contenido/recipiente en una planta apropiada detratamiento y eliminación conforme a las leyes/reglamentaciones aplicables y las características del producto en el momento de la eliminación.",g,1,1,1,0.035,4,4.035,0000228723,12/23/2024,12/23/2026,1,
LUB-QB00025,Q0401003F,CARBOPOL ULTREZ 21,110-82-7,ATENCION,216-447-5000,H319: Provoca irritación ocular grave. H402: Nocivo para los organismos acuáticos,"P264: Lavarse cuidadosamente después de la manipulación. P280: Usar guantes/ropa de protección/equipo de protección para los ojos/la cara. P273: No dispersar en el medio ambiente. P305+P351+P338: En caso de contacto con los ojos: Enjuagar con agua cuidadosamente durante varios minutos. Quitar las lentes de contacto cuando estén presentes y pueda hacerse con facilidad. Proseguir con el lavado. P337+P313: Si la irritación ocular persiste, consultar a un médico. P501: Eliminar  el contenido/recipiente en una planta apropiada detratamiento y eliminación conforme a las leyes/reglamentaciones aplicables y las características del producto en el momento de la eliminación.",g,1,1,1,0.035,5,5.035,0000228723,12/23/2024,12/23/2026,1,
,,,,,,,,,,,,,,,,,,,
VAR-QB00178,Q0401005A,CARBOMER LIQUID QBW,No Aplicable,No Aplicable,SETIQ 018000021400,No Aplicable,No Aplicable,1,1,1,1,0.09,0.5,0.59,1525G122,6/19/2025,6/19/2026,1,
VAR-QB00178,Q0401005B,CARBOMER LIQUID QBW,No Aplicable,No Aplicable,SETIQ 018000021400,No Aplicable,No Aplicable,1,1,1,1,0.09,1,1.09,1525G122,6/19/2025,6/19/2026,1,
VAR-QB00178,Q0401005C,CARBOMER LIQUID QBW,No Aplicable,No Aplicable,SETIQ 018000021400,No Aplicable,No Aplicable,1,1,1,1,0.24,2,2.24,1525G122,6/19/2025,6/19/2026,1,
VAR-QB00178,Q0401005D,CARBOMER LIQUID QBW,No Aplicable,No Aplicable,SETIQ 018000021400,No Aplicable,No Aplicable,1,1,1,1,0.24,3,3.24,1525G122,6/19/2025,6/19/2026,1,
VAR-QB00178,Q0401005E,CARBOMER LIQUID QBW,No Aplicable,No Aplicable,SETIQ 018000021400,No Aplicable,No Aplicable,1,1,1,1,0.24,4,4.24,1525G122,6/19/2025,6/19/2026,1,
VAR-QB00178,Q0401005F,CARBOMER LIQUID QBW,No Aplicable,No Aplicable,SETIQ 018000021400,No Aplicable,No Aplicable,1,1,1,1,0.28,5,5.28,1525G122,6/19/2025,6/19/2026,1,
VAR-QB00178,Q0401005G,CARBOMER LIQUID QBW,No Aplicable,No Aplicable,SETIQ 018000021400,No Aplicable,No Aplicable,1,1,1,1,0.48,10,10.48,1525G122,6/19/2025,6/19/2026,1,
VAR-QB00178,Q0401005H,CARBOMER LIQUID QBW,No Aplicable,No Aplicable,SETIQ 018000021400,No Aplicable,No Aplicable,1,1,1,1,0.9,15,15.9,1525G122,6/19/2025,6/19/2026,1,
VAR-QB00178,Q0401005I,CARBOMER LIQUID QBW,No Aplicable,No Aplicable,SETIQ 018000021400,No Aplicable,No Aplicable,1,1,1,1,0.9,20,20.9,1525G122,6/19/2025,6/19/2026,1,
VAR-QB00178,Q0401005J,CARBOMER LIQUID QBW,No Aplicable,No Aplicable,SETIQ 018000021400,No Aplicable,No Aplicable,1,1,1,1,2.2,50,52.2,1525G122,6/19/2025,6/19/2026,1,
,,,,,,,,,,,,,,,,,,,
LUB-QB00013,Q0401010A,CARBOPOL 99620,71-43-2,PELIGRO,216-447-5000,H340: Puede provocar defectos genéticos. H350: Puede provocar cáncer.,"P201: Procurarse las instrucciones antes del uso. P202: No manipular antes de haber leído y comprendido todas las precauciones de seguridad. P281: Utilizar un equipo de protección individual, según corresponda. P308+P313: EN CASO DE exposición demostrada o supuesta: consultar a un médico. P405: Guardar bajo llave. P501: Eliminar el contenido/recipiente en una planta apropiada de tratamiento y eliminación conforme a las leyes/reglamentaciones aplicables y las características del producto en el momento de la eliminación. ",h,1,1,1,0.015,0.5,0.515,0000217520,8/4/2024,8/4/2026,1,
LUB-QB00013,Q0401010B,CARBOPOL 99620,71-43-2,PELIGRO,216-447-5000,H340: Puede provocar defectos genéticos. H350: Puede provocar cáncer.,"P201: Procurarse las instrucciones antes del uso. P202: No manipular antes de haber leído y comprendido todas las precauciones de seguridad. P281: Utilizar un equipo de protección individual, según corresponda. P308+P313: EN CASO DE exposición demostrada o supuesta: consultar a un médico. P405: Guardar bajo llave. P501: Eliminar el contenido/recipiente en una planta apropiada de tratamiento y eliminación conforme a las leyes/reglamentaciones aplicables y las características del producto en el momento de la eliminación. ",h,1,1,1,0.015,1,1.015,0000217520,8/4/2024,8/4/2026,1,
LUB-QB00013,Q0401010C,CARBOPOL 99620,71-43-2,PELIGRO,216-447-5000,H340: Puede provocar defectos genéticos. H350: Puede provocar cáncer.,"P201: Procurarse las instrucciones antes del uso. P202: No manipular antes de haber leído y comprendido todas las precauciones de seguridad. P281: Utilizar un equipo de protección individual, según corresponda. P308+P313: EN CASO DE exposición demostrada o supuesta: consultar a un médico. P405: Guardar bajo llave. P501: Eliminar el contenido/recipiente en una planta apropiada de tratamiento y eliminación conforme a las leyes/reglamentaciones aplicables y las características del producto en el momento de la eliminación. ",h,1,1,1,0.035,2,2.035,0000217520,8/4/2024,8/4/2026,1,
LUB-QB00013,Q0401010D,CARBOPOL 99620,71-43-2,PELIGRO,216-447-5000,H340: Puede provocar defectos genéticos. H350: Puede provocar cáncer.,"P201: Procurarse las instrucciones antes del uso. P202: No manipular antes de haber leído y comprendido todas las precauciones de seguridad. P281: Utilizar un equipo de protección individual, según corresponda. P308+P313: EN CASO DE exposición demostrada o supuesta: consultar a un médico. P405: Guardar bajo llave. P501: Eliminar el contenido/recipiente en una planta apropiada de tratamiento y eliminación conforme a las leyes/reglamentaciones aplicables y las características del producto en el momento de la eliminación. ",h,1,1,1,0.035,3,3.035,0000217520,8/4/2024,8/4/2026,1,
LUB-QB00013,Q0401010E,CARBOPOL 99620,71-43-2,PELIGRO,216-447-5000,H340: Puede provocar defectos genéticos. H350: Puede provocar cáncer.,"P201: Procurarse las instrucciones antes del uso. P202: No manipular antes de haber leído y comprendido todas las precauciones de seguridad. P281: Utilizar un equipo de protección individual, según corresponda. P308+P313: EN CASO DE exposición demostrada o supuesta: consultar a un médico. P405: Guardar bajo llave. P501: Eliminar el contenido/recipiente en una planta apropiada de tratamiento y eliminación conforme a las leyes/reglamentaciones aplicables y las características del producto en el momento de la eliminación. ",h,1,1,1,0.035,4,4.035,0000217520,8/4/2024,8/4/2026,1,
LUB-QB00013,Q0401010F,CARBOPOL 99620,71-43-2,PELIGRO,216-447-5000,H340: Puede provocar defectos genéticos. H350: Puede provocar cáncer.,"P201: Procurarse las instrucciones antes del uso. P202: No manipular antes de haber leído y comprendido todas las precauciones de seguridad. P281: Utilizar un equipo de protección individual, según corresponda. P308+P313: EN CASO DE exposición demostrada o supuesta: consultar a un médico. P405: Guardar bajo llave. P501: Eliminar el contenido/recipiente en una planta apropiada de tratamiento y eliminación conforme a las leyes/reglamentaciones aplicables y las características del producto en el momento de la eliminación. ",h,1,1,1,0.035,5,5.035,0000217520,8/4/2024,8/4/2026,1,
,,,,,,,,,,,,,,,,,,,
LUB-QB00030,Q0402001A,FIXATE G100,No Aplicable,No Aplicable,216-447-5000,No Aplicable,No Aplicable,1,1,1,1,0.09,1,1.09,0000233598,2/6/2025,2/6/2027,1,
LUB-QB00030,Q0402001B,FIXATE G100,No Aplicable,No Aplicable,216-447-5000,No Aplicable,No Aplicable,1,1,1,1,0.24,2,2.24,0000233598,2/6/2025,2/6/2027,1,
LUB-QB00030,Q0402001C,FIXATE G100,No Aplicable,No Aplicable,216-447-5000,No Aplicable,No Aplicable,1,1,1,1,0.24,3,3.24,0000233598,2/6/2025,2/6/2027,1,
LUB-QB00030,Q0402001D,FIXATE G100,No Aplicable,No Aplicable,216-447-5000,No Aplicable,No Aplicable,1,1,1,1,0.24,4,4.24,0000233598,2/6/2025,2/6/2027,1,
LUB-QB00030,Q0402001E,FIXATE G100,No Aplicable,No Aplicable,216-447-5000,No Aplicable,No Aplicable,1,1,1,1,0.6,5,5.6,0000233598,2/6/2025,2/6/2027,1,
LUB-QB00030,Q0402001F,FIXATE G100,No Aplicable,No Aplicable,216-447-5000,No Aplicable,No Aplicable,1,1,1,1,0.6,10,10.6,0000233598,2/6/2025,2/6/2027,1,
LUB-QB00030,Q0402001G,FIXATE G100,No Aplicable,No Aplicable,216-447-5000,No Aplicable,No Aplicable,1,1,1,1,1.2,15,16.2,0000233598,2/6/2025,2/6/2027,1,
LUB-QB00030,Q0402001H,FIXATE G100,No Aplicable,No Aplicable,216-447-5000,No Aplicable,No Aplicable,1,1,1,1,1.2,20,21.2,0000233598,2/6/2025,2/6/2027,1,
LUB-QB00030,Q0402001I,FIXATE G100,No Aplicable,No Aplicable,216-447-5000,No Aplicable,No Aplicable,1,1,1,1,2.2,50,52.2,0000233598,2/6/2025,2/6/2027,1,
,,,,,,,,,,,,,,,,,,,
LUB-QB00033,Q0402002A,FIXATE RSP( GOOD RITE),79-10-7,No Aplicable,216-447-5000,No Aplicable,No Aplicable,1,1,1,1,0.09,1,1.09,0000238106,8/13/2025,8/13/2026,1,
LUB-QB00033,Q0402002B,FIXATE RSP( GOOD RITE),79-10-7,No Aplicable,216-447-5000,No Aplicable,No Aplicable,1,1,1,1,0.29,2,2.29,0000238106,8/13/2025,8/13/2026,1,
LUB-QB00033,Q0402002C,FIXATE RSP( GOOD RITE),79-10-7,No Aplicable,216-447-5000,No Aplicable,No Aplicable,1,1,1,1,0.29,3,3.29,0000238106,8/13/2025,8/13/2026,1,
LUB-QB00033,Q0402002D,FIXATE RSP( GOOD RITE),79-10-7,No Aplicable,216-447-5000,No Aplicable,No Aplicable,1,1,1,1,0.29,4,4.29,0000238106,8/13/2025,8/13/2026,1,
LUB-QB00033,Q0402002E,FIXATE RSP( GOOD RITE),79-10-7,No Aplicable,216-447-5000,No Aplicable,No Aplicable,1,1,1,1,0.6,5,5.6,0000238106,8/13/2025,8/13/2026,1,
LUB-QB00033,Q0402002F,FIXATE RSP( GOOD RITE),79-10-7,No Aplicable,216-447-5000,No Aplicable,No Aplicable,1,1,1,1,0.6,10,10.6,0000238106,8/13/2025,8/13/2026,1,
LUB-QB00033,Q0402002G,FIXATE RSP( GOOD RITE),79-10-7,No Aplicable,216-447-5000,No Aplicable,No Aplicable,1,1,1,1,1.2,15,16.2,0000238106,8/13/2025,8/13/2026,1,
LUB-QB00033,Q0402002H,FIXATE RSP( GOOD RITE),79-10-7,No Aplicable,216-447-5000,No Aplicable,No Aplicable,1,1,1,1,1.2,20,21.2,0000238106,8/13/2025,8/13/2026,1,
LUB-QB00033,Q0402002I,FIXATE RSP( GOOD RITE),79-10-7,No Aplicable,216-447-5000,No Aplicable,No Aplicable,1,1,1,1,2.2,50,52.2,0000238106,8/13/2025,8/13/2026,1,
,,,,,,,,,,,,,,,,,,,
LUB-QB00034,Q0402005A,FIXATE SUPER HOLD,No Aplicable,ATENCION,216-447-5000,H316: Provoca una leve irritación cutánea.,P332+P313: En caso de irritación cutánea: Consultar a un médico.,1,1,1,1,0.09,1,1.09,0000220304,10/1/2025,10/1/2026,1,
LUB-QB00034,Q0402005B,FIXATE SUPER HOLD,No Aplicable,ATENCION,216-447-5000,H316: Provoca una leve irritación cutánea.,P332+P313: En caso de irritación cutánea: Consultar a un médico.,1,1,1,1,0.24,2,2.24,0000220304,10/1/2025,10/1/2026,1,
LUB-QB00034,Q0402005C,FIXATE SUPER HOLD,No Aplicable,ATENCION,216-447-5000,H316: Provoca una leve irritación cutánea.,P332+P313: En caso de irritación cutánea: Consultar a un médico.,1,1,1,1,0.24,3,3.24,0000220304,10/1/2025,10/1/2026,1,
LUB-QB00034,Q0402005D,FIXATE SUPER HOLD,No Aplicable,ATENCION,216-447-5000,H316: Provoca una leve irritación cutánea.,P332+P313: En caso de irritación cutánea: Consultar a un médico.,1,1,1,1,0.24,4,4.24,0000220304,10/1/2025,10/1/2026,1,
LUB-QB00034,Q0402005E,FIXATE SUPER HOLD,No Aplicable,ATENCION,216-447-5000,H316: Provoca una leve irritación cutánea.,P332+P313: En caso de irritación cutánea: Consultar a un médico.,1,1,1,1,0.28,5,5.28,0000220304,10/1/2025,10/1/2026,1,
LUB-QB00034,Q0402005F,FIXATE SUPER HOLD,No Aplicable,ATENCION,216-447-5000,H316: Provoca una leve irritación cutánea.,P332+P313: En caso de irritación cutánea: Consultar a un médico.,1,1,1,1,0.48,10,10.48,0000220304,10/1/2025,10/1/2026,1,
LUB-QB00034,Q0402005G,FIXATE SUPER HOLD,No Aplicable,ATENCION,216-447-5000,H316: Provoca una leve irritación cutánea.,P332+P313: En caso de irritación cutánea: Consultar a un médico.,1,1,1,1,0.9,15,15.9,0000220304,10/1/2025,10/1/2026,1,
LUB-QB00034,Q0402005H,FIXATE SUPER HOLD,No Aplicable,ATENCION,216-447-5000,H316: Provoca una leve irritación cutánea.,P332+P313: En caso de irritación cutánea: Consultar a un médico.,1,1,1,1,0.9,20,20.9,0000220304,10/1/2025,10/1/2026,1,
LUB-QB00034,Q0402005I,FIXATE SUPER HOLD,No Aplicable,ATENCION,216-447-5000,H316: Provoca una leve irritación cutánea.,P332+P313: En caso de irritación cutánea: Consultar a un médico.,1,1,1,1,2.2,50,52.2,0000220304,10/1/2025,10/1/2026,1,
,,,,,,,,,,,,,,,,,,,
LUB-QB00029,Q0402006A,FIXATE (MT) FREESTYLE,No Aplicable,No Aplicable,216-447-5000,No Aplicable,No Aplicable,1,1,1,1,0.09,1,1.09,0000230993,2/18/2025,7/18/2026,1,
LUB-QB00029,Q0402006B,FIXATE (MT) FREESTYLE,No Aplicable,No Aplicable,216-447-5000,No Aplicable,No Aplicable,1,1,1,1,0.24,2,2.24,0000230993,2/18/2025,7/18/2026,1,
LUB-QB00029,Q0402006C,FIXATE (MT) FREESTYLE,No Aplicable,No Aplicable,216-447-5000,No Aplicable,No Aplicable,1,1,1,1,0.24,3,3.24,0000230993,2/18/2025,7/18/2026,1,
LUB-QB00029,Q0402006D,FIXATE (MT) FREESTYLE,No Aplicable,No Aplicable,216-447-5000,No Aplicable,No Aplicable,1,1,1,1,0.24,4,4.24,0000230993,2/18/2025,7/18/2026,1,
LUB-QB00029,Q0402006E,FIXATE (MT) FREESTYLE,No Aplicable,No Aplicable,216-447-5000,No Aplicable,No Aplicable,1,1,1,1,0.28,5,5.28,0000230993,2/18/2025,7/18/2026,1,
LUB-QB00029,Q0402006F,FIXATE (MT) FREESTYLE,No Aplicable,No Aplicable,216-447-5000,No Aplicable,No Aplicable,1,1,1,1,0.48,10,10.48,0000230993,2/18/2025,7/18/2026,1,
LUB-QB00029,Q0402006G,FIXATE (MT) FREESTYLE,No Aplicable,No Aplicable,216-447-5000,No Aplicable,No Aplicable,1,1,1,1,0.9,15,15.9,0000230993,2/18/2025,7/18/2026,1,
LUB-QB00029,Q0402006H,FIXATE (MT) FREESTYLE,No Aplicable,No Aplicable,216-447-5000,No Aplicable,No Aplicable,1,1,1,1,0.9,20,20.9,0000230993,2/18/2025,7/18/2026,1,
LUB-QB00029,Q0402006I,FIXATE (MT) FREESTYLE,No Aplicable,No Aplicable,216-447-5000,No Aplicable,No Aplicable,1,1,1,1,2.2,50,52.2,0000230993,2/18/2025,7/18/2026,1,
,,,,,,,,,,,,,,,,,,,
LUB-QB00047,Q0404001A,NOVEMER EC1,8042-47-5 / 79-10-7,ATENCION,216-447-5000,H316: Provoca una leve irritación cutánea,P332+P313: En caso de irritación cutánea: Consultar a un médico,1,1,1,1,0.09,1,1.09,ATCH241209,9/12/2024,9/12/2026,1,
LUB-QB00047,Q0404001B,NOVEMER EC1,8042-47-5 / 79-10-7,ATENCION,216-447-5000,H316: Provoca una leve irritación cutánea,P332+P313: En caso de irritación cutánea: Consultar a un médico,1,1,1,1,0.29,2,2.29,ATCH241209,9/12/2024,9/12/2026,1,
LUB-QB00047,Q0404001C,NOVEMER EC1,8042-47-5 / 79-10-7,ATENCION,216-447-5000,H316: Provoca una leve irritación cutánea,P332+P313: En caso de irritación cutánea: Consultar a un médico,1,1,1,1,0.29,3,3.29,ATCH241209,9/12/2024,9/12/2026,1,
LUB-QB00047,Q0404001D,NOVEMER EC1,8042-47-5 / 79-10-7,ATENCION,216-447-5000,H316: Provoca una leve irritación cutánea,P332+P313: En caso de irritación cutánea: Consultar a un médico,1,1,1,1,0.29,4,4.29,ATCH241209,9/12/2024,9/12/2026,1,
LUB-QB00047,Q0404001E,NOVEMER EC1,8042-47-5 / 79-10-7,ATENCION,216-447-5000,H316: Provoca una leve irritación cutánea,P332+P313: En caso de irritación cutánea: Consultar a un médico,1,1,1,1,0.6,5,5.6,ATCH241209,9/12/2024,9/12/2026,1,
LUB-QB00047,Q0404001F,NOVEMER EC1,8042-47-5 / 79-10-7,ATENCION,216-447-5000,H316: Provoca una leve irritación cutánea,P332+P313: En caso de irritación cutánea: Consultar a un médico,1,1,1,1,0.6,10,10.6,ATCH241209,9/12/2024,9/12/2026,1,
LUB-QB00047,Q0404001G,NOVEMER EC1,8042-47-5 / 79-10-7,ATENCION,216-447-5000,H316: Provoca una leve irritación cutánea,P332+P313: En caso de irritación cutánea: Consultar a un médico,1,1,1,1,1.2,15,16.2,ATCH241209,9/12/2024,9/12/2026,1,
LUB-QB00047,Q0404001H,NOVEMER EC1,8042-47-5 / 79-10-7,ATENCION,216-447-5000,H316: Provoca una leve irritación cutánea,P332+P313: En caso de irritación cutánea: Consultar a un médico,1,1,1,1,1.2,20,21.2,ATCH241209,9/12/2024,9/12/2026,1,
,,,,,,,,,,,,,,,,,,,
LUB-QB00068,Q0404006A,SILSENSE TM COPOLYOL-1 SILICONE,8042-47-5 / 79-10-7,ATENCION,216-447-5000,H316: Provoca una leve irritación cutánea,P332+P313: En caso de irritación cutánea: Consultar a un médico,1,1,1,1,0.09,0.5,0.59,0000219537,3/19/2025,9/19/2026,1,
LUB-QB00068,Q0404006B,SILSENSE TM COPOLYOL-1 SILICONE,8042-47-5 / 79-10-7,ATENCION,216-447-5000,H316: Provoca una leve irritación cutánea,P332+P313: En caso de irritación cutánea: Consultar a un médico,1,1,1,1,0.29,1,1.29,0000219537,3/19/2025,9/19/2026,1,
LUB-QB00068,Q0404006C,SILSENSE TM COPOLYOL-1 SILICONE,8042-47-5 / 79-10-7,ATENCION,216-447-5000,H316: Provoca una leve irritación cutánea,P332+P313: En caso de irritación cutánea: Consultar a un médico,1,1,1,1,0.29,2,2.29,0000219537,3/19/2025,9/19/2026,1,
LUB-QB00068,Q0404006D,SILSENSE TM COPOLYOL-1 SILICONE,8042-47-5 / 79-10-7,ATENCION,216-447-5000,H316: Provoca una leve irritación cutánea,P332+P313: En caso de irritación cutánea: Consultar a un médico,1,1,1,1,0.29,3,3.29,0000219537,3/19/2025,9/19/2026,1,
LUB-QB00068,Q0404006E,SILSENSE TM COPOLYOL-1 SILICONE,8042-47-5 / 79-10-7,ATENCION,216-447-5000,H316: Provoca una leve irritación cutánea,P332+P313: En caso de irritación cutánea: Consultar a un médico,1,1,1,1,0.29,4,4.29,0000219537,3/19/2025,9/19/2026,1,
LUB-QB00068,Q0404006F,SILSENSE TM COPOLYOL-1 SILICONE,8042-47-5 / 79-10-7,ATENCION,216-447-5000,H316: Provoca una leve irritación cutánea,P332+P313: En caso de irritación cutánea: Consultar a un médico,1,1,1,1,0.6,5,5.6,0000219537,3/19/2025,9/19/2026,1,
LUB-QB00068,Q0404006G,SILSENSE TM COPOLYOL-1 SILICONE,8042-47-5 / 79-10-7,ATENCION,216-447-5000,H316: Provoca una leve irritación cutánea,P332+P313: En caso de irritación cutánea: Consultar a un médico,1,1,1,1,0.6,10,10.6,0000219537,3/19/2025,9/19/2026,1,
LUB-QB00068,Q0404006H,SILSENSE TM COPOLYOL-1 SILICONE,8042-47-5 / 79-10-7,ATENCION,216-447-5000,H316: Provoca una leve irritación cutánea,P332+P313: En caso de irritación cutánea: Consultar a un médico,1,1,1,1,1.2,15,16.2,0000219537,3/19/2025,9/19/2026,1,
,,,,,,,,,,,,,,,,,,,
LUB-QB00037,Q0404019A,GLUCAM P20,No Aplicable,No Aplicable,216-447-5000,No Aplicable,No Aplicable,1,1,1,1,0.09,1,1.09,0000207620,6/17/2024,6/17/2026,1,
LUB-QB00037,Q0404019B,GLUCAM P20,No Aplicable,No Aplicable,216-447-5000,No Aplicable,No Aplicable,1,1,1,1,0.29,2,2.29,0000207620,6/17/2024,6/17/2026,1,
LUB-QB00037,Q0404019C,GLUCAM P20,No Aplicable,No Aplicable,216-447-5000,No Aplicable,No Aplicable,1,1,1,1,0.29,3,3.29,0000207620,6/17/2024,6/17/2026,1,
LUB-QB00037,Q0404019D,GLUCAM P20,No Aplicable,No Aplicable,216-447-5000,No Aplicable,No Aplicable,1,1,1,1,0.29,4,4.29,0000207620,6/17/2024,6/17/2026,1,
LUB-QB00037,Q0404019E,GLUCAM P20,No Aplicable,No Aplicable,216-447-5000,No Aplicable,No Aplicable,1,1,1,1,0.6,5,5.6,0000207620,6/17/2024,6/17/2026,1,
LUB-QB00037,Q0404019F,GLUCAM P20,No Aplicable,No Aplicable,216-447-5000,No Aplicable,No Aplicable,1,1,1,1,0.6,10,10.6,0000207620,6/17/2024,6/17/2026,1,
LUB-QB00037,Q0404019G,GLUCAM P20,No Aplicable,No Aplicable,216-447-5000,No Aplicable,No Aplicable,1,1,1,1,1.2,15,16.2,0000207620,6/17/2024,6/17/2026,1,
LUB-QB00037,Q0404019H,GLUCAM P20,No Aplicable,No Aplicable,216-447-5000,No Aplicable,No Aplicable,1,1,1,1,1.2,20,21.2,0000207620,6/17/2024,6/17/2026,1,
LUB-QB00037,Q0404019I,GLUCAM P20,No Aplicable,No Aplicable,216-447-5000,No Aplicable,No Aplicable,1,1,1,1,2.2,50,52.2,0000207620,6/17/2024,6/17/2026,1,
,,,,,,,,,,,,,,,,,,,
LUB-QB00038,Q0404020A,GLUCAMATE LT,No Aplicable,No Aplicable,216-447-5000,No Aplicable,No Aplicable,1,1,1,1,0.09,1,1.09,0000152844,7/22/2025,7/22/2026,1,
LUB-QB00038,Q0404020B,GLUCAMATE LT,No Aplicable,No Aplicable,216-447-5000,No Aplicable,No Aplicable,1,1,1,1,0.29,2,2.29,0000152844,7/22/2025,7/22/2026,1,
LUB-QB00038,Q0404020C,GLUCAMATE LT,No Aplicable,No Aplicable,216-447-5000,No Aplicable,No Aplicable,1,1,1,1,0.29,3,3.29,0000152844,7/22/2025,7/22/2026,1,
LUB-QB00038,Q0404020D,GLUCAMATE LT,No Aplicable,No Aplicable,216-447-5000,No Aplicable,No Aplicable,1,1,1,1,0.29,4,4.29,0000152844,7/22/2025,7/22/2026,1,
LUB-QB00038,Q0404020E,GLUCAMATE LT,No Aplicable,No Aplicable,216-447-5000,No Aplicable,No Aplicable,1,1,1,1,0.6,5,5.6,0000152844,7/22/2025,7/22/2026,1,
LUB-QB00038,Q0404020F,GLUCAMATE LT,No Aplicable,No Aplicable,216-447-5000,No Aplicable,No Aplicable,1,1,1,1,0.6,10,10.6,0000152844,7/22/2025,7/22/2026,1,
LUB-QB00038,Q0404020G,GLUCAMATE LT,No Aplicable,No Aplicable,216-447-5000,No Aplicable,No Aplicable,1,1,1,1,1.2,15,16.2,0000152844,7/22/2025,7/22/2026,1,
LUB-QB00038,Q0404020H,GLUCAMATE LT,No Aplicable,No Aplicable,216-447-5000,No Aplicable,No Aplicable,1,1,1,1,1.2,20,21.2,0000152844,7/22/2025,7/22/2026,1,
LUB-QB00038,Q0404020I,GLUCAMATE LT,No Aplicable,No Aplicable,216-447-5000,No Aplicable,No Aplicable,1,1,1,1,2.2,50,52.2,0000152844,7/22/2025,7/22/2026,1,
,,,,,,,,,,,,,,,,,,,
LUB-QB00061,Q0404026A,SCHERCEMOL NGDO,No Aplicable,No Aplicable,216-447-5000,No Aplicable,No Aplicable,1,1,1,1,0.28,5,5.28,0000220721,9/10/2024,9/10/2026,1,
LUB-QB00061,Q0404026B,SCHERCEMOL NGDO,No Aplicable,No Aplicable,216-447-5000,No Aplicable,No Aplicable,1,1,1,1,0.48,10,10.48,0000220721,9/10/2024,9/10/2026,1,
LUB-QB00061,Q0404026C,SCHERCEMOL NGDO,No Aplicable,No Aplicable,216-447-5000,No Aplicable,No Aplicable,1,1,1,1,0.9,15,15.9,0000220721,9/10/2024,9/10/2026,1,
LUB-QB00061,Q0404026D,SCHERCEMOL NGDO,No Aplicable,No Aplicable,216-447-5000,No Aplicable,No Aplicable,1,1,1,1,0.9,20,20.9,0000220721,9/10/2024,9/10/2026,1,
LUB-QB00061,Q0404026E,SCHERCEMOL NGDO,No Aplicable,No Aplicable,216-447-5000,No Aplicable,No Aplicable,1,1,1,1,2.2,50,52.2,0000220721,9/10/2024,9/10/2026,1,
,,,,,,,,,,,,,,,,,,,
LUB-QB00051,Q0408012A,NOVETHIX L-10,No Aplicable,ATENCION,216-447-5000,H316: Provoca una leve irritación cutánea,P332+P313: En caso de irritación cutánea: Consultar a un médico,1,1,1,1,0.28,5,5.28,0000215752,4/24/2025,4/24/2026,1,
LUB-QB00051,Q0408012B,NOVETHIX L-10,No Aplicable,ATENCION,216-447-5000,H316: Provoca una leve irritación cutánea,P332+P313: En caso de irritación cutánea: Consultar a un médico,1,1,1,1,0.48,10,10.48,0000215752,4/24/2025,4/24/2026,1,
LUB-QB00051,Q0408012C,NOVETHIX L-10,No Aplicable,ATENCION,216-447-5000,H316: Provoca una leve irritación cutánea,P332+P313: En caso de irritación cutánea: Consultar a un médico,1,1,1,1,0.9,15,15.9,0000215752,4/24/2025,4/24/2026,1,
LUB-QB00051,Q0408012D,NOVETHIX L-10,No Aplicable,ATENCION,216-447-5000,H316: Provoca una leve irritación cutánea,P332+P313: En caso de irritación cutánea: Consultar a un médico,1,1,1,1,0.9,20,20.9,0000215752,4/24/2025,4/24/2026,1,
LUB-QB00051,Q0408012E,NOVETHIX L-10,No Aplicable,ATENCION,216-447-5000,H316: Provoca una leve irritación cutánea,P332+P313: En caso de irritación cutánea: Consultar a un médico,1,1,1,1,2.2,50,52.2,0000215752,4/24/2025,4/24/2026,1,
,,,,,,,,,,,,,,,,,,,
LUB-QB00064,Q0408013A,SENSOMER 10M (POLYQUATERNIUM 10),68610-92-4,ATENCION,216-447-5000,H315: Provoca irritación cutánea. H319: Provoca irritación ocular grave.,"P264: Lavarse cuidadosamente después de la manipulación. P280: Usar guantes/ropa de protección/equipo de protección para los ojos/la cara. P305+P351+P338: En caso de contacto con los ojos: Enjuagar con agua cuidadosamente durante varios minutos. Quitar las lentes de contacto cuando estén presentes y pueda hacerse con facilidad. Proseguir con el lavado. P337+P313: Si la irritación ocular persiste, consultar a un médico. P302+P352: EN CASO DE CONTACTO CON LA PIEL: Lavar con agua y
jabón abundantes. P332+P313: En caso de irritación cutánea: Consultar a un médico. P321: Tratamiento específico (véase en esta etiqueta). P362: Quitar la ropa contaminada y lavarla antes de volverla a usar.",g,1,1,1,0.015,0.5,0.515,241202S4,12/11/2024,12/11/2026,1,
LUB-QB00064,Q0408013B,SENSOMER 10M (POLYQUATERNIUM 10),68610-92-4,ATENCION,216-447-5000,H315: Provoca irritación cutánea. H319: Provoca irritación ocular grave.,"P264: Lavarse cuidadosamente después de la manipulación. P280: Usar guantes/ropa de protección/equipo de protección para los ojos/la cara. P305+P351+P338: En caso de contacto con los ojos: Enjuagar con agua cuidadosamente durante varios minutos. Quitar las lentes de contacto cuando estén presentes y pueda hacerse con facilidad. Proseguir con el lavado. P337+P313: Si la irritación ocular persiste, consultar a un médico. P302+P352: EN CASO DE CONTACTO CON LA PIEL: Lavar con agua y
jabón abundantes. P332+P313: En caso de irritación cutánea: Consultar a un médico. P321: Tratamiento específico (véase en esta etiqueta). P362: Quitar la ropa contaminada y lavarla antes de volverla a usar.",g,1,1,1,0.015,1,1.015,241202S4,12/11/2024,12/11/2026,1,
LUB-QB00064,Q0408013C,SENSOMER 10M (POLYQUATERNIUM 10),68610-92-4,ATENCION,216-447-5000,H315: Provoca irritación cutánea. H319: Provoca irritación ocular grave.,"P264: Lavarse cuidadosamente después de la manipulación. P280: Usar guantes/ropa de protección/equipo de protección para los ojos/la cara. P305+P351+P338: En caso de contacto con los ojos: Enjuagar con agua cuidadosamente durante varios minutos. Quitar las lentes de contacto cuando estén presentes y pueda hacerse con facilidad. Proseguir con el lavado. P337+P313: Si la irritación ocular persiste, consultar a un médico. P302+P352: EN CASO DE CONTACTO CON LA PIEL: Lavar con agua y
jabón abundantes. P332+P313: En caso de irritación cutánea: Consultar a un médico. P321: Tratamiento específico (véase en esta etiqueta). P362: Quitar la ropa contaminada y lavarla antes de volverla a usar.",g,1,1,1,0.015,2,2.015,241202S4,12/11/2024,12/11/2026,1,
LUB-QB00064,Q0408013D,SENSOMER 10M (POLYQUATERNIUM 10),68610-92-4,ATENCION,216-447-5000,H315: Provoca irritación cutánea. H319: Provoca irritación ocular grave.,"P264: Lavarse cuidadosamente después de la manipulación. P280: Usar guantes/ropa de protección/equipo de protección para los ojos/la cara. P305+P351+P338: En caso de contacto con los ojos: Enjuagar con agua cuidadosamente durante varios minutos. Quitar las lentes de contacto cuando estén presentes y pueda hacerse con facilidad. Proseguir con el lavado. P337+P313: Si la irritación ocular persiste, consultar a un médico. P302+P352: EN CASO DE CONTACTO CON LA PIEL: Lavar con agua y
jabón abundantes. P332+P313: En caso de irritación cutánea: Consultar a un médico. P321: Tratamiento específico (véase en esta etiqueta). P362: Quitar la ropa contaminada y lavarla antes de volverla a usar.",g,1,1,1,0.035,3,3.035,241202S4,12/11/2024,12/11/2026,1,
LUB-QB00064,Q0408013E,SENSOMER 10M (POLYQUATERNIUM 10),68610-92-4,ATENCION,216-447-5000,H315: Provoca irritación cutánea. H319: Provoca irritación ocular grave.,"P264: Lavarse cuidadosamente después de la manipulación. P280: Usar guantes/ropa de protección/equipo de protección para los ojos/la cara. P305+P351+P338: En caso de contacto con los ojos: Enjuagar con agua cuidadosamente durante varios minutos. Quitar las lentes de contacto cuando estén presentes y pueda hacerse con facilidad. Proseguir con el lavado. P337+P313: Si la irritación ocular persiste, consultar a un médico. P302+P352: EN CASO DE CONTACTO CON LA PIEL: Lavar con agua y
jabón abundantes. P332+P313: En caso de irritación cutánea: Consultar a un médico. P321: Tratamiento específico (véase en esta etiqueta). P362: Quitar la ropa contaminada y lavarla antes de volverla a usar.",g,1,1,1,0.035,4,4.035,241202S4,12/11/2024,12/11/2026,1,
LUB-QB00064,Q0408013F,SENSOMER 10M (POLYQUATERNIUM 10),68610-92-4,ATENCION,216-447-5000,H315: Provoca irritación cutánea. H319: Provoca irritación ocular grave.,"P264: Lavarse cuidadosamente después de la manipulación. P280: Usar guantes/ropa de protección/equipo de protección para los ojos/la cara. P305+P351+P338: En caso de contacto con los ojos: Enjuagar con agua cuidadosamente durante varios minutos. Quitar las lentes de contacto cuando estén presentes y pueda hacerse con facilidad. Proseguir con el lavado. P337+P313: Si la irritación ocular persiste, consultar a un médico. P302+P352: EN CASO DE CONTACTO CON LA PIEL: Lavar con agua y
jabón abundantes. P332+P313: En caso de irritación cutánea: Consultar a un médico. P321: Tratamiento específico (véase en esta etiqueta). P362: Quitar la ropa contaminada y lavarla antes de volverla a usar.",g,1,1,1,0.035,5,5.035,241202S4,12/11/2024,12/11/2026,1,
LUB-QB00064,Q0408013G,SENSOMER 10M (POLYQUATERNIUM 10),68610-92-4,ATENCION,216-447-5000,H315: Provoca irritación cutánea. H319: Provoca irritación ocular grave.,"P264: Lavarse cuidadosamente después de la manipulación. P280: Usar guantes/ropa de protección/equipo de protección para los ojos/la cara. P305+P351+P338: En caso de contacto con los ojos: Enjuagar con agua cuidadosamente durante varios minutos. Quitar las lentes de contacto cuando estén presentes y pueda hacerse con facilidad. Proseguir con el lavado. P337+P313: Si la irritación ocular persiste, consultar a un médico. P302+P352: EN CASO DE CONTACTO CON LA PIEL: Lavar con agua y
jabón abundantes. P332+P313: En caso de irritación cutánea: Consultar a un médico. P321: Tratamiento específico (véase en esta etiqueta). P362: Quitar la ropa contaminada y lavarla antes de volverla a usar.",g,1,1,1,0.035,10,10.035,241202S4,12/11/2024,12/11/2026,1,
,,,,,,,,,,,,,,,,,,,
VAR-QB00175,Q0408014A,POLYQUATERNIUM 7,26590-05-6,No Aplicable,216-447-5000,H402: Nocivo para los organismos acuáticos.,P501: Eliminar el contenido/recipiente en una planta apropiada de tratamiento y eliminación conforme a las leyes/reglamentaciones aplicables y las características del producto en el momento de la eliminación.,1,1,1,1,0.09,1,1.09,BMK051925T,11/1/2025,11/1/2026,1,
LUB-QB00045,Q0408014B,POLYQUATERNIUM 7,26590-05-6,No Aplicable,216-447-5000,H402: Nocivo para los organismos acuáticos.,P501: Eliminar el contenido/recipiente en una planta apropiada de tratamiento y eliminación conforme a las leyes/reglamentaciones aplicables y las características del producto en el momento de la eliminación.,1,1,1,1,0.29,2,2.29,BMK051925T,11/1/2025,11/1/2026,1,
LUB-QB00045,Q0408014C,POLYQUATERNIUM 7,26590-05-6,No Aplicable,216-447-5000,H402: Nocivo para los organismos acuáticos.,P501: Eliminar el contenido/recipiente en una planta apropiada de tratamiento y eliminación conforme a las leyes/reglamentaciones aplicables y las características del producto en el momento de la eliminación.,1,1,1,1,0.29,3,3.29,BMK051925T,11/1/2025,11/1/2026,1,
LUB-QB00045,Q0408014D,POLYQUATERNIUM 7,26590-05-6,No Aplicable,216-447-5000,H402: Nocivo para los organismos acuáticos.,P501: Eliminar el contenido/recipiente en una planta apropiada de tratamiento y eliminación conforme a las leyes/reglamentaciones aplicables y las características del producto en el momento de la eliminación.,1,1,1,1,0.29,4,4.29,BMK051925T,11/1/2025,11/1/2026,1,
LUB-QB00045,Q0408014E,POLYQUATERNIUM 7,26590-05-6,No Aplicable,216-447-5000,H402: Nocivo para los organismos acuáticos.,P501: Eliminar el contenido/recipiente en una planta apropiada de tratamiento y eliminación conforme a las leyes/reglamentaciones aplicables y las características del producto en el momento de la eliminación.,1,1,1,1,0.6,5,5.6,BMK051925T,11/1/2025,11/1/2026,1,
LUB-QB00045,Q0408014F,POLYQUATERNIUM 7,26590-05-6,No Aplicable,216-447-5000,H402: Nocivo para los organismos acuáticos.,P501: Eliminar el contenido/recipiente en una planta apropiada de tratamiento y eliminación conforme a las leyes/reglamentaciones aplicables y las características del producto en el momento de la eliminación.,1,1,1,1,0.6,10,10.6,BMK051925T,11/1/2025,11/1/2026,1,
LUB-QB00045,Q0408014G,POLYQUATERNIUM 7,26590-05-6,No Aplicable,216-447-5000,H402: Nocivo para los organismos acuáticos.,P501: Eliminar el contenido/recipiente en una planta apropiada de tratamiento y eliminación conforme a las leyes/reglamentaciones aplicables y las características del producto en el momento de la eliminación.,1,1,1,1,1.2,15,16.2,BMK051925T,11/1/2025,11/1/2026,1,
LUB-QB00045,Q0408014H,POLYQUATERNIUM 7,26590-05-6,No Aplicable,216-447-5000,H402: Nocivo para los organismos acuáticos.,P501: Eliminar el contenido/recipiente en una planta apropiada de tratamiento y eliminación conforme a las leyes/reglamentaciones aplicables y las características del producto en el momento de la eliminación.,1,1,1,1,1.2,20,21.2,BMK051925T,11/1/2025,11/1/2026,1,
LUB-QB00045,Q0408014I,POLYQUATERNIUM 7,26590-05-6,No Aplicable,216-447-5000,H402: Nocivo para los organismos acuáticos.,P501: Eliminar el contenido/recipiente en una planta apropiada de tratamiento y eliminación conforme a las leyes/reglamentaciones aplicables y las características del producto en el momento de la eliminación.,1,1,1,1,2.2,50,52.2,BMK051925T,11/1/2025,11/1/2026,1,
,,,,,,,,,,,,,,,,,,,
LUB-QB00027,Q0408017A,CHEMORYL SFB 10-SK,Mezcla,ATENCION,216-447-5000,H315: Provoca irritación cutánea. H319: Provoca irritación ocular grave. H402: Nocivo para los organismos acuáticos,"P264: Lavarse cuidadosamente después de la manipulación. P273: No dispersar en el medio ambiente. P280: Usar guantes/equipo de protección para los ojos/la cara. P302+P352: EN CASO DE CONTACTO CON LA PIEL: Lavar con abundante agua. P332+P313: En caso de irritación cutánea: Consultar a un médico. P321: Tratamiento específico (véase en esta etiqueta). P362+P364: Quitar la ropa contaminada y lavarla antes de volverla a usar. P305+P351+P338: En caso de contacto con los ojos: Enjuagar con agua cuidadosamente durante varios minutos. Quitar las lentes de contacto cuando estén presentes y pueda hacerse con facilidad. Proseguir con el lavado. P337+P313: Si la irritación ocular persiste, consultar a un médico. P501: Eliminar el contenido/recipiente en una planta apropiada de tratamiento y eliminación conforme a las leyes/reglamentaciones aplicables y las características del producto en el momento de la eliminación.",g,1,1,1,0.28,5,5.28,0000216699,3/13/2025,3/13/2026,1,
LUB-QB00027,Q0408017B,CHEMORYL SFB 10-SK,Mezcla,ATENCION,216-447-5000,H315: Provoca irritación cutánea. H319: Provoca irritación ocular grave. H402: Nocivo para los organismos acuáticos,"P264: Lavarse cuidadosamente después de la manipulación. P273: No dispersar en el medio ambiente. P280: Usar guantes/equipo de protección para los ojos/la cara. P302+P352: EN CASO DE CONTACTO CON LA PIEL: Lavar con abundante agua. P332+P313: En caso de irritación cutánea: Consultar a un médico. P321: Tratamiento específico (véase en esta etiqueta). P362+P364: Quitar la ropa contaminada y lavarla antes de volverla a usar. P305+P351+P338: En caso de contacto con los ojos: Enjuagar con agua cuidadosamente durante varios minutos. Quitar las lentes de contacto cuando estén presentes y pueda hacerse con facilidad. Proseguir con el lavado. P337+P313: Si la irritación ocular persiste, consultar a un médico. P501: Eliminar el contenido/recipiente en una planta apropiada de tratamiento y eliminación conforme a las leyes/reglamentaciones aplicables y las características del producto en el momento de la eliminación.",g,1,1,1,0.48,10,10.48,0000216699,3/13/2025,3/13/2026,1,
LUB-QB00027,Q0408017C,CHEMORYL SFB 10-SK,Mezcla,ATENCION,216-447-5000,H315: Provoca irritación cutánea. H319: Provoca irritación ocular grave. H402: Nocivo para los organismos acuáticos,"P264: Lavarse cuidadosamente después de la manipulación. P273: No dispersar en el medio ambiente. P280: Usar guantes/equipo de protección para los ojos/la cara. P302+P352: EN CASO DE CONTACTO CON LA PIEL: Lavar con abundante agua. P332+P313: En caso de irritación cutánea: Consultar a un médico. P321: Tratamiento específico (véase en esta etiqueta). P362+P364: Quitar la ropa contaminada y lavarla antes de volverla a usar. P305+P351+P338: En caso de contacto con los ojos: Enjuagar con agua cuidadosamente durante varios minutos. Quitar las lentes de contacto cuando estén presentes y pueda hacerse con facilidad. Proseguir con el lavado. P337+P313: Si la irritación ocular persiste, consultar a un médico. P501: Eliminar el contenido/recipiente en una planta apropiada de tratamiento y eliminación conforme a las leyes/reglamentaciones aplicables y las características del producto en el momento de la eliminación.",g,1,1,1,0.9,15,15.9,0000216699,3/13/2025,3/13/2026,1,
LUB-QB00027,Q0408017D,CHEMORYL SFB 10-SK,Mezcla,ATENCION,216-447-5000,H315: Provoca irritación cutánea. H319: Provoca irritación ocular grave. H402: Nocivo para los organismos acuáticos,"P264: Lavarse cuidadosamente después de la manipulación. P273: No dispersar en el medio ambiente. P280: Usar guantes/equipo de protección para los ojos/la cara. P302+P352: EN CASO DE CONTACTO CON LA PIEL: Lavar con abundante agua. P332+P313: En caso de irritación cutánea: Consultar a un médico. P321: Tratamiento específico (véase en esta etiqueta). P362+P364: Quitar la ropa contaminada y lavarla antes de volverla a usar. P305+P351+P338: En caso de contacto con los ojos: Enjuagar con agua cuidadosamente durante varios minutos. Quitar las lentes de contacto cuando estén presentes y pueda hacerse con facilidad. Proseguir con el lavado. P337+P313: Si la irritación ocular persiste, consultar a un médico. P501: Eliminar el contenido/recipiente en una planta apropiada de tratamiento y eliminación conforme a las leyes/reglamentaciones aplicables y las características del producto en el momento de la eliminación.",g,1,1,1,0.9,20,20.9,0000216699,3/13/2025,3/13/2026,1,
LUB-QB00027,Q0408017E,CHEMORYL SFB 10-SK,Mezcla,ATENCION,216-447-5000,H315: Provoca irritación cutánea. H319: Provoca irritación ocular grave. H402: Nocivo para los organismos acuáticos,"P264: Lavarse cuidadosamente después de la manipulación. P273: No dispersar en el medio ambiente. P280: Usar guantes/equipo de protección para los ojos/la cara. P302+P352: EN CASO DE CONTACTO CON LA PIEL: Lavar con abundante agua. P332+P313: En caso de irritación cutánea: Consultar a un médico. P321: Tratamiento específico (véase en esta etiqueta). P362+P364: Quitar la ropa contaminada y lavarla antes de volverla a usar. P305+P351+P338: En caso de contacto con los ojos: Enjuagar con agua cuidadosamente durante varios minutos. Quitar las lentes de contacto cuando estén presentes y pueda hacerse con facilidad. Proseguir con el lavado. P337+P313: Si la irritación ocular persiste, consultar a un médico. P501: Eliminar el contenido/recipiente en una planta apropiada de tratamiento y eliminación conforme a las leyes/reglamentaciones aplicables y las características del producto en el momento de la eliminación.",g,1,1,1,2.2,50,52.2,0000216699,3/13/2025,3/13/2026,1,
,,,,,,,,,,,,,,,,,,,
VAR-QB00142,Q0601018A,TRANSCUTOL CG,111-90-0,No Aplicable,NO,No Aplicable,No Aplicable,1,1,1,1,0.09,0.5,0.59,200752,4/1/2023,4/1/2027,1,
VAR-QB00142,Q0601018B,TRANSCUTOL CG,111-90-0,No Aplicable,NO,No Aplicable,No Aplicable,1,1,1,1,0.09,1,1.09,200752,4/1/2023,4/1/2027,1,
VAR-QB00142,Q0601018C,TRANSCUTOL CG,111-90-0,No Aplicable,NO,No Aplicable,No Aplicable,1,1,1,1,0.24,2,2.24,200752,4/1/2023,4/1/2027,1,
VAR-QB00142,Q0601018D,TRANSCUTOL CG,111-90-0,No Aplicable,NO,No Aplicable,No Aplicable,1,1,1,1,0.24,3,3.24,200752,4/1/2023,4/1/2027,1,
VAR-QB00142,Q0601018E,TRANSCUTOL CG,111-90-0,No Aplicable,NO,No Aplicable,No Aplicable,1,1,1,1,0.24,4,4.24,200752,4/1/2023,4/1/2027,1,
VAR-QB00142,Q0601018F,TRANSCUTOL CG,111-90-0,No Aplicable,NO,No Aplicable,No Aplicable,1,1,1,1,0.28,5,5.28,200752,4/1/2023,4/1/2027,1,
VAR-QB00142,Q0601018G,TRANSCUTOL CG,111-90-0,No Aplicable,NO,No Aplicable,No Aplicable,1,1,1,1,0.48,10,10.48,200752,4/1/2023,4/1/2027,1,
VAR-QB00142,Q0601018H,TRANSCUTOL CG,111-90-0,No Aplicable,NO,No Aplicable,No Aplicable,1,1,1,1,0.9,15,15.9,200752,4/1/2023,4/1/2027,1,
VAR-QB00142,Q0601018I,TRANSCUTOL CG,111-90-0,No Aplicable,NO,No Aplicable,No Aplicable,1,1,1,1,0.9,20,20.9,200752,4/1/2023,4/1/2027,1,
VAR-QB00142,Q0601018J,TRANSCUTOL CG,111-90-0,No Aplicable,NO,No Aplicable,No Aplicable,1,1,1,1,2.2,50,52.2,200752,4/1/2023,4/1/2027,1,
,,,,,,,,,,,,,,,,,,,
ASH-QB00033,Q0806008A,OPACIFICANTE A-430,No Aplicable,No Aplicable,00-800-274-5263-3/001-859-357-3564,No Aplicable,No Aplicable,1,1,1,1,0.09,0.5,0.59,0002733878,5/19/2025,11/17/2026,1,
ASH-QB00033,Q0806008B,OPACIFICANTE A-430,No Aplicable,No Aplicable,00-800-274-5263-3/001-859-357-3564,No Aplicable,No Aplicable,1,1,1,1,0.09,1,1.09,0002733878,5/19/2025,11/17/2026,1,
ASH-QB00033,Q0806008C,OPACIFICANTE A-430,No Aplicable,No Aplicable,00-800-274-5263-3/001-859-357-3564,No Aplicable,No Aplicable,1,1,1,1,0.24,2,2.24,0002733878,5/19/2025,11/17/2026,1,
ASH-QB00033,Q0806008D,OPACIFICANTE A-430,No Aplicable,No Aplicable,00-800-274-5263-3/001-859-357-3564,No Aplicable,No Aplicable,1,1,1,1,0.24,3,3.24,0002733878,5/19/2025,11/17/2026,1,
ASH-QB00033,Q0806008E,OPACIFICANTE A-430,No Aplicable,No Aplicable,00-800-274-5263-3/001-859-357-3564,No Aplicable,No Aplicable,1,1,1,1,0.24,4,4.24,0002733878,5/19/2025,11/17/2026,1,
ASH-QB00033,Q0806008F,OPACIFICANTE A-430,No Aplicable,No Aplicable,00-800-274-5263-3/001-859-357-3564,No Aplicable,No Aplicable,1,1,1,1,0.6,5,5.6,0002733878,5/19/2025,11/17/2026,1,
ASH-QB00033,Q0806008G,OPACIFICANTE A-430,No Aplicable,No Aplicable,00-800-274-5263-3/001-859-357-3564,No Aplicable,No Aplicable,1,1,1,1,0.6,10,10.6,0002733878,5/19/2025,11/17/2026,1,
ASH-QB00033,Q0806008H,OPACIFICANTE A-430,No Aplicable,No Aplicable,00-800-274-5263-3/001-859-357-3564,No Aplicable,No Aplicable,1,1,1,1,1.2,15,16.2,0002733878,5/19/2025,11/17/2026,1,
ASH-QB00033,Q0806008I,OPACIFICANTE A-430,No Aplicable,No Aplicable,00-800-274-5263-3/001-859-357-3564,No Aplicable,No Aplicable,1,1,1,1,1.2,20,21.2,0002733878,5/19/2025,11/17/2026,1,
,,,,,,,,,,,,,,,,,,,
ASH-QB00020,Q0808010A,GERMALL PLUSS LIQ,78491-02-8;  55406-53-6 ,ATENCION,1-614-790-3333,H319 Provoca irritación ocular grave,"P264 Lavarse la piel cuidadosamente después de la manipulación. P280 Usar equipo de protección para los ojos/la cara. P305 + P351 + P338 EN CASO DE CONTACTO CON LOS OJOS: Enjuagar con agua cuidadosamente durante varios
minutos. Quitar las lentes de contacto cuando estén presentes y pueda hacerse con facilidad. Proseguir con el lavado.",1,1,1,1,0.09,1,1.09,0002707812,9/6/2024,9/6/2026,1,
ASH-QB00020,Q0808010B,GERMALL PLUSS LIQ,78491-02-8;  55406-53-6 ,ATENCION,1-614-790-3333,H319 Provoca irritación ocular grave,"P264 Lavarse la piel cuidadosamente después de la manipulación. P280 Usar equipo de protección para los ojos/la cara. P305 + P351 + P338 EN CASO DE CONTACTO CON LOS OJOS: Enjuagar con agua cuidadosamente durante varios
minutos. Quitar las lentes de contacto cuando estén presentes y pueda hacerse con facilidad. Proseguir con el lavado.",1,1,1,1,0.29,2,2.29,0002707812,9/6/2024,9/6/2026,1,
ASH-QB00020,Q0808010C,GERMALL PLUSS LIQ,78491-02-8;  55406-53-6 ,ATENCION,1-614-790-3333,H319 Provoca irritación ocular grave,"P264 Lavarse la piel cuidadosamente después de la manipulación. P280 Usar equipo de protección para los ojos/la cara. P305 + P351 + P338 EN CASO DE CONTACTO CON LOS OJOS: Enjuagar con agua cuidadosamente durante varios
minutos. Quitar las lentes de contacto cuando estén presentes y pueda hacerse con facilidad. Proseguir con el lavado.",1,1,1,1,0.29,3,3.29,0002707812,9/6/2024,9/6/2026,1,
ASH-QB00020,Q0808010D,GERMALL PLUSS LIQ,78491-02-8;  55406-53-6 ,ATENCION,1-614-790-3333,H319 Provoca irritación ocular grave,"P264 Lavarse la piel cuidadosamente después de la manipulación. P280 Usar equipo de protección para los ojos/la cara. P305 + P351 + P338 EN CASO DE CONTACTO CON LOS OJOS: Enjuagar con agua cuidadosamente durante varios
minutos. Quitar las lentes de contacto cuando estén presentes y pueda hacerse con facilidad. Proseguir con el lavado.",1,1,1,1,0.29,4,4.29,0002707812,9/6/2024,9/6/2026,1,
ASH-QB00020,Q0808010E,GERMALL PLUSS LIQ,78491-02-8;  55406-53-6 ,ATENCION,1-614-790-3333,H319 Provoca irritación ocular grave,"P264 Lavarse la piel cuidadosamente después de la manipulación. P280 Usar equipo de protección para los ojos/la cara. P305 + P351 + P338 EN CASO DE CONTACTO CON LOS OJOS: Enjuagar con agua cuidadosamente durante varios
minutos. Quitar las lentes de contacto cuando estén presentes y pueda hacerse con facilidad. Proseguir con el lavado.",1,1,1,1,0.6,5,5.6,0002707812,9/6/2024,9/6/2026,1,
ASH-QB00020,Q0808010F,GERMALL PLUSS LIQ,78491-02-8;  55406-53-6 ,ATENCION,1-614-790-3333,H319 Provoca irritación ocular grave,"P264 Lavarse la piel cuidadosamente después de la manipulación. P280 Usar equipo de protección para los ojos/la cara. P305 + P351 + P338 EN CASO DE CONTACTO CON LOS OJOS: Enjuagar con agua cuidadosamente durante varios
minutos. Quitar las lentes de contacto cuando estén presentes y pueda hacerse con facilidad. Proseguir con el lavado.",1,1,1,1,0.6,10,10.6,0002707812,9/6/2024,9/6/2026,1,
ASH-QB00020,Q0808010G,GERMALL PLUSS LIQ,78491-02-8;  55406-53-6 ,ATENCION,1-614-790-3333,H319 Provoca irritación ocular grave,"P264 Lavarse la piel cuidadosamente después de la manipulación. P280 Usar equipo de protección para los ojos/la cara. P305 + P351 + P338 EN CASO DE CONTACTO CON LOS OJOS: Enjuagar con agua cuidadosamente durante varios
minutos. Quitar las lentes de contacto cuando estén presentes y pueda hacerse con facilidad. Proseguir con el lavado.",1,1,1,1,1.2,15,16.2,0002707812,9/6/2024,9/6/2026,1,
ASH-QB00020,Q0808010H,GERMALL PLUSS LIQ,78491-02-8;  55406-53-6 ,ATENCION,1-614-790-3333,H319 Provoca irritación ocular grave,"P264 Lavarse la piel cuidadosamente después de la manipulación. P280 Usar equipo de protección para los ojos/la cara. P305 + P351 + P338 EN CASO DE CONTACTO CON LOS OJOS: Enjuagar con agua cuidadosamente durante varios
minutos. Quitar las lentes de contacto cuando estén presentes y pueda hacerse con facilidad. Proseguir con el lavado.",1,1,1,1,1.2,20,21.2,0002707812,9/6/2024,9/6/2026,1,
,,,,,,,,,,,,,,,,,,,
ASH-QB00032,Q0809002A,NATROSOL 250HHRP 5565,Mezcla,ATENCION,1-800-274-5263,Puede formar concentraciones de polvo combustible en el aire.,Mantener las mezclas de polvo y aire lejos de fuentes de ignición.,g,1,1,1,0.015,0.5,0.515,38441,6/17/2024,6/17/2026,1,
ASH-QB00032,Q0809002B,NATROSOL 250HHRP 5565,Mezcla,ATENCION,1-800-274-5263,Puede formar concentraciones de polvo combustible en el aire.,Mantener las mezclas de polvo y aire lejos de fuentes de ignición.,g,1,1,1,0.015,1,1.015,38441,6/17/2024,6/17/2026,1,
ASH-QB00032,Q0809002C,NATROSOL 250HHRP 5565,Mezcla,ATENCION,1-800-274-5263,Puede formar concentraciones de polvo combustible en el aire.,Mantener las mezclas de polvo y aire lejos de fuentes de ignición.,g,1,1,1,0.015,2,2.015,38441,6/17/2024,6/17/2026,1,
ASH-QB00032,Q0809002D,NATROSOL 250HHRP 5565,Mezcla,ATENCION,1-800-274-5263,Puede formar concentraciones de polvo combustible en el aire.,Mantener las mezclas de polvo y aire lejos de fuentes de ignición.,g,1,1,1,0.035,3,3.035,38441,6/17/2024,6/17/2026,1,
ASH-QB00032,Q0809002E,NATROSOL 250HHRP 5565,Mezcla,ATENCION,1-800-274-5263,Puede formar concentraciones de polvo combustible en el aire.,Mantener las mezclas de polvo y aire lejos de fuentes de ignición.,g,1,1,1,0.035,4,4.035,38441,6/17/2024,6/17/2026,1,
ASH-QB00032,Q0809002F,NATROSOL 250HHRP 5565,Mezcla,ATENCION,1-800-274-5263,Puede formar concentraciones de polvo combustible en el aire.,Mantener las mezclas de polvo y aire lejos de fuentes de ignición.,g,1,1,1,0.035,5,5.035,38441,6/17/2024,6/17/2026,1,
ASH-QB00032,Q0809002G,NATROSOL 250HHRP 5565,Mezcla,ATENCION,1-800-274-5263,Puede formar concentraciones de polvo combustible en el aire.,Mantener las mezclas de polvo y aire lejos de fuentes de ignición.,g,1,1,1,0.035,10,10.035,38441,6/17/2024,6/17/2026,1,
,,,,,,,,,,,,,,,,,,,
ASH-QB00047,Q0812006A,SURFADONE LP100 ,2687-94-7,PELIGRO,1-800-274-5263,Provoca quemaduras graves en la piel y lesiones oculares graves.,Lavarse la piel concienzudamente tras la manipulación.Llevar guantes/ prendas/ gafas/ máscara de protección. EN CASO DE INGESTIÓN: Enjuagar la boca. NO provocar el vómito. EN CASO DE CONTACTO CON LA PIEL (o el pelo): Quitar inmediatamente todas las prendas contaminadas. Aclararse la piel con  gua/ducharse. EN CASO DE INHALACIÓN: Transportar a la persona al aire libre y mantenerla en una posición que le facilite la respiración. Llamar inmediatamente a un CENTRO DE  OXICOLOGÍA/médico. EN CASO DE CONTACTO CON LOS OJOS: Enjuagar con agua cuidadosamente durante varios minutos. Quitar las lentes de contacto cuando estén presentes y pueda hacerse con facilidad. Proseguir con el lavado. Llamar inmediatamente a un CENTRO DE TOXICOLOG?A/médico. Lavar las prendas contaminadas antes de volver a usarlas. Guardar bajo llave. Eliminar el contenido/ el recipiente en una planta de eliminación de residuos autorizada.,e,1,1,1,0.24,1,1.24,0002730728,4/21/2025,4/21/2027,1,
ASH-QB00047,Q0812006B,SURFADONE LP100 ,2687-94-7,PELIGRO,1-800-274-5263,Provoca quemaduras graves en la piel y lesiones oculares graves.,Lavarse la piel concienzudamente tras la manipulación.Llevar guantes/ prendas/ gafas/ máscara de protección. EN CASO DE INGESTIÓN: Enjuagar la boca. NO provocar el vómito. EN CASO DE CONTACTO CON LA PIEL (o el pelo): Quitar inmediatamente todas las prendas contaminadas. Aclararse la piel con  gua/ducharse. EN CASO DE INHALACIÓN: Transportar a la persona al aire libre y mantenerla en una posición que le facilite la respiración. Llamar inmediatamente a un CENTRO DE  OXICOLOGÍA/médico. EN CASO DE CONTACTO CON LOS OJOS: Enjuagar con agua cuidadosamente durante varios minutos. Quitar las lentes de contacto cuando estén presentes y pueda hacerse con facilidad. Proseguir con el lavado. Llamar inmediatamente a un CENTRO DE TOXICOLOG?A/médico. Lavar las prendas contaminadas antes de volver a usarlas. Guardar bajo llave. Eliminar el contenido/ el recipiente en una planta de eliminación de residuos autorizada.,e,1,1,1,0.24,2,2.24,0002730728,4/21/2025,4/21/2027,1,
ASH-QB00047,Q0812006C,SURFADONE LP100 ,2687-94-7,PELIGRO,1-800-274-5263,Provoca quemaduras graves en la piel y lesiones oculares graves.,Lavarse la piel concienzudamente tras la manipulación.Llevar guantes/ prendas/ gafas/ máscara de protección. EN CASO DE INGESTIÓN: Enjuagar la boca. NO provocar el vómito. EN CASO DE CONTACTO CON LA PIEL (o el pelo): Quitar inmediatamente todas las prendas contaminadas. Aclararse la piel con  gua/ducharse. EN CASO DE INHALACIÓN: Transportar a la persona al aire libre y mantenerla en una posición que le facilite la respiración. Llamar inmediatamente a un CENTRO DE  OXICOLOGÍA/médico. EN CASO DE CONTACTO CON LOS OJOS: Enjuagar con agua cuidadosamente durante varios minutos. Quitar las lentes de contacto cuando estén presentes y pueda hacerse con facilidad. Proseguir con el lavado. Llamar inmediatamente a un CENTRO DE TOXICOLOG?A/médico. Lavar las prendas contaminadas antes de volver a usarlas. Guardar bajo llave. Eliminar el contenido/ el recipiente en una planta de eliminación de residuos autorizada.,e,1,1,1,0.24,3,3.24,0002730728,4/21/2025,4/21/2027,1,
ASH-QB00047,Q0812006D,SURFADONE LP100 ,2687-94-7,PELIGRO,1-800-274-5263,Provoca quemaduras graves en la piel y lesiones oculares graves.,Lavarse la piel concienzudamente tras la manipulación.Llevar guantes/ prendas/ gafas/ máscara de protección. EN CASO DE INGESTIÓN: Enjuagar la boca. NO provocar el vómito. EN CASO DE CONTACTO CON LA PIEL (o el pelo): Quitar inmediatamente todas las prendas contaminadas. Aclararse la piel con  gua/ducharse. EN CASO DE INHALACIÓN: Transportar a la persona al aire libre y mantenerla en una posición que le facilite la respiración. Llamar inmediatamente a un CENTRO DE  OXICOLOGÍA/médico. EN CASO DE CONTACTO CON LOS OJOS: Enjuagar con agua cuidadosamente durante varios minutos. Quitar las lentes de contacto cuando estén presentes y pueda hacerse con facilidad. Proseguir con el lavado. Llamar inmediatamente a un CENTRO DE TOXICOLOG?A/médico. Lavar las prendas contaminadas antes de volver a usarlas. Guardar bajo llave. Eliminar el contenido/ el recipiente en una planta de eliminación de residuos autorizada.,e,1,1,1,0.28,4,4.28,0002730728,4/21/2025,4/21/2027,1,
ASH-QB00047,Q0812006E,SURFADONE LP100 ,2687-94-7,PELIGRO,1-800-274-5263,Provoca quemaduras graves en la piel y lesiones oculares graves.,Lavarse la piel concienzudamente tras la manipulación.Llevar guantes/ prendas/ gafas/ máscara de protección. EN CASO DE INGESTIÓN: Enjuagar la boca. NO provocar el vómito. EN CASO DE CONTACTO CON LA PIEL (o el pelo): Quitar inmediatamente todas las prendas contaminadas. Aclararse la piel con  gua/ducharse. EN CASO DE INHALACIÓN: Transportar a la persona al aire libre y mantenerla en una posición que le facilite la respiración. Llamar inmediatamente a un CENTRO DE  OXICOLOGÍA/médico. EN CASO DE CONTACTO CON LOS OJOS: Enjuagar con agua cuidadosamente durante varios minutos. Quitar las lentes de contacto cuando estén presentes y pueda hacerse con facilidad. Proseguir con el lavado. Llamar inmediatamente a un CENTRO DE TOXICOLOG?A/médico. Lavar las prendas contaminadas antes de volver a usarlas. Guardar bajo llave. Eliminar el contenido/ el recipiente en una planta de eliminación de residuos autorizada.,e,1,1,1,0.48,5,5.48,0002730728,4/21/2025,4/21/2027,1,
ASH-QB00047,Q0812006F,SURFADONE LP100 ,2687-94-7,PELIGRO,1-800-274-5263,Provoca quemaduras graves en la piel y lesiones oculares graves.,Lavarse la piel concienzudamente tras la manipulación.Llevar guantes/ prendas/ gafas/ máscara de protección. EN CASO DE INGESTIÓN: Enjuagar la boca. NO provocar el vómito. EN CASO DE CONTACTO CON LA PIEL (o el pelo): Quitar inmediatamente todas las prendas contaminadas. Aclararse la piel con  gua/ducharse. EN CASO DE INHALACIÓN: Transportar a la persona al aire libre y mantenerla en una posición que le facilite la respiración. Llamar inmediatamente a un CENTRO DE  OXICOLOGÍA/médico. EN CASO DE CONTACTO CON LOS OJOS: Enjuagar con agua cuidadosamente durante varios minutos. Quitar las lentes de contacto cuando estén presentes y pueda hacerse con facilidad. Proseguir con el lavado. Llamar inmediatamente a un CENTRO DE TOXICOLOG?A/médico. Lavar las prendas contaminadas antes de volver a usarlas. Guardar bajo llave. Eliminar el contenido/ el recipiente en una planta de eliminación de residuos autorizada.,e,1,1,1,0.48,9,9.48,0002730728,4/21/2025,4/21/2027,1,
ASH-QB00047,Q0812006G,SURFADONE LP100 ,2687-94-7,PELIGRO,1-800-274-5263,Provoca quemaduras graves en la piel y lesiones oculares graves.,Lavarse la piel concienzudamente tras la manipulación.Llevar guantes/ prendas/ gafas/ máscara de protección. EN CASO DE INGESTIÓN: Enjuagar la boca. NO provocar el vómito. EN CASO DE CONTACTO CON LA PIEL (o el pelo): Quitar inmediatamente todas las prendas contaminadas. Aclararse la piel con  gua/ducharse. EN CASO DE INHALACIÓN: Transportar a la persona al aire libre y mantenerla en una posición que le facilite la respiración. Llamar inmediatamente a un CENTRO DE  OXICOLOGÍA/médico. EN CASO DE CONTACTO CON LOS OJOS: Enjuagar con agua cuidadosamente durante varios minutos. Quitar las lentes de contacto cuando estén presentes y pueda hacerse con facilidad. Proseguir con el lavado. Llamar inmediatamente a un CENTRO DE TOXICOLOG?A/médico. Lavar las prendas contaminadas antes de volver a usarlas. Guardar bajo llave. Eliminar el contenido/ el recipiente en una planta de eliminación de residuos autorizada.,e,1,1,1,0.9,10,10.9,0002730728,4/21/2025,4/21/2027,1,
ASH-QB00047,Q0812006H,SURFADONE LP100 ,2687-94-7,PELIGRO,1-800-274-5263,Provoca quemaduras graves en la piel y lesiones oculares graves.,Lavarse la piel concienzudamente tras la manipulación.Llevar guantes/ prendas/ gafas/ máscara de protección. EN CASO DE INGESTIÓN: Enjuagar la boca. NO provocar el vómito. EN CASO DE CONTACTO CON LA PIEL (o el pelo): Quitar inmediatamente todas las prendas contaminadas. Aclararse la piel con  gua/ducharse. EN CASO DE INHALACIÓN: Transportar a la persona al aire libre y mantenerla en una posición que le facilite la respiración. Llamar inmediatamente a un CENTRO DE  OXICOLOGÍA/médico. EN CASO DE CONTACTO CON LOS OJOS: Enjuagar con agua cuidadosamente durante varios minutos. Quitar las lentes de contacto cuando estén presentes y pueda hacerse con facilidad. Proseguir con el lavado. Llamar inmediatamente a un CENTRO DE TOXICOLOG?A/médico. Lavar las prendas contaminadas antes de volver a usarlas. Guardar bajo llave. Eliminar el contenido/ el recipiente en una planta de eliminación de residuos autorizada.,e,1,1,1,0.9,15,15.9,0002730728,4/21/2025,4/21/2027,1,
ASH-QB00047,Q0812006I,SURFADONE LP100 ,2687-94-7,PELIGRO,1-800-274-5263,Provoca quemaduras graves en la piel y lesiones oculares graves.,Lavarse la piel concienzudamente tras la manipulación.Llevar guantes/ prendas/ gafas/ máscara de protección. EN CASO DE INGESTIÓN: Enjuagar la boca. NO provocar el vómito. EN CASO DE CONTACTO CON LA PIEL (o el pelo): Quitar inmediatamente todas las prendas contaminadas. Aclararse la piel con  gua/ducharse. EN CASO DE INHALACIÓN: Transportar a la persona al aire libre y mantenerla en una posición que le facilite la respiración. Llamar inmediatamente a un CENTRO DE  OXICOLOGÍA/médico. EN CASO DE CONTACTO CON LOS OJOS: Enjuagar con agua cuidadosamente durante varios minutos. Quitar las lentes de contacto cuando estén presentes y pueda hacerse con facilidad. Proseguir con el lavado. Llamar inmediatamente a un CENTRO DE TOXICOLOG?A/médico. Lavar las prendas contaminadas antes de volver a usarlas. Guardar bajo llave. Eliminar el contenido/ el recipiente en una planta de eliminación de residuos autorizada.,e,1,1,1,0.9,18,18.9,0002730728,4/21/2025,4/21/2027,1,
ASH-QB00047,Q0812006J,SURFADONE LP100 ,2687-94-7,PELIGRO,1-800-274-5263,Provoca quemaduras graves en la piel y lesiones oculares graves.,Lavarse la piel concienzudamente tras la manipulación.Llevar guantes/ prendas/ gafas/ máscara de protección. EN CASO DE INGESTIÓN: Enjuagar la boca. NO provocar el vómito. EN CASO DE CONTACTO CON LA PIEL (o el pelo): Quitar inmediatamente todas las prendas contaminadas. Aclararse la piel con  gua/ducharse. EN CASO DE INHALACIÓN: Transportar a la persona al aire libre y mantenerla en una posición que le facilite la respiración. Llamar inmediatamente a un CENTRO DE  OXICOLOGÍA/médico. EN CASO DE CONTACTO CON LOS OJOS: Enjuagar con agua cuidadosamente durante varios minutos. Quitar las lentes de contacto cuando estén presentes y pueda hacerse con facilidad. Proseguir con el lavado. Llamar inmediatamente a un CENTRO DE TOXICOLOG?A/médico. Lavar las prendas contaminadas antes de volver a usarlas. Guardar bajo llave. Eliminar el contenido/ el recipiente en una planta de eliminación de residuos autorizada.,e,1,1,1,2.2,40,42.2,0002730728,4/21/2025,4/21/2027,1,
ASH-QB00047,Q0812006K,SURFADONE LP100 ,2687-94-7,PELIGRO,1-800-274-5263,Provoca quemaduras graves en la piel y lesiones oculares graves.,Lavarse la piel concienzudamente tras la manipulación.Llevar guantes/ prendas/ gafas/ máscara de protección. EN CASO DE INGESTIÓN: Enjuagar la boca. NO provocar el vómito. EN CASO DE CONTACTO CON LA PIEL (o el pelo): Quitar inmediatamente todas las prendas contaminadas. Aclararse la piel con  gua/ducharse. EN CASO DE INHALACIÓN: Transportar a la persona al aire libre y mantenerla en una posición que le facilite la respiración. Llamar inmediatamente a un CENTRO DE  OXICOLOGÍA/médico. EN CASO DE CONTACTO CON LOS OJOS: Enjuagar con agua cuidadosamente durante varios minutos. Quitar las lentes de contacto cuando estén presentes y pueda hacerse con facilidad. Proseguir con el lavado. Llamar inmediatamente a un CENTRO DE TOXICOLOG?A/médico. Lavar las prendas contaminadas antes de volver a usarlas. Guardar bajo llave. Eliminar el contenido/ el recipiente en una planta de eliminación de residuos autorizada.,e,1,1,1,2.2,47,49.2,0002730728,4/21/2025,4/21/2027,1,
,,,,,,,,,,,,,,,,,,,
ASH-QB00045,Q0813012A,STYLIZE W20,Mezcla,No Aplicable,1-800-274-5263,No Aplicable,No Aplicable,1,1,1,1,0.29,1,1.29,0002700207,7/16/2024,7/16/2027,1,
ASH-QB00045,Q0813012B,STYLIZE W20,Mezcla,No Aplicable,1-800-274-5263,No Aplicable,No Aplicable,1,1,1,1,0.29,2,2.29,0002700207,7/16/2024,7/16/2027,1,
ASH-QB00045,Q0813012C,STYLIZE W20,Mezcla,No Aplicable,1-800-274-5263,No Aplicable,No Aplicable,1,1,1,1,0.29,3,3.29,0002700207,7/16/2024,7/16/2027,1,
ASH-QB00045,Q0813012D,STYLIZE W20,Mezcla,No Aplicable,1-800-274-5263,No Aplicable,No Aplicable,1,1,1,1,0.29,4,4.29,0002700207,7/16/2024,7/16/2027,1,
ASH-QB00045,Q0813012E,STYLIZE W20,Mezcla,No Aplicable,1-800-274-5263,No Aplicable,No Aplicable,1,1,1,1,0.6,5,5.6,0002700207,7/16/2024,7/16/2027,1,
ASH-QB00045,Q0813012F,STYLIZE W20,Mezcla,No Aplicable,1-800-274-5263,No Aplicable,No Aplicable,1,1,1,1,0.6,10,10.6,0002700207,7/16/2024,7/16/2027,1,
ASH-QB00045,Q0813012G,STYLIZE W20,Mezcla,No Aplicable,1-800-274-5263,No Aplicable,No Aplicable,1,1,1,1,1.2,15,16.2,0002700207,7/16/2024,7/16/2027,1,
ASH-QB00045,Q0813012H,STYLIZE W20,Mezcla,No Aplicable,1-800-274-5263,No Aplicable,No Aplicable,1,1,1,1,1.2,20,21.2,0002700207,7/16/2024,7/16/2027,1,
,,,,,,,,,,,,,,,,,,,
ASH-QB00022,Q0813014A,LUBRAJEL 0IL ,Mezcla,No Aplicable,1-800-274-5263,No Aplicable,No Aplicable,1,1,1,1,0.29,0.5,0.75,LO-25023,1/13/2025,1/1/2027,1,
ASH-QB00022,Q0813014B,LUBRAJEL 0IL ,Mezcla,No Aplicable,1-800-274-5263,No Aplicable,No Aplicable,1,1,1,1,0.29,1,1.29,LO-25023,1/13/2025,1/1/2027,1,
ASH-QB00022,Q0813014C,LUBRAJEL 0IL ,Mezcla,No Aplicable,1-800-274-5263,No Aplicable,No Aplicable,1,1,1,1,0.29,2,2.29,LO-25023,1/13/2025,1/1/2027,1,
ASH-QB00022,Q0813014D,LUBRAJEL 0IL ,Mezcla,No Aplicable,1-800-274-5263,No Aplicable,No Aplicable,1,1,1,1,0.29,3,3.29,LO-25023,1/13/2025,1/1/2027,1,
ASH-QB00022,Q0813014E,LUBRAJEL 0IL ,Mezcla,No Aplicable,1-800-274-5263,No Aplicable,No Aplicable,1,1,1,1,0.29,4,4.29,LO-25023,1/13/2025,1/1/2027,1,
ASH-QB00022,Q0813014F,LUBRAJEL 0IL ,Mezcla,No Aplicable,1-800-274-5263,No Aplicable,No Aplicable,1,1,1,1,0.6,5,5.6,LO-25023,1/13/2025,1/1/2027,1,
ASH-QB00022,Q0813014G,LUBRAJEL 0IL ,Mezcla,No Aplicable,1-800-274-5263,No Aplicable,No Aplicable,1,1,1,1,0.6,10,10.6,LO-25023,1/13/2025,1/1/2027,1,
ASH-QB00022,Q0813014H,LUBRAJEL 0IL ,Mezcla,No Aplicable,1-800-274-5263,No Aplicable,No Aplicable,1,1,1,1,1.2,15,16.2,LO-25023,1/13/2025,1/1/2027,1,
,,,,,,,,,,,,,,,,,,,
ASH-QB00005,Q0813018A,CERAPHYL 70,Mezcla,No Aplicable,1-800-274-5263,No Aplicable,No Aplicable,1,1,1,1,0.29,1,1.29,0002687244,4/15/2025,4/15/2027,1,
ASH-QB00005,Q0813018B,CERAPHYL 70,Mezcla,No Aplicable,1-800-274-5263,No Aplicable,No Aplicable,1,1,1,1,0.29,2,2.29,0002687244,4/15/2025,4/15/2027,1,
ASH-QB00005,Q0813018C,CERAPHYL 70,Mezcla,No Aplicable,1-800-274-5263,No Aplicable,No Aplicable,1,1,1,1,0.29,3,3.29,0002687244,4/15/2025,4/15/2027,1,
ASH-QB00005,Q0813018D,CERAPHYL 70,Mezcla,No Aplicable,1-800-274-5263,No Aplicable,No Aplicable,1,1,1,1,0.29,4,4.29,0002687244,4/15/2025,4/15/2027,1,
ASH-QB00005,Q0813018E,CERAPHYL 70,Mezcla,No Aplicable,1-800-274-5263,No Aplicable,No Aplicable,1,1,1,1,0.6,5,5.6,0002687244,4/15/2025,4/15/2027,1,
ASH-QB00005,Q0813018F,CERAPHYL 70,Mezcla,No Aplicable,1-800-274-5263,No Aplicable,No Aplicable,1,1,1,1,0.6,10,10.6,0002687244,4/15/2025,4/15/2027,1,
ASH-QB00005,Q0813018G,CERAPHYL 70,Mezcla,No Aplicable,1-800-274-5263,No Aplicable,No Aplicable,1,1,1,1,1.2,15,16.2,0002687244,4/15/2025,4/15/2027,1,
ASH-QB00005,Q0813018H,CERAPHYL 70,Mezcla,No Aplicable,1-800-274-5263,No Aplicable,No Aplicable,1,1,1,1,1.2,20,21.2,0002687244,4/15/2025,4/15/2027,1,
,,,,,,,,,,,,,,,,,,,
ASH-QB00001,Q0813026A,BENECEL ,254504001-5060,ATENCION,1-800-274-5263,Puede formar concentraciones de polvo combustible en el aire,Mantener las mezclas de polvo y aire lejos de fuentes de ignición.,1,1,1,1,0.015,0.5,0.515,120002736307,6/2/2025,6/1/2030,1,
ASH-QB00001,Q0813026B,BENECEL ,254504001-5060,ATENCION,1-800-274-5263,Puede formar concentraciones de polvo combustible en el aire,Mantener las mezclas de polvo y aire lejos de fuentes de ignición.,1,1,1,1,0.015,1,1.015,120002736307,6/2/2025,6/1/2030,1,
ASH-QB00001,Q0813026C,BENECEL ,254504001-5060,ATENCION,1-800-274-5263,Puede formar concentraciones de polvo combustible en el aire,Mantener las mezclas de polvo y aire lejos de fuentes de ignición.,1,1,1,1,0.015,2,2.015,120002736307,6/2/2025,6/1/2030,1,
ASH-QB00001,Q0813026D,BENECEL ,254504001-5060,ATENCION,1-800-274-5263,Puede formar concentraciones de polvo combustible en el aire,Mantener las mezclas de polvo y aire lejos de fuentes de ignición.,1,1,1,1,0.035,3,3.035,120002736307,6/2/2025,6/1/2030,1,
ASH-QB00001,Q0813026E,BENECEL ,254504001-5060,ATENCION,1-800-274-5263,Puede formar concentraciones de polvo combustible en el aire,Mantener las mezclas de polvo y aire lejos de fuentes de ignición.,1,1,1,1,0.035,4,4.035,120002736307,6/2/2025,6/1/2030,1,
ASH-QB00001,Q0813026F,BENECEL ,254504001-5060,ATENCION,1-800-274-5263,Puede formar concentraciones de polvo combustible en el aire,Mantener las mezclas de polvo y aire lejos de fuentes de ignición.,1,1,1,1,0.035,5,5.035,120002736307,6/2/2025,6/1/2030,1,
ASH-QB00001,Q0813026G,BENECEL ,254504001-5060,ATENCION,1-800-274-5263,Puede formar concentraciones de polvo combustible en el aire,Mantener las mezclas de polvo y aire lejos de fuentes de ignición.,1,1,1,1,0.035,10,10.035,120002736307,6/2/2025,6/1/2030,1,
,,,,,,,,,,,,,,,,,,,
ASH-QB00049,Q0816018A,SHEA BUTTER,No Aplicable,No Aplicable,1-800-274-5263,No Aplicable,No Aplicable,1,1,1,1,0.29,0.5,0.75,DEB4012391,6/3/2024,6/3/2026,1,
ASH-QB00049,Q0816018B,SHEA BUTTER,No Aplicable,No Aplicable,1-800-274-5263,No Aplicable,No Aplicable,1,1,1,1,0.29,1,1.29,DEB4012391,6/3/2024,6/3/2026,1,
ASH-QB00049,Q0816018C,SHEA BUTTER,No Aplicable,No Aplicable,1-800-274-5263,No Aplicable,No Aplicable,1,1,1,1,0.29,2,2.29,DEB4012391,6/3/2024,6/3/2026,1,
ASH-QB00049,Q0816018D,SHEA BUTTER,No Aplicable,No Aplicable,1-800-274-5263,No Aplicable,No Aplicable,1,1,1,1,0.29,3,3.29,DEB4012391,6/3/2024,6/3/2026,1,
ASH-QB00049,Q0816018E,SHEA BUTTER,No Aplicable,No Aplicable,1-800-274-5263,No Aplicable,No Aplicable,1,1,1,1,0.29,4,4.29,DEB4012391,6/3/2024,6/3/2026,1,
ASH-QB00049,Q0816018F,SHEA BUTTER,No Aplicable,No Aplicable,1-800-274-5263,No Aplicable,No Aplicable,1,1,1,1,0.6,5,5.6,DEB4012391,6/3/2024,6/3/2026,1,
ASH-QB00049,Q0816018G,SHEA BUTTER,No Aplicable,No Aplicable,1-800-274-5263,No Aplicable,No Aplicable,1,1,1,1,1.2,10,11.2,DEB4012391,6/3/2024,6/3/2026,1,
ASH-QB00049,Q0816018H,SHEA BUTTER,No Aplicable,No Aplicable,1-800-274-5263,No Aplicable,No Aplicable,1,1,1,1,1.2,15,16.2,DEB4012391,6/3/2024,6/3/2026,1,
ASH-QB00049,Q0816018I,SHEA BUTTER,No Aplicable,No Aplicable,1-800-274-5263,No Aplicable,No Aplicable,1,1,1,1,1.2,20,21.2,DEB4012391,6/3/2024,6/3/2026,1,
,,,,,,,,,,,,,,,,,,,
ASH-QB00043,Q0817016A,SOREZ 100,Mezcla,No Aplicable,1-800-274-5263,No Aplicable,No Aplicable,1,1,1,1,0.09,1,1.09,5805002588,1/12/2025,1/1/2027,1,
ASH-QB00043,Q0817016B,SOREZ 100,Mezcla,No Aplicable,1-800-274-5263,No Aplicable,No Aplicable,1,1,1,1,0.29,2,2.29,5805002588,1/12/2025,1/1/2027,1,
ASH-QB00043,Q0817016C,SOREZ 100,Mezcla,No Aplicable,1-800-274-5263,No Aplicable,No Aplicable,1,1,1,1,0.29,3,3.29,5805002588,1/12/2025,1/1/2027,1,
ASH-QB00043,Q0817016D,SOREZ 100,Mezcla,No Aplicable,1-800-274-5263,No Aplicable,No Aplicable,1,1,1,1,0.29,4,4.29,5805002588,1/12/2025,1/1/2027,1,
ASH-QB00043,Q0817016E,SOREZ 100,Mezcla,No Aplicable,1-800-274-5263,No Aplicable,No Aplicable,1,1,1,1,0.6,5,5.6,5805002588,1/12/2025,1/1/2027,1,
ASH-QB00043,Q0817016F,SOREZ 100,Mezcla,No Aplicable,1-800-274-5263,No Aplicable,No Aplicable,1,1,1,1,0.6,10,10.6,5805002588,1/12/2025,1/1/2027,1,
ASH-QB00043,Q0817016G,SOREZ 100,Mezcla,No Aplicable,1-800-274-5263,No Aplicable,No Aplicable,1,1,1,1,1.2,15,16.2,5805002588,1/12/2025,1/1/2027,1,
ASH-QB00043,Q0817016H,SOREZ 100,Mezcla,No Aplicable,1-800-274-5263,No Aplicable,No Aplicable,1,1,1,1,1.2,20,21.2,5805002588,1/12/2025,1/1/2027,1,
,,,,,,,,,,,,,,,,,,,
ASH-QB00025,Q0817033A,LUNAMATRIX,Mezcla,PELIGRO,1-800-274-5263,Puede provocar una reacción alérgica en la piel. Provoca lesiones oculares graves.,"Evitar respirar el polvo/ el humo/ el gas/ la niebla/ los vapores/el aerosol.
Las prendas de trabajo contaminadas no podrán sacarse del lugar de trabajo. Llevar guantes/ gafas/ máscara de protección. EN CASO DE CONTACTO CON LA PIEL: Lavar con agua y jabón abundantes. EN CASO DE CONTACTO CON LOS OJOS: Aclarar cuidadosamente con agua durante varios minutos. Quitar las lentes de contacto, si lleva y resulta fácil. Seguir aclarando. Llamar  nmediatamente a un CENTRO DE TOXICOLOG?A/médico. En caso de irritación o erupción cutánea: Consultar a un médico. Lavar las prendas contaminadas antes de volver a  sarlas.",e,g,1,1,0.09,0.5,0.59,080240814,8/14/2024,8/14/2026,1,
ASH-QB00025,Q0817033B,LUNAMATRIX,Mezcla,PELIGRO,1-800-274-5263,Puede provocar una reacción alérgica en la piel. Provoca lesiones oculares graves.,"Evitar respirar el polvo/ el humo/ el gas/ la niebla/ los vapores/el aerosol.
Las prendas de trabajo contaminadas no podrán sacarse del lugar de trabajo. Llevar guantes/ gafas/ máscara de protección. EN CASO DE CONTACTO CON LA PIEL: Lavar con agua y jabón abundantes. EN CASO DE CONTACTO CON LOS OJOS: Aclarar cuidadosamente con agua durante varios minutos. Quitar las lentes de contacto, si lleva y resulta fácil. Seguir aclarando. Llamar  nmediatamente a un CENTRO DE TOXICOLOG?A/médico. En caso de irritación o erupción cutánea: Consultar a un médico. Lavar las prendas contaminadas antes de volver a  sarlas.",e,g,1,1,0.29,1,1.29,080240814,8/14/2024,8/14/2026,1,
ASH-QB00025,Q0817033C,LUNAMATRIX,Mezcla,PELIGRO,1-800-274-5263,Puede provocar una reacción alérgica en la piel. Provoca lesiones oculares graves.,"Evitar respirar el polvo/ el humo/ el gas/ la niebla/ los vapores/el aerosol.
Las prendas de trabajo contaminadas no podrán sacarse del lugar de trabajo. Llevar guantes/ gafas/ máscara de protección. EN CASO DE CONTACTO CON LA PIEL: Lavar con agua y jabón abundantes. EN CASO DE CONTACTO CON LOS OJOS: Aclarar cuidadosamente con agua durante varios minutos. Quitar las lentes de contacto, si lleva y resulta fácil. Seguir aclarando. Llamar  nmediatamente a un CENTRO DE TOXICOLOG?A/médico. En caso de irritación o erupción cutánea: Consultar a un médico. Lavar las prendas contaminadas antes de volver a  sarlas.",e,g,1,1,0.29,2,2.29,080240814,8/14/2024,8/14/2026,1,
ASH-QB00025,Q0817033D,LUNAMATRIX,Mezcla,PELIGRO,1-800-274-5263,Puede provocar una reacción alérgica en la piel. Provoca lesiones oculares graves.,"Evitar respirar el polvo/ el humo/ el gas/ la niebla/ los vapores/el aerosol.
Las prendas de trabajo contaminadas no podrán sacarse del lugar de trabajo. Llevar guantes/ gafas/ máscara de protección. EN CASO DE CONTACTO CON LA PIEL: Lavar con agua y jabón abundantes. EN CASO DE CONTACTO CON LOS OJOS: Aclarar cuidadosamente con agua durante varios minutos. Quitar las lentes de contacto, si lleva y resulta fácil. Seguir aclarando. Llamar  nmediatamente a un CENTRO DE TOXICOLOG?A/médico. En caso de irritación o erupción cutánea: Consultar a un médico. Lavar las prendas contaminadas antes de volver a  sarlas.",e,g,1,1,0.29,3,3.29,080240814,8/14/2024,8/14/2026,1,
ASH-QB00025,Q0817033E,LUNAMATRIX,Mezcla,PELIGRO,1-800-274-5263,Puede provocar una reacción alérgica en la piel. Provoca lesiones oculares graves.,"Evitar respirar el polvo/ el humo/ el gas/ la niebla/ los vapores/el aerosol.
Las prendas de trabajo contaminadas no podrán sacarse del lugar de trabajo. Llevar guantes/ gafas/ máscara de protección. EN CASO DE CONTACTO CON LA PIEL: Lavar con agua y jabón abundantes. EN CASO DE CONTACTO CON LOS OJOS: Aclarar cuidadosamente con agua durante varios minutos. Quitar las lentes de contacto, si lleva y resulta fácil. Seguir aclarando. Llamar  nmediatamente a un CENTRO DE TOXICOLOG?A/médico. En caso de irritación o erupción cutánea: Consultar a un médico. Lavar las prendas contaminadas antes de volver a  sarlas.",e,g,1,1,0.29,4,4.29,080240814,8/14/2024,8/14/2026,1,
,,,,,,,,,,,,,,,,,,,
ASH-QB00024,Q0817035A,LUMINI SYSTEM, - , -, -, -, -,e,g,1,1,0.09,0.5,0.59,422240830,8/30/2024,8/30/2026,1,
ASH-QB00024,Q0817035B,LUMINI SYSTEM, - , -, -, -, -,e,g,1,1,0.29,1,1.29,422240830,8/30/2024,8/30/2026,1,
ASH-QB00024,Q0817035C,LUMINI SYSTEM, - , -, -, -, -,e,g,1,1,0.29,2,2.29,422240830,8/30/2024,8/30/2026,1,
ASH-QB00024,Q0817035D,LUMINI SYSTEM, - , -, -, -, -,e,g,1,1,0.29,3,3.29,422240830,8/30/2024,8/30/2026,1,
ASH-QB00024,Q0817035E,LUMINI SYSTEM, - , -, -, -, -,e,g,1,1,0.29,4,4.29,422240830,8/30/2024,8/30/2026,1,
ASH-QB00024,Q0817035F,LUMINI SYSTEM, - , -, -, -, -,e,g,1,1,0.6,5,5.6,422240830,8/30/2024,8/30/2026,1,
ASH-QB00024,Q0817035G,LUMINI SYSTEM, - , -, -, -, -,e,g,1,1,0.6,10,10.6,422240830,8/30/2024,8/30/2026,1,
ASH-QB00024,Q0817035H,LUMINI SYSTEM, - , -, -, -, -,e,g,1,1,1.2,15,16.2,422240830,8/30/2024,8/30/2026,1,
,,,,,,,,,,,,,,,,,,,
ASH-QB00044,Q0817036A,SOREZ H5205 ,Mezcla,No Aplicable,1-800-274-5263,No Aplicable,No Aplicable,1,1,1,1,0.09,1,1.09,0002713990,7/11/2025,7/11/2026,1,
ASH-QB00044,Q0817036B,SOREZ H5205 ,Mezcla,No Aplicable,1-800-274-5263,No Aplicable,No Aplicable,1,1,1,1,0.29,2,2.29,0002713990,7/11/2025,7/11/2026,1,
ASH-QB00044,Q0817036C,SOREZ H5205 ,Mezcla,No Aplicable,1-800-274-5263,No Aplicable,No Aplicable,1,1,1,1,0.29,3,3.29,0002713990,7/11/2025,7/11/2026,1,
ASH-QB00044,Q0817036D,SOREZ H5205 ,Mezcla,No Aplicable,1-800-274-5263,No Aplicable,No Aplicable,1,1,1,1,0.29,4,4.29,0002713990,7/11/2025,7/11/2026,1,
ASH-QB00044,Q0817036E,SOREZ H5205 ,Mezcla,No Aplicable,1-800-274-5263,No Aplicable,No Aplicable,1,1,1,1,0.6,5,5.6,0002713990,7/11/2025,7/11/2026,1,
ASH-QB00044,Q0817036F,SOREZ H5205 ,Mezcla,No Aplicable,1-800-274-5263,No Aplicable,No Aplicable,1,1,1,1,0.6,10,10.6,0002713990,7/11/2025,7/11/2026,1,
ASH-QB00044,Q0817036G,SOREZ H5205 ,Mezcla,No Aplicable,1-800-274-5263,No Aplicable,No Aplicable,1,1,1,1,1.2,15,16.2,0002713990,7/11/2025,7/11/2026,1,
ASH-QB00044,Q0817036H,SOREZ H5205 ,Mezcla,No Aplicable,1-800-274-5263,No Aplicable,No Aplicable,1,1,1,1,1.2,20,21.2,0002713990,7/11/2025,7/11/2026,1,
,,,,,,,,,,,,,,,,,,,
ASH-QB00010,Q0817037A,COSMEDIA GUAR N HANCE 3196,65497-29-2,ATENCION,1-800-274-5263,H319 Provoca irritación ocular grave,P264 Lavarse la piel cuidadosamente después de la manipulación. P280 Usar equipo de protección para los ojos/la cara. P305 + P351 + P338 EN CASO DE CONTACTO CON LOS OJOS: Enjuagar con agua cuidadosamente durante varios minutos. Quitar las lentes de contacto cuando estén presentes y pueda hacerse con facilidad. Proseguir con el lavado.,g,1,1,1,0.015,0.5,0.515,P25112B,4/22/2025,4/22/2027,1,
ASH-QB00010,Q0817037B,COSMEDIA GUAR N HANCE 3196,65497-29-2,ATENCION,1-800-274-5263,H319 Provoca irritación ocular grave,P264 Lavarse la piel cuidadosamente después de la manipulación. P280 Usar equipo de protección para los ojos/la cara. P305 + P351 + P338 EN CASO DE CONTACTO CON LOS OJOS: Enjuagar con agua cuidadosamente durante varios minutos. Quitar las lentes de contacto cuando estén presentes y pueda hacerse con facilidad. Proseguir con el lavado.,g,1,1,1,0.015,1,1.015,P25112B,4/22/2025,4/22/2027,1,
ASH-QB00010,Q0817037C,COSMEDIA GUAR N HANCE 3196,65497-29-2,ATENCION,1-800-274-5263,H319 Provoca irritación ocular grave,P264 Lavarse la piel cuidadosamente después de la manipulación. P280 Usar equipo de protección para los ojos/la cara. P305 + P351 + P338 EN CASO DE CONTACTO CON LOS OJOS: Enjuagar con agua cuidadosamente durante varios minutos. Quitar las lentes de contacto cuando estén presentes y pueda hacerse con facilidad. Proseguir con el lavado.,g,1,1,1,0.015,2,2.015,P25112B,4/22/2025,4/22/2027,1,
ASH-QB00010,Q0817037D,COSMEDIA GUAR N HANCE 3196,65497-29-2,ATENCION,1-800-274-5263,H319 Provoca irritación ocular grave,P264 Lavarse la piel cuidadosamente después de la manipulación. P280 Usar equipo de protección para los ojos/la cara. P305 + P351 + P338 EN CASO DE CONTACTO CON LOS OJOS: Enjuagar con agua cuidadosamente durante varios minutos. Quitar las lentes de contacto cuando estén presentes y pueda hacerse con facilidad. Proseguir con el lavado.,g,1,1,1,0.035,3,3.035,P25112B,4/22/2025,4/22/2027,1,
ASH-QB00010,Q0817037E,COSMEDIA GUAR N HANCE 3196,65497-29-2,ATENCION,1-800-274-5263,H319 Provoca irritación ocular grave,P264 Lavarse la piel cuidadosamente después de la manipulación. P280 Usar equipo de protección para los ojos/la cara. P305 + P351 + P338 EN CASO DE CONTACTO CON LOS OJOS: Enjuagar con agua cuidadosamente durante varios minutos. Quitar las lentes de contacto cuando estén presentes y pueda hacerse con facilidad. Proseguir con el lavado.,g,1,1,1,0.035,4,4.035,P25112B,4/22/2025,4/22/2027,1,
ASH-QB00010,Q0817037F,COSMEDIA GUAR N HANCE 3196,65497-29-2,ATENCION,1-800-274-5263,H319 Provoca irritación ocular grave,P264 Lavarse la piel cuidadosamente después de la manipulación. P280 Usar equipo de protección para los ojos/la cara. P305 + P351 + P338 EN CASO DE CONTACTO CON LOS OJOS: Enjuagar con agua cuidadosamente durante varios minutos. Quitar las lentes de contacto cuando estén presentes y pueda hacerse con facilidad. Proseguir con el lavado.,g,1,1,1,0.035,5,5.035,P25112B,4/22/2025,4/22/2027,1,
ASH-QB00010,Q0817037G,COSMEDIA GUAR N HANCE 3196,65497-29-2,ATENCION,1-800-274-5263,H319 Provoca irritación ocular grave,P264 Lavarse la piel cuidadosamente después de la manipulación. P280 Usar equipo de protección para los ojos/la cara. P305 + P351 + P338 EN CASO DE CONTACTO CON LOS OJOS: Enjuagar con agua cuidadosamente durante varios minutos. Quitar las lentes de contacto cuando estén presentes y pueda hacerse con facilidad. Proseguir con el lavado.,g,1,1,1,0.035,10,10.035,P25112B,4/22/2025,4/22/2027,1,
,,,,,,,,,,,,,,,,,,,
VAR-QB00173,Q0820001A,P-QUAT 37,800986-5072P,No Aplicable,1-800-274-5263,No Aplicable,No Aplicable,1,1,1,1,0.09,0.5,0.59,DC25/1692 M,9/1/2025,9/1/2026,1,
VAR-QB00173,Q0820001B,P-QUAT 37,800986-5072P,No Aplicable,1-800-274-5263,No Aplicable,No Aplicable,1,1,1,1,0.09,1,1.09,DC25/1692 M,9/1/2025,9/1/2026,1,
VAR-QB00173,Q0820001C,P-QUAT 37,800986-5072P,No Aplicable,1-800-274-5263,No Aplicable,No Aplicable,1,1,1,1,0.29,2,2.29,DC25/1692 M,9/1/2025,9/1/2026,1,
VAR-QB00173,Q0820001D,P-QUAT 37,800986-5072P,No Aplicable,1-800-274-5263,No Aplicable,No Aplicable,1,1,1,1,0.29,3,3.29,DC25/1692 M,9/1/2025,9/1/2026,1,
VAR-QB00173,Q0820001E,P-QUAT 37,800986-5072P,No Aplicable,1-800-274-5263,No Aplicable,No Aplicable,1,1,1,1,0.29,4,4.29,DC25/1692 M,9/1/2025,9/1/2026,1,
VAR-QB00173,Q0820001F,P-QUAT 37,800986-5072P,No Aplicable,1-800-274-5263,No Aplicable,No Aplicable,1,1,1,1,0.6,5,5.6,DC25/1692 M,9/1/2025,9/1/2026,1,
VAR-QB00173,Q0820001G,P-QUAT 37,800986-5072P,No Aplicable,1-800-274-5263,No Aplicable,No Aplicable,1,1,1,1,0.6,10,10.6,DC25/1692 M,9/1/2025,9/1/2026,1,
VAR-QB00173,Q0820001H,P-QUAT 37,800986-5072P,No Aplicable,1-800-274-5263,No Aplicable,No Aplicable,1,1,1,1,1.2,15,16.2,DC25/1692 M,9/1/2025,9/1/2026,1,
VAR-QB00173,Q0820001I,P-QUAT 37,800986-5072P,No Aplicable,1-800-274-5263,No Aplicable,No Aplicable,1,1,1,1,1.2,20,21.2,DC25/1692 M,9/1/2025,9/1/2026,1,
,,,,,,,,,,,,,,,,,,,
VAR-QB00113,Q0320005A,MENTHOL,2216-51-5,PELIGRO,-,H315 Provoca irritación cutánea. H318 Provoca lesiones oculares graves. H335 puede irritar las vias respiratorias,"P261: Evitar respirar el polvo/el humo/el gas/la niebla/los vapores/el aerosol. P280: Llevar proteccion /gafas de proteccion/mascara de proteccion. P305+p351+p338: quitar los lentes de contacto, si lleva y resulta facil. Seguir aclarando.",1,g,1,1,0.015,0.5,0.515,240208,5/1/2024,5/1/2026,1,
VAR-QB00113,Q0320005B,MENTHOL,2216-51-5,PELIGRO,-,H315 Provoca irritación cutánea. H318 Provoca lesiones oculares graves. H335 puede irritar las vias respiratorias,"P261: Evitar respirar el polvo/el humo/el gas/la niebla/los vapores/el aerosol. P280: Llevar proteccion /gafas de proteccion/mascara de proteccion. P305+p351+p338: quitar los lentes de contacto, si lleva y resulta facil. Seguir aclarando.",1,g,1,1,0.015,1,1.015,240208,5/1/2024,5/1/2026,1,
VAR-QB00113,Q0320005C,MENTHOL,2216-51-5,PELIGRO,-,H315 Provoca irritación cutánea. H318 Provoca lesiones oculares graves. H335 puede irritar las vias respiratorias,"P261: Evitar respirar el polvo/el humo/el gas/la niebla/los vapores/el aerosol. P280: Llevar proteccion /gafas de proteccion/mascara de proteccion. P305+p351+p338: quitar los lentes de contacto, si lleva y resulta facil. Seguir aclarando.",1,g,1,1,0.015,2,2.015,240208,5/1/2024,5/1/2026,1,
VAR-QB00113,Q0320005D,MENTHOL,2216-51-5,PELIGRO,-,H315 Provoca irritación cutánea. H318 Provoca lesiones oculares graves. H335 puede irritar las vias respiratorias,"P261: Evitar respirar el polvo/el humo/el gas/la niebla/los vapores/el aerosol. P280: Llevar proteccion /gafas de proteccion/mascara de proteccion. P305+p351+p338: quitar los lentes de contacto, si lleva y resulta facil. Seguir aclarando.",1,g,1,1,0.035,3,3.035,240208,5/1/2024,5/1/2026,1,
VAR-QB00113,Q0320005E,MENTHOL,2216-51-5,PELIGRO,-,H315 Provoca irritación cutánea. H318 Provoca lesiones oculares graves. H335 puede irritar las vias respiratorias,"P261: Evitar respirar el polvo/el humo/el gas/la niebla/los vapores/el aerosol. P280: Llevar proteccion /gafas de proteccion/mascara de proteccion. P305+p351+p338: quitar los lentes de contacto, si lleva y resulta facil. Seguir aclarando.",1,g,1,1,0.035,4,4.035,240208,5/1/2024,5/1/2026,1,
VAR-QB00113,Q0320005F,MENTHOL,2216-51-5,PELIGRO,-,H315 Provoca irritación cutánea. H318 Provoca lesiones oculares graves. H335 puede irritar las vias respiratorias,"P261: Evitar respirar el polvo/el humo/el gas/la niebla/los vapores/el aerosol. P280: Llevar proteccion /gafas de proteccion/mascara de proteccion. P305+p351+p338: quitar los lentes de contacto, si lleva y resulta facil. Seguir aclarando.",1,g,1,1,0.035,5,5.035,240208,5/1/2024,5/1/2026,1,
VAR-QB00113,Q0320005G,MENTHOL,2216-51-5,PELIGRO,-,H315 Provoca irritación cutánea. H318 Provoca lesiones oculares graves. H335 puede irritar las vias respiratorias,"P261: Evitar respirar el polvo/el humo/el gas/la niebla/los vapores/el aerosol. P280: Llevar proteccion /gafas de proteccion/mascara de proteccion. P305+p351+p338: quitar los lentes de contacto, si lleva y resulta facil. Seguir aclarando.",1,g,1,1,0.035,10,10.035,240208,5/1/2024,5/1/2026,1,
,,,,,,,,,,,,,,,,,,,
IFF-QB00100,P0303019A,MIRACLE 554,Mezcla,ATENCION,,,,i,g,h,e,0.09,0.5,0.59,12033287,9/5/2023,9/5/2024,1,
IFF-QB00100,P0303019B,MIRACLE 554,Mezcla,ATENCION,,,,i,g,h,e,0.09,1,1.09,12033287,9/5/2023,9/5/2024,1,
IFF-QB00100,P0303019C,MIRACLE 554,Mezcla,ATENCION,,,,i,g,h,e,0.24,1.5,1.74,12033287,9/5/2023,9/5/2024,1,
IFF-QB00100,P0303019D,MIRACLE 554,Mezcla,ATENCION,,,,i,g,h,e,0.24,2,2.24,12033287,9/5/2023,9/5/2024,1,
IFF-QB00100,P0303019E,MIRACLE 554,Mezcla,ATENCION,,,,i,g,h,e,0.24,3,3.24,12033287,9/5/2023,9/5/2024,1,
IFF-QB00100,P0303019F,MIRACLE 554,Mezcla,ATENCION,,,,i,g,h,e,0.24,4,4.24,12033287,9/5/2023,9/5/2024,1,
IFF-QB00100,P0303019G,MIRACLE 554,Mezcla,ATENCION,,,,i,g,h,e,0.28,5,5.28,12033287,9/5/2023,9/5/2024,1,
IFF-QB00100,P0303019H,MIRACLE 554,Mezcla,ATENCION,,,,i,g,h,e,0.48,10,10.48,12033287,9/5/2023,9/5/2024,1,
IFF-QB00100,P0303019I,MIRACLE 554,Mezcla,ATENCION,,,,i,g,h,e,0.9,15,15.9,12033287,9/5/2023,9/5/2024,1,
IFF-QB00100,P0303019J,MIRACLE 554,Mezcla,ATENCION,,,,i,g,h,e,0.9,20,20.9,12033287,9/5/2023,9/5/2024,1,
,,,,,,,,,,,,,,,,,,,
IFF-QB00258,P1101012A,NIV KF001B CR M,Mezcla,ATENCION,,,,g,h,1,e,0.09,0.5,0.59,0017052401,5/17/2024,5/17/2025,1,
IFF-QB00258,P1101012B,NIV KF001B CR M,Mezcla,ATENCION,,,,g,h,1,e,0.09,1,1.09,0017052401,5/17/2024,5/17/2025,1,
IFF-QB00258,P1101012C,NIV KF001B CR M,Mezcla,ATENCION,,,,g,h,1,e,0.24,1.5,1.74,0017052401,5/17/2024,5/17/2025,1,
IFF-QB00258,P1101012D,NIV KF001B CR M,Mezcla,ATENCION,,,,g,h,1,e,0.24,2,2.24,0017052401,5/17/2024,5/17/2025,1,
IFF-QB00258,P1101012E,NIV KF001B CR M,Mezcla,ATENCION,,,,g,h,1,e,0.24,3,3.24,0017052401,5/17/2024,5/17/2025,1,
IFF-QB00258,P1101012F,NIV KF001B CR M,Mezcla,ATENCION,,,,g,h,1,e,0.24,4,4.24,0017052401,5/17/2024,5/17/2025,1,
IFF-QB00258,P1101012G,NIV KF001B CR M,Mezcla,ATENCION,,,,g,h,1,e,0.28,5,5.28,0017052401,5/17/2024,5/17/2025,1,
IFF-QB00258,P1101012H,NIV KF001B CR M,Mezcla,ATENCION,,,,g,h,1,e,0.48,10,10.48,0017052401,5/17/2024,5/17/2025,1,
IFF-QB00258,P1101012I,NIV KF001B CR M,Mezcla,ATENCION,,,,g,h,1,e,0.9,15,15.9,0017052401,5/17/2024,5/17/2025,1,
IFF-QB00258,P1101012J,NIV KF001B CR M,Mezcla,ATENCION,,,,g,h,1,e,0.9,20,20.9,0017052401,5/17/2024,5/17/2025,1,
,,,,,,,,,,,,,,,,,,,
IFF-QB00104,P0301011A,PEACH P757,Mezcla,ATENCION,,,,g,1,1,1,0.09,0.5,0.59,0017259043,8/7/2025,8/7/2026,1,
IFF-QB00104,P0301011B,PEACH P757,Mezcla,ATENCION,,,,g,1,1,1,0.09,1,1.09,0017259043,8/7/2025,8/7/2026,1,
IFF-QB00104,P0301011C,PEACH P757,Mezcla,ATENCION,,,,g,1,1,1,0.24,1.5,1.74,0017259043,8/7/2025,8/7/2026,1,
IFF-QB00104,P0301011D,PEACH P757,Mezcla,ATENCION,,,,g,1,1,1,0.24,2,2.24,0017259043,8/7/2025,8/7/2026,1,
IFF-QB00104,P0301011E,PEACH P757,Mezcla,ATENCION,,,,g,1,1,1,0.24,3,3.24,0017259043,8/7/2025,8/7/2026,1,
IFF-QB00104,P0301011F,PEACH P757,Mezcla,ATENCION,,,,g,1,1,1,0.24,4,4.24,0017259043,8/7/2025,8/7/2026,1,
IFF-QB00104,P0301011G,PEACH P757,Mezcla,ATENCION,,,,g,1,1,1,0.28,5,5.28,0017259043,8/7/2025,8/7/2026,1,
IFF-QB00104,P0301011H,PEACH P757,Mezcla,ATENCION,,,,g,1,1,1,0.48,10,10.48,0017259043,8/7/2025,8/7/2026,1,
IFF-QB00104,P0301011I,PEACH P757,Mezcla,ATENCION,,,,g,1,1,1,0.9,15,15.9,0017259043,8/7/2025,8/7/2026,1,
IFF-QB00104,P0301011J,PEACH P757,Mezcla,ATENCION,,,,g,1,1,1,0.9,20,20.9,0017259043,8/7/2025,8/7/2026,1,
,,,,,,,,,,,,,,,,,,,
VAR-QB00127,Q0316008A,PHANTENOL D,MEZCLA,,34915620420,,,1,1,1,1,0.29,0.5,0.75,07598777L0,11/27/2024,11/27/2027,1,
VAR-QB00127,Q0316008B,PHANTENOL D,MEZCLA,,34915620420,,,1,1,1,1,0.29,1,1.29,07598777L0,11/27/2024,11/27/2027,1,
VAR-QB00127,Q0316008C,PHANTENOL D,MEZCLA,,34915620420,,,1,1,1,1,0.29,2,2.29,07598777L0,11/27/2024,11/27/2027,1,
VAR-QB00127,Q0316008D,PHANTENOL D,MEZCLA,,34915620420,,,1,1,1,1,0.29,3,3.29,07598777L0,11/27/2024,11/27/2027,1,
VAR-QB00127,Q0316008E,PHANTENOL D,MEZCLA,,34915620420,,,1,1,1,1,0.29,4,4.29,07598777L0,11/27/2024,11/27/2027,1,
VAR-QB00127,Q0316008F,PHANTENOL D,MEZCLA,,34915620420,,,1,1,1,1,0.6,5,5.6,07598777L0,11/27/2024,11/27/2027,1,
VAR-QB00127,Q0316008G,PHANTENOL D,MEZCLA,,34915620420,,,1,1,1,1,0.6,10,10.6,07598777L0,11/27/2024,11/27/2027,1,
,,,,,,,,,,,,,,,,,,,
KAO-QB00034,Q0203010A,DANOX PL-10,"68585-34-2, 627-83-8, 68140-00-1",ATENCION,01 800 00 21400 ,H319 Causa seria irritación ocular H315 Causa irritación en piel.,"P280 Utilizar equipo de protección personal (lentes, guantes mascarilla). P264 Lavarse bien después de manipularlo. P305+P351+P338 En caso de tener contacto con los ojos enjuagar con abundante agua, si es posible retirar los lentes y continuar enjuagando.",g,1,1,1,0.6,5,5.6,1618110187,10/30/2020,10/30/2022,1,
KAO-QB00034,Q0203010B,DANOX PL-10,"68585-34-2, 627-83-8, 68140-00-1",ATENCION,01 800 00 21400 ,H319 Causa seria irritación ocular H315 Causa irritación en piel.,"P280 Utilizar equipo de protección personal (lentes, guantes mascarilla). P264 Lavarse bien después de manipularlo. P305+P351+P338 En caso de tener contacto con los ojos enjuagar con abundante agua, si es posible retirar los lentes y continuar enjuagando.",g,1,1,1,0.6,10,10.6,1618110187,10/30/2020,10/30/2022,1,
KAO-QB00034,Q0203010C,DANOX PL-10,"68585-34-2, 627-83-8, 68140-00-1",ATENCION,01 800 00 21400 ,H319 Causa seria irritación ocular H315 Causa irritación en piel.,"P280 Utilizar equipo de protección personal (lentes, guantes mascarilla). P264 Lavarse bien después de manipularlo. P305+P351+P338 En caso de tener contacto con los ojos enjuagar con abundante agua, si es posible retirar los lentes y continuar enjuagando.",g,1,1,1,1.2,15,16.2,1618110187,10/30/2020,10/30/2022,1,
KAO-QB00034,Q0203010D,DANOX PL-10,"68585-34-2, 627-83-8, 68140-00-1",ATENCION,01 800 00 21400 ,H319 Causa seria irritación ocular H315 Causa irritación en piel.,"P280 Utilizar equipo de protección personal (lentes, guantes mascarilla). P264 Lavarse bien después de manipularlo. P305+P351+P338 En caso de tener contacto con los ojos enjuagar con abundante agua, si es posible retirar los lentes y continuar enjuagando.",g,1,1,1,1.2,20,21.2,1618110187,10/30/2020,10/30/2022,1,
,,,,,,,,,,,,,,,,,,,
,Q0303006A,ACIDO DODECIL BENCEN SULFONICO HSC,27176-87-0,PELIGRO,SETIQ: 01800-00-214-00 HARMONY CHEM: 01-779-79-6-26-85,H301: Toxico en caso de ingestión H305: puede ser nocivo en caso de ingestión y de penetración en las vías respiratorias H314: provoca graves quemaduras en la piel y lesiones oculares H315: provoca irritación cutánea H318: provoca lesiones oculares graves H402: nocivo para los organismos acuáticos graves,"P207 – no comer, beber ni fumar durante la utilización de este producto. P264 – lavarse las manos concienzudamente tras la manipulación.  P301+P312 – EN CASO DE INGESTION: si se siente mal, llame a un CENTRO DE INFORMACION TOXICOLOGICA/medico. P301+P330+P331 – EN CASO DE INGESTION: enjuagar la boca. NO induzca el vómito. P303+P361+P353 – EN CASO DE CONTACTO CON LA PIEL (o el pelo): quitar inmediatamente la ropa contaminada. Aclararse la piel con agua/ducharse. P304+P340+P311 - EN CASO DE INHALACION: transportar a la víctima al exterior y mantenerla en reposo en una posición confortable para respirar. Llamar inmediatamente a un centro de toxicología/medico, P305+P351+P338 - EN CASO DE CONTACTO CON LOS OJOS: enjuague bien con agua durante varios minutos. En el caso de las lentes de contacto, quitarlas, si es fácil. Continúe enjuagando. P501: eliminar el contenido/el recipiente en un punto de recogida de residuos especiales.",g,1,1,1,0.28,5,5.28,T3PR-48-03,8/11/2022,8/11/2023,1,
,Q0303006B,ACIDO DODECIL BENCEN SULFONICO HSC,27176-87-0,PELIGRO,SETIQ: 01800-00-214-00 HARMONY CHEM: 01-779-79-6-26-85,H301: Toxico en caso de ingestión H305: puede ser nocivo en caso de ingestión y de penetración en las vías respiratorias H314: provoca graves quemaduras en la piel y lesiones oculares H315: provoca irritación cutánea H318: provoca lesiones oculares graves H402: nocivo para los organismos acuáticos graves,"P207 – no comer, beber ni fumar durante la utilización de este producto. P264 – lavarse las manos concienzudamente tras la manipulación.  P301+P312 – EN CASO DE INGESTION: si se siente mal, llame a un CENTRO DE INFORMACION TOXICOLOGICA/medico. P301+P330+P331 – EN CASO DE INGESTION: enjuagar la boca. NO induzca el vómito. P303+P361+P353 – EN CASO DE CONTACTO CON LA PIEL (o el pelo): quitar inmediatamente la ropa contaminada. Aclararse la piel con agua/ducharse. P304+P340+P311 - EN CASO DE INHALACION: transportar a la víctima al exterior y mantenerla en reposo en una posición confortable para respirar. Llamar inmediatamente a un centro de toxicología/medico, P305+P351+P338 - EN CASO DE CONTACTO CON LOS OJOS: enjuague bien con agua durante varios minutos. En el caso de las lentes de contacto, quitarlas, si es fácil. Continúe enjuagando. P501: eliminar el contenido/el recipiente en un punto de recogida de residuos especiales.",g,1,1,1,0.48,10,10.48,T3PR-48-03,8/11/2022,8/11/2023,1,
,Q0303006C,ACIDO DODECIL BENCEN SULFONICO HSC,27176-87-0,PELIGRO,SETIQ: 01800-00-214-00 HARMONY CHEM: 01-779-79-6-26-85,H301: Toxico en caso de ingestión H305: puede ser nocivo en caso de ingestión y de penetración en las vías respiratorias H314: provoca graves quemaduras en la piel y lesiones oculares H315: provoca irritación cutánea H318: provoca lesiones oculares graves H402: nocivo para los organismos acuáticos graves,"P207 – no comer, beber ni fumar durante la utilización de este producto. P264 – lavarse las manos concienzudamente tras la manipulación.  P301+P312 – EN CASO DE INGESTION: si se siente mal, llame a un CENTRO DE INFORMACION TOXICOLOGICA/medico. P301+P330+P331 – EN CASO DE INGESTION: enjuagar la boca. NO induzca el vómito. P303+P361+P353 – EN CASO DE CONTACTO CON LA PIEL (o el pelo): quitar inmediatamente la ropa contaminada. Aclararse la piel con agua/ducharse. P304+P340+P311 - EN CASO DE INHALACION: transportar a la víctima al exterior y mantenerla en reposo en una posición confortable para respirar. Llamar inmediatamente a un centro de toxicología/medico, P305+P351+P338 - EN CASO DE CONTACTO CON LOS OJOS: enjuague bien con agua durante varios minutos. En el caso de las lentes de contacto, quitarlas, si es fácil. Continúe enjuagando. P501: eliminar el contenido/el recipiente en un punto de recogida de residuos especiales.",g,1,1,1,0.9,15,15.9,T3PR-48-03,8/11/2022,8/11/2023,1,
,Q0303006D,ACIDO DODECIL BENCEN SULFONICO HSC,27176-87-0,PELIGRO,SETIQ: 01800-00-214-00 HARMONY CHEM: 01-779-79-6-26-85,H301: Toxico en caso de ingestión H305: puede ser nocivo en caso de ingestión y de penetración en las vías respiratorias H314: provoca graves quemaduras en la piel y lesiones oculares H315: provoca irritación cutánea H318: provoca lesiones oculares graves H402: nocivo para los organismos acuáticos graves,"P207 – no comer, beber ni fumar durante la utilización de este producto. P264 – lavarse las manos concienzudamente tras la manipulación.  P301+P312 – EN CASO DE INGESTION: si se siente mal, llame a un CENTRO DE INFORMACION TOXICOLOGICA/medico. P301+P330+P331 – EN CASO DE INGESTION: enjuagar la boca. NO induzca el vómito. P303+P361+P353 – EN CASO DE CONTACTO CON LA PIEL (o el pelo): quitar inmediatamente la ropa contaminada. Aclararse la piel con agua/ducharse. P304+P340+P311 - EN CASO DE INHALACION: transportar a la víctima al exterior y mantenerla en reposo en una posición confortable para respirar. Llamar inmediatamente a un centro de toxicología/medico, P305+P351+P338 - EN CASO DE CONTACTO CON LOS OJOS: enjuague bien con agua durante varios minutos. En el caso de las lentes de contacto, quitarlas, si es fácil. Continúe enjuagando. P501: eliminar el contenido/el recipiente en un punto de recogida de residuos especiales.",g,1,1,1,0.9,20,20.9,T3PR-48-03,8/11/2022,8/11/2023,1,
,Q0303006E,ACIDO DODECIL BENCEN SULFONICO HSC,27176-87-0,PELIGRO,SETIQ: 01800-00-214-00 HARMONY CHEM: 01-779-79-6-26-85,H301: Toxico en caso de ingestión H305: puede ser nocivo en caso de ingestión y de penetración en las vías respiratorias H314: provoca graves quemaduras en la piel y lesiones oculares H315: provoca irritación cutánea H318: provoca lesiones oculares graves H402: nocivo para los organismos acuáticos graves,"P207 – no comer, beber ni fumar durante la utilización de este producto. P264 – lavarse las manos concienzudamente tras la manipulación.  P301+P312 – EN CASO DE INGESTION: si se siente mal, llame a un CENTRO DE INFORMACION TOXICOLOGICA/medico. P301+P330+P331 – EN CASO DE INGESTION: enjuagar la boca. NO induzca el vómito. P303+P361+P353 – EN CASO DE CONTACTO CON LA PIEL (o el pelo): quitar inmediatamente la ropa contaminada. Aclararse la piel con agua/ducharse. P304+P340+P311 - EN CASO DE INHALACION: transportar a la víctima al exterior y mantenerla en reposo en una posición confortable para respirar. Llamar inmediatamente a un centro de toxicología/medico, P305+P351+P338 - EN CASO DE CONTACTO CON LOS OJOS: enjuague bien con agua durante varios minutos. En el caso de las lentes de contacto, quitarlas, si es fácil. Continúe enjuagando. P501: eliminar el contenido/el recipiente en un punto de recogida de residuos especiales.",g,1,1,1,2.2,50,52.2,T3PR-48-03,8/11/2022,8/11/2023,1,
,,,,,,,,,,,,,,,,,,,
LUB-QB00049,Q0408022A,NOVERITE 301 S/P,No Aplicable,No Aplicable,216-447-5000,No Aplicable,No Aplicable,1,1,1,1,0.6,5,5.6,0102700359,2/21/2024,2/20/2026,1,
LUB-QB00049,Q0408022B,NOVERITE 301 S/P,No Aplicable,No Aplicable,216-447-5000,No Aplicable,No Aplicable,1,1,1,1,0.6,10,10.6,0102700359,2/21/2024,2/20/2026,1,
LUB-QB00049,Q0408022C,NOVERITE 301 S/P,No Aplicable,No Aplicable,216-447-5000,No Aplicable,No Aplicable,1,1,1,1,1.2,15,16.2,0102700359,2/21/2024,2/20/2026,1,
LUB-QB00049,Q0408022D,NOVERITE 301 S/P,No Aplicable,No Aplicable,216-447-5000,No Aplicable,No Aplicable,1,1,1,1,1.2,20,21.2,0102700359,2/21/2024,2/20/2026,1,
,,,,,,,,,,,,,,,,,,,
VAR-QB00108,Q0303011A,LESS 70% S/P,No Aplicable,PELIGRO,+34 93 739 9445,Provoca lesiones oculares graves. Provoca irritación cutánea.,"Llevar guantes de protección. Llevar gafas o máscara de protección. Lavarse las manos concienzudamente tras la manipulación. EN CASO DE CONTACTO CON LA PIEL: Lavar con agua y jabón abundantes. Quitar las prendas contaminadas y lavarlas antes de volver a usarlas. En caso de irritación cutánea: Consultar a un médico. EN CASO DE CONTACTO CON LOS OJOS: Aclarar cuidadosamente con agua durante varios minutos. Quitar las lentes de contacto, si lleva y resulta fácil. Seguir aclarando. Llamar inmediatamente a un centro de información toxicológica o a un médico. ",e,1,1,1,0.29,1,1.29,,00/00/0000,00/00/0000,1,
VAR-QB00108,Q0303011B,LESS 70% S/P,No Aplicable,PELIGRO,+34 93 739 9445,Provoca lesiones oculares graves. Provoca irritación cutánea.,"Llevar guantes de protección. Llevar gafas o máscara de protección. Lavarse las manos concienzudamente tras la manipulación. EN CASO DE CONTACTO CON LA PIEL: Lavar con agua y jabón abundantes. Quitar las prendas contaminadas y lavarlas antes de volver a usarlas. En caso de irritación cutánea: Consultar a un médico. EN CASO DE CONTACTO CON LOS OJOS: Aclarar cuidadosamente con agua durante varios minutos. Quitar las lentes de contacto, si lleva y resulta fácil. Seguir aclarando. Llamar inmediatamente a un centro de información toxicológica o a un médico. ",e,1,1,1,0.29,2,2.29,,00/00/0000,00/00/0000,1,
VAR-QB00108,Q0303011C,LESS 70% S/P,No Aplicable,PELIGRO,+34 93 739 9445,Provoca lesiones oculares graves. Provoca irritación cutánea.,"Llevar guantes de protección. Llevar gafas o máscara de protección. Lavarse las manos concienzudamente tras la manipulación. EN CASO DE CONTACTO CON LA PIEL: Lavar con agua y jabón abundantes. Quitar las prendas contaminadas y lavarlas antes de volver a usarlas. En caso de irritación cutánea: Consultar a un médico. EN CASO DE CONTACTO CON LOS OJOS: Aclarar cuidadosamente con agua durante varios minutos. Quitar las lentes de contacto, si lleva y resulta fácil. Seguir aclarando. Llamar inmediatamente a un centro de información toxicológica o a un médico. ",e,1,1,1,0.29,3,3.29,,00/00/0000,00/00/0000,1,
VAR-QB00108,Q0303011D,LESS 70% S/P,No Aplicable,PELIGRO,+34 93 739 9445,Provoca lesiones oculares graves. Provoca irritación cutánea.,"Llevar guantes de protección. Llevar gafas o máscara de protección. Lavarse las manos concienzudamente tras la manipulación. EN CASO DE CONTACTO CON LA PIEL: Lavar con agua y jabón abundantes. Quitar las prendas contaminadas y lavarlas antes de volver a usarlas. En caso de irritación cutánea: Consultar a un médico. EN CASO DE CONTACTO CON LOS OJOS: Aclarar cuidadosamente con agua durante varios minutos. Quitar las lentes de contacto, si lleva y resulta fácil. Seguir aclarando. Llamar inmediatamente a un centro de información toxicológica o a un médico. ",e,1,1,1,0.29,4,4.29,,00/00/0000,00/00/0000,1,
VAR-QB00108,Q0303011E,LESS 70% S/P,No Aplicable,PELIGRO,+34 93 739 9445,Provoca lesiones oculares graves. Provoca irritación cutánea.,"Llevar guantes de protección. Llevar gafas o máscara de protección. Lavarse las manos concienzudamente tras la manipulación. EN CASO DE CONTACTO CON LA PIEL: Lavar con agua y jabón abundantes. Quitar las prendas contaminadas y lavarlas antes de volver a usarlas. En caso de irritación cutánea: Consultar a un médico. EN CASO DE CONTACTO CON LOS OJOS: Aclarar cuidadosamente con agua durante varios minutos. Quitar las lentes de contacto, si lleva y resulta fácil. Seguir aclarando. Llamar inmediatamente a un centro de información toxicológica o a un médico. ",e,1,1,1,0.6,5,5.6,,00/00/0000,00/00/0000,1,
VAR-QB00108,Q0303011F,LESS 70% S/P,No Aplicable,PELIGRO,+34 93 739 9445,Provoca lesiones oculares graves. Provoca irritación cutánea.,"Llevar guantes de protección. Llevar gafas o máscara de protección. Lavarse las manos concienzudamente tras la manipulación. EN CASO DE CONTACTO CON LA PIEL: Lavar con agua y jabón abundantes. Quitar las prendas contaminadas y lavarlas antes de volver a usarlas. En caso de irritación cutánea: Consultar a un médico. EN CASO DE CONTACTO CON LOS OJOS: Aclarar cuidadosamente con agua durante varios minutos. Quitar las lentes de contacto, si lleva y resulta fácil. Seguir aclarando. Llamar inmediatamente a un centro de información toxicológica o a un médico. ",e,1,1,1,0.6,10,10.6,,00/00/0000,00/00/0000,1,
VAR-QB00108,Q0303011G,LESS 70% S/P,No Aplicable,PELIGRO,+34 93 739 9445,Provoca lesiones oculares graves. Provoca irritación cutánea.,"Llevar guantes de protección. Llevar gafas o máscara de protección. Lavarse las manos concienzudamente tras la manipulación. EN CASO DE CONTACTO CON LA PIEL: Lavar con agua y jabón abundantes. Quitar las prendas contaminadas y lavarlas antes de volver a usarlas. En caso de irritación cutánea: Consultar a un médico. EN CASO DE CONTACTO CON LOS OJOS: Aclarar cuidadosamente con agua durante varios minutos. Quitar las lentes de contacto, si lleva y resulta fácil. Seguir aclarando. Llamar inmediatamente a un centro de información toxicológica o a un médico. ",e,1,1,1,1.2,15,16.2,,00/00/0000,00/00/0000,1,
VAR-QB00108,Q0303011H,LESS 70% S/P,No Aplicable,PELIGRO,+34 93 739 9445,Provoca lesiones oculares graves. Provoca irritación cutánea.,"Llevar guantes de protección. Llevar gafas o máscara de protección. Lavarse las manos concienzudamente tras la manipulación. EN CASO DE CONTACTO CON LA PIEL: Lavar con agua y jabón abundantes. Quitar las prendas contaminadas y lavarlas antes de volver a usarlas. En caso de irritación cutánea: Consultar a un médico. EN CASO DE CONTACTO CON LOS OJOS: Aclarar cuidadosamente con agua durante varios minutos. Quitar las lentes de contacto, si lleva y resulta fácil. Seguir aclarando. Llamar inmediatamente a un centro de información toxicológica o a un médico. ",e,1,1,1,1.2,20,21.2,,00/00/0000,00/00/0000,1,
,,,,,,,,,,,,,,,,,,,
VAR-QB00138,Q0309013A,SURFAGEL, - , - , - , - , - ,g,1,1,1,0.09,1,1.09,TFT-060625-P,6/6/2025,6/6/2027,1,
VAR-QB00138,Q0309013B,SURFAGEL, - , - , - , - , - ,g,1,1,1,0.29,2,2.29,TFT-060625-P,6/6/2025,6/6/2027,1,
VAR-QB00138,Q0309013C,SURFAGEL, - , - , - , - , - ,g,1,1,1,0.29,3,3.29,TFT-060625-P,6/6/2025,6/6/2027,1,
VAR-QB00138,Q0309013D,SURFAGEL, - , - , - , - , - ,g,1,1,1,0.29,4,4.29,TFT-060625-P,6/6/2025,6/6/2027,1,
VAR-QB00138,Q0309013E,SURFAGEL, - , - , - , - , - ,g,1,1,1,0.6,5,5.6,TFT-060625-P,6/6/2025,6/6/2027,1,
VAR-QB00138,Q0309013F,SURFAGEL, - , - , - , - , - ,g,1,1,1,0.6,10,10.6,TFT-060625-P,6/6/2025,6/6/2027,1,
VAR-QB00138,Q0309013G,SURFAGEL, - , - , - , - , - ,g,1,1,1,1.2,15,16.2,TFT-060625-P,6/6/2025,6/6/2027,1,
VAR-QB00138,Q0309013H,SURFAGEL, - , - , - , - , - ,g,1,1,1,1.2,20,21.2,TFT-060625-P,6/6/2025,6/6/2027,1,
,,,,,,,,,,,,,,,,,,,
IFF-QB00281,P1101018A,TANGO HIDRA, - , - , -  , - , - ,g,h,e,1,0.09,0.5,0.59,0014122407,8/1/2025,8/1/2026,1,
IFF-QB00281,P1101018B,TANGO HIDRA, - , - , -  , - , - ,g,h,e,1,0.09,1,1.09,0014122407,8/1/2025,8/1/2026,1,
IFF-QB00281,P1101018C,TANGO HIDRA, - , - , -  , - , - ,g,h,e,1,0.24,1.5,1.74,0014122407,8/1/2025,8/1/2026,1,
IFF-QB00281,P1101018D,TANGO HIDRA, - , - , -  , - , - ,g,h,e,1,0.24,2,2.24,0014122407,8/1/2025,8/1/2026,1,
IFF-QB00281,P1101018E,TANGO HIDRA, - , - , -  , - , - ,g,h,e,1,0.24,3,3.24,0014122407,8/1/2025,8/1/2026,1,
IFF-QB00281,P1101018F,TANGO HIDRA, - , - , -  , - , - ,g,h,e,1,0.24,4,4.24,0014122407,8/1/2025,8/1/2026,1,
IFF-QB00281,P1101018G,TANGO HIDRA, - , - , -  , - , - ,g,h,e,1,0.28,5,5.28,0014122407,8/1/2025,8/1/2026,1,
IFF-QB00281,P1101018H,TANGO HIDRA, - , - , -  , - , - ,g,h,e,1,0.48,10,10.48,0014122407,8/1/2025,8/1/2026,1,
IFF-QB00281,P1101018I,TANGO HIDRA, - , - , -  , - , - ,g,h,e,1,0.9,15,15.9,0014122407,8/1/2025,8/1/2026,1,
IFF-QB00281,P1101018J,TANGO HIDRA, - , - , -  , - , - ,g,h,e,1,0.9,20,20.9,0014122407,8/1/2025,8/1/2026,1,
IFF-QB00281,P1101018K,TANGO HIDRA, - , - , -  , - , - ,g,h,e,1,2.2,50,52.2,0014122407,8/1/2025,8/1/2026,1,
,,,,,,,,,,,,,,,,,,,
IFF-QB00172,P0602008A,WASH OUT 560,MEZCLA,ATENCION,1 800 002 1400,"H316, H317, H411","P261, P272, P273, P280 P302 + P352, P333 + P313 P362 + P364, P391, P501",G,I,1,1,0.09,0.5,0.59,0016163989,7/12/2025,7/12/2026,1,
IFF-QB00172,P0602008B,WASH OUT 560,MEZCLA,ATENCION,1 800 002 1400,"H316, H317, H411","P261, P272, P273, P280 P302 + P352, P333 + P313 P362 + P364, P391, P501",G,I,1,1,0.09,1,1.09,0016163989,7/12/2025,7/12/2026,1,
IFF-QB00172,P0602008C,WASH OUT 560,MEZCLA,ATENCION,1 800 002 1400,"H316, H317, H411","P261, P272, P273, P280 P302 + P352, P333 + P313 P362 + P364, P391, P501",G,I,1,1,0.24,1.5,1.74,0016163989,7/12/2025,7/12/2026,1,
IFF-QB00172,P0602008D,WASH OUT 560,MEZCLA,ATENCION,1 800 002 1400,"H316, H317, H411","P261, P272, P273, P280 P302 + P352, P333 + P313 P362 + P364, P391, P501",G,I,1,1,0.24,2,2.24,0016163989,7/12/2025,7/12/2026,1,
IFF-QB00172,P0602008E,WASH OUT 560,MEZCLA,ATENCION,1 800 002 1400,"H316, H317, H411","P261, P272, P273, P280 P302 + P352, P333 + P313 P362 + P364, P391, P501",G,I,1,1,0.24,3,3.24,0016163989,7/12/2025,7/12/2026,1,
IFF-QB00172,P0602008F,WASH OUT 560,MEZCLA,ATENCION,1 800 002 1400,"H316, H317, H411","P261, P272, P273, P280 P302 + P352, P333 + P313 P362 + P364, P391, P501",G,I,1,1,0.24,4,4.24,0016163989,7/12/2025,7/12/2026,1,
IFF-QB00172,P0602008G,WASH OUT 560,MEZCLA,ATENCION,1 800 002 1400,"H316, H317, H411","P261, P272, P273, P280 P302 + P352, P333 + P313 P362 + P364, P391, P501",G,I,1,1,0.28,5,5.28,0016163989,7/12/2025,7/12/2026,1,
IFF-QB00172,P0602008H,WASH OUT 560,MEZCLA,ATENCION,1 800 002 1400,"H316, H317, H411","P261, P272, P273, P280 P302 + P352, P333 + P313 P362 + P364, P391, P501",G,I,1,1,0.48,10,10.48,0016163989,7/12/2025,7/12/2026,1,
IFF-QB00172,P0602008I,WASH OUT 560,MEZCLA,ATENCION,1 800 002 1400,"H316, H317, H411","P261, P272, P273, P280 P302 + P352, P333 + P313 P362 + P364, P391, P501",G,I,1,1,0.9,15,15.9,0016163989,7/12/2025,7/12/2026,1,
IFF-QB00172,P0602008J,WASH OUT 560,MEZCLA,ATENCION,1 800 002 1400,"H316, H317, H411","P261, P272, P273, P280 P302 + P352, P333 + P313 P362 + P364, P391, P501",G,I,1,1,0.9,20,20.9,0016163989,7/12/2025,7/12/2026,1,
,,,,,,,,,,,,,,,,,,,
VAR-QB00089,Q0318043A,EXTRACTO DE SEMILLA DE TORONJA S/p, - , - , - , - , - ,1,1,1,1,0.09,0.5,0.59,,00/00/0000,00/00/0000,1,
VAR-QB00089,Q0318043B,EXTRACTO DE SEMILLA DE TORONJA S/p, - , - , - , - , - ,1,1,1,1,0.09,1,1.09,,00/00/0000,00/00/0000,1,
VAR-QB00089,Q0318043C,EXTRACTO DE SEMILLA DE TORONJA S/p, - , - , - , - , - ,1,1,1,1,0.24,1.5,1.74,,00/00/0000,00/00/0000,1,
VAR-QB00089,Q0318043D,EXTRACTO DE SEMILLA DE TORONJA S/p, - , - , - , - , - ,1,1,1,1,0.24,2,2.24,,00/00/0000,00/00/0000,1,
VAR-QB00089,Q0318043E,EXTRACTO DE SEMILLA DE TORONJA S/p, - , - , - , - , - ,1,1,1,1,0.24,3,3.24,,00/00/0000,00/00/0000,1,
VAR-QB00089,Q0318043F,EXTRACTO DE SEMILLA DE TORONJA S/p, - , - , - , - , - ,1,1,1,1,0.24,4,4.24,,00/00/0000,00/00/0000,1,
VAR-QB00089,Q0318043G,EXTRACTO DE SEMILLA DE TORONJA S/p, - , - , - , - , - ,1,1,1,1,0.28,5,5.28,,00/00/0000,00/00/0000,1,
,,,,,,,,,,,,,,,,,,,
VAR-QB00148,Q0318006A,VITAMINA E, - , -, -, -, -,1,1,1,1,0.29,0.5,0.75,UT21040125,4/4/2021,4/3/2025,1,
VAR-QB00148,Q0318006B,VITAMINA E, - , -, -, -, -,1,1,1,1,0.29,1,1.29,UT21040125,4/4/2021,4/3/2025,1,
VAR-QB00148,Q0318006C,VITAMINA E, - , -, -, -, -,1,1,1,1,0.29,2,2.29,UT21040125,4/4/2021,4/3/2025,1,
VAR-QB00148,Q0318006D,VITAMINA E, - , -, -, -, -,1,1,1,1,0.29,3,3.29,UT21040125,4/4/2021,4/3/2025,1,
VAR-QB00148,Q0318006E,VITAMINA E, - , -, -, -, -,1,1,1,1,0.29,4,4.29,UT21040125,4/4/2021,4/3/2025,1,
VAR-QB00148,Q0318006F,VITAMINA E, - , -, -, -, -,1,1,1,1,0.6,5,5.6,UT21040125,4/4/2021,4/3/2025,1,
VAR-QB00148,Q0318006G,VITAMINA E, - , -, -, -, -,1,1,1,1,0.6,10,10.6,UT21040125,4/4/2021,4/3/2025,1,
VAR-QB00148,Q0318006H,VITAMINA E, - , -, -, -, -,1,1,1,1,1.2,15,16.2,UT21040125,4/4/2021,4/3/2025,1,
,,,,,,,,,,,,,,,,,,,
IFF-QB00086,P0311027A,CLEANWOOD 860 S/P,Mezcla,ATENCION,1 800 002 1400,"H227, H316, H317,
H411","P210, P261, P272, P273, P280, P302 + P352, P333 + P313, P362 + P364, P370 + P378, P391, P403 + P235, P501",G,I,1,1,0.09,0.5,0.59,16196518,10/3/2023,10/2/2024,1,
IFF-QB00086,P0311027B,CLEANWOOD 860 S/P,Mezcla,ATENCION,1 800 002 1400,"H227, H316, H317,
H411","P210, P261, P272, P273, P280, P302 + P352, P333 + P313, P362 + P364, P370 + P378, P391, P403 + P235, P501",G,I,1,1,0.09,1,1.09,16196518,10/3/2023,10/2/2024,1,
IFF-QB00086,P0311027C,CLEANWOOD 860 S/P,Mezcla,ATENCION,1 800 002 1400,"H227, H316, H317,
H411","P210, P261, P272, P273, P280, P302 + P352, P333 + P313, P362 + P364, P370 + P378, P391, P403 + P235, P501",G,I,1,1,0.24,1.5,1.74,16196518,10/3/2023,10/2/2024,1,
IFF-QB00086,P0311027D,CLEANWOOD 860 S/P,Mezcla,ATENCION,1 800 002 1400,"H227, H316, H317,
H411","P210, P261, P272, P273, P280, P302 + P352, P333 + P313, P362 + P364, P370 + P378, P391, P403 + P235, P501",G,I,1,1,0.24,2,2.24,16196518,10/3/2023,10/2/2024,1,
IFF-QB00086,P0311027E,CLEANWOOD 860 S/P,Mezcla,ATENCION,1 800 002 1400,"H227, H316, H317,
H411","P210, P261, P272, P273, P280, P302 + P352, P333 + P313, P362 + P364, P370 + P378, P391, P403 + P235, P501",G,I,1,1,0.24,3,3.24,16196518,10/3/2023,10/2/2024,1,
IFF-QB00086,P0311027F,CLEANWOOD 860 S/P,Mezcla,ATENCION,1 800 002 1400,"H227, H316, H317,
H411","P210, P261, P272, P273, P280, P302 + P352, P333 + P313, P362 + P364, P370 + P378, P391, P403 + P235, P501",G,I,1,1,0.24,4,4.24,16196518,10/3/2023,10/2/2024,1,
IFF-QB00086,P0311027G,CLEANWOOD 860 S/P,Mezcla,ATENCION,1 800 002 1400,"H227, H316, H317,
H411","P210, P261, P272, P273, P280, P302 + P352, P333 + P313, P362 + P364, P370 + P378, P391, P403 + P235, P501",G,I,1,1,0.28,5,5.28,16196518,10/3/2023,10/2/2024,1,
IFF-QB00086,P0311027H,CLEANWOOD 860 S/P,Mezcla,ATENCION,1 800 002 1400,"H227, H316, H317,
H411","P210, P261, P272, P273, P280, P302 + P352, P333 + P313, P362 + P364, P370 + P378, P391, P403 + P235, P501",G,I,1,1,0.48,10,10.48,16196518,10/3/2023,10/2/2024,1,
IFF-QB00086,P0311027I,CLEANWOOD 860 S/P,Mezcla,ATENCION,1 800 002 1400,"H227, H316, H317,
H411","P210, P261, P272, P273, P280, P302 + P352, P333 + P313, P362 + P364, P370 + P378, P391, P403 + P235, P501",G,I,1,1,0.9,15,15.9,16196518,10/3/2023,10/2/2024,1,
IFF-QB00086,P0311027J,CLEANWOOD 860 S/P,Mezcla,ATENCION,1 800 002 1400,"H227, H316, H317,
H411","P210, P261, P272, P273, P280, P302 + P352, P333 + P313, P362 + P364, P370 + P378, P391, P403 + P235, P501",G,I,1,1,0.9,20,20.9,16196518,10/3/2023,10/2/2024,1,
,,,,,,,,,,,,,,,,,,,
IFF-QB00096,P0303017A,LIQUID FEEL 382,Mezcla,PELIGRO,01 800 002 1400,"H227, H303, H304,
H315, H317, H319,
H361, H400, H411","P201, P202, P210, P261, P264,
P272, P273, P280, P301 + P310,
P302 + P352, P305 + P351 + P338,
P312, P331, P333 + P313,
P337 + P313, P362 + P364,
P370 + P378, P391, P403 + P235,
P405, P501",G,H,I,1,0.09,0.5,0.59,14399574,3/31/2022,3/31/2023,1,
IFF-QB00096,P0303017B,LIQUID FEEL 382,Mezcla,PELIGRO,01 800 002 1400,"H227, H303, H304,
H315, H317, H319,
H361, H400, H411","P201, P202, P210, P261, P264,
P272, P273, P280, P301 + P310,
P302 + P352, P305 + P351 + P338,
P312, P331, P333 + P313,
P337 + P313, P362 + P364,
P370 + P378, P391, P403 + P235,
P405, P501",G,H,I,1,0.09,1,1.09,14399574,3/31/2022,3/31/2023,1,
IFF-QB00096,P0303017C,LIQUID FEEL 382,Mezcla,PELIGRO,01 800 002 1400,"H227, H303, H304,
H315, H317, H319,
H361, H400, H411","P201, P202, P210, P261, P264,
P272, P273, P280, P301 + P310,
P302 + P352, P305 + P351 + P338,
P312, P331, P333 + P313,
P337 + P313, P362 + P364,
P370 + P378, P391, P403 + P235,
P405, P501",G,H,I,1,0.24,1.5,1.74,14399574,3/31/2022,3/31/2023,1,
IFF-QB00096,P0303017D,LIQUID FEEL 382,Mezcla,PELIGRO,01 800 002 1400,"H227, H303, H304,
H315, H317, H319,
H361, H400, H411","P201, P202, P210, P261, P264,
P272, P273, P280, P301 + P310,
P302 + P352, P305 + P351 + P338,
P312, P331, P333 + P313,
P337 + P313, P362 + P364,
P370 + P378, P391, P403 + P235,
P405, P501",G,H,I,1,0.24,2,2.24,14399574,3/31/2022,3/31/2023,1,
IFF-QB00096,P0303017E,LIQUID FEEL 382,Mezcla,PELIGRO,01 800 002 1400,"H227, H303, H304,
H315, H317, H319,
H361, H400, H411","P201, P202, P210, P261, P264,
P272, P273, P280, P301 + P310,
P302 + P352, P305 + P351 + P338,
P312, P331, P333 + P313,
P337 + P313, P362 + P364,
P370 + P378, P391, P403 + P235,
P405, P501",G,H,I,1,0.24,3,3.24,14399574,3/31/2022,3/31/2023,1,
IFF-QB00096,P0303017F,LIQUID FEEL 382,Mezcla,PELIGRO,01 800 002 1400,"H227, H303, H304,
H315, H317, H319,
H361, H400, H411","P201, P202, P210, P261, P264,
P272, P273, P280, P301 + P310,
P302 + P352, P305 + P351 + P338,
P312, P331, P333 + P313,
P337 + P313, P362 + P364,
P370 + P378, P391, P403 + P235,
P405, P501",G,H,I,1,0.24,4,4.24,14399574,3/31/2022,3/31/2023,1,
IFF-QB00096,P0303017G,LIQUID FEEL 382,Mezcla,PELIGRO,01 800 002 1400,"H227, H303, H304,
H315, H317, H319,
H361, H400, H411","P201, P202, P210, P261, P264,
P272, P273, P280, P301 + P310,
P302 + P352, P305 + P351 + P338,
P312, P331, P333 + P313,
P337 + P313, P362 + P364,
P370 + P378, P391, P403 + P235,
P405, P501",G,H,I,1,0.28,5,5.28,14399574,3/31/2022,3/31/2023,1,
IFF-QB00096,P0303017H,LIQUID FEEL 382,Mezcla,PELIGRO,01 800 002 1400,"H227, H303, H304,
H315, H317, H319,
H361, H400, H411","P201, P202, P210, P261, P264,
P272, P273, P280, P301 + P310,
P302 + P352, P305 + P351 + P338,
P312, P331, P333 + P313,
P337 + P313, P362 + P364,
P370 + P378, P391, P403 + P235,
P405, P501",G,H,I,1,0.48,10,10.48,14399574,3/31/2022,3/31/2023,1,
IFF-QB00096,P0303017I,LIQUID FEEL 382,Mezcla,PELIGRO,01 800 002 1400,"H227, H303, H304,
H315, H317, H319,
H361, H400, H411","P201, P202, P210, P261, P264,
P272, P273, P280, P301 + P310,
P302 + P352, P305 + P351 + P338,
P312, P331, P333 + P313,
P337 + P313, P362 + P364,
P370 + P378, P391, P403 + P235,
P405, P501",G,H,I,1,0.9,15,15.9,14399574,3/31/2022,3/31/2023,1,
IFF-QB00096,P0303017J,LIQUID FEEL 382,Mezcla,PELIGRO,01 800 002 1400,"H227, H303, H304,
H315, H317, H319,
H361, H400, H411","P201, P202, P210, P261, P264,
P272, P273, P280, P301 + P310,
P302 + P352, P305 + P351 + P338,
P312, P331, P333 + P313,
P337 + P313, P362 + P364,
P370 + P378, P391, P403 + P235,
P405, P501",G,H,I,1,0.9,20,20.9,14399574,3/31/2022,3/31/2023,1,
,,,,,,,,,,,,,,,,,,,
VAR-QB00134,Q0317034A,SALICILATO DE METILO,Mezcla,ATENCION,,"H227, H316, H317,
H411","P210, P261, P272, P273, P280, P302 + P352, P333 + P313, P362 + P364, P370 + P378, P391, P403 + P235, P501",G,I,1,1,0.09,0.5,0.59,HJ2308002,8/2/2023,8/1/2026,1,
VAR-QB00134,Q0317034B,SALICILATO DE METILO,Mezcla,ATENCION,,"H227, H316, H317,
H411","P210, P261, P272, P273, P280, P302 + P352, P333 + P313, P362 + P364, P370 + P378, P391, P403 + P235, P501",G,I,1,1,0.09,1,1.09,HJ2308002,8/2/2023,8/1/2026,1,
VAR-QB00134,Q0317034C,SALICILATO DE METILO,Mezcla,ATENCION,,"H227, H316, H317,
H411","P210, P261, P272, P273, P280, P302 + P352, P333 + P313, P362 + P364, P370 + P378, P391, P403 + P235, P501",G,I,1,1,0.24,2,2.24,HJ2308002,8/2/2023,8/1/2026,1,
VAR-QB00134,Q0317034D,SALICILATO DE METILO,Mezcla,ATENCION,,"H227, H316, H317,
H411","P210, P261, P272, P273, P280, P302 + P352, P333 + P313, P362 + P364, P370 + P378, P391, P403 + P235, P501",G,I,1,1,0.24,3,3.24,HJ2308002,8/2/2023,8/1/2026,1,
VAR-QB00134,Q0317034E,SALICILATO DE METILO,Mezcla,ATENCION,,"H227, H316, H317,
H411","P210, P261, P272, P273, P280, P302 + P352, P333 + P313, P362 + P364, P370 + P378, P391, P403 + P235, P501",G,I,1,1,0.24,4,4.24,HJ2308002,8/2/2023,8/1/2026,1,
VAR-QB00134,Q0317034F,SALICILATO DE METILO,Mezcla,ATENCION,,"H227, H316, H317,
H411","P210, P261, P272, P273, P280, P302 + P352, P333 + P313, P362 + P364, P370 + P378, P391, P403 + P235, P501",G,I,1,1,0.28,5,5.28,HJ2308002,8/2/2023,8/1/2026,1,
VAR-QB00134,Q0317034G,SALICILATO DE METILO,Mezcla,ATENCION,,"H227, H316, H317,
H411","P210, P261, P272, P273, P280, P302 + P352, P333 + P313, P362 + P364, P370 + P378, P391, P403 + P235, P501",G,I,1,1,0.48,10,10.48,HJ2308002,8/2/2023,8/1/2026,1,
VAR-QB00134,Q0317034H,SALICILATO DE METILO,Mezcla,ATENCION,,"H227, H316, H317,
H411","P210, P261, P272, P273, P280, P302 + P352, P333 + P313, P362 + P364, P370 + P378, P391, P403 + P235, P501",G,I,1,1,0.9,15,15.9,HJ2308002,8/2/2023,8/1/2026,1,
VAR-QB00134,Q0317034I,SALICILATO DE METILO,Mezcla,ATENCION,,"H227, H316, H317,
H411","P210, P261, P272, P273, P280, P302 + P352, P333 + P313, P362 + P364, P370 + P378, P391, P403 + P235, P501",G,I,1,1,0.9,20,20.9,HJ2308002,8/2/2023,8/1/2026,1,
,,,,,,,,,,,,,,,,,,,
IFF-QB00106,P0311026A,SANDALWOOD,Mezcla,ATENCION,1 800 002 1400,"H227, H316, H317,
H411","P210, P261, P272, P273, P280, P302 + P352, P333 + P313, P362 + P364, P370 + P378, P391, P403 + P235, P501",G,I,1,1,0.09,0.5,0.59,0018221816,4/28/2025,4/28/2026,1,
IFF-QB00106,P0311026B,SANDALWOOD,Mezcla,ATENCION,1 800 002 1400,"H227, H316, H317,
H411","P210, P261, P272, P273, P280, P302 + P352, P333 + P313, P362 + P364, P370 + P378, P391, P403 + P235, P501",G,I,1,1,0.09,1,1.09,0018221816,4/28/2025,4/28/2026,1,
IFF-QB00106,P0311026C,SANDALWOOD,Mezcla,ATENCION,1 800 002 1400,"H227, H316, H317,
H411","P210, P261, P272, P273, P280, P302 + P352, P333 + P313, P362 + P364, P370 + P378, P391, P403 + P235, P501",G,I,1,1,0.24,1.5,1.74,0018221816,4/28/2025,4/28/2026,1,
IFF-QB00106,P0311026D,SANDALWOOD,Mezcla,ATENCION,1 800 002 1400,"H227, H316, H317,
H411","P210, P261, P272, P273, P280, P302 + P352, P333 + P313, P362 + P364, P370 + P378, P391, P403 + P235, P501",G,I,1,1,0.24,2,2.24,0018221816,4/28/2025,4/28/2026,1,
IFF-QB00106,P0311026E,SANDALWOOD,Mezcla,ATENCION,1 800 002 1400,"H227, H316, H317,
H411","P210, P261, P272, P273, P280, P302 + P352, P333 + P313, P362 + P364, P370 + P378, P391, P403 + P235, P501",G,I,1,1,0.24,3,3.24,0018221816,4/28/2025,4/28/2026,1,
IFF-QB00106,P0311026F,SANDALWOOD,Mezcla,ATENCION,1 800 002 1400,"H227, H316, H317,
H411","P210, P261, P272, P273, P280, P302 + P352, P333 + P313, P362 + P364, P370 + P378, P391, P403 + P235, P501",G,I,1,1,0.24,4,4.24,0018221816,4/28/2025,4/28/2026,1,
IFF-QB00106,P0311026G,SANDALWOOD,Mezcla,ATENCION,1 800 002 1400,"H227, H316, H317,
H411","P210, P261, P272, P273, P280, P302 + P352, P333 + P313, P362 + P364, P370 + P378, P391, P403 + P235, P501",G,I,1,1,0.28,5,5.28,0018221816,4/28/2025,4/28/2026,1,
IFF-QB00106,P0311026H,SANDALWOOD,Mezcla,ATENCION,1 800 002 1400,"H227, H316, H317,
H411","P210, P261, P272, P273, P280, P302 + P352, P333 + P313, P362 + P364, P370 + P378, P391, P403 + P235, P501",G,I,1,1,0.48,10,10.48,0018221816,4/28/2025,4/28/2026,1,
IFF-QB00106,P0311026I,SANDALWOOD,Mezcla,ATENCION,1 800 002 1400,"H227, H316, H317,
H411","P210, P261, P272, P273, P280, P302 + P352, P333 + P313, P362 + P364, P370 + P378, P391, P403 + P235, P501",G,I,1,1,0.9,15,15.9,0018221816,4/28/2025,4/28/2026,1,
IFF-QB00106,P0311026J,SANDALWOOD,Mezcla,ATENCION,1 800 002 1400,"H227, H316, H317,
H411","P210, P261, P272, P273, P280, P302 + P352, P333 + P313, P362 + P364, P370 + P378, P391, P403 + P235, P501",G,I,1,1,0.9,20,20.9,0018221816,4/28/2025,4/28/2026,1,
,,,,,,,,,,,,,,,,,,,
LUB-QB00067,Q0404004A,SILSENSE DW-18,-,ATENCION,216-447-5000,H316: Provoca una leve irritación cutánea,P332+P313: En caso de irritación cutánea: Consultar a un médico,1,1,1,1,0.09,0.5,0.59,0000226548,11/8/2024,11/8/2025,1,
LUB-QB00067,Q0404004B,SILSENSE DW-18,-,ATENCION,216-447-5000,H316: Provoca una leve irritación cutánea,P332+P313: En caso de irritación cutánea: Consultar a un médico,1,1,1,1,0.09,1,1.09,0000226548,11/8/2024,11/8/2025,1,
LUB-QB00067,Q0404004C,SILSENSE DW-18,-,ATENCION,216-447-5000,H316: Provoca una leve irritación cutánea,P332+P313: En caso de irritación cutánea: Consultar a un médico,1,1,1,1,0.24,2,2.24,0000226548,11/8/2024,11/8/2025,1,
LUB-QB00067,Q0404004D,SILSENSE DW-18,-,ATENCION,216-447-5000,H316: Provoca una leve irritación cutánea,P332+P313: En caso de irritación cutánea: Consultar a un médico,1,1,1,1,0.24,3,3.24,0000226548,11/8/2024,11/8/2025,1,
LUB-QB00067,Q0404004E,SILSENSE DW-18,-,ATENCION,216-447-5000,H316: Provoca una leve irritación cutánea,P332+P313: En caso de irritación cutánea: Consultar a un médico,1,1,1,1,0.24,4,4.24,0000226548,11/8/2024,11/8/2025,1,
LUB-QB00067,Q0404004F,SILSENSE DW-18,-,ATENCION,216-447-5000,H316: Provoca una leve irritación cutánea,P332+P313: En caso de irritación cutánea: Consultar a un médico,1,1,1,1,0.28,5,5.28,0000226548,11/8/2024,11/8/2025,1,
LUB-QB00067,Q0404004G,SILSENSE DW-18,-,ATENCION,216-447-5000,H316: Provoca una leve irritación cutánea,P332+P313: En caso de irritación cutánea: Consultar a un médico,1,1,1,1,0.48,10,10.48,0000226548,11/8/2024,11/8/2025,1,
LUB-QB00067,Q0404004H,SILSENSE DW-18,-,ATENCION,216-447-5000,H316: Provoca una leve irritación cutánea,P332+P313: En caso de irritación cutánea: Consultar a un médico,1,1,1,1,0.9,15,15.9,0000226548,11/8/2024,11/8/2025,1,
,,,,,,,,,,,,,,,,,,,
IFF-QB00097,P0303009A,LOVELY POSSION 504,Mezcla,ATENCION,1 800 002 1400,"H227, H316, H317,
H411","P210, P261, P272, P273, P280, P302 + P352, P333 + P313, P362 + P364, P370 + P378, P391, P403 + P235, P501",G,1,1,1,0.09,0.5,0.59,0015710846,10/2/2025,10/2/2026,1,
IFF-QB00097,P0303009B,LOVELY POSSION 504,Mezcla,ATENCION,1 800 002 1400,"H227, H316, H317,
H411","P210, P261, P272, P273, P280, P302 + P352, P333 + P313, P362 + P364, P370 + P378, P391, P403 + P235, P501",G,1,1,1,0.09,1,1.09,0015710846,10/2/2025,10/2/2026,1,
IFF-QB00097,P0303009C,LOVELY POSSION 504,Mezcla,ATENCION,1 800 002 1400,"H227, H316, H317,
H411","P210, P261, P272, P273, P280, P302 + P352, P333 + P313, P362 + P364, P370 + P378, P391, P403 + P235, P501",G,1,1,1,0.24,1.5,1.74,0015710846,10/2/2025,10/2/2026,1,
IFF-QB00097,P0303009D,LOVELY POSSION 504,Mezcla,ATENCION,1 800 002 1400,"H227, H316, H317,
H411","P210, P261, P272, P273, P280, P302 + P352, P333 + P313, P362 + P364, P370 + P378, P391, P403 + P235, P501",G,1,1,1,0.24,2,2.24,0015710846,10/2/2025,10/2/2026,1,
IFF-QB00097,P0303009E,LOVELY POSSION 504,Mezcla,ATENCION,1 800 002 1400,"H227, H316, H317,
H411","P210, P261, P272, P273, P280, P302 + P352, P333 + P313, P362 + P364, P370 + P378, P391, P403 + P235, P501",G,1,1,1,0.24,3,3.24,0015710846,10/2/2025,10/2/2026,1,
IFF-QB00097,P0303009F,LOVELY POSSION 504,Mezcla,ATENCION,1 800 002 1400,"H227, H316, H317,
H411","P210, P261, P272, P273, P280, P302 + P352, P333 + P313, P362 + P364, P370 + P378, P391, P403 + P235, P501",G,1,1,1,0.24,4,4.24,0015710846,10/2/2025,10/2/2026,1,
IFF-QB00097,P0303009G,LOVELY POSSION 504,Mezcla,ATENCION,1 800 002 1400,"H227, H316, H317,
H411","P210, P261, P272, P273, P280, P302 + P352, P333 + P313, P362 + P364, P370 + P378, P391, P403 + P235, P501",G,1,1,1,0.28,5,5.28,0015710846,10/2/2025,10/2/2026,1,
IFF-QB00097,P0303009H,LOVELY POSSION 504,Mezcla,ATENCION,1 800 002 1400,"H227, H316, H317,
H411","P210, P261, P272, P273, P280, P302 + P352, P333 + P313, P362 + P364, P370 + P378, P391, P403 + P235, P501",G,1,1,1,0.48,10,10.48,0015710846,10/2/2025,10/2/2026,1,
IFF-QB00097,P0303009I,LOVELY POSSION 504,Mezcla,ATENCION,1 800 002 1400,"H227, H316, H317,
H411","P210, P261, P272, P273, P280, P302 + P352, P333 + P313, P362 + P364, P370 + P378, P391, P403 + P235, P501",G,1,1,1,0.9,15,15.9,0015710846,10/2/2025,10/2/2026,1,
IFF-QB00097,P0303009J,LOVELY POSSION 504,Mezcla,ATENCION,1 800 002 1400,"H227, H316, H317,
H411","P210, P261, P272, P273, P280, P302 + P352, P333 + P313, P362 + P364, P370 + P378, P391, P403 + P235, P501",G,1,1,1,0.9,20,20.9,0015710846,10/2/2025,10/2/2026,1,
,,,,,,,,,,,,,,,,,,,
IFF-QB00102,P0311025A,OLD WOOD 789 S/P,Mezcla,ATENCION,,,,g,1,1,1,0.09,0.5,0.59,15383347,12/30/2023,12/30/2024,1,
IFF-QB00102,P0311025B,OLD WOOD 789 S/P,Mezcla,ATENCION,,,,g,1,1,1,0.09,1,1.09,15383347,12/30/2023,12/30/2024,1,
IFF-QB00102,P0311025C,OLD WOOD 789 S/P,Mezcla,ATENCION,,,,g,1,1,1,0.24,1.5,1.74,15383347,12/30/2023,12/30/2024,1,
IFF-QB00102,P0311025D,OLD WOOD 789 S/P,Mezcla,ATENCION,,,,g,1,1,1,0.24,2,2.24,15383347,12/30/2023,12/30/2024,1,
IFF-QB00102,P0311025E,OLD WOOD 789 S/P,Mezcla,ATENCION,,,,g,1,1,1,0.24,3,3.24,15383347,12/30/2023,12/30/2024,1,
IFF-QB00102,P0311025F,OLD WOOD 789 S/P,Mezcla,ATENCION,,,,g,1,1,1,0.24,4,4.24,15383347,12/30/2023,12/30/2024,1,
IFF-QB00102,P0311025G,OLD WOOD 789 S/P,Mezcla,ATENCION,,,,g,1,1,1,0.28,5,5.28,15383347,12/30/2023,12/30/2024,1,
IFF-QB00102,P0311025H,OLD WOOD 789 S/P,Mezcla,ATENCION,,,,g,1,1,1,0.48,10,10.48,15383347,12/30/2023,12/30/2024,1,
IFF-QB00102,P0311025I,OLD WOOD 789 S/P,Mezcla,ATENCION,,,,g,1,1,1,0.9,15,15.9,15383347,12/30/2023,12/30/2024,1,
IFF-QB00102,P0311025J,OLD WOOD 789 S/P,Mezcla,ATENCION,,,,g,1,1,1,0.9,20,20.9,15383347,12/30/2023,12/30/2024,1,
,,,,,,,,,,,,,,,,,,,
LUB-QB00016,Q0401004A,CARBOPOL AQUA SF2 S/P,No Aplicable,No Aplicable,216-447-5000,No Aplicable,No Aplicable,1,1,1,1,0.28,5,5.28,,00/00/0000,00/00/0000,1,
LUB-QB00016,Q0401004B,CARBOPOL AQUA SF2 S/P,No Aplicable,No Aplicable,216-447-5000,No Aplicable,No Aplicable,1,1,1,1,0.48,10,10.48,,00/00/0000,00/00/0000,1,
LUB-QB00016,Q0401004C,CARBOPOL AQUA SF2 S/P,No Aplicable,No Aplicable,216-447-5000,No Aplicable,No Aplicable,1,1,1,1,0.9,15,15.9,,00/00/0000,00/00/0000,1,
LUB-QB00016,Q0401004D,CARBOPOL AQUA SF2 S/P,No Aplicable,No Aplicable,216-447-5000,No Aplicable,No Aplicable,1,1,1,1,0.9,20,20.9,,00/00/0000,00/00/0000,1,
LUB-QB00016,Q0401004E,CARBOPOL AQUA SF2 S/P,No Aplicable,No Aplicable,216-447-5000,No Aplicable,No Aplicable,1,1,1,1,2.2,50,52.2,,00/00/0000,00/00/0000,1,
,,,,,,,,,,,,,,,,,,,
IFF-QB00078,P0311024A,CEDARLOVE 443 S/P,,ATENCION,01 800 002 1400,"H315, H317, H319
H361, H411","P201, P202, P261, P264, P272,
P273, P280, P302 + P352,
P305 + P351 + P338, P308 + P313,
P333 + P313, P337 + P313,
P362 + P364, P391, P405, P501",1,G,1,1,0.09,0.5,0.59,12567755,11/13/2020,11/13/2021,1,
IFF-QB00078,P0311024B,CEDARLOVE 443 S/P,,ATENCION,01 800 002 1400,"H315, H317, H319
H361, H411","P201, P202, P261, P264, P272,
P273, P280, P302 + P352,
P305 + P351 + P338, P308 + P313,
P333 + P313, P337 + P313,
P362 + P364, P391, P405, P501",1,G,1,1,0.09,1,1.09,12567755,11/13/2020,11/13/2021,1,
IFF-QB00078,P0311024C,CEDARLOVE 443 S/P,,ATENCION,01 800 002 1400,"H315, H317, H319
H361, H411","P201, P202, P261, P264, P272,
P273, P280, P302 + P352,
P305 + P351 + P338, P308 + P313,
P333 + P313, P337 + P313,
P362 + P364, P391, P405, P501",1,G,1,1,0.24,1.5,1.74,12567755,11/13/2020,11/13/2021,1,
IFF-QB00078,P0311024D,CEDARLOVE 443 S/P,,ATENCION,01 800 002 1400,"H315, H317, H319
H361, H411","P201, P202, P261, P264, P272,
P273, P280, P302 + P352,
P305 + P351 + P338, P308 + P313,
P333 + P313, P337 + P313,
P362 + P364, P391, P405, P501",1,G,1,1,0.24,2,2.24,12567755,11/13/2020,11/13/2021,1,
IFF-QB00078,P0311024E,CEDARLOVE 443 S/P,,ATENCION,01 800 002 1400,"H315, H317, H319
H361, H411","P201, P202, P261, P264, P272,
P273, P280, P302 + P352,
P305 + P351 + P338, P308 + P313,
P333 + P313, P337 + P313,
P362 + P364, P391, P405, P501",1,G,1,1,0.24,3,3.24,12567755,11/13/2020,11/13/2021,1,
IFF-QB00078,P0311024F,CEDARLOVE 443 S/P,,ATENCION,01 800 002 1400,"H315, H317, H319
H361, H411","P201, P202, P261, P264, P272,
P273, P280, P302 + P352,
P305 + P351 + P338, P308 + P313,
P333 + P313, P337 + P313,
P362 + P364, P391, P405, P501",1,G,1,1,0.24,4,4.24,12567755,11/13/2020,11/13/2021,1,
IFF-QB00078,P0311024G,CEDARLOVE 443 S/P,,ATENCION,01 800 002 1400,"H315, H317, H319
H361, H411","P201, P202, P261, P264, P272,
P273, P280, P302 + P352,
P305 + P351 + P338, P308 + P313,
P333 + P313, P337 + P313,
P362 + P364, P391, P405, P501",1,G,1,1,0.28,5,5.28,12567755,11/13/2020,11/13/2021,1,
IFF-QB00078,P0311024H,CEDARLOVE 443 S/P,,ATENCION,01 800 002 1400,"H315, H317, H319
H361, H411","P201, P202, P261, P264, P272,
P273, P280, P302 + P352,
P305 + P351 + P338, P308 + P313,
P333 + P313, P337 + P313,
P362 + P364, P391, P405, P501",1,G,1,1,0.48,10,10.48,12567755,11/13/2020,11/13/2021,1,
IFF-QB00078,P0311024I,CEDARLOVE 443 S/P,,ATENCION,01 800 002 1400,"H315, H317, H319
H361, H411","P201, P202, P261, P264, P272,
P273, P280, P302 + P352,
P305 + P351 + P338, P308 + P313,
P333 + P313, P337 + P313,
P362 + P364, P391, P405, P501",1,G,1,1,0.9,15,15.9,12567755,11/13/2020,11/13/2021,1,
IFF-QB00078,P0311024J,CEDARLOVE 443 S/P,,ATENCION,01 800 002 1400,"H315, H317, H319
H361, H411","P201, P202, P261, P264, P272,
P273, P280, P302 + P352,
P305 + P351 + P338, P308 + P313,
P333 + P313, P337 + P313,
P362 + P364, P391, P405, P501",1,G,1,1,0.9,20,20.9,12567755,11/13/2020,11/13/2021,1,
,,,,,,,,,,,,,,,,,,,
IFF-QB00292,P0404015A,GREEN HOUSE S/P,Mezcla,ATENCION,1 800 002 1400,"H227, H303, H315, H317, H319, H361
H400, H411","P201, P202, P210, P261, P264,
P272, P273, P280, P302 + P352,
P305 + P351 + P338, P312,
P333 + P313, P337 + P313
P362 + P364, P370 + P378, P391
P403 + P235, P405, P501",G,1,H,1,0.09,0.5,0.59,13109428,5/13/2023,5/13/2024,1,
IFF-QB00292,P0404015B,GREEN HOUSE S/P,Mezcla,ATENCION,1 800 002 1400,"H227, H303, H315, H317, H319, H361
H400, H411","P201, P202, P210, P261, P264,
P272, P273, P280, P302 + P352,
P305 + P351 + P338, P312,
P333 + P313, P337 + P313
P362 + P364, P370 + P378, P391
P403 + P235, P405, P501",G,1,H,1,0.09,1,1.09,13109428,5/13/2023,5/13/2024,1,
IFF-QB00292,P0404015C,GREEN HOUSE S/P,Mezcla,ATENCION,1 800 002 1400,"H227, H303, H315, H317, H319, H361
H400, H411","P201, P202, P210, P261, P264,
P272, P273, P280, P302 + P352,
P305 + P351 + P338, P312,
P333 + P313, P337 + P313
P362 + P364, P370 + P378, P391
P403 + P235, P405, P501",G,1,H,1,0.24,1.5,1.74,13109428,5/13/2023,5/13/2024,1,
IFF-QB00292,P0404015D,GREEN HOUSE S/P,Mezcla,ATENCION,1 800 002 1400,"H227, H303, H315, H317, H319, H361
H400, H411","P201, P202, P210, P261, P264,
P272, P273, P280, P302 + P352,
P305 + P351 + P338, P312,
P333 + P313, P337 + P313
P362 + P364, P370 + P378, P391
P403 + P235, P405, P501",G,1,H,1,0.24,2,2.24,13109428,5/13/2023,5/13/2024,1,
IFF-QB00292,P0404015E,GREEN HOUSE S/P,Mezcla,ATENCION,1 800 002 1400,"H227, H303, H315, H317, H319, H361
H400, H411","P201, P202, P210, P261, P264,
P272, P273, P280, P302 + P352,
P305 + P351 + P338, P312,
P333 + P313, P337 + P313
P362 + P364, P370 + P378, P391
P403 + P235, P405, P501",G,1,H,1,0.24,3,3.24,13109428,5/13/2023,5/13/2024,1,
IFF-QB00292,P0404015F,GREEN HOUSE S/P,Mezcla,ATENCION,1 800 002 1400,"H227, H303, H315, H317, H319, H361
H400, H411","P201, P202, P210, P261, P264,
P272, P273, P280, P302 + P352,
P305 + P351 + P338, P312,
P333 + P313, P337 + P313
P362 + P364, P370 + P378, P391
P403 + P235, P405, P501",G,1,H,1,0.24,4,4.24,13109428,5/13/2023,5/13/2024,1,
IFF-QB00292,P0404015G,GREEN HOUSE S/P,Mezcla,ATENCION,1 800 002 1400,"H227, H303, H315, H317, H319, H361
H400, H411","P201, P202, P210, P261, P264,
P272, P273, P280, P302 + P352,
P305 + P351 + P338, P312,
P333 + P313, P337 + P313
P362 + P364, P370 + P378, P391
P403 + P235, P405, P501",G,1,H,1,0.28,5,5.28,13109428,5/13/2023,5/13/2024,1,
IFF-QB00292,P0404015H,GREEN HOUSE S/P,Mezcla,ATENCION,1 800 002 1400,"H227, H303, H315, H317, H319, H361
H400, H411","P201, P202, P210, P261, P264,
P272, P273, P280, P302 + P352,
P305 + P351 + P338, P312,
P333 + P313, P337 + P313
P362 + P364, P370 + P378, P391
P403 + P235, P405, P501",G,1,H,1,0.48,10,10.48,13109428,5/13/2023,5/13/2024,1,
IFF-QB00292,P0404015I,GREEN HOUSE S/P,Mezcla,ATENCION,1 800 002 1400,"H227, H303, H315, H317, H319, H361
H400, H411","P201, P202, P210, P261, P264,
P272, P273, P280, P302 + P352,
P305 + P351 + P338, P312,
P333 + P313, P337 + P313
P362 + P364, P370 + P378, P391
P403 + P235, P405, P501",G,1,H,1,0.9,15,15.9,13109428,5/13/2023,5/13/2024,1,
IFF-QB00292,P0404015J,GREEN HOUSE S/P,Mezcla,ATENCION,1 800 002 1400,"H227, H303, H315, H317, H319, H361
H400, H411","P201, P202, P210, P261, P264,
P272, P273, P280, P302 + P352,
P305 + P351 + P338, P312,
P333 + P313, P337 + P313
P362 + P364, P370 + P378, P391
P403 + P235, P405, P501",G,1,H,1,0.9,20,20.9,13109428,5/13/2023,5/13/2024,1,
,,,,,,,,,,,,,,,,,,,
IFF-QB00001,P0209012A,BOTANIKA S/P,Mezcla,ATENCION,1 800 002 1400,"H227, H303, H315, H317, H319, H361
H400, H411","P201, P202, P210, P261, P264,
P272, P273, P280, P302 + P352,
P305 + P351 + P338, P312,
P333 + P313, P337 + P313
P362 + P364, P370 + P378, P391
P403 + P235, P405, P501",G,1,H,1,0.09,0.5,0.59,0018630061,9/3/2025,9/3/2026,1,
IFF-QB00001,P0209012B,BOTANIKA S/P,Mezcla,ATENCION,1 800 002 1400,"H227, H303, H315, H317, H319, H361
H400, H411","P201, P202, P210, P261, P264,
P272, P273, P280, P302 + P352,
P305 + P351 + P338, P312,
P333 + P313, P337 + P313
P362 + P364, P370 + P378, P391
P403 + P235, P405, P501",G,1,H,1,0.09,1,1.09,0018630061,9/3/2025,9/3/2026,1,
IFF-QB00001,P0209012C,BOTANIKA S/P,Mezcla,ATENCION,1 800 002 1400,"H227, H303, H315, H317, H319, H361
H400, H411","P201, P202, P210, P261, P264,
P272, P273, P280, P302 + P352,
P305 + P351 + P338, P312,
P333 + P313, P337 + P313
P362 + P364, P370 + P378, P391
P403 + P235, P405, P501",G,1,H,1,0.24,1.5,1.74,0018630061,9/3/2025,9/3/2026,1,
IFF-QB00001,P0209012D,BOTANIKA S/P,Mezcla,ATENCION,1 800 002 1400,"H227, H303, H315, H317, H319, H361
H400, H411","P201, P202, P210, P261, P264,
P272, P273, P280, P302 + P352,
P305 + P351 + P338, P312,
P333 + P313, P337 + P313
P362 + P364, P370 + P378, P391
P403 + P235, P405, P501",G,1,H,1,0.24,2,2.24,0018630061,9/3/2025,9/3/2026,1,
IFF-QB00001,P0209012E,BOTANIKA S/P,Mezcla,ATENCION,1 800 002 1400,"H227, H303, H315, H317, H319, H361
H400, H411","P201, P202, P210, P261, P264,
P272, P273, P280, P302 + P352,
P305 + P351 + P338, P312,
P333 + P313, P337 + P313
P362 + P364, P370 + P378, P391
P403 + P235, P405, P501",G,1,H,1,0.24,3,3.24,0018630061,9/3/2025,9/3/2026,1,
IFF-QB00001,P0209012F,BOTANIKA S/P,Mezcla,ATENCION,1 800 002 1400,"H227, H303, H315, H317, H319, H361
H400, H411","P201, P202, P210, P261, P264,
P272, P273, P280, P302 + P352,
P305 + P351 + P338, P312,
P333 + P313, P337 + P313
P362 + P364, P370 + P378, P391
P403 + P235, P405, P501",G,1,H,1,0.24,4,4.24,0018630061,9/3/2025,9/3/2026,1,
IFF-QB00001,P0209012G,BOTANIKA S/P,Mezcla,ATENCION,1 800 002 1400,"H227, H303, H315, H317, H319, H361
H400, H411","P201, P202, P210, P261, P264,
P272, P273, P280, P302 + P352,
P305 + P351 + P338, P312,
P333 + P313, P337 + P313
P362 + P364, P370 + P378, P391
P403 + P235, P405, P501",G,1,H,1,0.28,5,5.28,0018630061,9/3/2025,9/3/2026,1,
IFF-QB00001,P0209012H,BOTANIKA S/P,Mezcla,ATENCION,1 800 002 1400,"H227, H303, H315, H317, H319, H361
H400, H411","P201, P202, P210, P261, P264,
P272, P273, P280, P302 + P352,
P305 + P351 + P338, P312,
P333 + P313, P337 + P313
P362 + P364, P370 + P378, P391
P403 + P235, P405, P501",G,1,H,1,0.48,10,10.48,0018630061,9/3/2025,9/3/2026,1,
IFF-QB00001,P0209012I,BOTANIKA S/P,Mezcla,ATENCION,1 800 002 1400,"H227, H303, H315, H317, H319, H361
H400, H411","P201, P202, P210, P261, P264,
P272, P273, P280, P302 + P352,
P305 + P351 + P338, P312,
P333 + P313, P337 + P313
P362 + P364, P370 + P378, P391
P403 + P235, P405, P501",G,1,H,1,0.9,15,15.9,0018630061,9/3/2025,9/3/2026,1,
IFF-QB00001,P0209012J,BOTANIKA S/P,Mezcla,ATENCION,1 800 002 1400,"H227, H303, H315, H317, H319, H361
H400, H411","P201, P202, P210, P261, P264,
P272, P273, P280, P302 + P352,
P305 + P351 + P338, P312,
P333 + P313, P337 + P313
P362 + P364, P370 + P378, P391
P403 + P235, P405, P501",G,1,H,1,0.9,20,20.9,0018630061,9/3/2025,9/3/2026,1,
,,,,,,,,,,,,,,,,,,,
IFF-QB00034,P0209013A,SO FRESH S/P,Mezcla,ATENCION,1 800 002 1400,"H227, H303, H315, H317, H319, H361
H400, H411","P201, P202, P210, P261, P264,
P272, P273, P280, P302 + P352,
P305 + P351 + P338, P312,
P333 + P313, P337 + P313
P362 + P364, P370 + P378, P391
P403 + P235, P405, P501",G,1,H,1,0.09,0.5,0.59,0016650736,7/1/2025,7/1/2026,1,
IFF-QB00034,P0209013B,SO FRESH S/P,Mezcla,ATENCION,1 800 002 1400,"H227, H303, H315, H317, H319, H361
H400, H411","P201, P202, P210, P261, P264,
P272, P273, P280, P302 + P352,
P305 + P351 + P338, P312,
P333 + P313, P337 + P313
P362 + P364, P370 + P378, P391
P403 + P235, P405, P501",G,1,H,1,0.09,1,1.09,0016650736,7/1/2025,7/1/2026,1,
IFF-QB00034,P0209013C,SO FRESH S/P,Mezcla,ATENCION,1 800 002 1400,"H227, H303, H315, H317, H319, H361
H400, H411","P201, P202, P210, P261, P264,
P272, P273, P280, P302 + P352,
P305 + P351 + P338, P312,
P333 + P313, P337 + P313
P362 + P364, P370 + P378, P391
P403 + P235, P405, P501",G,1,H,1,0.24,1.5,1.74,0016650736,7/1/2025,7/1/2026,1,
IFF-QB00034,P0209013D,SO FRESH S/P,Mezcla,ATENCION,1 800 002 1400,"H227, H303, H315, H317, H319, H361
H400, H411","P201, P202, P210, P261, P264,
P272, P273, P280, P302 + P352,
P305 + P351 + P338, P312,
P333 + P313, P337 + P313
P362 + P364, P370 + P378, P391
P403 + P235, P405, P501",G,1,H,1,0.24,2,2.24,0016650736,7/1/2025,7/1/2026,1,
IFF-QB00034,P0209013E,SO FRESH S/P,Mezcla,ATENCION,1 800 002 1400,"H227, H303, H315, H317, H319, H361
H400, H411","P201, P202, P210, P261, P264,
P272, P273, P280, P302 + P352,
P305 + P351 + P338, P312,
P333 + P313, P337 + P313
P362 + P364, P370 + P378, P391
P403 + P235, P405, P501",G,1,H,1,0.24,3,3.24,0016650736,7/1/2025,7/1/2026,1,
IFF-QB00034,P0209013F,SO FRESH S/P,Mezcla,ATENCION,1 800 002 1400,"H227, H303, H315, H317, H319, H361
H400, H411","P201, P202, P210, P261, P264,
P272, P273, P280, P302 + P352,
P305 + P351 + P338, P312,
P333 + P313, P337 + P313
P362 + P364, P370 + P378, P391
P403 + P235, P405, P501",G,1,H,1,0.24,4,4.24,0016650736,7/1/2025,7/1/2026,1,
IFF-QB00034,P0209013G,SO FRESH S/P,Mezcla,ATENCION,1 800 002 1400,"H227, H303, H315, H317, H319, H361
H400, H411","P201, P202, P210, P261, P264,
P272, P273, P280, P302 + P352,
P305 + P351 + P338, P312,
P333 + P313, P337 + P313
P362 + P364, P370 + P378, P391
P403 + P235, P405, P501",G,1,H,1,0.28,5,5.28,0016650736,7/1/2025,7/1/2026,1,
IFF-QB00034,P0209013H,SO FRESH S/P,Mezcla,ATENCION,1 800 002 1400,"H227, H303, H315, H317, H319, H361
H400, H411","P201, P202, P210, P261, P264,
P272, P273, P280, P302 + P352,
P305 + P351 + P338, P312,
P333 + P313, P337 + P313
P362 + P364, P370 + P378, P391
P403 + P235, P405, P501",G,1,H,1,0.48,10,10.48,0016650736,7/1/2025,7/1/2026,1,
IFF-QB00034,P0209013I,SO FRESH S/P,Mezcla,ATENCION,1 800 002 1400,"H227, H303, H315, H317, H319, H361
H400, H411","P201, P202, P210, P261, P264,
P272, P273, P280, P302 + P352,
P305 + P351 + P338, P312,
P333 + P313, P337 + P313
P362 + P364, P370 + P378, P391
P403 + P235, P405, P501",G,1,H,1,0.9,15,15.9,0016650736,7/1/2025,7/1/2026,1,
IFF-QB00034,P0209013J,SO FRESH S/P,Mezcla,ATENCION,1 800 002 1400,"H227, H303, H315, H317, H319, H361
H400, H411","P201, P202, P210, P261, P264,
P272, P273, P280, P302 + P352,
P305 + P351 + P338, P312,
P333 + P313, P337 + P313
P362 + P364, P370 + P378, P391
P403 + P235, P405, P501",G,1,H,1,0.9,20,20.9,0016650736,7/1/2025,7/1/2026,1,
,,,,,,,,,,,,,,,,,,,
IFF-QB00163,P0503027A,SENSE OF NATURE S/P,Mezcla,ATENCION,1 800 002 1400,"H227, H303, H315, H317, H319, H361
H400, H411","P201, P202, P210, P261, P264,
P272, P273, P280, P302 + P352,
P305 + P351 + P338, P312,
P333 + P313, P337 + P313
P362 + P364, P370 + P378, P391
P403 + P235, P405, P501",G,1,H,1,0.09,0.5,0.59,0018630075,9/1/2025,9/1/2026,1,
IFF-QB00163,P0503027B,SENSE OF NATURE S/P,Mezcla,ATENCION,1 800 002 1400,"H227, H303, H315, H317, H319, H361
H400, H411","P201, P202, P210, P261, P264,
P272, P273, P280, P302 + P352,
P305 + P351 + P338, P312,
P333 + P313, P337 + P313
P362 + P364, P370 + P378, P391
P403 + P235, P405, P501",G,1,H,1,0.09,1,1.09,0018630075,9/1/2025,9/1/2026,1,
IFF-QB00163,P0503027C,SENSE OF NATURE S/P,Mezcla,ATENCION,1 800 002 1400,"H227, H303, H315, H317, H319, H361
H400, H411","P201, P202, P210, P261, P264,
P272, P273, P280, P302 + P352,
P305 + P351 + P338, P312,
P333 + P313, P337 + P313
P362 + P364, P370 + P378, P391
P403 + P235, P405, P501",G,1,H,1,0.24,1.5,1.74,0018630075,9/1/2025,9/1/2026,1,
IFF-QB00163,P0503027D,SENSE OF NATURE S/P,Mezcla,ATENCION,1 800 002 1400,"H227, H303, H315, H317, H319, H361
H400, H411","P201, P202, P210, P261, P264,
P272, P273, P280, P302 + P352,
P305 + P351 + P338, P312,
P333 + P313, P337 + P313
P362 + P364, P370 + P378, P391
P403 + P235, P405, P501",G,1,H,1,0.24,2,2.24,0018630075,9/1/2025,9/1/2026,1,
IFF-QB00163,P0503027E,SENSE OF NATURE S/P,Mezcla,ATENCION,1 800 002 1400,"H227, H303, H315, H317, H319, H361
H400, H411","P201, P202, P210, P261, P264,
P272, P273, P280, P302 + P352,
P305 + P351 + P338, P312,
P333 + P313, P337 + P313
P362 + P364, P370 + P378, P391
P403 + P235, P405, P501",G,1,H,1,0.24,3,3.24,0018630075,9/1/2025,9/1/2026,1,
IFF-QB00163,P0503027F,SENSE OF NATURE S/P,Mezcla,ATENCION,1 800 002 1400,"H227, H303, H315, H317, H319, H361
H400, H411","P201, P202, P210, P261, P264,
P272, P273, P280, P302 + P352,
P305 + P351 + P338, P312,
P333 + P313, P337 + P313
P362 + P364, P370 + P378, P391
P403 + P235, P405, P501",G,1,H,1,0.24,4,4.24,0018630075,9/1/2025,9/1/2026,1,
IFF-QB00163,P0503027G,SENSE OF NATURE S/P,Mezcla,ATENCION,1 800 002 1400,"H227, H303, H315, H317, H319, H361
H400, H411","P201, P202, P210, P261, P264,
P272, P273, P280, P302 + P352,
P305 + P351 + P338, P312,
P333 + P313, P337 + P313
P362 + P364, P370 + P378, P391
P403 + P235, P405, P501",G,1,H,1,0.28,5,5.28,0018630075,9/1/2025,9/1/2026,1,
IFF-QB00163,P0503027H,SENSE OF NATURE S/P,Mezcla,ATENCION,1 800 002 1400,"H227, H303, H315, H317, H319, H361
H400, H411","P201, P202, P210, P261, P264,
P272, P273, P280, P302 + P352,
P305 + P351 + P338, P312,
P333 + P313, P337 + P313
P362 + P364, P370 + P378, P391
P403 + P235, P405, P501",G,1,H,1,0.48,10,10.48,0018630075,9/1/2025,9/1/2026,1,
IFF-QB00163,P0503027I,SENSE OF NATURE S/P,Mezcla,ATENCION,1 800 002 1400,"H227, H303, H315, H317, H319, H361
H400, H411","P201, P202, P210, P261, P264,
P272, P273, P280, P302 + P352,
P305 + P351 + P338, P312,
P333 + P313, P337 + P313
P362 + P364, P370 + P378, P391
P403 + P235, P405, P501",G,1,H,1,0.9,15,15.9,0018630075,9/1/2025,9/1/2026,1,
IFF-QB00163,P0503027J,SENSE OF NATURE S/P,Mezcla,ATENCION,1 800 002 1400,"H227, H303, H315, H317, H319, H361
H400, H411","P201, P202, P210, P261, P264,
P272, P273, P280, P302 + P352,
P305 + P351 + P338, P312,
P333 + P313, P337 + P313
P362 + P364, P370 + P378, P391
P403 + P235, P405, P501",G,1,H,1,0.9,20,20.9,0018630075,9/1/2025,9/1/2026,1,
,,,,,,,,,,,,,,,,,,,
IFF-QB00206,P0404014A,CRYSTAL HEALING S/P,Mezcla,ATENCION,1 800 002 1400,"H227, H303, H315, H317, H319, H361
H400, H411","P201, P202, P210, P261, P264,
P272, P273, P280, P302 + P352,
P305 + P351 + P338, P312,
P333 + P313, P337 + P313
P362 + P364, P370 + P378, P391
P403 + P235, P405, P501",G,1,H,1,0.09,0.5,0.59,0017873246,2/13/2025,2/13/2026,1,
IFF-QB00206,P0404014B,CRYSTAL HEALING S/P,Mezcla,ATENCION,1 800 002 1400,"H227, H303, H315, H317, H319, H361
H400, H411","P201, P202, P210, P261, P264,
P272, P273, P280, P302 + P352,
P305 + P351 + P338, P312,
P333 + P313, P337 + P313
P362 + P364, P370 + P378, P391
P403 + P235, P405, P501",G,1,H,1,0.09,1,1.09,0017873246,2/13/2025,2/13/2026,1,
IFF-QB00206,P0404014C,CRYSTAL HEALING S/P,Mezcla,ATENCION,1 800 002 1400,"H227, H303, H315, H317, H319, H361
H400, H411","P201, P202, P210, P261, P264,
P272, P273, P280, P302 + P352,
P305 + P351 + P338, P312,
P333 + P313, P337 + P313
P362 + P364, P370 + P378, P391
P403 + P235, P405, P501",G,1,H,1,0.24,1.5,1.74,0017873246,2/13/2025,2/13/2026,1,
IFF-QB00206,P0404014D,CRYSTAL HEALING S/P,Mezcla,ATENCION,1 800 002 1400,"H227, H303, H315, H317, H319, H361
H400, H411","P201, P202, P210, P261, P264,
P272, P273, P280, P302 + P352,
P305 + P351 + P338, P312,
P333 + P313, P337 + P313
P362 + P364, P370 + P378, P391
P403 + P235, P405, P501",G,1,H,1,0.24,2,2.24,0017873246,2/13/2025,2/13/2026,1,
IFF-QB00206,P0404014E,CRYSTAL HEALING S/P,Mezcla,ATENCION,1 800 002 1400,"H227, H303, H315, H317, H319, H361
H400, H411","P201, P202, P210, P261, P264,
P272, P273, P280, P302 + P352,
P305 + P351 + P338, P312,
P333 + P313, P337 + P313
P362 + P364, P370 + P378, P391
P403 + P235, P405, P501",G,1,H,1,0.24,3,3.24,0017873246,2/13/2025,2/13/2026,1,
IFF-QB00206,P0404014F,CRYSTAL HEALING S/P,Mezcla,ATENCION,1 800 002 1400,"H227, H303, H315, H317, H319, H361
H400, H411","P201, P202, P210, P261, P264,
P272, P273, P280, P302 + P352,
P305 + P351 + P338, P312,
P333 + P313, P337 + P313
P362 + P364, P370 + P378, P391
P403 + P235, P405, P501",G,1,H,1,0.24,4,4.24,0017873246,2/13/2025,2/13/2026,1,
IFF-QB00206,P0404014G,CRYSTAL HEALING S/P,Mezcla,ATENCION,1 800 002 1400,"H227, H303, H315, H317, H319, H361
H400, H411","P201, P202, P210, P261, P264,
P272, P273, P280, P302 + P352,
P305 + P351 + P338, P312,
P333 + P313, P337 + P313
P362 + P364, P370 + P378, P391
P403 + P235, P405, P501",G,1,H,1,0.28,5,5.28,0017873246,2/13/2025,2/13/2026,1,
IFF-QB00206,P0404014H,CRYSTAL HEALING S/P,Mezcla,ATENCION,1 800 002 1400,"H227, H303, H315, H317, H319, H361
H400, H411","P201, P202, P210, P261, P264,
P272, P273, P280, P302 + P352,
P305 + P351 + P338, P312,
P333 + P313, P337 + P313
P362 + P364, P370 + P378, P391
P403 + P235, P405, P501",G,1,H,1,0.48,10,10.48,0017873246,2/13/2025,2/13/2026,1,
IFF-QB00206,P0404014I,CRYSTAL HEALING S/P,Mezcla,ATENCION,1 800 002 1400,"H227, H303, H315, H317, H319, H361
H400, H411","P201, P202, P210, P261, P264,
P272, P273, P280, P302 + P352,
P305 + P351 + P338, P312,
P333 + P313, P337 + P313
P362 + P364, P370 + P378, P391
P403 + P235, P405, P501",G,1,H,1,0.9,15,15.9,0017873246,2/13/2025,2/13/2026,1,
IFF-QB00206,P0404014J,CRYSTAL HEALING S/P,Mezcla,ATENCION,1 800 002 1400,"H227, H303, H315, H317, H319, H361
H400, H411","P201, P202, P210, P261, P264,
P272, P273, P280, P302 + P352,
P305 + P351 + P338, P312,
P333 + P313, P337 + P313
P362 + P364, P370 + P378, P391
P403 + P235, P405, P501",G,1,H,1,0.9,20,20.9,0017873246,2/13/2025,2/13/2026,1,
,,,,,,,,,,,,,,,,,,,
VAR-QB00014,Q0302006A,ALCOHOL CETILICO S/P,36653-82-4,No Aplicable,+34 93 739 9445,No Aplicable,No Aplicable,1,1,1,1,0.015,0.5,0.515,24E80B0477,7/1/2024,7/1/2027,1,
VAR-QB00014,Q0302006B,ALCOHOL CETILICO S/P,36653-82-4,No Aplicable,+34 93 739 9445,No Aplicable,No Aplicable,1,1,1,1,0.015,1,1.015,24E80B0477,7/1/2024,7/1/2027,1,
VAR-QB00014,Q0302006C,ALCOHOL CETILICO S/P,36653-82-4,No Aplicable,+34 93 739 9445,No Aplicable,No Aplicable,1,1,1,1,0.015,2,2.015,24E80B0477,7/1/2024,7/1/2027,1,
VAR-QB00014,Q0302006D,ALCOHOL CETILICO S/P,36653-82-4,No Aplicable,+34 93 739 9445,No Aplicable,No Aplicable,1,1,1,1,0.035,3,3.035,24E80B0477,7/1/2024,7/1/2027,1,
VAR-QB00014,Q0302006E,ALCOHOL CETILICO S/P,36653-82-4,No Aplicable,+34 93 739 9445,No Aplicable,No Aplicable,1,1,1,1,0.035,4,4.035,24E80B0477,7/1/2024,7/1/2027,1,
VAR-QB00014,Q0302006F,ALCOHOL CETILICO S/P,36653-82-4,No Aplicable,+34 93 739 9445,No Aplicable,No Aplicable,1,1,1,1,0.035,5,5.035,24E80B0477,7/1/2024,7/1/2027,1,
VAR-QB00014,Q0302006G,ALCOHOL CETILICO S/P,36653-82-4,No Aplicable,+34 93 739 9445,No Aplicable,No Aplicable,1,1,1,1,0.035,10,10.035,24E80B0477,7/1/2024,7/1/2027,1,
,,,,,,,,,,,,,,,,,,,
IFF-QB00114,P0303013A,SWEET LOVE 591,Mezcla,ATENCION,1 800 002 1400,"H316, H317, H411","P261, P272, P273, P302 + P352, P333 + P313, P362 + P364, P391, P501",g,h,1,1,0.09,0.5,0.59,0017722809,12/6/2024,12/6/2025,1,
IFF-QB00114,P0303013B,SWEET LOVE 591,Mezcla,ATENCION,1 800 002 1400,"H316, H317, H411","P261, P272, P273, P302 + P352, P333 + P313, P362 + P364, P391, P501",g,h,1,1,0.09,1,1.09,0017722809,12/6/2024,12/6/2025,1,
IFF-QB00114,P0303013C,SWEET LOVE 591,Mezcla,ATENCION,1 800 002 1400,"H316, H317, H411","P261, P272, P273, P302 + P352, P333 + P313, P362 + P364, P391, P501",g,h,1,1,0.24,1.5,1.74,0017722809,12/6/2024,12/6/2025,1,
IFF-QB00114,P0303013D,SWEET LOVE 591,Mezcla,ATENCION,1 800 002 1400,"H316, H317, H411","P261, P272, P273, P302 + P352, P333 + P313, P362 + P364, P391, P501",g,h,1,1,0.24,2,2.24,0017722809,12/6/2024,12/6/2025,1,
IFF-QB00114,P0303013E,SWEET LOVE 591,Mezcla,ATENCION,1 800 002 1400,"H316, H317, H411","P261, P272, P273, P302 + P352, P333 + P313, P362 + P364, P391, P501",g,h,1,1,0.24,3,3.24,0017722809,12/6/2024,12/6/2025,1,
IFF-QB00114,P0303013F,SWEET LOVE 591,Mezcla,ATENCION,1 800 002 1400,"H316, H317, H411","P261, P272, P273, P302 + P352, P333 + P313, P362 + P364, P391, P501",g,h,1,1,0.24,4,4.24,0017722809,12/6/2024,12/6/2025,1,
IFF-QB00114,P0303013G,SWEET LOVE 591,Mezcla,ATENCION,1 800 002 1400,"H316, H317, H411","P261, P272, P273, P302 + P352, P333 + P313, P362 + P364, P391, P501",g,h,1,1,0.28,5,5.28,0017722809,12/6/2024,12/6/2025,1,
IFF-QB00114,P0303013H,SWEET LOVE 591,Mezcla,ATENCION,1 800 002 1400,"H316, H317, H411","P261, P272, P273, P302 + P352, P333 + P313, P362 + P364, P391, P501",g,h,1,1,0.48,10,10.48,0017722809,12/6/2024,12/6/2025,1,
IFF-QB00114,P0303013I,SWEET LOVE 591,Mezcla,ATENCION,1 800 002 1400,"H316, H317, H411","P261, P272, P273, P302 + P352, P333 + P313, P362 + P364, P391, P501",g,h,1,1,0.9,15,15.9,0017722809,12/6/2024,12/6/2025,1,
IFF-QB00114,P0303013J,SWEET LOVE 591,Mezcla,ATENCION,1 800 002 1400,"H316, H317, H411","P261, P272, P273, P302 + P352, P333 + P313, P362 + P364, P391, P501",g,h,1,1,0.9,20,20.9,0017722809,12/6/2024,12/6/2025,1,
,,,,,,,,,,,,,,,,,,,
IFF-QB00111,P0303012A,STUNNING 507,Mezcla,ATENCION,1 800 002 1400,"H227, H316, H317,
H319, H411","P210, P261, P264, P272, P273,
P280, P302 + P352, 
P305 + P351 + P338, P333 + P313,
P337 + P313, P362 + P364,
P370 + P378, P391, P403 + P235, P501
",G,I,1,1,0.09,0.5,0.59,,00/00/0000,00/00/0000,1,
IFF-QB00111,P0303012B,STUNNING 507,Mezcla,ATENCION,1 800 002 1400,"H227, H316, H317,
H319, H411","P210, P261, P264, P272, P273,
P280, P302 + P352, 
P305 + P351 + P338, P333 + P313,
P337 + P313, P362 + P364,
P370 + P378, P391, P403 + P235, P501
",G,I,1,1,0.09,1,1.09,,00/00/0000,00/00/0000,1,
IFF-QB00111,P0303012C,STUNNING 507,Mezcla,ATENCION,1 800 002 1400,"H227, H316, H317,
H319, H411","P210, P261, P264, P272, P273,
P280, P302 + P352, 
P305 + P351 + P338, P333 + P313,
P337 + P313, P362 + P364,
P370 + P378, P391, P403 + P235, P501
",G,I,1,1,0.24,1.5,1.74,,00/00/0000,00/00/0000,1,
IFF-QB00111,P0303012D,STUNNING 507,Mezcla,ATENCION,1 800 002 1400,"H227, H316, H317,
H319, H411","P210, P261, P264, P272, P273,
P280, P302 + P352, 
P305 + P351 + P338, P333 + P313,
P337 + P313, P362 + P364,
P370 + P378, P391, P403 + P235, P501
",G,I,1,1,0.24,2,2.24,,00/00/0000,00/00/0000,1,
IFF-QB00111,P0303012E,STUNNING 507,Mezcla,ATENCION,1 800 002 1400,"H227, H316, H317,
H319, H411","P210, P261, P264, P272, P273,
P280, P302 + P352, 
P305 + P351 + P338, P333 + P313,
P337 + P313, P362 + P364,
P370 + P378, P391, P403 + P235, P501
",G,I,1,1,0.24,3,3.24,,00/00/0000,00/00/0000,1,
IFF-QB00111,P0303012F,STUNNING 507,Mezcla,ATENCION,1 800 002 1400,"H227, H316, H317,
H319, H411","P210, P261, P264, P272, P273,
P280, P302 + P352, 
P305 + P351 + P338, P333 + P313,
P337 + P313, P362 + P364,
P370 + P378, P391, P403 + P235, P501
",G,I,1,1,0.24,4,4.24,,00/00/0000,00/00/0000,1,
IFF-QB00111,P0303012G,STUNNING 507,Mezcla,ATENCION,1 800 002 1400,"H227, H316, H317,
H319, H411","P210, P261, P264, P272, P273,
P280, P302 + P352, 
P305 + P351 + P338, P333 + P313,
P337 + P313, P362 + P364,
P370 + P378, P391, P403 + P235, P501
",G,I,1,1,0.28,5,5.28,,00/00/0000,00/00/0000,1,
IFF-QB00111,P0303012H,STUNNING 507,Mezcla,ATENCION,1 800 002 1400,"H227, H316, H317,
H319, H411","P210, P261, P264, P272, P273,
P280, P302 + P352, 
P305 + P351 + P338, P333 + P313,
P337 + P313, P362 + P364,
P370 + P378, P391, P403 + P235, P501
",G,I,1,1,0.48,10,10.48,,00/00/0000,00/00/0000,1,
IFF-QB00111,P0303012I,STUNNING 507,Mezcla,ATENCION,1 800 002 1400,"H227, H316, H317,
H319, H411","P210, P261, P264, P272, P273,
P280, P302 + P352, 
P305 + P351 + P338, P333 + P313,
P337 + P313, P362 + P364,
P370 + P378, P391, P403 + P235, P501
",G,I,1,1,0.9,15,15.9,,00/00/0000,00/00/0000,1,
IFF-QB00111,P0303012J,STUNNING 507,Mezcla,ATENCION,1 800 002 1400,"H227, H316, H317,
H319, H411","P210, P261, P264, P272, P273,
P280, P302 + P352, 
P305 + P351 + P338, P333 + P313,
P337 + P313, P362 + P364,
P370 + P378, P391, P403 + P235, P501
",G,I,1,1,0.9,20,20.9,,00/00/0000,00/00/0000,1,
,,,,,,,,,,,,,,,,,,,
IFF-QB00222,P1101056A,BERRY BLOSSOM S/P, - , - , -  , - , - ,1,1,1,1,0.9,20,20.9,1410211,10/14/2021,10/14/2022,1,
IFF-QB00222,P1101056B,BERRY BLOSSOM S/P, - , - , -  , - , - ,1,1,1,1,2.2,50,52.2,1410211,10/14/2021,10/14/2022,1,
IFF-QB00222,P1101056C,BERRY BLOSSOM S/P, - , - , -  , - , - ,1,1,1,1,0.9,200,20.9,1410211,10/14/2021,10/14/2022,1,
,,,,,,,,,,,,,,,,,,,
VAR-QB00081,Q0309010A,ESPESANTE D150 S/P, - , - , - , - , - ,g,1,1,1,0.015,0.5,0.515,6K76124,7/4/2025,7/4/2026,1,
VAR-QB00081,Q0309010B,ESPESANTE D150 S/P, - , - , - , - , - ,g,1,1,1,0.015,1,1.015,6K76124,7/4/2025,7/4/2026,1,
VAR-QB00081,Q0309010C,ESPESANTE D150 S/P, - , - , - , - , - ,g,1,1,1,0.015,2,2.015,6K76124,7/4/2025,7/4/2026,1,
VAR-QB00081,Q0309010D,ESPESANTE D150 S/P, - , - , - , - , - ,g,1,1,1,0.035,3,3.035,6K76124,7/4/2025,7/4/2026,1,
VAR-QB00081,Q0309010E,ESPESANTE D150 S/P, - , - , - , - , - ,g,1,1,1,0.035,4,4.035,6K76124,7/4/2025,7/4/2026,1,
VAR-QB00081,Q0309010F,ESPESANTE D150 S/P, - , - , - , - , - ,g,1,1,1,0.035,5,5.035,6K76124,7/4/2025,7/4/2026,1,
VAR-QB00081,Q0309010G,ESPESANTE D150 S/P, - , - , - , - , - ,g,1,1,1,0.035,10,10.035,6K76124,7/4/2025,7/4/2026,1,
,,,,,,,,,,,,,,,,,,,
KAO-QB00070,Q0201007A,TETRANYL AT7590,No Aplicable,PELIGRO,+34 93 739 9445,Líquido y vapores muy inflamables.,"Usar guantes de protección: > 8 horas (tiempo de saturación): caucho butílico ,
neopreno. Usar protección para los ojos o la cara: Recomendado: lentes antisalpicaduras. Mantener alejado del calor, superficies calientes, chispas, llamas abiertas y otras fuentes de ignición. No fumar. Todos los equipos eléctricos, de ventilación, de iluminación y para la manipulación de materiales deben ser antideflagrantes. No utilizar herramientas que produzcan chispas. Tomar medidas de precaución contra las descargas electrostáticas. Mantener el recipiente herméticamente cerrado. EN CASO DE CONTACTO CON LA PIEL (o el pelo): Quitar inmediatamente toda la ropa contaminada. Lavar la piel con agua o tomar una ducha. Almacenar en un lugar bien ventilado. Mantener fresco. Eliminar el contenido y recipiente conforme a todas las  glamentaciones locales, regionales, nacionales e internacionales.",b,1,1,1,0.6,8,8.6,32003382,10/31/2025,10/31/2027,1,
KAO-QB00070,Q0201007B,TETRANYL AT7590,No Aplicable,PELIGRO,+34 93 739 9445,Líquido y vapores muy inflamables.,"Usar guantes de protección: > 8 horas (tiempo de saturación): caucho butílico ,
neopreno. Usar protección para los ojos o la cara: Recomendado: lentes antisalpicaduras. Mantener alejado del calor, superficies calientes, chispas, llamas abiertas y otras fuentes de ignición. No fumar. Todos los equipos eléctricos, de ventilación, de iluminación y para la manipulación de materiales deben ser antideflagrantes. No utilizar herramientas que produzcan chispas. Tomar medidas de precaución contra las descargas electrostáticas. Mantener el recipiente herméticamente cerrado. EN CASO DE CONTACTO CON LA PIEL (o el pelo): Quitar inmediatamente toda la ropa contaminada. Lavar la piel con agua o tomar una ducha. Almacenar en un lugar bien ventilado. Mantener fresco. Eliminar el contenido y recipiente conforme a todas las  glamentaciones locales, regionales, nacionales e internacionales.",b,1,1,1,1.2,17,18.2,32003382,10/31/2025,10/31/2027,1,
,,,,,,,,,,,,,,,,,,,
IFF-QB00029,F0102004A,RUPERT 933 S/P,Mezcla,ATENCION,1 800 002 1400,"H227, H303, H315, H317, H319, H361
H400, H411","P201, P202, P210, P261, P264,
P272, P273, P280, P302 + P352,
P305 + P351 + P338, P312,
P333 + P313, P337 + P313
P362 + P364, P370 + P378, P391
P403 + P235, P405, P501",G,I,H,1,0.09,0.5,0.59,0017972638,9/20/2025,9/20/2026,1,
IFF-QB00029,F0102004B,RUPERT 933 S/P,Mezcla,ATENCION,1 800 002 1400,"H227, H303, H315, H317, H319, H361
H400, H411","P201, P202, P210, P261, P264,
P272, P273, P280, P302 + P352,
P305 + P351 + P338, P312,
P333 + P313, P337 + P313
P362 + P364, P370 + P378, P391
P403 + P235, P405, P501",G,I,H,1,0.09,1,1.09,0017972638,9/20/2025,9/20/2026,1,
IFF-QB00029,F0102004C,RUPERT 933 S/P,Mezcla,ATENCION,1 800 002 1400,"H227, H303, H315, H317, H319, H361
H400, H411","P201, P202, P210, P261, P264,
P272, P273, P280, P302 + P352,
P305 + P351 + P338, P312,
P333 + P313, P337 + P313
P362 + P364, P370 + P378, P391
P403 + P235, P405, P501",G,I,H,1,0.24,1.5,1.74,0017972638,9/20/2025,9/20/2026,1,
IFF-QB00029,F0102004D,RUPERT 933 S/P,Mezcla,ATENCION,1 800 002 1400,"H227, H303, H315, H317, H319, H361
H400, H411","P201, P202, P210, P261, P264,
P272, P273, P280, P302 + P352,
P305 + P351 + P338, P312,
P333 + P313, P337 + P313
P362 + P364, P370 + P378, P391
P403 + P235, P405, P501",G,I,H,1,0.24,2,2.24,0017972638,9/20/2025,9/20/2026,1,
IFF-QB00029,F0102004E,RUPERT 933 S/P,Mezcla,ATENCION,1 800 002 1400,"H227, H303, H315, H317, H319, H361
H400, H411","P201, P202, P210, P261, P264,
P272, P273, P280, P302 + P352,
P305 + P351 + P338, P312,
P333 + P313, P337 + P313
P362 + P364, P370 + P378, P391
P403 + P235, P405, P501",G,I,H,1,0.24,3,3.24,0017972638,9/20/2025,9/20/2026,1,
IFF-QB00029,F0102004F,RUPERT 933 S/P,Mezcla,ATENCION,1 800 002 1400,"H227, H303, H315, H317, H319, H361
H400, H411","P201, P202, P210, P261, P264,
P272, P273, P280, P302 + P352,
P305 + P351 + P338, P312,
P333 + P313, P337 + P313
P362 + P364, P370 + P378, P391
P403 + P235, P405, P501",G,I,H,1,0.24,4,4.24,0017972638,9/20/2025,9/20/2026,1,
IFF-QB00029,F0102004G,RUPERT 933 S/P,Mezcla,ATENCION,1 800 002 1400,"H227, H303, H315, H317, H319, H361
H400, H411","P201, P202, P210, P261, P264,
P272, P273, P280, P302 + P352,
P305 + P351 + P338, P312,
P333 + P313, P337 + P313
P362 + P364, P370 + P378, P391
P403 + P235, P405, P501",G,I,H,1,0.28,5,5.28,0017972638,9/20/2025,9/20/2026,1,
IFF-QB00029,F0102004H,RUPERT 933 S/P,Mezcla,ATENCION,1 800 002 1400,"H227, H303, H315, H317, H319, H361
H400, H411","P201, P202, P210, P261, P264,
P272, P273, P280, P302 + P352,
P305 + P351 + P338, P312,
P333 + P313, P337 + P313
P362 + P364, P370 + P378, P391
P403 + P235, P405, P501",G,I,H,1,0.48,10,10.48,0017972638,9/20/2025,9/20/2026,1,
IFF-QB00029,F0102004I,RUPERT 933 S/P,Mezcla,ATENCION,1 800 002 1400,"H227, H303, H315, H317, H319, H361
H400, H411","P201, P202, P210, P261, P264,
P272, P273, P280, P302 + P352,
P305 + P351 + P338, P312,
P333 + P313, P337 + P313
P362 + P364, P370 + P378, P391
P403 + P235, P405, P501",G,I,H,1,0.9,15,15.9,0017972638,9/20/2025,9/20/2026,1,
IFF-QB00029,F0102004J,RUPERT 933 S/P,Mezcla,ATENCION,1 800 002 1400,"H227, H303, H315, H317, H319, H361
H400, H411","P201, P202, P210, P261, P264,
P272, P273, P280, P302 + P352,
P305 + P351 + P338, P312,
P333 + P313, P337 + P313
P362 + P364, P370 + P378, P391
P403 + P235, P405, P501",G,I,H,1,0.9,20,20.9,0017972638,9/20/2025,9/20/2026,1,
,,,,,,,,,,,,,,,,,,,
IFF-QB00291,P0311028A,WILD CITRONELLA 815 S/P,Mezcla,ATENCION,1 800 002 1400,"H316, H317, H411","P261, P272, P273, P280 P302 + P352, P333 + P313 P362 + P364, P391, P501",G,1,1,1,0.09,0.5,0.59,0018630071,9/3/2025,9/3/2026,1,
IFF-QB00291,P0311028B,WILD CITRONELLA 815 S/P,Mezcla,ATENCION,1 800 002 1400,"H316, H317, H411","P261, P272, P273, P280 P302 + P352, P333 + P313 P362 + P364, P391, P501",G,1,1,1,0.09,1,1.09,0018630071,9/3/2025,9/3/2026,1,
IFF-QB00291,P0311028C,WILD CITRONELLA 815 S/P,Mezcla,ATENCION,1 800 002 1400,"H316, H317, H411","P261, P272, P273, P280 P302 + P352, P333 + P313 P362 + P364, P391, P501",G,1,1,1,0.24,1.5,1.74,0018630071,9/3/2025,9/3/2026,1,
IFF-QB00291,P0311028D,WILD CITRONELLA 815 S/P,Mezcla,ATENCION,1 800 002 1400,"H316, H317, H411","P261, P272, P273, P280 P302 + P352, P333 + P313 P362 + P364, P391, P501",G,1,1,1,0.24,2,2.24,0018630071,9/3/2025,9/3/2026,1,
IFF-QB00291,P0311028E,WILD CITRONELLA 815 S/P,Mezcla,ATENCION,1 800 002 1400,"H316, H317, H411","P261, P272, P273, P280 P302 + P352, P333 + P313 P362 + P364, P391, P501",G,1,1,1,0.24,3,3.24,0018630071,9/3/2025,9/3/2026,1,
IFF-QB00291,P0311028F,WILD CITRONELLA 815 S/P,Mezcla,ATENCION,1 800 002 1400,"H316, H317, H411","P261, P272, P273, P280 P302 + P352, P333 + P313 P362 + P364, P391, P501",G,1,1,1,0.24,4,4.24,0018630071,9/3/2025,9/3/2026,1,
IFF-QB00291,P0311028G,WILD CITRONELLA 815 S/P,Mezcla,ATENCION,1 800 002 1400,"H316, H317, H411","P261, P272, P273, P280 P302 + P352, P333 + P313 P362 + P364, P391, P501",G,1,1,1,0.28,5,5.28,0018630071,9/3/2025,9/3/2026,1,
IFF-QB00291,P0311028H,WILD CITRONELLA 815 S/P,Mezcla,ATENCION,1 800 002 1400,"H316, H317, H411","P261, P272, P273, P280 P302 + P352, P333 + P313 P362 + P364, P391, P501",G,1,1,1,0.48,10,10.48,0018630071,9/3/2025,9/3/2026,1,
IFF-QB00291,P0311028I,WILD CITRONELLA 815 S/P,Mezcla,ATENCION,1 800 002 1400,"H316, H317, H411","P261, P272, P273, P280 P302 + P352, P333 + P313 P362 + P364, P391, P501",G,1,1,1,0.9,15,15.9,0018630071,9/3/2025,9/3/2026,1,
IFF-QB00291,P0311028J,WILD CITRONELLA 815 S/P,Mezcla,ATENCION,1 800 002 1400,"H316, H317, H411","P261, P272, P273, P280 P302 + P352, P333 + P313 P362 + P364, P391, P501",G,1,1,1,0.9,20,20.9,0018630071,9/3/2025,9/3/2026,1,
,,,,,,,,,,,,,,,,,,,
IFF-QB00085,P0311029A,CLASSIC FLORAL 535 S/P,Mezcla,ATENCION,1 800 002 1400,"H227, H315, H317 H361, H410","P201, P202, P210, P261, P264, P272, P273, P280, P302 + P352, P308 + P313, P333 + P313, P362 + P364, P370 + P378, P391, P403 + P235, P405, P501",G,H,1,1,0.09,0.5,0.59,0018622070,8/15/2025,8/15/2026,1,
IFF-QB00085,P0311029B,CLASSIC FLORAL 535 S/P,Mezcla,ATENCION,1 800 002 1400,"H227, H315, H317 H361, H410","P201, P202, P210, P261, P264, P272, P273, P280, P302 + P352, P308 + P313, P333 + P313, P362 + P364, P370 + P378, P391, P403 + P235, P405, P501",G,H,1,1,0.09,1,1.09,0018622070,8/15/2025,8/15/2026,1,
IFF-QB00085,P0311029C,CLASSIC FLORAL 535 S/P,Mezcla,ATENCION,1 800 002 1400,"H227, H315, H317 H361, H410","P201, P202, P210, P261, P264, P272, P273, P280, P302 + P352, P308 + P313, P333 + P313, P362 + P364, P370 + P378, P391, P403 + P235, P405, P501",G,H,1,1,0.24,1.5,1.74,0018622070,8/15/2025,8/15/2026,1,
IFF-QB00085,P0311029D,CLASSIC FLORAL 535 S/P,Mezcla,ATENCION,1 800 002 1400,"H227, H315, H317 H361, H410","P201, P202, P210, P261, P264, P272, P273, P280, P302 + P352, P308 + P313, P333 + P313, P362 + P364, P370 + P378, P391, P403 + P235, P405, P501",G,H,1,1,0.24,2,2.24,0018622070,8/15/2025,8/15/2026,1,
IFF-QB00085,P0311029E,CLASSIC FLORAL 535 S/P,Mezcla,ATENCION,1 800 002 1400,"H227, H315, H317 H361, H410","P201, P202, P210, P261, P264, P272, P273, P280, P302 + P352, P308 + P313, P333 + P313, P362 + P364, P370 + P378, P391, P403 + P235, P405, P501",G,H,1,1,0.24,3,3.24,0018622070,8/15/2025,8/15/2026,1,
IFF-QB00085,P0311029F,CLASSIC FLORAL 535 S/P,Mezcla,ATENCION,1 800 002 1400,"H227, H315, H317 H361, H410","P201, P202, P210, P261, P264, P272, P273, P280, P302 + P352, P308 + P313, P333 + P313, P362 + P364, P370 + P378, P391, P403 + P235, P405, P501",G,H,1,1,0.24,4,4.24,0018622070,8/15/2025,8/15/2026,1,
IFF-QB00085,P0311029G,CLASSIC FLORAL 535 S/P,Mezcla,ATENCION,1 800 002 1400,"H227, H315, H317 H361, H410","P201, P202, P210, P261, P264, P272, P273, P280, P302 + P352, P308 + P313, P333 + P313, P362 + P364, P370 + P378, P391, P403 + P235, P405, P501",G,H,1,1,0.28,5,5.28,0018622070,8/15/2025,8/15/2026,1,
IFF-QB00085,P0311029H,CLASSIC FLORAL 535 S/P,Mezcla,ATENCION,1 800 002 1400,"H227, H315, H317 H361, H410","P201, P202, P210, P261, P264, P272, P273, P280, P302 + P352, P308 + P313, P333 + P313, P362 + P364, P370 + P378, P391, P403 + P235, P405, P501",G,H,1,1,0.48,10,10.48,0018622070,8/15/2025,8/15/2026,1,
IFF-QB00085,P0311029I,CLASSIC FLORAL 535 S/P,Mezcla,ATENCION,1 800 002 1400,"H227, H315, H317 H361, H410","P201, P202, P210, P261, P264, P272, P273, P280, P302 + P352, P308 + P313, P333 + P313, P362 + P364, P370 + P378, P391, P403 + P235, P405, P501",G,H,1,1,0.9,15,15.9,0018622070,8/15/2025,8/15/2026,1,
IFF-QB00085,P0311029J,CLASSIC FLORAL 535 S/P,Mezcla,ATENCION,1 800 002 1400,"H227, H315, H317 H361, H410","P201, P202, P210, P261, P264, P272, P273, P280, P302 + P352, P308 + P313, P333 + P313, P362 + P364, P370 + P378, P391, P403 + P235, P405, P501",G,H,1,1,0.9,20,20.9,0018622070,8/15/2025,8/15/2026,1,
,,,,,,,,,,,,,,,,,,,
IFF-QB00283,P1101029A,VAINILLA CITRICO S/P,Mezcla,ATENCION,1 800 002 1400,"H227, H315, H317 H361, H410","P201, P202, P210, P261, P264, P272, P273, P280, P302 + P352, P308 + P313, P333 + P313, P362 + P364, P370 + P378, P391, P403 + P235, P405, P501",G,H,1,1,0.9,20,20.9,,00/00/0000,00/00/0000,1,
IFF-QB00283,P1101029B,VAINILLA CITRICO S/P,Mezcla,ATENCION,1 800 002 1400,"H227, H315, H317 H361, H410","P201, P202, P210, P261, P264, P272, P273, P280, P302 + P352, P308 + P313, P333 + P313, P362 + P364, P370 + P378, P391, P403 + P235, P405, P501",G,H,1,1,2.2,50,52.2,,00/00/0000,00/00/0000,1,
IFF-QB00283,P1101029C,VAINILLA CITRICO S/P,Mezcla,ATENCION,1 800 002 1400,"H227, H315, H317 H361, H410","P201, P202, P210, P261, P264, P272, P273, P280, P302 + P352, P308 + P313, P333 + P313, P362 + P364, P370 + P378, P391, P403 + P235, P405, P501",G,H,1,1,0.9,200,20.9,,00/00/0000,00/00/0000,1,
,,,,,,,,,,,,,,,,,,,
IFF-QB00002,F0102005A,CHERRY BERRY,Mezcla,ATENCION,1 800 002 1400,"H226, H316, H317,
H319, H410","P210, P233, P240, P241, P242, P243, P261, P264, P272, P273, P280, P303 + P361 + P353, P305 + P351 + P338, P333 + P313, P337 + P313, P362 + P364, P370 + P378, P391, P403 + P235, P501",1,G,1,1,0.09,0.5,0.59,0017096153,4/5/2025,4/5/2026,1,
IFF-QB00002,F0102005B,CHERRY BERRY,Mezcla,ATENCION,1 800 002 1400,"H226, H316, H317,
H319, H410","P210, P233, P240, P241, P242, P243, P261, P264, P272, P273, P280, P303 + P361 + P353, P305 + P351 + P338, P333 + P313, P337 + P313, P362 + P364, P370 + P378, P391, P403 + P235, P501",1,G,1,1,0.09,1,1.09,0017096153,4/5/2025,4/5/2026,1,
IFF-QB00002,F0102005C,CHERRY BERRY,Mezcla,ATENCION,1 800 002 1400,"H226, H316, H317,
H319, H410","P210, P233, P240, P241, P242, P243, P261, P264, P272, P273, P280, P303 + P361 + P353, P305 + P351 + P338, P333 + P313, P337 + P313, P362 + P364, P370 + P378, P391, P403 + P235, P501",1,G,1,1,0.24,1.5,1.74,0017096153,4/5/2025,4/5/2026,1,
IFF-QB00002,F0102005D,CHERRY BERRY,Mezcla,ATENCION,1 800 002 1400,"H226, H316, H317,
H319, H410","P210, P233, P240, P241, P242, P243, P261, P264, P272, P273, P280, P303 + P361 + P353, P305 + P351 + P338, P333 + P313, P337 + P313, P362 + P364, P370 + P378, P391, P403 + P235, P501",1,G,1,1,0.24,2,2.24,0017096153,4/5/2025,4/5/2026,1,
IFF-QB00002,F0102005E,CHERRY BERRY,Mezcla,ATENCION,1 800 002 1400,"H226, H316, H317,
H319, H410","P210, P233, P240, P241, P242, P243, P261, P264, P272, P273, P280, P303 + P361 + P353, P305 + P351 + P338, P333 + P313, P337 + P313, P362 + P364, P370 + P378, P391, P403 + P235, P501",1,G,1,1,0.24,3,3.24,0017096153,4/5/2025,4/5/2026,1,
IFF-QB00002,F0102005F,CHERRY BERRY,Mezcla,ATENCION,1 800 002 1400,"H226, H316, H317,
H319, H410","P210, P233, P240, P241, P242, P243, P261, P264, P272, P273, P280, P303 + P361 + P353, P305 + P351 + P338, P333 + P313, P337 + P313, P362 + P364, P370 + P378, P391, P403 + P235, P501",1,G,1,1,0.24,4,4.24,0017096153,4/5/2025,4/5/2026,1,
IFF-QB00002,F0102005G,CHERRY BERRY,Mezcla,ATENCION,1 800 002 1400,"H226, H316, H317,
H319, H410","P210, P233, P240, P241, P242, P243, P261, P264, P272, P273, P280, P303 + P361 + P353, P305 + P351 + P338, P333 + P313, P337 + P313, P362 + P364, P370 + P378, P391, P403 + P235, P501",1,G,1,1,0.28,5,5.28,0017096153,4/5/2025,4/5/2026,1,
IFF-QB00002,F0102005H,CHERRY BERRY,Mezcla,ATENCION,1 800 002 1400,"H226, H316, H317,
H319, H410","P210, P233, P240, P241, P242, P243, P261, P264, P272, P273, P280, P303 + P361 + P353, P305 + P351 + P338, P333 + P313, P337 + P313, P362 + P364, P370 + P378, P391, P403 + P235, P501",1,G,1,1,0.48,10,10.48,0017096153,4/5/2025,4/5/2026,1,
IFF-QB00002,F0102005I,CHERRY BERRY,Mezcla,ATENCION,1 800 002 1400,"H226, H316, H317,
H319, H410","P210, P233, P240, P241, P242, P243, P261, P264, P272, P273, P280, P303 + P361 + P353, P305 + P351 + P338, P333 + P313, P337 + P313, P362 + P364, P370 + P378, P391, P403 + P235, P501",1,G,1,1,0.9,15,15.9,0017096153,4/5/2025,4/5/2026,1,
IFF-QB00002,F0102005J,CHERRY BERRY,Mezcla,ATENCION,1 800 002 1400,"H226, H316, H317,
H319, H410","P210, P233, P240, P241, P242, P243, P261, P264, P272, P273, P280, P303 + P361 + P353, P305 + P351 + P338, P333 + P313, P337 + P313, P362 + P364, P370 + P378, P391, P403 + P235, P501",1,G,1,1,0.9,20,20.9,0017096153,4/5/2025,4/5/2026,1,
IFF-QB00002,F0102005K,CHERRY BERRY,Mezcla,ATENCION,1 800 002 1400,"H226, H316, H317,
H319, H410","P210, P233, P240, P241, P242, P243, P261, P264, P272, P273, P280, P303 + P361 + P353, P305 + P351 + P338, P333 + P313, P337 + P313, P362 + P364, P370 + P378, P391, P403 + P235, P501",1,G,1,1,2.2,50,52.2,0017096153,4/5/2025,4/5/2026,1,
,,,,,,,,,,,,,,,,,,,
IFF-QB00226,P1101058A,BLUE MOMENT 759,Mezcla,ATENCION,1 800 002 1400,"H316, H317, H411","P261, P272, P273, P280, P302 + P352, P333 + P313, P362 + P364, P391, P501",G,1,1,1,0.9,20,20.9,,00/00/0000,00/00/0000,1,
IFF-QB00226,P1101058B,BLUE MOMENT 759,Mezcla,ATENCION,1 800 002 1400,"H316, H317, H411","P261, P272, P273, P280, P302 + P352, P333 + P313, P362 + P364, P391, P501",G,1,1,1,2.2,50,52.2,,00/00/0000,00/00/0000,1,
IFF-QB00226,P1101058C,BLUE MOMENT 759,Mezcla,ATENCION,1 800 002 1400,"H316, H317, H411","P261, P272, P273, P280, P302 + P352, P333 + P313, P362 + P364, P391, P501",G,1,1,1,0.9,200,20.9,,00/00/0000,00/00/0000,1,
,,,,,,,,,,,,,,,,,,,
,Q0408023A,OILKEMIA 55 S/P,110-82-7,ATENCION,216-447-5000,H319: Provoca irritación ocular grave. H402: Nocivo para los organismos acuáticos,"P264: Lavarse cuidadosamente después de la manipulación. P280: Usar guantes/ropa de protección/equipo de protección para los ojos/la cara. P273: No dispersar en el medio ambiente. P305+P351+P338: En caso de contacto con los ojos: Enjuagar con agua cuidadosamente durante varios minutos. Quitar las lentes de contacto cuando estén presentes y pueda hacerse con facilidad. Proseguir con el lavado. P337+P313: Si la irritación ocular persiste, consultar a un médico. P501: Eliminar  el contenido/recipiente en una planta apropiada detratamiento y eliminación conforme a las leyes/reglamentaciones aplicables y las características del producto en el momento de la eliminación.",g,1,1,1,0.015,0.5,0.515,3002883,2/1/2020,1/31/2022,1,
,Q0408023B,OILKEMIA 55 S/P,110-82-7,ATENCION,216-447-5000,H319: Provoca irritación ocular grave. H402: Nocivo para los organismos acuáticos,"P264: Lavarse cuidadosamente después de la manipulación. P280: Usar guantes/ropa de protección/equipo de protección para los ojos/la cara. P273: No dispersar en el medio ambiente. P305+P351+P338: En caso de contacto con los ojos: Enjuagar con agua cuidadosamente durante varios minutos. Quitar las lentes de contacto cuando estén presentes y pueda hacerse con facilidad. Proseguir con el lavado. P337+P313: Si la irritación ocular persiste, consultar a un médico. P501: Eliminar  el contenido/recipiente en una planta apropiada detratamiento y eliminación conforme a las leyes/reglamentaciones aplicables y las características del producto en el momento de la eliminación.",g,1,1,1,0.015,1,1.015,3002883,2/1/2020,1/31/2022,1,
,Q0408023C,OILKEMIA 55 S/P,110-82-7,ATENCION,216-447-5000,H319: Provoca irritación ocular grave. H402: Nocivo para los organismos acuáticos,"P264: Lavarse cuidadosamente después de la manipulación. P280: Usar guantes/ropa de protección/equipo de protección para los ojos/la cara. P273: No dispersar en el medio ambiente. P305+P351+P338: En caso de contacto con los ojos: Enjuagar con agua cuidadosamente durante varios minutos. Quitar las lentes de contacto cuando estén presentes y pueda hacerse con facilidad. Proseguir con el lavado. P337+P313: Si la irritación ocular persiste, consultar a un médico. P501: Eliminar  el contenido/recipiente en una planta apropiada detratamiento y eliminación conforme a las leyes/reglamentaciones aplicables y las características del producto en el momento de la eliminación.",g,1,1,1,0.035,2,2.035,3002883,2/1/2020,1/31/2022,1,
,Q0408023D,OILKEMIA 55 S/P,110-82-7,ATENCION,216-447-5000,H319: Provoca irritación ocular grave. H402: Nocivo para los organismos acuáticos,"P264: Lavarse cuidadosamente después de la manipulación. P280: Usar guantes/ropa de protección/equipo de protección para los ojos/la cara. P273: No dispersar en el medio ambiente. P305+P351+P338: En caso de contacto con los ojos: Enjuagar con agua cuidadosamente durante varios minutos. Quitar las lentes de contacto cuando estén presentes y pueda hacerse con facilidad. Proseguir con el lavado. P337+P313: Si la irritación ocular persiste, consultar a un médico. P501: Eliminar  el contenido/recipiente en una planta apropiada detratamiento y eliminación conforme a las leyes/reglamentaciones aplicables y las características del producto en el momento de la eliminación.",g,1,1,1,0.035,3,3.035,3002883,2/1/2020,1/31/2022,1,
,Q0408023E,OILKEMIA 55 S/P,110-82-7,ATENCION,216-447-5000,H319: Provoca irritación ocular grave. H402: Nocivo para los organismos acuáticos,"P264: Lavarse cuidadosamente después de la manipulación. P280: Usar guantes/ropa de protección/equipo de protección para los ojos/la cara. P273: No dispersar en el medio ambiente. P305+P351+P338: En caso de contacto con los ojos: Enjuagar con agua cuidadosamente durante varios minutos. Quitar las lentes de contacto cuando estén presentes y pueda hacerse con facilidad. Proseguir con el lavado. P337+P313: Si la irritación ocular persiste, consultar a un médico. P501: Eliminar  el contenido/recipiente en una planta apropiada detratamiento y eliminación conforme a las leyes/reglamentaciones aplicables y las características del producto en el momento de la eliminación.",g,1,1,1,0.035,4,4.035,3002883,2/1/2020,1/31/2022,1,
,Q0408023F,OILKEMIA 55 S/P,110-82-7,ATENCION,216-447-5000,H319: Provoca irritación ocular grave. H402: Nocivo para los organismos acuáticos,"P264: Lavarse cuidadosamente después de la manipulación. P280: Usar guantes/ropa de protección/equipo de protección para los ojos/la cara. P273: No dispersar en el medio ambiente. P305+P351+P338: En caso de contacto con los ojos: Enjuagar con agua cuidadosamente durante varios minutos. Quitar las lentes de contacto cuando estén presentes y pueda hacerse con facilidad. Proseguir con el lavado. P337+P313: Si la irritación ocular persiste, consultar a un médico. P501: Eliminar  el contenido/recipiente en una planta apropiada detratamiento y eliminación conforme a las leyes/reglamentaciones aplicables y las características del producto en el momento de la eliminación.",g,1,1,1,0.035,5,5.035,3002883,2/1/2020,1/31/2022,1,
,,,,,,,,,,,,,,,,,,,
LUB-QB00010,Q0401021A,CARBOPOL 956,No Aplicable,No Aplicable,216-447-5000,No Aplicable,No Aplicable,1,1,1,1,0.015,0.5,0.515,0000051129,11/5/2024,11/5/2026,1,
LUB-QB00010,Q0401021B,CARBOPOL 956,No Aplicable,No Aplicable,216-447-5000,No Aplicable,No Aplicable,1,1,1,1,0.015,1,1.015,0000051129,11/5/2024,11/5/2026,1,
LUB-QB00010,Q0401021C,CARBOPOL 956,No Aplicable,No Aplicable,216-447-5000,No Aplicable,No Aplicable,1,1,1,1,0.035,2,2.035,0000051129,11/5/2024,11/5/2026,1,
LUB-QB00010,Q0401021D,CARBOPOL 956,No Aplicable,No Aplicable,216-447-5000,No Aplicable,No Aplicable,1,1,1,1,0.035,3,3.035,0000051129,11/5/2024,11/5/2026,1,
LUB-QB00010,Q0401021E,CARBOPOL 956,No Aplicable,No Aplicable,216-447-5000,No Aplicable,No Aplicable,1,1,1,1,0.035,4,4.035,0000051129,11/5/2024,11/5/2026,1,
LUB-QB00010,Q0401021F,CARBOPOL 956,No Aplicable,No Aplicable,216-447-5000,No Aplicable,No Aplicable,1,1,1,1,0.035,5,5.035,0000051129,11/5/2024,11/5/2026,1,
,,,,,,,,,,,,,,,,,,,
VAR-QB00109,Q0304002A,LESS QB S/P,No Aplicable,PELIGRO,+34 93 739 9445,Provoca lesiones oculares graves. Provoca irritación cutánea.,"Llevar guantes de protección. Llevar gafas o máscara de protección. Lavarse las manos concienzudamente tras la manipulación. EN CASO DE CONTACTO CON LA PIEL: Lavar con agua y jabón abundantes. Quitar las prendas contaminadas y lavarlas antes de volver a usarlas. En caso de irritación cutánea: Consultar a un médico. EN CASO DE CONTACTO CON LOS OJOS: Aclarar cuidadosamente con agua durante varios minutos. Quitar las lentes de contacto, si lleva y resulta fácil. Seguir aclarando. Llamar inmediatamente a un centro de información toxicológica o a un médico. ",g,1,1,1,0.28,5,5.28,TLC-191125M-2,11/19/2025,11/19/2026,1,
VAR-QB00109,Q0304002B,LESS QB S/P,No Aplicable,PELIGRO,+34 93 739 9445,Provoca lesiones oculares graves. Provoca irritación cutánea.,"Llevar guantes de protección. Llevar gafas o máscara de protección. Lavarse las manos concienzudamente tras la manipulación. EN CASO DE CONTACTO CON LA PIEL: Lavar con agua y jabón abundantes. Quitar las prendas contaminadas y lavarlas antes de volver a usarlas. En caso de irritación cutánea: Consultar a un médico. EN CASO DE CONTACTO CON LOS OJOS: Aclarar cuidadosamente con agua durante varios minutos. Quitar las lentes de contacto, si lleva y resulta fácil. Seguir aclarando. Llamar inmediatamente a un centro de información toxicológica o a un médico. ",g,1,1,1,0.48,10,10.48,TLC-191125M-2,11/19/2025,11/19/2026,1,
VAR-QB00109,Q0304002C,LESS QB S/P,No Aplicable,PELIGRO,+34 93 739 9445,Provoca lesiones oculares graves. Provoca irritación cutánea.,"Llevar guantes de protección. Llevar gafas o máscara de protección. Lavarse las manos concienzudamente tras la manipulación. EN CASO DE CONTACTO CON LA PIEL: Lavar con agua y jabón abundantes. Quitar las prendas contaminadas y lavarlas antes de volver a usarlas. En caso de irritación cutánea: Consultar a un médico. EN CASO DE CONTACTO CON LOS OJOS: Aclarar cuidadosamente con agua durante varios minutos. Quitar las lentes de contacto, si lleva y resulta fácil. Seguir aclarando. Llamar inmediatamente a un centro de información toxicológica o a un médico. ",g,1,1,1,0.9,15,15.9,TLC-191125M-2,11/19/2025,11/19/2026,1,
VAR-QB00109,Q0304002D,LESS QB S/P,No Aplicable,PELIGRO,+34 93 739 9445,Provoca lesiones oculares graves. Provoca irritación cutánea.,"Llevar guantes de protección. Llevar gafas o máscara de protección. Lavarse las manos concienzudamente tras la manipulación. EN CASO DE CONTACTO CON LA PIEL: Lavar con agua y jabón abundantes. Quitar las prendas contaminadas y lavarlas antes de volver a usarlas. En caso de irritación cutánea: Consultar a un médico. EN CASO DE CONTACTO CON LOS OJOS: Aclarar cuidadosamente con agua durante varios minutos. Quitar las lentes de contacto, si lleva y resulta fácil. Seguir aclarando. Llamar inmediatamente a un centro de información toxicológica o a un médico. ",g,1,1,1,0.9,20,20.9,TLC-191125M-2,11/19/2025,11/19/2026,1,
VAR-QB00109,Q0304002E,LESS QB S/P,No Aplicable,PELIGRO,+34 93 739 9445,Provoca lesiones oculares graves. Provoca irritación cutánea.,"Llevar guantes de protección. Llevar gafas o máscara de protección. Lavarse las manos concienzudamente tras la manipulación. EN CASO DE CONTACTO CON LA PIEL: Lavar con agua y jabón abundantes. Quitar las prendas contaminadas y lavarlas antes de volver a usarlas. En caso de irritación cutánea: Consultar a un médico. EN CASO DE CONTACTO CON LOS OJOS: Aclarar cuidadosamente con agua durante varios minutos. Quitar las lentes de contacto, si lleva y resulta fácil. Seguir aclarando. Llamar inmediatamente a un centro de información toxicológica o a un médico. ",g,1,1,1,2.2,50,52.2,TLC-191125M-2,11/19/2025,11/19/2026,1,
,,,,,,,,,,,,,,,,,,,
LUB-QB00003,Q0408028A,ALGAPUR HSHO S/P,No Aplicable,No Aplicable,216-447-5000,No Aplicable,No Aplicable,1,1,1,1,0.09,1,1.09,23034,3/6/2024,3/6/2026,1,
LUB-QB00003,Q0408028B,ALGAPUR HSHO S/P,No Aplicable,No Aplicable,216-447-5000,No Aplicable,No Aplicable,1,1,1,1,0.24,1.5,1.74,23034,3/6/2024,3/6/2026,1,
LUB-QB00003,Q0408028C,ALGAPUR HSHO S/P,No Aplicable,No Aplicable,216-447-5000,No Aplicable,No Aplicable,1,1,1,1,0.24,2,2.24,23034,3/6/2024,3/6/2026,1,
LUB-QB00003,Q0408028D,ALGAPUR HSHO S/P,No Aplicable,No Aplicable,216-447-5000,No Aplicable,No Aplicable,1,1,1,1,0.24,3,3.24,23034,3/6/2024,3/6/2026,1,
LUB-QB00003,Q0408028E,ALGAPUR HSHO S/P,No Aplicable,No Aplicable,216-447-5000,No Aplicable,No Aplicable,1,1,1,1,0.24,4,4.24,23034,3/6/2024,3/6/2026,1,
LUB-QB00003,Q0408028F,ALGAPUR HSHO S/P,No Aplicable,No Aplicable,216-447-5000,No Aplicable,No Aplicable,1,1,1,1,0.28,5,5.28,23034,3/6/2024,3/6/2026,1,
LUB-QB00003,Q0408028G,ALGAPUR HSHO S/P,No Aplicable,No Aplicable,216-447-5000,No Aplicable,No Aplicable,1,1,1,1,0.48,10,10.48,23034,3/6/2024,3/6/2026,1,
LUB-QB00003,Q0408028H,ALGAPUR HSHO S/P,No Aplicable,No Aplicable,216-447-5000,No Aplicable,No Aplicable,1,1,1,1,0.9,15,15.9,23034,3/6/2024,3/6/2026,1,
LUB-QB00003,Q0408028I,ALGAPUR HSHO S/P,No Aplicable,No Aplicable,216-447-5000,No Aplicable,No Aplicable,1,1,1,1,0.9,20,20.9,23034,3/6/2024,3/6/2026,1,
LUB-QB00003,Q0408028J,ALGAPUR HSHO S/P,No Aplicable,No Aplicable,216-447-5000,No Aplicable,No Aplicable,1,1,1,1,2.2,50,52.2,23034,3/6/2024,3/6/2026,1,****
,,,,,,,,,,,,,,,,,,,
IFF-QB00144,P0601019A,FLORAL TOUCH 956,Mezcla,ATENCION,1 800 002 1400,"H227, H315, H317, H319, H411","P210, P261, P264, P272, P273, P280, P302 + P352, P305 + P351 + P338, P333 + P313, P337 + P313, P362 + P364, P370 + P378, P391, P403 + P235, P405, P501",G,I,1,1,,,,16281247,11/6/2023,11/5/2024,,
IFF-QB00144,P0601019B,FLORAL TOUCH 956,Mezcla,ATENCION,1 800 002 1400,"H227, H315, H317, H319, H411","P210, P261, P264, P272, P273, P280, P302 + P352, P305 + P351 + P338, P333 + P313, P337 + P313, P362 + P364, P370 + P378, P391, P403 + P235, P405, P501",G,I,1,1,,,,16281247,11/6/2023,11/5/2024,1,
IFF-QB00144,P0601019C,FLORAL TOUCH 956,Mezcla,ATENCION,1 800 002 1400,"H227, H315, H317, H319, H411","P210, P261, P264, P272, P273, P280, P302 + P352, P305 + P351 + P338, P333 + P313, P337 + P313, P362 + P364, P370 + P378, P391, P403 + P235, P405, P501",G,I,1,1,,,,16281247,11/6/2023,11/5/2024,1,
IFF-QB00144,P0601019A,FLORAL TOUCH 956,Mezcla,ATENCION,1 800 002 1400,"H227, H315, H317, H319, H411","P210, P261, P264, P272, P273, P280, P302 + P352, P305 + P351 + P338, P333 + P313, P337 + P313, P362 + P364, P370 + P378, P391, P403 + P235, P405, P501",G,I,1,1,,,,16281247,11/6/2023,11/5/2024,1,
IFF-QB00144,P0601019B,FLORAL TOUCH 956,Mezcla,ATENCION,1 800 002 1400,"H227, H315, H317, H319, H411","P210, P261, P264, P272, P273, P280, P302 + P352, P305 + P351 + P338, P333 + P313, P337 + P313, P362 + P364, P370 + P378, P391, P403 + P235, P405, P501",G,I,1,1,,,,16281247,11/6/2023,11/5/2024,1,
IFF-QB00144,P0601019C,FLORAL TOUCH 956,Mezcla,ATENCION,1 800 002 1400,"H227, H315, H317, H319, H411","P210, P261, P264, P272, P273, P280, P302 + P352, P305 + P351 + P338, P333 + P313, P337 + P313, P362 + P364, P370 + P378, P391, P403 + P235, P405, P501",G,I,1,1,,,,16281247,11/6/2023,11/5/2024,1,
IFF-QB00144,P0601019A,FLORAL TOUCH 956,Mezcla,ATENCION,1 800 002 1400,"H227, H315, H317, H319, H411","P210, P261, P264, P272, P273, P280, P302 + P352, P305 + P351 + P338, P333 + P313, P337 + P313, P362 + P364, P370 + P378, P391, P403 + P235, P405, P501",G,I,1,1,,,,16281247,11/6/2023,11/5/2024,1,
IFF-QB00144,P0601019B,FLORAL TOUCH 956,Mezcla,ATENCION,1 800 002 1400,"H227, H315, H317, H319, H411","P210, P261, P264, P272, P273, P280, P302 + P352, P305 + P351 + P338, P333 + P313, P337 + P313, P362 + P364, P370 + P378, P391, P403 + P235, P405, P501",G,I,1,1,,,,16281247,11/6/2023,11/5/2024,1,
IFF-QB00144,P0601019C,FLORAL TOUCH 956,Mezcla,ATENCION,1 800 002 1400,"H227, H315, H317, H319, H411","P210, P261, P264, P272, P273, P280, P302 + P352, P305 + P351 + P338, P333 + P313, P337 + P313, P362 + P364, P370 + P378, P391, P403 + P235, P405, P501",G,I,1,1,,,,16281247,11/6/2023,11/5/2024,1,
IFF-QB00144,P0601019A,FLORAL TOUCH 956,Mezcla,ATENCION,1 800 002 1400,"H227, H315, H317, H319, H411","P210, P261, P264, P272, P273, P280, P302 + P352, P305 + P351 + P338, P333 + P313, P337 + P313, P362 + P364, P370 + P378, P391, P403 + P235, P405, P501",G,I,1,1,,,,16281247,11/6/2023,11/5/2024,1,
IFF-QB00144,P0601019A,FLORAL TOUCH 956,Mezcla,ATENCION,1 800 002 1400,"H227, H315, H317, H319, H411","P210, P261, P264, P272, P273, P280, P302 + P352, P305 + P351 + P338, P333 + P313, P337 + P313, P362 + P364, P370 + P378, P391, P403 + P235, P405, P501",G,I,1,1,,,,,,,1,
,,,,,,,,,,,,,,,,,,1,
KAO-QB00056,Q0201029A,KAOSOFT AT-50V,"157905-74-3, 64-17-5",ATENCION,+34 93 739 9445,Líquidos y vapores inflamables.,"Llevar guantes de protección: > 8 horas (tiempo de detección): goma de butilo , neopreno. Llevar gafas o máscara de protección: Recomendado: gafas antisalpicaduras. Mantener alejado del calor, de superficies calientes, de chispas, de llamas abiertas y de cualquier otra fuente de ignición. No fumar. Utilizar un material eléctrico, de ventilación, de iluminación y todos los equipos de manipulación de materiales  ntideflagrantes. Utilizar únicamente herramientas que no produzcan chispas. Tomar  edidas de precaución contra descargas electrostáticas. Mantener el recipiente herméticamente cerrado. EN CASO DE CONTACTO CON LA PIEL (o el pelo): Quitar inmediatamente todas las prendas contaminadas. Aclararse la piel con agua o ducharse. Almacenar en un lugar bien ventilado. Mantener en lugar fresco. Eliminar el contenido y el recipiente de acuerdo con las normativas locales, regionales, nacionales e internacionales.",b,1,1,1,,,,,,,1,
KAO-QB00056,Q0201029B,KAOSOFT AT-50V,"157905-74-3, 64-17-5",ATENCION,+34 93 739 9445,Líquidos y vapores inflamables.,"Llevar guantes de protección: > 8 horas (tiempo de detección): goma de butilo , neopreno. Llevar gafas o máscara de protección: Recomendado: gafas antisalpicaduras. Mantener alejado del calor, de superficies calientes, de chispas, de llamas abiertas y de cualquier otra fuente de ignición. No fumar. Utilizar un material eléctrico, de ventilación, de iluminación y todos los equipos de manipulación de materiales  ntideflagrantes. Utilizar únicamente herramientas que no produzcan chispas. Tomar  edidas de precaución contra descargas electrostáticas. Mantener el recipiente herméticamente cerrado. EN CASO DE CONTACTO CON LA PIEL (o el pelo): Quitar inmediatamente todas las prendas contaminadas. Aclararse la piel con agua o ducharse. Almacenar en un lugar bien ventilado. Mantener en lugar fresco. Eliminar el contenido y el recipiente de acuerdo con las normativas locales, regionales, nacionales e internacionales.",b,1,1,1,,,,,,,1,
,,,,,,,,,,,,,,,,,,1,
LUB-QB00049,,NOVETHIX HC 200,No Aplicable,ATENCION,216-447-5000,H316: Provoca una leve irritación cutánea.,P332+P313: En caso de irritación cutánea: Consultar a un médico.,1,1,1,1,0.28,5,5.28,0000213250,6/13/2024,6/13/2025,1,
LUB-QB00049,,NOVETHIX HC 200,No Aplicable,ATENCION,216-447-5000,H316: Provoca una leve irritación cutánea.,P332+P313: En caso de irritación cutánea: Consultar a un médico.,1,1,1,1,0.480,10,10.480,0000213250,6/13/2024,6/13/2025,1,
LUB-QB00049,,NOVETHIX HC 200,No Aplicable,ATENCION,216-447-5000,H316: Provoca una leve irritación cutánea.,P332+P313: En caso de irritación cutánea: Consultar a un médico.,1,1,1,1,0.9,15,15.9,0000213250,6/13/2024,6/13/2025,1,
LUB-QB00049,,NOVETHIX HC 200,No Aplicable,ATENCION,216-447-5000,H316: Provoca una leve irritación cutánea.,P332+P313: En caso de irritación cutánea: Consultar a un médico.,1,1,1,1,0.9,20,20.9,0000213250,6/13/2024,6/13/2025,1,
LUB-QB00049,,NOVETHIX HC 200,No Aplicable,ATENCION,216-447-5000,H316: Provoca una leve irritación cutánea.,P332+P313: En caso de irritación cutánea: Consultar a un médico.,1,1,1,1,2.2,50,52.2,0000213250,6/13/2024,6/13/2025,1,
,,,,,,,,,,,,,,,,,,1,
,,EUXYL PE 9010, - , -, -, -, -,1,1,1,1,,,,,,,1,
,,EUXYL PE 9010, - , -, -, -, -,1,1,1,1,,,,0002724101,2/21/2025,2/21/2028,1,
,,EUXYL PE 9010, - , -, -, -, -,1,1,1,1,,,,0002724101,2/21/2025,2/21/2028,1,
,,EUXYL PE 9010, - , -, -, -, -,1,1,1,1,,,,0002724101,2/21/2025,2/21/2028,1,
,,EUXYL PE 9010, - , -, -, -, -,1,1,1,1,,,,0002724101,2/21/2025,2/21/2028,1,
,,EUXYL PE 9010, - , -, -, -, -,1,1,1,1,,,,0002724101,2/21/2025,2/21/2028,1,
,,EUXYL PE 9010, - , -, -, -, -,1,1,1,1,,,,0002724101,2/21/2025,2/21/2028,1,
,,EUXYL PE 9010, - , -, -, -, -,1,1,1,1,,,,0002724101,2/21/2025,2/21/2028,1,
,,EUXYL PE 9010, - , -, -, -, -,1,1,1,1,,,,0002724101,2/21/2025,2/21/2028,1,
,,,,,,,,,,,,,,,,,,1,
,,,,,,,,,,,,,,,,,,1,
ASH-QB00009,,CONDITIONIZE 37E,No Aplicable,1-800-274-5263,No Aplicable,No Aplicable,No Aplicable,1,1,1,1,,,,,,,1,
ASH-QB00009,,CONDITIONIZE 37E,No Aplicable,1-800-274-5263,No Aplicable,No Aplicable,No Aplicable,1,1,1,1,,,,,,,1,
ASH-QB00009,,CONDITIONIZE 37E,No Aplicable,1-800-274-5263,No Aplicable,No Aplicable,No Aplicable,1,1,1,1,,,,,,,1,
ASH-QB00009,,CONDITIONIZE 37E,No Aplicable,1-800-274-5263,No Aplicable,No Aplicable,No Aplicable,1,1,1,1,,,,,,,1,
ASH-QB00009,,CONDITIONIZE 37E,No Aplicable,1-800-274-5263,No Aplicable,No Aplicable,No Aplicable,1,1,1,1,,,,,,,1,
ASH-QB00009,,CONDITIONIZE 37E,No Aplicable,1-800-274-5263,No Aplicable,No Aplicable,No Aplicable,1,1,1,1,,,,,,,1,
ASH-QB00009,,CONDITIONIZE 37E,No Aplicable,1-800-274-5263,No Aplicable,No Aplicable,No Aplicable,1,1,1,1,,,,,,,1,
ASH-QB00009,,CONDITIONIZE 37E,No Aplicable,1-800-274-5263,No Aplicable,No Aplicable,No Aplicable,1,1,1,1,,,,,,,1,
,,,,,,,,,,,,,,,,,,1,
LUB-QB00049,,NOVERITE 301 S/P,No Aplicable,No Aplicable,216-447-5000,No Aplicable,No Aplicable,1,1,1,1,,,,,,,1,
LUB-QB00049,,NOVERITE 301 S/P,No Aplicable,No Aplicable,216-447-5000,No Aplicable,No Aplicable,1,1,1,1,,,,,,,1,
LUB-QB00049,,NOVERITE 301 S/P,No Aplicable,No Aplicable,216-447-5000,No Aplicable,No Aplicable,1,1,1,1,,,,,,,1,
LUB-QB00049,,NOVERITE 301 S/P,No Aplicable,No Aplicable,216-447-5000,No Aplicable,No Aplicable,1,1,1,1,,,,,,,1,
,,,,,,,,,,,,,,,,,,1,
IFF-QB00218,,ARGAN MANDARINA SOFT 195,Mezcla,ATENCION,1 800 002 1400,"H316, H317, H411","P261, P272, P273, P280, P302 + P352, P333 + P313, P362 + P364, P391, P501",G,1,1,1,,,,,,,1,
IFF-QB00218,,ARGAN MANDARINA SOFT 195,Mezcla,ATENCION,1 800 002 1400,"H316, H317, H411","P261, P272, P273, P280, P302 + P352, P333 + P313, P362 + P364, P391, P501",G,1,1,1,,,,,,,1,
IFF-QB00218,,ARGAN MANDARINA SOFT 195,Mezcla,ATENCION,1 800 002 1400,"H316, H317, H411","P261, P272, P273, P280, P302 + P352, P333 + P313, P362 + P364, P391, P501",G,1,1,1,,,,,,,1,
IFF-QB00218,,ARGAN MANDARINA SOFT 195,Mezcla,ATENCION,1 800 002 1400,"H316, H317, H411","P261, P272, P273, P280, P302 + P352, P333 + P313, P362 + P364, P391, P501",G,1,1,1,,,,,,,1,
IFF-QB00218,,ARGAN MANDARINA SOFT 195,Mezcla,ATENCION,1 800 002 1400,"H316, H317, H411","P261, P272, P273, P280, P302 + P352, P333 + P313, P362 + P364, P391, P501",G,1,1,1,,,,,,,1,
IFF-QB00218,,ARGAN MANDARINA SOFT 195,Mezcla,ATENCION,1 800 002 1400,"H316, H317, H411","P261, P272, P273, P280, P302 + P352, P333 + P313, P362 + P364, P391, P501",G,1,1,1,,,,,,,1,
IFF-QB00218,,ARGAN MANDARINA SOFT 195,Mezcla,ATENCION,1 800 002 1400,"H316, H317, H411","P261, P272, P273, P280, P302 + P352, P333 + P313, P362 + P364, P391, P501",G,1,1,1,,,,,,,1,
IFF-QB00218,,ARGAN MANDARINA SOFT 195,Mezcla,ATENCION,1 800 002 1400,"H316, H317, H411","P261, P272, P273, P280, P302 + P352, P333 + P313, P362 + P364, P391, P501",G,1,1,1,,,,,,,1,
IFF-QB00218,,ARGAN MANDARINA SOFT 195,Mezcla,ATENCION,1 800 002 1400,"H316, H317, H411","P261, P272, P273, P280, P302 + P352, P333 + P313, P362 + P364, P391, P501",G,1,1,1,,,,,,,1,
IFF-QB00218,,ARGAN MANDARINA SOFT 195,Mezcla,ATENCION,1 800 002 1400,"H316, H317, H411","P261, P272, P273, P280, P302 + P352, P333 + P313, P362 + P364, P391, P501",G,1,1,1,,,,,,,1,
,,,,,,,,,,,,,,,,,,1,
IFF-QB00017,F0101004A,JAZMIN GREEN 263,Mezcla,ATENCION,1 800 002 1400,"H227, H316, H317,
H411","P210, P261, P272, P273, P280, P302 + P352, P333 + P313, P362 + P364, P370 + P378, P391, P403 + P235, P501",G,1,1,1,0.09,0.5,0.59,0017877565,2/19/2025,2/19/2026,1,
IFF-QB00017,F0101004B,JAZMIN GREEN 263,Mezcla,ATENCION,1 800 002 1400,"H227, H316, H317,
H411","P210, P261, P272, P273, P280, P302 + P352, P333 + P313, P362 + P364, P370 + P378, P391, P403 + P235, P501",G,1,1,1,0.09,1,1.09,0017877565,2/19/2025,2/19/2026,1,
IFF-QB00017,F0101004C,JAZMIN GREEN 263,Mezcla,ATENCION,1 800 002 1400,"H227, H316, H317,
H411","P210, P261, P272, P273, P280, P302 + P352, P333 + P313, P362 + P364, P370 + P378, P391, P403 + P235, P501",G,1,1,1,0.24,1.5,1.74,0017877565,2/19/2025,2/19/2026,1,
IFF-QB00017,F0101004D,JAZMIN GREEN 263,Mezcla,ATENCION,1 800 002 1400,"H227, H316, H317,
H411","P210, P261, P272, P273, P280, P302 + P352, P333 + P313, P362 + P364, P370 + P378, P391, P403 + P235, P501",G,1,1,1,0.24,2,2.24,0017877565,2/19/2025,2/19/2026,1,
IFF-QB00017,F0101004E,JAZMIN GREEN 263,Mezcla,ATENCION,1 800 002 1400,"H227, H316, H317,
H411","P210, P261, P272, P273, P280, P302 + P352, P333 + P313, P362 + P364, P370 + P378, P391, P403 + P235, P501",G,1,1,1,0.24,3,3.24,0017877565,2/19/2025,2/19/2026,1,
IFF-QB00017,F0101004F,JAZMIN GREEN 263,Mezcla,ATENCION,1 800 002 1400,"H227, H316, H317,
H411","P210, P261, P272, P273, P280, P302 + P352, P333 + P313, P362 + P364, P370 + P378, P391, P403 + P235, P501",G,1,1,1,0.24,4,4.24,0017877565,2/19/2025,2/19/2026,1,
IFF-QB00017,F0101004G,JAZMIN GREEN 263,Mezcla,ATENCION,1 800 002 1400,"H227, H316, H317,
H411","P210, P261, P272, P273, P280, P302 + P352, P333 + P313, P362 + P364, P370 + P378, P391, P403 + P235, P501",G,1,1,1,0.28,5,5.28,0017877565,2/19/2025,2/19/2026,1,
IFF-QB00017,F0101004H,JAZMIN GREEN 263,Mezcla,ATENCION,1 800 002 1400,"H227, H316, H317,
H411","P210, P261, P272, P273, P280, P302 + P352, P333 + P313, P362 + P364, P370 + P378, P391, P403 + P235, P501",G,1,1,1,0.48,10,10.48,0017877565,2/19/2025,2/19/2026,1,
IFF-QB00017,F0101004I,JAZMIN GREEN 263,Mezcla,ATENCION,1 800 002 1400,"H227, H316, H317,
H411","P210, P261, P272, P273, P280, P302 + P352, P333 + P313, P362 + P364, P370 + P378, P391, P403 + P235, P501",G,1,1,1,0.9,15,15.9,0017877565,2/19/2025,2/19/2026,1,
IFF-QB00017,F0101004J,JAZMIN GREEN 263,Mezcla,ATENCION,1 800 002 1400,"H227, H316, H317,
H411","P210, P261, P272, P273, P280, P302 + P352, P333 + P313, P362 + P364, P370 + P378, P391, P403 + P235, P501",G,1,1,1,0.9,20,20.9,0017877565,2/19/2025,2/19/2026,1,
,,,,,,,,,,,,,,,,,,1,
IFF-QB00027,F0101005A,NEVERLAND 700,Mezcla,ATENCION,01 800 002 1400,"H227, H303, H315, H317, H319, H361, H411","P201, P202, P210, P261, P264,
P272, P273, P280, P302 + P352, P305 + P351 + P338, P312, 
P333 + P313, P337 + P313, 
P362 + P364, P370 + P378, P391, P403 + P235, P405, P501",G,H,1,1,0.09,0.5,0.59,0018622068,8/15/2025,8/15/2026,1,
IFF-QB00027,F0101005B,NEVERLAND 700,Mezcla,ATENCION,01 800 002 1400,"H227, H303, H315, H317, H319, H361, H411","P201, P202, P210, P261, P264,
P272, P273, P280, P302 + P352, P305 + P351 + P338, P312, 
P333 + P313, P337 + P313, 
P362 + P364, P370 + P378, P391, P403 + P235, P405, P501",G,H,1,1,0.09,1,1.09,0018622068,8/15/2025,8/15/2026,1,
IFF-QB00027,F0101005C,NEVERLAND 700,Mezcla,ATENCION,01 800 002 1400,"H227, H303, H315, H317, H319, H361, H411","P201, P202, P210, P261, P264,
P272, P273, P280, P302 + P352, P305 + P351 + P338, P312, 
P333 + P313, P337 + P313, 
P362 + P364, P370 + P378, P391, P403 + P235, P405, P501",G,H,1,1,0.24,1.5,1.74,0018622068,8/15/2025,8/15/2026,1,
IFF-QB00027,F0101005D,NEVERLAND 700,Mezcla,ATENCION,01 800 002 1400,"H227, H303, H315, H317, H319, H361, H411","P201, P202, P210, P261, P264,
P272, P273, P280, P302 + P352, P305 + P351 + P338, P312, 
P333 + P313, P337 + P313, 
P362 + P364, P370 + P378, P391, P403 + P235, P405, P501",G,H,1,1,0.24,2,2.24,0018622068,8/15/2025,8/15/2026,1,
IFF-QB00027,F0101005E,NEVERLAND 700,Mezcla,ATENCION,01 800 002 1400,"H227, H303, H315, H317, H319, H361, H411","P201, P202, P210, P261, P264,
P272, P273, P280, P302 + P352, P305 + P351 + P338, P312, 
P333 + P313, P337 + P313, 
P362 + P364, P370 + P378, P391, P403 + P235, P405, P501",G,H,1,1,0.24,3,3.24,0018622068,8/15/2025,8/15/2026,1,
IFF-QB00027,F0101005F,NEVERLAND 700,Mezcla,ATENCION,01 800 002 1400,"H227, H303, H315, H317, H319, H361, H411","P201, P202, P210, P261, P264,
P272, P273, P280, P302 + P352, P305 + P351 + P338, P312, 
P333 + P313, P337 + P313, 
P362 + P364, P370 + P378, P391, P403 + P235, P405, P501",G,H,1,1,0.24,4,4.24,0018622068,8/15/2025,8/15/2026,1,
IFF-QB00027,F0101005G,NEVERLAND 700,Mezcla,ATENCION,01 800 002 1400,"H227, H303, H315, H317, H319, H361, H411","P201, P202, P210, P261, P264,
P272, P273, P280, P302 + P352, P305 + P351 + P338, P312, 
P333 + P313, P337 + P313, 
P362 + P364, P370 + P378, P391, P403 + P235, P405, P501",G,H,1,1,0.28,5,5.28,0018622068,8/15/2025,8/15/2026,1,
IFF-QB00027,F0101005H,NEVERLAND 700,Mezcla,ATENCION,01 800 002 1400,"H227, H303, H315, H317, H319, H361, H411","P201, P202, P210, P261, P264,
P272, P273, P280, P302 + P352, P305 + P351 + P338, P312, 
P333 + P313, P337 + P313, 
P362 + P364, P370 + P378, P391, P403 + P235, P405, P501",G,H,1,1,0.48,10,10.48,0018622068,8/15/2025,8/15/2026,1,
IFF-QB00027,F0101005I,NEVERLAND 700,Mezcla,ATENCION,01 800 002 1400,"H227, H303, H315, H317, H319, H361, H411","P201, P202, P210, P261, P264,
P272, P273, P280, P302 + P352, P305 + P351 + P338, P312, 
P333 + P313, P337 + P313, 
P362 + P364, P370 + P378, P391, P403 + P235, P405, P501",G,H,1,1,0.9,15,15.9,0018622068,8/15/2025,8/15/2026,1,
IFF-QB00027,F0101005J,NEVERLAND 700,Mezcla,ATENCION,01 800 002 1400,"H227, H303, H315, H317, H319, H361, H411","P201, P202, P210, P261, P264,
P272, P273, P280, P302 + P352, P305 + P351 + P338, P312, 
P333 + P313, P337 + P313, 
P362 + P364, P370 + P378, P391, P403 + P235, P405, P501",G,H,1,1,0.9,20,20.9,0018622068,8/15/2025,8/15/2026,1,
,,,,,,,,,,,,,,,,,,1,
IFF-QB00182,P0101004A,CALVAN GEL 8020,Mezcla,ATENCION,01 800 002 1400,"H227, H303, H315, H317, H319, H361, H411","P201, P202, P210, P261, P264,
P272, P273, P280, P302 + P352, P305 + P351 + P338, P312, 
P333 + P313, P337 + P313, 
P362 + P364, P370 + P378, P391, P403 + P235, P405, P501",G,H,1,1,0.09,0.5,0.59,0018397232,6/11/2025,6/11/2026,1,
IFF-QB00182,P0101004B,CALVAN GEL 8020,Mezcla,ATENCION,01 800 002 1400,"H227, H303, H315, H317, H319, H361, H411","P201, P202, P210, P261, P264,
P272, P273, P280, P302 + P352, P305 + P351 + P338, P312, 
P333 + P313, P337 + P313, 
P362 + P364, P370 + P378, P391, P403 + P235, P405, P501",G,H,1,1,0.09,1,1.09,0018397232,6/11/2025,6/11/2026,1,
IFF-QB00182,P0101004C,CALVAN GEL 8020,Mezcla,ATENCION,01 800 002 1400,"H227, H303, H315, H317, H319, H361, H411","P201, P202, P210, P261, P264,
P272, P273, P280, P302 + P352, P305 + P351 + P338, P312, 
P333 + P313, P337 + P313, 
P362 + P364, P370 + P378, P391, P403 + P235, P405, P501",G,H,1,1,0.24,1.5,1.74,0018397232,6/11/2025,6/11/2026,1,
IFF-QB00182,P0101004D,CALVAN GEL 8020,Mezcla,ATENCION,01 800 002 1400,"H227, H303, H315, H317, H319, H361, H411","P201, P202, P210, P261, P264,
P272, P273, P280, P302 + P352, P305 + P351 + P338, P312, 
P333 + P313, P337 + P313, 
P362 + P364, P370 + P378, P391, P403 + P235, P405, P501",G,H,1,1,0.24,2,2.24,0018397232,6/11/2025,6/11/2026,1,
IFF-QB00182,P0101004E,CALVAN GEL 8020,Mezcla,ATENCION,01 800 002 1400,"H227, H303, H315, H317, H319, H361, H411","P201, P202, P210, P261, P264,
P272, P273, P280, P302 + P352, P305 + P351 + P338, P312, 
P333 + P313, P337 + P313, 
P362 + P364, P370 + P378, P391, P403 + P235, P405, P501",G,H,1,1,0.24,3,3.24,0018397232,6/11/2025,6/11/2026,1,
IFF-QB00182,P0101004F,CALVAN GEL 8020,Mezcla,ATENCION,01 800 002 1400,"H227, H303, H315, H317, H319, H361, H411","P201, P202, P210, P261, P264,
P272, P273, P280, P302 + P352, P305 + P351 + P338, P312, 
P333 + P313, P337 + P313, 
P362 + P364, P370 + P378, P391, P403 + P235, P405, P501",G,H,1,1,0.24,4,4.24,0018397232,6/11/2025,6/11/2026,1,
IFF-QB00182,P0101004G,CALVAN GEL 8020,Mezcla,ATENCION,01 800 002 1400,"H227, H303, H315, H317, H319, H361, H411","P201, P202, P210, P261, P264,
P272, P273, P280, P302 + P352, P305 + P351 + P338, P312, 
P333 + P313, P337 + P313, 
P362 + P364, P370 + P378, P391, P403 + P235, P405, P501",G,H,1,1,0.28,5,5.28,0018397232,6/11/2025,6/11/2026,1,
IFF-QB00182,P0101004H,CALVAN GEL 8020,Mezcla,ATENCION,01 800 002 1400,"H227, H303, H315, H317, H319, H361, H411","P201, P202, P210, P261, P264,
P272, P273, P280, P302 + P352, P305 + P351 + P338, P312, 
P333 + P313, P337 + P313, 
P362 + P364, P370 + P378, P391, P403 + P235, P405, P501",G,H,1,1,0.48,10,10.48,0018397232,6/11/2025,6/11/2026,1,
IFF-QB00182,P0101004I,CALVAN GEL 8020,Mezcla,ATENCION,01 800 002 1400,"H227, H303, H315, H317, H319, H361, H411","P201, P202, P210, P261, P264,
P272, P273, P280, P302 + P352, P305 + P351 + P338, P312, 
P333 + P313, P337 + P313, 
P362 + P364, P370 + P378, P391, P403 + P235, P405, P501",G,H,1,1,0.9,15,15.9,0018397232,6/11/2025,6/11/2026,1,
IFF-QB00182,P0101004J,CALVAN GEL 8020,Mezcla,ATENCION,01 800 002 1400,"H227, H303, H315, H317, H319, H361, H411","P201, P202, P210, P261, P264,
P272, P273, P280, P302 + P352, P305 + P351 + P338, P312, 
P333 + P313, P337 + P313, 
P362 + P364, P370 + P378, P391, P403 + P235, P405, P501",G,H,1,1,0.9,20,20.9,0018397232,6/11/2025,6/11/2026,1,
,,,,,,,,,,,,,,,,,,1,
IFF-QB00179,P0101010A,BLAC FLORAL 842,Mezcla,ATENCION,01 800 002 1400,"H227, H303, H315, H317, H319, H361, H411","P201, P202, P210, P261, P264,
P272, P273, P280, P302 + P352, P305 + P351 + P338, P312, 
P333 + P313, P337 + P313, 
P362 + P364, P370 + P378, P391, P403 + P235, P405, P501",G,H,1,1,0.09,0.5,0.59,0016544625,4/15/2025,4/15/2026,1,
IFF-QB00179,P0101010B,BLAC FLORAL 842,Mezcla,ATENCION,01 800 002 1400,"H227, H303, H315, H317, H319, H361, H411","P201, P202, P210, P261, P264,
P272, P273, P280, P302 + P352, P305 + P351 + P338, P312, 
P333 + P313, P337 + P313, 
P362 + P364, P370 + P378, P391, P403 + P235, P405, P501",G,H,1,1,0.09,1,1.09,0016544625,4/15/2025,4/15/2026,1,
IFF-QB00179,P0101010C,BLAC FLORAL 842,Mezcla,ATENCION,01 800 002 1400,"H227, H303, H315, H317, H319, H361, H411","P201, P202, P210, P261, P264,
P272, P273, P280, P302 + P352, P305 + P351 + P338, P312, 
P333 + P313, P337 + P313, 
P362 + P364, P370 + P378, P391, P403 + P235, P405, P501",G,H,1,1,0.24,1.5,1.74,0016544625,4/15/2025,4/15/2026,1,
IFF-QB00179,P0101010D,BLAC FLORAL 842,Mezcla,ATENCION,01 800 002 1400,"H227, H303, H315, H317, H319, H361, H411","P201, P202, P210, P261, P264,
P272, P273, P280, P302 + P352, P305 + P351 + P338, P312, 
P333 + P313, P337 + P313, 
P362 + P364, P370 + P378, P391, P403 + P235, P405, P501",G,H,1,1,0.24,2,2.24,0016544625,4/15/2025,4/15/2026,1,
IFF-QB00179,P0101010E,BLAC FLORAL 842,Mezcla,ATENCION,01 800 002 1400,"H227, H303, H315, H317, H319, H361, H411","P201, P202, P210, P261, P264,
P272, P273, P280, P302 + P352, P305 + P351 + P338, P312, 
P333 + P313, P337 + P313, 
P362 + P364, P370 + P378, P391, P403 + P235, P405, P501",G,H,1,1,0.24,3,3.24,0016544625,4/15/2025,4/15/2026,1,
IFF-QB00179,P0101010F,BLAC FLORAL 842,Mezcla,ATENCION,01 800 002 1400,"H227, H303, H315, H317, H319, H361, H411","P201, P202, P210, P261, P264,
P272, P273, P280, P302 + P352, P305 + P351 + P338, P312, 
P333 + P313, P337 + P313, 
P362 + P364, P370 + P378, P391, P403 + P235, P405, P501",G,H,1,1,0.24,4,4.24,0016544625,4/15/2025,4/15/2026,1,
IFF-QB00179,P0101010G,BLAC FLORAL 842,Mezcla,ATENCION,01 800 002 1400,"H227, H303, H315, H317, H319, H361, H411","P201, P202, P210, P261, P264,
P272, P273, P280, P302 + P352, P305 + P351 + P338, P312, 
P333 + P313, P337 + P313, 
P362 + P364, P370 + P378, P391, P403 + P235, P405, P501",G,H,1,1,0.28,5,5.28,0016544625,4/15/2025,4/15/2026,1,
IFF-QB00179,P0101010H,BLAC FLORAL 842,Mezcla,ATENCION,01 800 002 1400,"H227, H303, H315, H317, H319, H361, H411","P201, P202, P210, P261, P264,
P272, P273, P280, P302 + P352, P305 + P351 + P338, P312, 
P333 + P313, P337 + P313, 
P362 + P364, P370 + P378, P391, P403 + P235, P405, P501",G,H,1,1,0.48,10,10.48,0016544625,4/15/2025,4/15/2026,1,
IFF-QB00179,P0101010I,BLAC FLORAL 842,Mezcla,ATENCION,01 800 002 1400,"H227, H303, H315, H317, H319, H361, H411","P201, P202, P210, P261, P264,
P272, P273, P280, P302 + P352, P305 + P351 + P338, P312, 
P333 + P313, P337 + P313, 
P362 + P364, P370 + P378, P391, P403 + P235, P405, P501",G,H,1,1,0.9,15,15.9,0016544625,4/15/2025,4/15/2026,1,
IFF-QB00179,P0101010J,BLAC FLORAL 842,Mezcla,ATENCION,01 800 002 1400,"H227, H303, H315, H317, H319, H361, H411","P201, P202, P210, P261, P264,
P272, P273, P280, P302 + P352, P305 + P351 + P338, P312, 
P333 + P313, P337 + P313, 
P362 + P364, P370 + P378, P391, P403 + P235, P405, P501",G,H,1,1,0.9,20,20.9,0016544625,4/15/2025,4/15/2026,1,
,,,,,,,,,,,,,,,,,,1,
IFF-QB00196,P0101011A,VICTORY 225,Mezcla,ATENCION,01 800 002 1400,"H227, H303, H315, H317, H319, H361, H411","P201, P202, P210, P261, P264,
P272, P273, P280, P302 + P352, P305 + P351 + P338, P312, 
P333 + P313, P337 + P313, 
P362 + P364, P370 + P378, P391, P403 + P235, P405, P501",G,H,1,1,0.09,0.5,0.59,0018281835,5/15/2025,5/15/2026,1,
IFF-QB00196,P0101011B,VICTORY 225,Mezcla,ATENCION,01 800 002 1400,"H227, H303, H315, H317, H319, H361, H411","P201, P202, P210, P261, P264,
P272, P273, P280, P302 + P352, P305 + P351 + P338, P312, 
P333 + P313, P337 + P313, 
P362 + P364, P370 + P378, P391, P403 + P235, P405, P501",G,H,1,1,0.09,1,1.09,0018281835,5/15/2025,5/15/2026,1,
IFF-QB00196,P0101011C,VICTORY 225,Mezcla,ATENCION,01 800 002 1400,"H227, H303, H315, H317, H319, H361, H411","P201, P202, P210, P261, P264,
P272, P273, P280, P302 + P352, P305 + P351 + P338, P312, 
P333 + P313, P337 + P313, 
P362 + P364, P370 + P378, P391, P403 + P235, P405, P501",G,H,1,1,0.24,1.5,1.74,0018281835,5/15/2025,5/15/2026,1,
IFF-QB00196,P0101011D,VICTORY 225,Mezcla,ATENCION,01 800 002 1400,"H227, H303, H315, H317, H319, H361, H411","P201, P202, P210, P261, P264,
P272, P273, P280, P302 + P352, P305 + P351 + P338, P312, 
P333 + P313, P337 + P313, 
P362 + P364, P370 + P378, P391, P403 + P235, P405, P501",G,H,1,1,0.24,2,2.24,0018281835,5/15/2025,5/15/2026,1,
IFF-QB00196,P0101011E,VICTORY 225,Mezcla,ATENCION,01 800 002 1400,"H227, H303, H315, H317, H319, H361, H411","P201, P202, P210, P261, P264,
P272, P273, P280, P302 + P352, P305 + P351 + P338, P312, 
P333 + P313, P337 + P313, 
P362 + P364, P370 + P378, P391, P403 + P235, P405, P501",G,H,1,1,0.24,3,3.24,0018281835,5/15/2025,5/15/2026,1,
IFF-QB00196,P0101011F,VICTORY 225,Mezcla,ATENCION,01 800 002 1400,"H227, H303, H315, H317, H319, H361, H411","P201, P202, P210, P261, P264,
P272, P273, P280, P302 + P352, P305 + P351 + P338, P312, 
P333 + P313, P337 + P313, 
P362 + P364, P370 + P378, P391, P403 + P235, P405, P501",G,H,1,1,0.24,4,4.24,0018281835,5/15/2025,5/15/2026,1,
IFF-QB00196,P0101011G,VICTORY 225,Mezcla,ATENCION,01 800 002 1400,"H227, H303, H315, H317, H319, H361, H411","P201, P202, P210, P261, P264,
P272, P273, P280, P302 + P352, P305 + P351 + P338, P312, 
P333 + P313, P337 + P313, 
P362 + P364, P370 + P378, P391, P403 + P235, P405, P501",G,H,1,1,0.28,5,5.28,0018281835,5/15/2025,5/15/2026,1,
IFF-QB00196,P0101011H,VICTORY 225,Mezcla,ATENCION,01 800 002 1400,"H227, H303, H315, H317, H319, H361, H411","P201, P202, P210, P261, P264,
P272, P273, P280, P302 + P352, P305 + P351 + P338, P312, 
P333 + P313, P337 + P313, 
P362 + P364, P370 + P378, P391, P403 + P235, P405, P501",G,H,1,1,0.48,10,10.48,0018281835,5/15/2025,5/15/2026,1,
IFF-QB00196,P0101011I,VICTORY 225,Mezcla,ATENCION,01 800 002 1400,"H227, H303, H315, H317, H319, H361, H411","P201, P202, P210, P261, P264,
P272, P273, P280, P302 + P352, P305 + P351 + P338, P312, 
P333 + P313, P337 + P313, 
P362 + P364, P370 + P378, P391, P403 + P235, P405, P501",G,H,1,1,0.9,15,15.9,0018281835,5/15/2025,5/15/2026,1,
IFF-QB00196,P0101011J,VICTORY 225,Mezcla,ATENCION,01 800 002 1400,"H227, H303, H315, H317, H319, H361, H411","P201, P202, P210, P261, P264,
P272, P273, P280, P302 + P352, P305 + P351 + P338, P312, 
P333 + P313, P337 + P313, 
P362 + P364, P370 + P378, P391, P403 + P235, P405, P501",G,H,1,1,0.9,20,20.9,0018281835,5/15/2025,5/15/2026,1,
,,,,,,,,,,,,,,,,,,1,
IFF-QB00187,P0101012A,GHOST 081,Mezcla,ATENCION,01 800 002 1400,"H227, H303, H315, H317, H319, H361, H411","P201, P202, P210, P261, P264,
P272, P273, P280, P302 + P352, P305 + P351 + P338, P312, 
P333 + P313, P337 + P313, 
P362 + P364, P370 + P378, P391, P403 + P235, P405, P501",G,H,1,1,0.09,0.5,0.59,0017309440,8/14/2024,8/14/2025,1,
IFF-QB00187,P0101012B,GHOST 081,Mezcla,ATENCION,01 800 002 1400,"H227, H303, H315, H317, H319, H361, H411","P201, P202, P210, P261, P264,
P272, P273, P280, P302 + P352, P305 + P351 + P338, P312, 
P333 + P313, P337 + P313, 
P362 + P364, P370 + P378, P391, P403 + P235, P405, P501",G,H,1,1,0.09,1,1.09,0017309440,8/14/2024,8/14/2025,1,
IFF-QB00187,P0101012C,GHOST 081,Mezcla,ATENCION,01 800 002 1400,"H227, H303, H315, H317, H319, H361, H411","P201, P202, P210, P261, P264,
P272, P273, P280, P302 + P352, P305 + P351 + P338, P312, 
P333 + P313, P337 + P313, 
P362 + P364, P370 + P378, P391, P403 + P235, P405, P501",G,H,1,1,0.24,1.5,1.74,0017309440,8/14/2024,8/14/2025,1,
IFF-QB00187,P0101012D,GHOST 081,Mezcla,ATENCION,01 800 002 1400,"H227, H303, H315, H317, H319, H361, H411","P201, P202, P210, P261, P264,
P272, P273, P280, P302 + P352, P305 + P351 + P338, P312, 
P333 + P313, P337 + P313, 
P362 + P364, P370 + P378, P391, P403 + P235, P405, P501",G,H,1,1,0.24,2,2.24,0017309440,8/14/2024,8/14/2025,1,
IFF-QB00187,P0101012E,GHOST 081,Mezcla,ATENCION,01 800 002 1400,"H227, H303, H315, H317, H319, H361, H411","P201, P202, P210, P261, P264,
P272, P273, P280, P302 + P352, P305 + P351 + P338, P312, 
P333 + P313, P337 + P313, 
P362 + P364, P370 + P378, P391, P403 + P235, P405, P501",G,H,1,1,0.24,3,3.24,0017309440,8/14/2024,8/14/2025,1,
IFF-QB00187,P0101012F,GHOST 081,Mezcla,ATENCION,01 800 002 1400,"H227, H303, H315, H317, H319, H361, H411","P201, P202, P210, P261, P264,
P272, P273, P280, P302 + P352, P305 + P351 + P338, P312, 
P333 + P313, P337 + P313, 
P362 + P364, P370 + P378, P391, P403 + P235, P405, P501",G,H,1,1,0.24,4,4.24,0017309440,8/14/2024,8/14/2025,1,
IFF-QB00187,P0101012G,GHOST 081,Mezcla,ATENCION,01 800 002 1400,"H227, H303, H315, H317, H319, H361, H411","P201, P202, P210, P261, P264,
P272, P273, P280, P302 + P352, P305 + P351 + P338, P312, 
P333 + P313, P337 + P313, 
P362 + P364, P370 + P378, P391, P403 + P235, P405, P501",G,H,1,1,0.28,5,5.28,0017309440,8/14/2024,8/14/2025,1,
IFF-QB00187,P0101012H,GHOST 081,Mezcla,ATENCION,01 800 002 1400,"H227, H303, H315, H317, H319, H361, H411","P201, P202, P210, P261, P264,
P272, P273, P280, P302 + P352, P305 + P351 + P338, P312, 
P333 + P313, P337 + P313, 
P362 + P364, P370 + P378, P391, P403 + P235, P405, P501",G,H,1,1,0.48,10,10.48,0017309440,8/14/2024,8/14/2025,1,
IFF-QB00187,P0101012I,GHOST 081,Mezcla,ATENCION,01 800 002 1400,"H227, H303, H315, H317, H319, H361, H411","P201, P202, P210, P261, P264,
P272, P273, P280, P302 + P352, P305 + P351 + P338, P312, 
P333 + P313, P337 + P313, 
P362 + P364, P370 + P378, P391, P403 + P235, P405, P501",G,H,1,1,0.9,15,15.9,0017309440,8/14/2024,8/14/2025,1,
IFF-QB00187,P0101012J,GHOST 081,Mezcla,ATENCION,01 800 002 1400,"H227, H303, H315, H317, H319, H361, H411","P201, P202, P210, P261, P264,
P272, P273, P280, P302 + P352, P305 + P351 + P338, P312, 
P333 + P313, P337 + P313, 
P362 + P364, P370 + P378, P391, P403 + P235, P405, P501",G,H,1,1,0.9,20,20.9,0017309440,8/14/2024,8/14/2025,1,
,,,,,,,,,,,,,,,,,,1,
IFF-QB00176,P0104023,AMOR CON J 469,Mezcla,ATENCION,01 800 002 1400,"H227, H303, H315, H317, H319, H361, H411","P201, P202, P210, P261, P264,
P272, P273, P280, P302 + P352, P305 + P351 + P338, P312, 
P333 + P313, P337 + P313, 
P362 + P364, P370 + P378, P391, P403 + P235, P405, P501",G,H,1,1,0.09,0.5,0.59,0017309440,5/14/2025,5/14/2026,1,
IFF-QB00176,P0104023,AMOR CON J 469,Mezcla,ATENCION,01 800 002 1400,"H227, H303, H315, H317, H319, H361, H411","P201, P202, P210, P261, P264,
P272, P273, P280, P302 + P352, P305 + P351 + P338, P312, 
P333 + P313, P337 + P313, 
P362 + P364, P370 + P378, P391, P403 + P235, P405, P501",G,H,1,1,0.09,1,1.09,0017309440,5/14/2025,5/14/2026,1,
IFF-QB00176,P0104023,AMOR CON J 469,Mezcla,ATENCION,01 800 002 1400,"H227, H303, H315, H317, H319, H361, H411","P201, P202, P210, P261, P264,
P272, P273, P280, P302 + P352, P305 + P351 + P338, P312, 
P333 + P313, P337 + P313, 
P362 + P364, P370 + P378, P391, P403 + P235, P405, P501",G,H,1,1,0.24,1.5,1.74,0017309440,5/14/2025,5/14/2026,1,
IFF-QB00176,P0104023,AMOR CON J 469,Mezcla,ATENCION,01 800 002 1400,"H227, H303, H315, H317, H319, H361, H411","P201, P202, P210, P261, P264,
P272, P273, P280, P302 + P352, P305 + P351 + P338, P312, 
P333 + P313, P337 + P313, 
P362 + P364, P370 + P378, P391, P403 + P235, P405, P501",G,H,1,1,0.24,2,2.24,0017309440,5/14/2025,5/14/2026,1,
IFF-QB00176,P0104023,AMOR CON J 469,Mezcla,ATENCION,01 800 002 1400,"H227, H303, H315, H317, H319, H361, H411","P201, P202, P210, P261, P264,
P272, P273, P280, P302 + P352, P305 + P351 + P338, P312, 
P333 + P313, P337 + P313, 
P362 + P364, P370 + P378, P391, P403 + P235, P405, P501",G,H,1,1,0.24,3,3.24,0017309440,5/14/2025,5/14/2026,1,
IFF-QB00176,P0104023,AMOR CON J 469,Mezcla,ATENCION,01 800 002 1400,"H227, H303, H315, H317, H319, H361, H411","P201, P202, P210, P261, P264,
P272, P273, P280, P302 + P352, P305 + P351 + P338, P312, 
P333 + P313, P337 + P313, 
P362 + P364, P370 + P378, P391, P403 + P235, P405, P501",G,H,1,1,0.24,4,4.24,0017309440,5/14/2025,5/14/2026,1,
IFF-QB00176,P0104023,AMOR CON J 469,Mezcla,ATENCION,01 800 002 1400,"H227, H303, H315, H317, H319, H361, H411","P201, P202, P210, P261, P264,
P272, P273, P280, P302 + P352, P305 + P351 + P338, P312, 
P333 + P313, P337 + P313, 
P362 + P364, P370 + P378, P391, P403 + P235, P405, P501",G,H,1,1,0.28,5,5.28,0017309440,5/14/2025,5/14/2026,1,
IFF-QB00176,P0104023,AMOR CON J 469,Mezcla,ATENCION,01 800 002 1400,"H227, H303, H315, H317, H319, H361, H411","P201, P202, P210, P261, P264,
P272, P273, P280, P302 + P352, P305 + P351 + P338, P312, 
P333 + P313, P337 + P313, 
P362 + P364, P370 + P378, P391, P403 + P235, P405, P501",G,H,1,1,0.48,10,10.48,0017309440,5/14/2025,5/14/2026,1,
IFF-QB00176,P0104023,AMOR CON J 469,Mezcla,ATENCION,01 800 002 1400,"H227, H303, H315, H317, H319, H361, H411","P201, P202, P210, P261, P264,
P272, P273, P280, P302 + P352, P305 + P351 + P338, P312, 
P333 + P313, P337 + P313, 
P362 + P364, P370 + P378, P391, P403 + P235, P405, P501",G,H,1,1,0.9,15,15.9,0017309440,5/14/2025,5/14/2026,1,
IFF-QB00176,P0104023,AMOR CON J 469,Mezcla,ATENCION,01 800 002 1400,"H227, H303, H315, H317, H319, H361, H411","P201, P202, P210, P261, P264,
P272, P273, P280, P302 + P352, P305 + P351 + P338, P312, 
P333 + P313, P337 + P313, 
P362 + P364, P370 + P378, P391, P403 + P235, P405, P501",G,H,1,1,0.9,20,20.9,0017309440,5/14/2025,5/14/2026,1,
,,,,,,,,,,,,,,,,,,1,
IFF-QB00181,P0104024A,BUENA NINA 979,Mezcla,ATENCION,01 800 002 1400,"H227, H303, H315, H317, H319, H361, H411","P201, P202, P210, P261, P264,
P272, P273, P280, P302 + P352, P305 + P351 + P338, P312, 
P333 + P313, P337 + P313, 
P362 + P364, P370 + P378, P391, P403 + P235, P405, P501",G,H,1,1,0.09,0.5,0.59,0017422026,5/30/2025,5/30/2026,1,
IFF-QB00181,P0104024B,BUENA NINA 979,Mezcla,ATENCION,01 800 002 1400,"H227, H303, H315, H317, H319, H361, H411","P201, P202, P210, P261, P264,
P272, P273, P280, P302 + P352, P305 + P351 + P338, P312, 
P333 + P313, P337 + P313, 
P362 + P364, P370 + P378, P391, P403 + P235, P405, P501",G,H,1,1,0.09,1,1.09,0017422026,5/30/2025,5/30/2026,1,
IFF-QB00181,P0104024C,BUENA NINA 979,Mezcla,ATENCION,01 800 002 1400,"H227, H303, H315, H317, H319, H361, H411","P201, P202, P210, P261, P264,
P272, P273, P280, P302 + P352, P305 + P351 + P338, P312, 
P333 + P313, P337 + P313, 
P362 + P364, P370 + P378, P391, P403 + P235, P405, P501",G,H,1,1,0.24,1.5,1.74,0017422026,5/30/2025,5/30/2026,1,
IFF-QB00181,P0104024D,BUENA NINA 979,Mezcla,ATENCION,01 800 002 1400,"H227, H303, H315, H317, H319, H361, H411","P201, P202, P210, P261, P264,
P272, P273, P280, P302 + P352, P305 + P351 + P338, P312, 
P333 + P313, P337 + P313, 
P362 + P364, P370 + P378, P391, P403 + P235, P405, P501",G,H,1,1,0.24,2,2.24,0017422026,5/30/2025,5/30/2026,1,
IFF-QB00181,P0104024E,BUENA NINA 979,Mezcla,ATENCION,01 800 002 1400,"H227, H303, H315, H317, H319, H361, H411","P201, P202, P210, P261, P264,
P272, P273, P280, P302 + P352, P305 + P351 + P338, P312, 
P333 + P313, P337 + P313, 
P362 + P364, P370 + P378, P391, P403 + P235, P405, P501",G,H,1,1,0.24,3,3.24,0017422026,5/30/2025,5/30/2026,1,
IFF-QB00181,P0104024F,BUENA NINA 979,Mezcla,ATENCION,01 800 002 1400,"H227, H303, H315, H317, H319, H361, H411","P201, P202, P210, P261, P264,
P272, P273, P280, P302 + P352, P305 + P351 + P338, P312, 
P333 + P313, P337 + P313, 
P362 + P364, P370 + P378, P391, P403 + P235, P405, P501",G,H,1,1,0.24,4,4.24,0017422026,5/30/2025,5/30/2026,1,
IFF-QB00181,P0104024G,BUENA NINA 979,Mezcla,ATENCION,01 800 002 1400,"H227, H303, H315, H317, H319, H361, H411","P201, P202, P210, P261, P264,
P272, P273, P280, P302 + P352, P305 + P351 + P338, P312, 
P333 + P313, P337 + P313, 
P362 + P364, P370 + P378, P391, P403 + P235, P405, P501",G,H,1,1,0.28,5,5.28,0017422026,5/30/2025,5/30/2026,1,
IFF-QB00181,P0104024H,BUENA NINA 979,Mezcla,ATENCION,01 800 002 1400,"H227, H303, H315, H317, H319, H361, H411","P201, P202, P210, P261, P264,
P272, P273, P280, P302 + P352, P305 + P351 + P338, P312, 
P333 + P313, P337 + P313, 
P362 + P364, P370 + P378, P391, P403 + P235, P405, P501",G,H,1,1,0.48,10,10.48,0017422026,5/30/2025,5/30/2026,1,
IFF-QB00181,P0104024I,BUENA NINA 979,Mezcla,ATENCION,01 800 002 1400,"H227, H303, H315, H317, H319, H361, H411","P201, P202, P210, P261, P264,
P272, P273, P280, P302 + P352, P305 + P351 + P338, P312, 
P333 + P313, P337 + P313, 
P362 + P364, P370 + P378, P391, P403 + P235, P405, P501",G,H,1,1,0.9,15,15.9,0017422026,5/30/2025,5/30/2026,1,
IFF-QB00181,P0104024J,BUENA NINA 979,Mezcla,ATENCION,01 800 002 1400,"H227, H303, H315, H317, H319, H361, H411","P201, P202, P210, P261, P264,
P272, P273, P280, P302 + P352, P305 + P351 + P338, P312, 
P333 + P313, P337 + P313, 
P362 + P364, P370 + P378, P391, P403 + P235, P405, P501",G,H,1,1,0.9,20,20.9,0017422026,5/30/2025,5/30/2026,1,
,,,,,,,,,,,,,,,,,,1,
IFF-QB00195,P0104025A,TH NINA 245,Mezcla,ATENCION,01 800 002 1400,"H227, H303, H315, H317, H319, H361, H411","P201, P202, P210, P261, P264,
P272, P273, P280, P302 + P352, P305 + P351 + P338, P312, 
P333 + P313, P337 + P313, 
P362 + P364, P370 + P378, P391, P403 + P235, P405, P501",G,H,1,1,0.09,0.5,0.59,0014436105,5/30/2025,5/30/2026,1,
IFF-QB00195,P0104025B,TH NINA 245,Mezcla,ATENCION,01 800 002 1400,"H227, H303, H315, H317, H319, H361, H411","P201, P202, P210, P261, P264,
P272, P273, P280, P302 + P352, P305 + P351 + P338, P312, 
P333 + P313, P337 + P313, 
P362 + P364, P370 + P378, P391, P403 + P235, P405, P501",G,H,1,1,0.09,1,1.09,0014436105,5/30/2025,5/30/2026,1,
IFF-QB00195,P0104025C,TH NINA 245,Mezcla,ATENCION,01 800 002 1400,"H227, H303, H315, H317, H319, H361, H411","P201, P202, P210, P261, P264,
P272, P273, P280, P302 + P352, P305 + P351 + P338, P312, 
P333 + P313, P337 + P313, 
P362 + P364, P370 + P378, P391, P403 + P235, P405, P501",G,H,1,1,0.24,1.5,1.74,0014436105,5/30/2025,5/30/2026,1,
IFF-QB00195,P0104025D,TH NINA 245,Mezcla,ATENCION,01 800 002 1400,"H227, H303, H315, H317, H319, H361, H411","P201, P202, P210, P261, P264,
P272, P273, P280, P302 + P352, P305 + P351 + P338, P312, 
P333 + P313, P337 + P313, 
P362 + P364, P370 + P378, P391, P403 + P235, P405, P501",G,H,1,1,0.24,2,2.24,0014436105,5/30/2025,5/30/2026,1,
IFF-QB00195,P0104025E,TH NINA 245,Mezcla,ATENCION,01 800 002 1400,"H227, H303, H315, H317, H319, H361, H411","P201, P202, P210, P261, P264,
P272, P273, P280, P302 + P352, P305 + P351 + P338, P312, 
P333 + P313, P337 + P313, 
P362 + P364, P370 + P378, P391, P403 + P235, P405, P501",G,H,1,1,0.24,3,3.24,0014436105,5/30/2025,5/30/2026,1,
IFF-QB00195,P0104025F,TH NINA 245,Mezcla,ATENCION,01 800 002 1400,"H227, H303, H315, H317, H319, H361, H411","P201, P202, P210, P261, P264,
P272, P273, P280, P302 + P352, P305 + P351 + P338, P312, 
P333 + P313, P337 + P313, 
P362 + P364, P370 + P378, P391, P403 + P235, P405, P501",G,H,1,1,0.24,4,4.24,0014436105,5/30/2025,5/30/2026,1,
IFF-QB00195,P0104025G,TH NINA 245,Mezcla,ATENCION,01 800 002 1400,"H227, H303, H315, H317, H319, H361, H411","P201, P202, P210, P261, P264,
P272, P273, P280, P302 + P352, P305 + P351 + P338, P312, 
P333 + P313, P337 + P313, 
P362 + P364, P370 + P378, P391, P403 + P235, P405, P501",G,H,1,1,0.28,5,5.28,0014436105,5/30/2025,5/30/2026,1,
IFF-QB00195,P0104025H,TH NINA 245,Mezcla,ATENCION,01 800 002 1400,"H227, H303, H315, H317, H319, H361, H411","P201, P202, P210, P261, P264,
P272, P273, P280, P302 + P352, P305 + P351 + P338, P312, 
P333 + P313, P337 + P313, 
P362 + P364, P370 + P378, P391, P403 + P235, P405, P501",G,H,1,1,0.48,10,10.48,0014436105,5/30/2025,5/30/2026,1,
IFF-QB00195,P0104025I,TH NINA 245,Mezcla,ATENCION,01 800 002 1400,"H227, H303, H315, H317, H319, H361, H411","P201, P202, P210, P261, P264,
P272, P273, P280, P302 + P352, P305 + P351 + P338, P312, 
P333 + P313, P337 + P313, 
P362 + P364, P370 + P378, P391, P403 + P235, P405, P501",G,H,1,1,0.9,15,15.9,0014436105,5/30/2025,5/30/2026,1,
IFF-QB00195,P0104025J,TH NINA 245,Mezcla,ATENCION,01 800 002 1400,"H227, H303, H315, H317, H319, H361, H411","P201, P202, P210, P261, P264,
P272, P273, P280, P302 + P352, P305 + P351 + P338, P312, 
P333 + P313, P337 + P313, 
P362 + P364, P370 + P378, P391, P403 + P235, P405, P501",G,H,1,1,0.9,20,20.9,0014436105,5/30/2025,5/30/2026,1,
,,,,,,,,,,,,,,,,,,1,
IFF-QB00183,P0104026A,CANAL AZUL 921,Mezcla,ATENCION,01 800 002 1400,"H227, H303, H315, H317, H319, H361, H411","P201, P202, P210, P261, P264,
P272, P273, P280, P302 + P352, P305 + P351 + P338, P312, 
P333 + P313, P337 + P313, 
P362 + P364, P370 + P378, P391, P403 + P235, P405, P501",G,H,1,1,0.09,0.5,0.59,0017263211,8/5/2024,8/5/2025,1,
IFF-QB00183,P0104026B,CANAL AZUL 921,Mezcla,ATENCION,01 800 002 1400,"H227, H303, H315, H317, H319, H361, H411","P201, P202, P210, P261, P264,
P272, P273, P280, P302 + P352, P305 + P351 + P338, P312, 
P333 + P313, P337 + P313, 
P362 + P364, P370 + P378, P391, P403 + P235, P405, P501",G,H,1,1,0.09,1,1.09,0017263211,8/5/2024,8/5/2025,1,
IFF-QB00183,P0104026C,CANAL AZUL 921,Mezcla,ATENCION,01 800 002 1400,"H227, H303, H315, H317, H319, H361, H411","P201, P202, P210, P261, P264,
P272, P273, P280, P302 + P352, P305 + P351 + P338, P312, 
P333 + P313, P337 + P313, 
P362 + P364, P370 + P378, P391, P403 + P235, P405, P501",G,H,1,1,0.24,1.5,1.74,0017263211,8/5/2024,8/5/2025,1,
IFF-QB00183,P0104026D,CANAL AZUL 921,Mezcla,ATENCION,01 800 002 1400,"H227, H303, H315, H317, H319, H361, H411","P201, P202, P210, P261, P264,
P272, P273, P280, P302 + P352, P305 + P351 + P338, P312, 
P333 + P313, P337 + P313, 
P362 + P364, P370 + P378, P391, P403 + P235, P405, P501",G,H,1,1,0.24,2,2.24,0017263211,8/5/2024,8/5/2025,1,
IFF-QB00183,P0104026E,CANAL AZUL 921,Mezcla,ATENCION,01 800 002 1400,"H227, H303, H315, H317, H319, H361, H411","P201, P202, P210, P261, P264,
P272, P273, P280, P302 + P352, P305 + P351 + P338, P312, 
P333 + P313, P337 + P313, 
P362 + P364, P370 + P378, P391, P403 + P235, P405, P501",G,H,1,1,0.24,3,3.24,0017263211,8/5/2024,8/5/2025,1,
IFF-QB00183,P0104026F,CANAL AZUL 921,Mezcla,ATENCION,01 800 002 1400,"H227, H303, H315, H317, H319, H361, H411","P201, P202, P210, P261, P264,
P272, P273, P280, P302 + P352, P305 + P351 + P338, P312, 
P333 + P313, P337 + P313, 
P362 + P364, P370 + P378, P391, P403 + P235, P405, P501",G,H,1,1,0.24,4,4.24,0017263211,8/5/2024,8/5/2025,1,
IFF-QB00183,P0104026G,CANAL AZUL 921,Mezcla,ATENCION,01 800 002 1400,"H227, H303, H315, H317, H319, H361, H411","P201, P202, P210, P261, P264,
P272, P273, P280, P302 + P352, P305 + P351 + P338, P312, 
P333 + P313, P337 + P313, 
P362 + P364, P370 + P378, P391, P403 + P235, P405, P501",G,H,1,1,0.28,5,5.28,0017263211,8/5/2024,8/5/2025,1,
IFF-QB00183,P0104026H,CANAL AZUL 921,Mezcla,ATENCION,01 800 002 1400,"H227, H303, H315, H317, H319, H361, H411","P201, P202, P210, P261, P264,
P272, P273, P280, P302 + P352, P305 + P351 + P338, P312, 
P333 + P313, P337 + P313, 
P362 + P364, P370 + P378, P391, P403 + P235, P405, P501",G,H,1,1,0.48,10,10.48,0017263211,8/5/2024,8/5/2025,1,
IFF-QB00183,P0104026I,CANAL AZUL 921,Mezcla,ATENCION,01 800 002 1400,"H227, H303, H315, H317, H319, H361, H411","P201, P202, P210, P261, P264,
P272, P273, P280, P302 + P352, P305 + P351 + P338, P312, 
P333 + P313, P337 + P313, 
P362 + P364, P370 + P378, P391, P403 + P235, P405, P501",G,H,1,1,0.9,15,15.9,0017263211,8/5/2024,8/5/2025,1,
IFF-QB00183,P0104026J,CANAL AZUL 921,Mezcla,ATENCION,01 800 002 1400,"H227, H303, H315, H317, H319, H361, H411","P201, P202, P210, P261, P264,
P272, P273, P280, P302 + P352, P305 + P351 + P338, P312, 
P333 + P313, P337 + P313, 
P362 + P364, P370 + P378, P391, P403 + P235, P405, P501",G,H,1,1,0.9,20,20.9,0017263211,8/5/2024,8/5/2025,1,
,,,,,,,,,,,,,,,,,,1,
IFF-QB00197,P0201021A,BLOOM MEDLEY 420,Mezcla,ATENCION,01 800 002 1400,"H227, H303, H315, H317, H319, H361, H411","P201, P202, P210, P261, P264,
P272, P273, P280, P302 + P352, P305 + P351 + P338, P312, 
P333 + P313, P337 + P313, 
P362 + P364, P370 + P378, P391, P403 + P235, P405, P501",G,H,1,1,0.09,0.5,0.59,0017666882,1/17/2025,1/17/2026,1,
IFF-QB00197,P0201021B,BLOOM MEDLEY 420,Mezcla,ATENCION,01 800 002 1400,"H227, H303, H315, H317, H319, H361, H411","P201, P202, P210, P261, P264,
P272, P273, P280, P302 + P352, P305 + P351 + P338, P312, 
P333 + P313, P337 + P313, 
P362 + P364, P370 + P378, P391, P403 + P235, P405, P501",G,H,1,1,0.09,1,1.09,0017666882,1/17/2025,1/17/2026,1,
IFF-QB00197,P0201021C,BLOOM MEDLEY 420,Mezcla,ATENCION,01 800 002 1400,"H227, H303, H315, H317, H319, H361, H411","P201, P202, P210, P261, P264,
P272, P273, P280, P302 + P352, P305 + P351 + P338, P312, 
P333 + P313, P337 + P313, 
P362 + P364, P370 + P378, P391, P403 + P235, P405, P501",G,H,1,1,0.24,1.5,1.74,0017666882,1/17/2025,1/17/2026,1,
IFF-QB00197,P0201021D,BLOOM MEDLEY 420,Mezcla,ATENCION,01 800 002 1400,"H227, H303, H315, H317, H319, H361, H411","P201, P202, P210, P261, P264,
P272, P273, P280, P302 + P352, P305 + P351 + P338, P312, 
P333 + P313, P337 + P313, 
P362 + P364, P370 + P378, P391, P403 + P235, P405, P501",G,H,1,1,0.24,2,2.24,0017666882,1/17/2025,1/17/2026,1,
IFF-QB00197,P0201021E,BLOOM MEDLEY 420,Mezcla,ATENCION,01 800 002 1400,"H227, H303, H315, H317, H319, H361, H411","P201, P202, P210, P261, P264,
P272, P273, P280, P302 + P352, P305 + P351 + P338, P312, 
P333 + P313, P337 + P313, 
P362 + P364, P370 + P378, P391, P403 + P235, P405, P501",G,H,1,1,0.24,3,3.24,0017666882,1/17/2025,1/17/2026,1,
IFF-QB00197,P0201021F,BLOOM MEDLEY 420,Mezcla,ATENCION,01 800 002 1400,"H227, H303, H315, H317, H319, H361, H411","P201, P202, P210, P261, P264,
P272, P273, P280, P302 + P352, P305 + P351 + P338, P312, 
P333 + P313, P337 + P313, 
P362 + P364, P370 + P378, P391, P403 + P235, P405, P501",G,H,1,1,0.24,4,4.24,0017666882,1/17/2025,1/17/2026,1,
IFF-QB00197,P0201021G,BLOOM MEDLEY 420,Mezcla,ATENCION,01 800 002 1400,"H227, H303, H315, H317, H319, H361, H411","P201, P202, P210, P261, P264,
P272, P273, P280, P302 + P352, P305 + P351 + P338, P312, 
P333 + P313, P337 + P313, 
P362 + P364, P370 + P378, P391, P403 + P235, P405, P501",G,H,1,1,0.28,5,5.28,0017666882,1/17/2025,1/17/2026,1,
IFF-QB00197,P0201021H,BLOOM MEDLEY 420,Mezcla,ATENCION,01 800 002 1400,"H227, H303, H315, H317, H319, H361, H411","P201, P202, P210, P261, P264,
P272, P273, P280, P302 + P352, P305 + P351 + P338, P312, 
P333 + P313, P337 + P313, 
P362 + P364, P370 + P378, P391, P403 + P235, P405, P501",G,H,1,1,0.48,10,10.48,0017666882,1/17/2025,1/17/2026,1,
IFF-QB00197,P0201021I,BLOOM MEDLEY 420,Mezcla,ATENCION,01 800 002 1400,"H227, H303, H315, H317, H319, H361, H411","P201, P202, P210, P261, P264,
P272, P273, P280, P302 + P352, P305 + P351 + P338, P312, 
P333 + P313, P337 + P313, 
P362 + P364, P370 + P378, P391, P403 + P235, P405, P501",G,H,1,1,0.9,15,15.9,0017666882,1/17/2025,1/17/2026,1,
IFF-QB00197,P0201021J,BLOOM MEDLEY 420,Mezcla,ATENCION,01 800 002 1400,"H227, H303, H315, H317, H319, H361, H411","P201, P202, P210, P261, P264,
P272, P273, P280, P302 + P352, P305 + P351 + P338, P312, 
P333 + P313, P337 + P313, 
P362 + P364, P370 + P378, P391, P403 + P235, P405, P501",G,H,1,1,0.9,20,20.9,0017666882,1/17/2025,1/17/2026,1,
IFF-QB00197,P0201021K,BLOOM MEDLEY 420,Mezcla,ATENCION,01 800 002 1400,"H227, H303, H315, H317, H319, H361, H411","P201, P202, P210, P261, P264,
P272, P273, P280, P302 + P352, P305 + P351 + P338, P312, 
P333 + P313, P337 + P313, 
P362 + P364, P370 + P378, P391, P403 + P235, P405, P501",G,H,1,1,2.2,50,52.2,0017666882,1/17/2025,1/17/2026,1,
,,,,,,,,,,,,,,,,,,1,
IFF-QB00094,P0311021A,GREEN TEA & CHAI 202,Mezcla,ATENCION,01 800 002 1400,"H227, H303, H315, H317, H319, H361, H411","P201, P202, P210, P261, P264,
P272, P273, P280, P302 + P352, P305 + P351 + P338, P312, 
P333 + P313, P337 + P313, 
P362 + P364, P370 + P378, P391, P403 + P235, P405, P501",G,H,1,1,0.09,0.5,0.59,0018499723,7/31/2025,7/31/2026,1,
IFF-QB00094,P0311021B,GREEN TEA & CHAI 202,Mezcla,ATENCION,01 800 002 1400,"H227, H303, H315, H317, H319, H361, H411","P201, P202, P210, P261, P264,
P272, P273, P280, P302 + P352, P305 + P351 + P338, P312, 
P333 + P313, P337 + P313, 
P362 + P364, P370 + P378, P391, P403 + P235, P405, P501",G,H,1,1,0.09,1,1.09,0018499723,7/31/2025,7/31/2026,1,
IFF-QB00094,P0311021C,GREEN TEA & CHAI 202,Mezcla,ATENCION,01 800 002 1400,"H227, H303, H315, H317, H319, H361, H411","P201, P202, P210, P261, P264,
P272, P273, P280, P302 + P352, P305 + P351 + P338, P312, 
P333 + P313, P337 + P313, 
P362 + P364, P370 + P378, P391, P403 + P235, P405, P501",G,H,1,1,0.24,1.5,1.74,0018499723,7/31/2025,7/31/2026,1,
IFF-QB00094,P0311021D,GREEN TEA & CHAI 202,Mezcla,ATENCION,01 800 002 1400,"H227, H303, H315, H317, H319, H361, H411","P201, P202, P210, P261, P264,
P272, P273, P280, P302 + P352, P305 + P351 + P338, P312, 
P333 + P313, P337 + P313, 
P362 + P364, P370 + P378, P391, P403 + P235, P405, P501",G,H,1,1,0.24,2,2.24,0018499723,7/31/2025,7/31/2026,1,
IFF-QB00094,P0311021E,GREEN TEA & CHAI 202,Mezcla,ATENCION,01 800 002 1400,"H227, H303, H315, H317, H319, H361, H411","P201, P202, P210, P261, P264,
P272, P273, P280, P302 + P352, P305 + P351 + P338, P312, 
P333 + P313, P337 + P313, 
P362 + P364, P370 + P378, P391, P403 + P235, P405, P501",G,H,1,1,0.24,3,3.24,0018499723,7/31/2025,7/31/2026,1,
IFF-QB00094,P0311021F,GREEN TEA & CHAI 202,Mezcla,ATENCION,01 800 002 1400,"H227, H303, H315, H317, H319, H361, H411","P201, P202, P210, P261, P264,
P272, P273, P280, P302 + P352, P305 + P351 + P338, P312, 
P333 + P313, P337 + P313, 
P362 + P364, P370 + P378, P391, P403 + P235, P405, P501",G,H,1,1,0.24,4,4.24,0018499723,7/31/2025,7/31/2026,1,
IFF-QB00094,P0311021G,GREEN TEA & CHAI 202,Mezcla,ATENCION,01 800 002 1400,"H227, H303, H315, H317, H319, H361, H411","P201, P202, P210, P261, P264,
P272, P273, P280, P302 + P352, P305 + P351 + P338, P312, 
P333 + P313, P337 + P313, 
P362 + P364, P370 + P378, P391, P403 + P235, P405, P501",G,H,1,1,0.28,5,5.28,0018499723,7/31/2025,7/31/2026,1,
IFF-QB00094,P0311021H,GREEN TEA & CHAI 202,Mezcla,ATENCION,01 800 002 1400,"H227, H303, H315, H317, H319, H361, H411","P201, P202, P210, P261, P264,
P272, P273, P280, P302 + P352, P305 + P351 + P338, P312, 
P333 + P313, P337 + P313, 
P362 + P364, P370 + P378, P391, P403 + P235, P405, P501",G,H,1,1,0.48,10,10.48,0018499723,7/31/2025,7/31/2026,1,
IFF-QB00094,P0311021I,GREEN TEA & CHAI 202,Mezcla,ATENCION,01 800 002 1400,"H227, H303, H315, H317, H319, H361, H411","P201, P202, P210, P261, P264,
P272, P273, P280, P302 + P352, P305 + P351 + P338, P312, 
P333 + P313, P337 + P313, 
P362 + P364, P370 + P378, P391, P403 + P235, P405, P501",G,H,1,1,0.9,15,15.9,0018499723,7/31/2025,7/31/2026,1,
IFF-QB00094,P0311021J,GREEN TEA & CHAI 202,Mezcla,ATENCION,01 800 002 1400,"H227, H303, H315, H317, H319, H361, H411","P201, P202, P210, P261, P264,
P272, P273, P280, P302 + P352, P305 + P351 + P338, P312, 
P333 + P313, P337 + P313, 
P362 + P364, P370 + P378, P391, P403 + P235, P405, P501",G,H,1,1,0.9,20,20.9,0018499723,7/31/2025,7/31/2026,1,
,,,,,,,,,,,,,,,,,,1,
IFF-QB00324,P0501112A,LAVENDER 479,Mezcla,ATENCION,01 800 002 1400,"H227, H303, H315, H317, H319, H361, H411","P201, P202, P210, P261, P264,
P272, P273, P280, P302 + P352, P305 + P351 + P338, P312, 
P333 + P313, P337 + P313, 
P362 + P364, P370 + P378, P391, P403 + P235, P405, P501",G,H,1,1,0.09,0.5,0.59,0018227420,4/30/2025,4/30/2026,1,
IFF-QB00324,P0501112B,LAVENDER 479,Mezcla,ATENCION,01 800 002 1400,"H227, H303, H315, H317, H319, H361, H411","P201, P202, P210, P261, P264,
P272, P273, P280, P302 + P352, P305 + P351 + P338, P312, 
P333 + P313, P337 + P313, 
P362 + P364, P370 + P378, P391, P403 + P235, P405, P501",G,H,1,1,0.09,1,1.09,0018227420,4/30/2025,4/30/2026,1,
IFF-QB00324,P0501112C,LAVENDER 479,Mezcla,ATENCION,01 800 002 1400,"H227, H303, H315, H317, H319, H361, H411","P201, P202, P210, P261, P264,
P272, P273, P280, P302 + P352, P305 + P351 + P338, P312, 
P333 + P313, P337 + P313, 
P362 + P364, P370 + P378, P391, P403 + P235, P405, P501",G,H,1,1,0.24,1.5,1.74,0018227420,4/30/2025,4/30/2026,1,
IFF-QB00324,P0501112D,LAVENDER 479,Mezcla,ATENCION,01 800 002 1400,"H227, H303, H315, H317, H319, H361, H411","P201, P202, P210, P261, P264,
P272, P273, P280, P302 + P352, P305 + P351 + P338, P312, 
P333 + P313, P337 + P313, 
P362 + P364, P370 + P378, P391, P403 + P235, P405, P501",G,H,1,1,0.24,2,2.24,0018227420,4/30/2025,4/30/2026,1,
IFF-QB00324,P0501112E,LAVENDER 479,Mezcla,ATENCION,01 800 002 1400,"H227, H303, H315, H317, H319, H361, H411","P201, P202, P210, P261, P264,
P272, P273, P280, P302 + P352, P305 + P351 + P338, P312, 
P333 + P313, P337 + P313, 
P362 + P364, P370 + P378, P391, P403 + P235, P405, P501",G,H,1,1,0.24,3,3.24,0018227420,4/30/2025,4/30/2026,1,
IFF-QB00324,P0501112F,LAVENDER 479,Mezcla,ATENCION,01 800 002 1400,"H227, H303, H315, H317, H319, H361, H411","P201, P202, P210, P261, P264,
P272, P273, P280, P302 + P352, P305 + P351 + P338, P312, 
P333 + P313, P337 + P313, 
P362 + P364, P370 + P378, P391, P403 + P235, P405, P501",G,H,1,1,0.24,4,4.24,0018227420,4/30/2025,4/30/2026,1,
IFF-QB00324,P0501112G,LAVENDER 479,Mezcla,ATENCION,01 800 002 1400,"H227, H303, H315, H317, H319, H361, H411","P201, P202, P210, P261, P264,
P272, P273, P280, P302 + P352, P305 + P351 + P338, P312, 
P333 + P313, P337 + P313, 
P362 + P364, P370 + P378, P391, P403 + P235, P405, P501",G,H,1,1,0.28,5,5.28,0018227420,4/30/2025,4/30/2026,1,
IFF-QB00324,P0501112H,LAVENDER 479,Mezcla,ATENCION,01 800 002 1400,"H227, H303, H315, H317, H319, H361, H411","P201, P202, P210, P261, P264,
P272, P273, P280, P302 + P352, P305 + P351 + P338, P312, 
P333 + P313, P337 + P313, 
P362 + P364, P370 + P378, P391, P403 + P235, P405, P501",G,H,1,1,0.48,10,10.48,0018227420,4/30/2025,4/30/2026,1,
IFF-QB00324,P0501112I,LAVENDER 479,Mezcla,ATENCION,01 800 002 1400,"H227, H303, H315, H317, H319, H361, H411","P201, P202, P210, P261, P264,
P272, P273, P280, P302 + P352, P305 + P351 + P338, P312, 
P333 + P313, P337 + P313, 
P362 + P364, P370 + P378, P391, P403 + P235, P405, P501",G,H,1,1,0.9,15,15.9,0018227420,4/30/2025,4/30/2026,1,
IFF-QB00324,P0501112J,LAVENDER 479,Mezcla,ATENCION,01 800 002 1400,"H227, H303, H315, H317, H319, H361, H411","P201, P202, P210, P261, P264,
P272, P273, P280, P302 + P352, P305 + P351 + P338, P312, 
P333 + P313, P337 + P313, 
P362 + P364, P370 + P378, P391, P403 + P235, P405, P501",G,H,1,1,0.9,20,20.9,0018227420,4/30/2025,4/30/2026,1,
,,,,,,,,,,,,,,,,,,1,
,,JUICY FRESH CITRUS 120 S/P,Mezcla,ATENCION,01 800 002 1400,"H227, H303, H315, H317, H319, H361, H411","P201, P202, P210, P261, P264,
P272, P273, P280, P302 + P352, P305 + P351 + P338, P312, 
P333 + P313, P337 + P313, 
P362 + P364, P370 + P378, P391, P403 + P235, P405, P501",G,H,1,1,0.09,0.5,0.59,0018281837,5/14/2025,5/14/2026,1,
,,JUICY FRESH CITRUS 120 S/P,Mezcla,ATENCION,01 800 002 1400,"H227, H303, H315, H317, H319, H361, H411","P201, P202, P210, P261, P264,
P272, P273, P280, P302 + P352, P305 + P351 + P338, P312, 
P333 + P313, P337 + P313, 
P362 + P364, P370 + P378, P391, P403 + P235, P405, P501",G,H,1,1,0.09,1,1.09,0018281837,5/14/2025,5/14/2026,1,
,,JUICY FRESH CITRUS 120 S/P,Mezcla,ATENCION,01 800 002 1400,"H227, H303, H315, H317, H319, H361, H411","P201, P202, P210, P261, P264,
P272, P273, P280, P302 + P352, P305 + P351 + P338, P312, 
P333 + P313, P337 + P313, 
P362 + P364, P370 + P378, P391, P403 + P235, P405, P501",G,H,1,1,0.24,1.5,1.74,0018281837,5/14/2025,5/14/2026,1,
,,JUICY FRESH CITRUS 120 S/P,Mezcla,ATENCION,01 800 002 1400,"H227, H303, H315, H317, H319, H361, H411","P201, P202, P210, P261, P264,
P272, P273, P280, P302 + P352, P305 + P351 + P338, P312, 
P333 + P313, P337 + P313, 
P362 + P364, P370 + P378, P391, P403 + P235, P405, P501",G,H,1,1,0.24,2,2.24,0018281837,5/14/2025,5/14/2026,1,
,,JUICY FRESH CITRUS 120 S/P,Mezcla,ATENCION,01 800 002 1400,"H227, H303, H315, H317, H319, H361, H411","P201, P202, P210, P261, P264,
P272, P273, P280, P302 + P352, P305 + P351 + P338, P312, 
P333 + P313, P337 + P313, 
P362 + P364, P370 + P378, P391, P403 + P235, P405, P501",G,H,1,1,0.24,3,3.24,0018281837,5/14/2025,5/14/2026,1,
,,JUICY FRESH CITRUS 120 S/P,Mezcla,ATENCION,01 800 002 1400,"H227, H303, H315, H317, H319, H361, H411","P201, P202, P210, P261, P264,
P272, P273, P280, P302 + P352, P305 + P351 + P338, P312, 
P333 + P313, P337 + P313, 
P362 + P364, P370 + P378, P391, P403 + P235, P405, P501",G,H,1,1,0.24,4,4.24,0018281837,5/14/2025,5/14/2026,1,
,,JUICY FRESH CITRUS 120 S/P,Mezcla,ATENCION,01 800 002 1400,"H227, H303, H315, H317, H319, H361, H411","P201, P202, P210, P261, P264,
P272, P273, P280, P302 + P352, P305 + P351 + P338, P312, 
P333 + P313, P337 + P313, 
P362 + P364, P370 + P378, P391, P403 + P235, P405, P501",G,H,1,1,0.28,5,5.28,0018281837,5/14/2025,5/14/2026,1,
,,JUICY FRESH CITRUS 120 S/P,Mezcla,ATENCION,01 800 002 1400,"H227, H303, H315, H317, H319, H361, H411","P201, P202, P210, P261, P264,
P272, P273, P280, P302 + P352, P305 + P351 + P338, P312, 
P333 + P313, P337 + P313, 
P362 + P364, P370 + P378, P391, P403 + P235, P405, P501",G,H,1,1,0.48,10,10.48,0018281837,5/14/2025,5/14/2026,,
,,JUICY FRESH CITRUS 120 S/P,Mezcla,ATENCION,01 800 002 1400,"H227, H303, H315, H317, H319, H361, H411","P201, P202, P210, P261, P264,
P272, P273, P280, P302 + P352, P305 + P351 + P338, P312, 
P333 + P313, P337 + P313, 
P362 + P364, P370 + P378, P391, P403 + P235, P405, P501",G,H,1,1,0.9,15,15.9,0018281837,5/14/2025,5/14/2026,,
,,JUICY FRESH CITRUS 120 S/P,Mezcla,ATENCION,01 800 002 1400,"H227, H303, H315, H317, H319, H361, H411","P201, P202, P210, P261, P264,
P272, P273, P280, P302 + P352, P305 + P351 + P338, P312, 
P333 + P313, P337 + P313, 
P362 + P364, P370 + P378, P391, P403 + P235, P405, P501",G,H,1,1,0.9,20,20.9,0018281837,5/14/2025,5/14/2026,,
,,,,,,,,,,,,,,,,,,,
,,JASMIN STRAWBERRY,Mezcla,ATENCION,01 800 002 1400,"H227, H303, H315, H317, H319, H361, H411","P201, P202, P210, P261, P264,
P272, P273, P280, P302 + P352, P305 + P351 + P338, P312, 
P333 + P313, P337 + P313, 
P362 + P364, P370 + P378, P391, P403 + P235, P405, P501",G,H,1,1,0.09,0.5,0.59,0018611450,8/15/2025,8/15/2026,,
,,JASMIN STRAWBERRY,Mezcla,ATENCION,01 800 002 1400,"H227, H303, H315, H317, H319, H361, H411","P201, P202, P210, P261, P264,
P272, P273, P280, P302 + P352, P305 + P351 + P338, P312, 
P333 + P313, P337 + P313, 
P362 + P364, P370 + P378, P391, P403 + P235, P405, P501",G,H,1,1,0.09,1,1.09,0018611450,8/15/2025,8/15/2026,,
,,JASMIN STRAWBERRY,Mezcla,ATENCION,01 800 002 1400,"H227, H303, H315, H317, H319, H361, H411","P201, P202, P210, P261, P264,
P272, P273, P280, P302 + P352, P305 + P351 + P338, P312, 
P333 + P313, P337 + P313, 
P362 + P364, P370 + P378, P391, P403 + P235, P405, P501",G,H,1,1,0.24,1.5,1.74,0018611450,8/15/2025,8/15/2026,,
,,JASMIN STRAWBERRY,Mezcla,ATENCION,01 800 002 1400,"H227, H303, H315, H317, H319, H361, H411","P201, P202, P210, P261, P264,
P272, P273, P280, P302 + P352, P305 + P351 + P338, P312, 
P333 + P313, P337 + P313, 
P362 + P364, P370 + P378, P391, P403 + P235, P405, P501",G,H,1,1,0.24,2,2.24,0018611450,8/15/2025,8/15/2026,,
,,JASMIN STRAWBERRY,Mezcla,ATENCION,01 800 002 1400,"H227, H303, H315, H317, H319, H361, H411","P201, P202, P210, P261, P264,
P272, P273, P280, P302 + P352, P305 + P351 + P338, P312, 
P333 + P313, P337 + P313, 
P362 + P364, P370 + P378, P391, P403 + P235, P405, P501",G,H,1,1,0.24,3,3.24,0018611450,8/15/2025,8/15/2026,,
,,JASMIN STRAWBERRY,Mezcla,ATENCION,01 800 002 1400,"H227, H303, H315, H317, H319, H361, H411","P201, P202, P210, P261, P264,
P272, P273, P280, P302 + P352, P305 + P351 + P338, P312, 
P333 + P313, P337 + P313, 
P362 + P364, P370 + P378, P391, P403 + P235, P405, P501",G,H,1,1,0.24,4,4.24,0018611450,8/15/2025,8/15/2026,,
,,JASMIN STRAWBERRY,Mezcla,ATENCION,01 800 002 1400,"H227, H303, H315, H317, H319, H361, H411","P201, P202, P210, P261, P264,
P272, P273, P280, P302 + P352, P305 + P351 + P338, P312, 
P333 + P313, P337 + P313, 
P362 + P364, P370 + P378, P391, P403 + P235, P405, P501",G,H,1,1,0.28,5,5.28,0018611450,8/15/2025,8/15/2026,,
,,JASMIN STRAWBERRY,Mezcla,ATENCION,01 800 002 1400,"H227, H303, H315, H317, H319, H361, H411","P201, P202, P210, P261, P264,
P272, P273, P280, P302 + P352, P305 + P351 + P338, P312, 
P333 + P313, P337 + P313, 
P362 + P364, P370 + P378, P391, P403 + P235, P405, P501",G,H,1,1,0.48,10,10.48,0018611450,8/15/2025,8/15/2026,,
,,JASMIN STRAWBERRY,Mezcla,ATENCION,01 800 002 1400,"H227, H303, H315, H317, H319, H361, H411","P201, P202, P210, P261, P264,
P272, P273, P280, P302 + P352, P305 + P351 + P338, P312, 
P333 + P313, P337 + P313, 
P362 + P364, P370 + P378, P391, P403 + P235, P405, P501",G,H,1,1,0.9,15,15.9,0018611450,8/15/2025,8/15/2026,,
,,JASMIN STRAWBERRY,Mezcla,ATENCION,01 800 002 1400,"H227, H303, H315, H317, H319, H361, H411","P201, P202, P210, P261, P264,
P272, P273, P280, P302 + P352, P305 + P351 + P338, P312, 
P333 + P313, P337 + P313, 
P362 + P364, P370 + P378, P391, P403 + P235, P405, P501",G,H,1,1,0.9,20,20.9,0018611450,8/15/2025,8/15/2026,,
