Codigo interno,Chemical Name,CAS Number,Signal Word,Emergencia,H-Statements,Consejos (Frases P),Source_File,Exclamación,Corrosión,Peligro para la salud,Calavera,Llama,Ambiente,Llama sobre círculo,Bomba explotando,Cilindro de gas
IFF-QB00122,1181-D MENTA,Mezcla,PELIGRO,01 800 002 1400,"H227, H304, H315,  H317, H361","P210, P261, P280, P301 + P310, P302 + P352, P308 + P313, P331, P333 + P313, P370 + P378",Master,X,,X,,,X,,,
VAR-QB00002,ABRILLANTADOR OPTICO LIQUIDO,No aplicable,ATENCION,01 800 002 1400,H319,"P264, P280, P305+P351+P338, P337+P313",Master,X,,,,,,,,
VAR-QB00003,ACEITE DE CASTOR HIDROGENADO S/P,61788-85-0,No Aplicable,01 800 002 1400,No Aplicable,No Aplicable,Master,,,,,,,,,
VAR-QB00004,ACEITE DE COCO RBD S/P,8001-31-8,No Aplicable,01 800 002 1400,No Aplicable,No Aplicable,Master,,,,,,,,,
VAR-QB00007,ACETATO DE ISOAMILO S/P,123-92-2,ATENCION,01 800 002 1400,H226,"P210, P233, P240, P241, P242, P303 + P361 + P353, P403 + P235, P501",Master,X,,,,,,,,
VAR-QB00010,ACIDO OLEICO QB ,No Aplicable,No Aplicable,01 800 002 1400,No Aplicable,"P302 + P352, P304 + P340, P301 + P330",Master,,,,,,,,,
VAR-QB00158,ACIDO POLIFOSFORICO 115% S/P,8017-16-1,PELIGRO,01 800 002 1400,"H301, H314, H335","Ojos: Busque atención médica inmediatamente. NO permita que la víctima se frote ni mantenga los ojos 
cerrados. Se requiere lavando extenso (al menos 30 minutos).
Piel: Busque atención médica inmediatamente. Lave inmediatamente la piel con abundante agua y 
jabón durante al menos 15 minutos mientras se quita la ropa y los zapatos contaminados. Lavar la ropa 
antes de volver a usarla. Destruir zapatos contaminados.
Ingestión: NO inducir el vómito. Si la víctima está consciente y alerta, darle de 2 a 4 tazas de leche o 
agua. Nunca le dé nada por vía oral a una persona inconsciente. Obtenga ayuda médica 
inmediatamente.
Inhalación: Busque atención médica inmediatamente. Retirar de la exposición al aire fresco 
inmediatamente. Si no respira, dar respiración artificial. Si la respiración es difícil, proporcione oxígeno. 
No utilice respiración boca a boca.
Notas para el médico: Trate sintomáticamente y de apoyo.",Master,X,X,X,,,,,,
VAR-QB00157,ACIDO POLIFOSFORICO 117% S/P,8017-16-1,PELIGRO,01 800 002 1400,"H301, H314, H335","Ojos: Busque atención médica inmediatamente. NO permita que la víctima se frote ni mantenga los ojos cerrados. Se requiere lavando extenso (al menos 30 minutos).
Piel: Busque atención médica inmediatamente. Lave inmediatamente la piel con abundante agua y jabón durante al menos 15 minutos mientras se quita la ropa y los zapatos contaminados. Lavar la ropa antes de volver a usarla. Destruir zapatos contaminados.
Ingestión: NO inducir el vómito. Si la víctima está consciente y alerta, darle de 2 a 4 tazas de leche o 
agua. Nunca le dé nada por vía oral a una persona inconsciente. Obtenga ayuda médica 
inmediatamente.
Inhalación: Busque atención médica inmediatamente. Retirar de la exposición al aire fresco 
inmediatamente. Si no respira, dar respiración artificial. Si la respiración es difícil, proporcione oxígeno. 
No utilice respiración boca a boca.
Notas para el médico: Trate sintomáticamente y de apoyo.",Master,X,X,X,,,,,,
KAO-QB00015,AKYPO FOAM RL 40 S/P,33939-64-9,PELIGRO,+34 93 739 9445,H318,"P280,  P305 + P351 + P338, P310",Master,,X,,,,,,,
KAO-QB00016,AKYPO LM-40 S/P,Mezcla,PELIGRO,+34 93 739 9445,H318,"PREVENCIÓN:Llevar gafas o máscara de protección: Recomendado: Gafas anti-salpicaduras., Gafas de seguridad con protección lateral. RESPUESTA: EN CASO DE CONTACTO CON LOS OJOS: Aclarar cuidadosamente con agua durante varios minutos. Quitar las lentes de contacto, si lleva y resulta fácil. Seguir aclarando. Llamar inmediatamente a un CENTRO DE INFORMACION TOXICOLOGICA o a un médico.",Master,,X,,,,,,,
VAR-QB00013,ALCANFOR,76-22-2,ATENCION,01 800 002 1400,"H228, H302, H315, H319, H335","P210, P240, P261, P264, P270, P271, P280, P301 + P312, P302 + P352, P304 + P340, P312, P330, P370 + P378, P305 + P351 + P338, P332+P313, P337+P313, P264+P364, P404+P235, P233, P405, P501",Master,,,X,,,,,,
KAO-QB00018,ALCOHOL ESTEARILICO KALKOL 8098,112-92-5,No Aplicable,+34 93 739 9445,No Aplicable,No Aplicable,Master,,,,,,,,,
VAR-QB00016,ALCOHOL LAURICO 3 S/P,68439-50-9,PELIGRO,01 800 002 1400,"H302, H313, H315, H402","P264, P310, P301+P312, P302+P352, P305+P351+P338, P501",Master,X,X,,,,X,,,
VAR-QB00017,ALCOHOL LAURICO 7 MOLES S/P,"3055-97-8, 7732-18-5",PELIGRO,01 800 002 1400,"H302, H315, H318, H335, H402","P261, P264, P270, P280, P301+P312, P302+P352, P305+P351+P338, P362, P501
",Master,X,X,,,,X,,,
VAR-QB00020,ALCOHOL TRIDECILICO 6 MOLES S/P,78330-21-9,PELIGRO,01 800 002 1400,"H302, H313, H315, H318, H402","P264, P270, P273, P280, P301 + P312, P305 + P351 + P338, P302 + P352, P310, P312, P321, P330, P332 + P313, P362 + P364, P501",Master,X,X,,,,,,,
VAR-QB00021,ALCOHOL TRIDECILICO 8 MOLES S/P,78330-21-9,PELIGRO,01 800 002 1400,"H302, H313, H315, H318, H402","P264, P270, P273, P280, P310, P312, P321, P330, P301 + P312, P302 + P352, P305 + P351 + P338, P332 + P313, P362 + P354, P501 ",Master,X,X,,,,,,,
KAO-QB00019,ALFANOX 46,Mezcla,PELIGRO,+34 93 739 9445,"H315, H318","PREVENCIÓN:  Llevar guantes de protección: > 8 horas (tiempo de detección): goma de butilo, Viton, caucho nitrílico, neopreno. Llevar gafas o máscara de protección: Recomendado: gafas 
anti-salpicaduras , gafas de seguridad con protección lateral. Lavarse  concienzudamente tras la manipulación. RESPUESTA:  Quitar las prendas contaminadas y lavarlas antes de volver a usarlas. EN CASO DE 
CONTACTO CON LA PIEL: Lavar con abundante agua. En caso de irritación cutánea:
Consultar a un médico. EN CASO DE CONTACTO CON LOS OJOS: Aclarar 
cuidadosamente con agua durante varios minutos. Quitar las lentes de contacto, si lleva  y resulta fácil. Seguir aclarando. Llamar inmediatamente a un CENTRO DE 
INFORMACION TOXICOLOGICA o a un médico.",Master,,X,,,,,,,
LUB-QB00003,ALGAPUR HSHO,Mezcla,No Aplicable,01 800 002 1400,No Aplicable,No Aplicable,Master,,,,,,,,,
ASH-QB00081,ALLIANZ OPT PAIL,Mezcla,No Aplicable,1-800-274-5263,No Aplicable,No Aplicable,Master,,,,,,,,,
IFF-QB00123,ALMOND 339 MOOD 2,Mezcla,ATENCION,01 800 002 1400,"H227, H317, H319, H361","P210, P261, P280, P302 + P352,  P305 + P351 + P338, P308 + P313, P333 + P313, P337 + P313, P370 +P378",Master,X,,X,,,,,,
KAO-QB00021,AMIDET N,Sustancia,ATENCION,+34 93 739 9445,"Provoca irritación cutánea.
Provoca irritación cutánea. Nocivo para los organismos acuáticos, con efectos nocivos duraderos.","PREVENCIÓN: Llevar guantes de protección: 1 - 4 horas (tiempo de detección): goma de butilo, Viton;< 1 hora (tiempo de detección) :neopreno,caucho nitrílico. Evitar su liberación al medio ambiente. Lavarse las manos concienzudamente tras la
manipulación. RESPUESTA: EN CASO DE CONTACTO CON LA PIEL: Lavar con agua y jabón abundantes.
En caso de irritación cutánea: Consultar a un médico. ELIMINACIÓN: Eliminar el contenido y el recipiente de acuerdo con las normativas locales, regionales, nacionales e internacionales.",Master,X,,,,,,,,
IFF-QB00176,AMOR CON J,Mezcla,ATENCION,01 800 002 1400,"H315, H317, H319, H361","P261, P280, P302 + P352, P305 + P351 + P338, P308 + P313, P333 + P313, P337 + P313",Master,X,,X,,,,,,
ASH-QB00078,ANTARON SOJA,56-81-5,No Aplicable,1-800-274-5263,No Aplicable,No Aplicable,Master,,,,,,,,,
ASH-QB00065,ANTARON V220F,28211-18-9,ATENCION,1-800-274-5263,H319,"P264, P280, P305 + P351 + P338",Master,X,,,,,,,,
IFF-QB00125,APPLE 872 MANZANA VERDE,Mezcla,ATENCION,01 800 002 1400,"H317, H361","P261, P280, P302 + P352, P308 + P313, P333 + P313, ",Master,X,,X,,,,,,
ASH-QB00085,AQUAFLEX XL-30,Mezcla,ATENCION,1-800-274-5263,H411,"P273, P391, P501",Master,,,,,,X,,,
ASH-QB00071,AQUALON EC-N200 PC,9004-57-3,No Aplicable,1-800-274-5263,No Aplicable,No Aplicable,Master,,,,,,,,,
KAO-QB00001,ASFIER 100,61791-55-7,PELIGRO,+34 93 739 9445,"H302, H314, H318, H372, H400, H410","PREVENCION: Llevar guantes de protección: > 8 horas (tiempo de detección): goma de butilo, caucho nitrílico. Llevar prendas de protección: Recomendado: Traje de protección, bata de laboratorio. Llevar gafas o máscara de protección: Recomendado: gafas anti_x0002_salpicaduras , gafas de seguridad con protección lateral. Evitar su liberación al medio ambiente. No respirar el polvo. No comer, beber ni fumar durante su utilización. Lavarse concienzudamente tras la manipulación. RESPUESTA: EN CASO DE INHALACIÓN: Transportar a la persona al aire libre y mantenerla en una posición que le facilite la respiración. Llamar inmediatamente a un centro de información toxicológica o a un médico. EN CASO DE INGESTIÓN: Llamar inmediatamente a un  centro de información toxicológica o a un médico. Enjuagarse la boca. NO provocar el vómito. EN CASO DE CONTACTO CON LA PIEL (o el pelo): Quitar inmediatamente  todas las prendas contaminadas. Lave la piel contaminada con el de 3% de ácido  acético o el agente que contiene Diphoterin (por ejemplo, Previn ®). Llamar inmediatamente a un centro de información toxicológica o a un médico. Lavar las prendas contaminadas antes de volver a usarlas. EN CASO DE CONTACTO CON LOS OJOS: Lavar inmediatamente con un agente que contenga Diphoterin (por ejemplo,
Previn ®), levantando ocasionalmente los párpados superior e inferior. Quitar las lentes de contacto, si lleva y resulta fácil. Seguir aclarando. Llamar  inmediatamente a un centro de información toxicológica o a un médico. ALMACENAMIENTO: Guardar bajo llave. ELIMINACION: Eliminar el contenido y el recipiente de acuerdo con las normativas locales, regionales,
nacionales e internacionales.",Master,x,x,x,,,X,,,
KAO-QB00003,ASFIER 208,Mezcla,PELIGRO,+34 93 739 9445," Nocivo en caso de ingestión.
Provoca quemaduras graves en la piel y lesiones oculares graves.
Provoca daños en los órganos tras exposiciones prolongadas o repetidas.
Muy tóxico para los organismos acuáticos, con efectos nocivos duraderos.","PREVENCIÓN: Llevar guantes de protección: > 8 horas (tiempo de detección): goma de butilo, Viton®.
Llevar gafas o máscara de protección: Recomendado: gafas anti-salpicaduras. Llevar 
prendas de protección: Recomendado: Traje de protección. No comer, beber ni fumar durante su utilización. Lavarse las manos concienzudamente tras la manipulación. RESPUESTA: EN CASO DE INHALACIÓN: Transportar a la persona al aire libre y mantenerla en una posición que le facilite la respiración. Llamar inmediatamente a un centro de 
información toxicológica o a un médico. EN CASO DE INGESTIÓN: Llamar 
inmediatamente a un centro de información toxicológica o a un médico. Enjuagarse la boca. NO provocar el vómito. EN CASO DE CONTACTO CON LA PIEL (o el pelo): Quitar inmediatamente todas las prendas contaminadas. Aclararse la piel con agua o 
ducharse. Lavar las prendas contaminadas antes de volver a usarlas. Llamar 
inmediatamente a un centro de información toxicológica o a un médico. EN CASO DE CONTACTO CON LOS OJOS: Aclarar cuidadosamente con agua durante varios 
minutos. Quitar las lentes de contacto, si lleva y resulta fácil. Seguir aclarando. Llamar 
inmediatamente a un centro de información toxicológica o a un médico. ALMACENAMIENTO: Guardar cerrado. ELIMINACIÓN: Eliminar el contenido y el recipiente de acuerdo con las normativas locales, regionales, nacionales e internacionales.",Master,X,X,X,,,X,,,
KAO-QB00004,ASFIER 211 GRANEL PIPA,Mezcla,PELIGRO,+34 93 739 9445,"H314, H318, H373, H411","P280, P273, P260, P264, P391, P304 + P340, P310, P301 + P310, P330, P331, P303 + P361 + P353, P310, P363, P305 + P351 + P338, P405, P501",Master,,X,X,,,X,,,
KAO-QB00005,ASFIER 211 TAMBOR,Mezcla,PELIGRO,+34 93 739 9445,"H314, H318, H373, H411","P280, P273, P260, P264, P391, P304 + P340, P310, P301 + P310, P330, P331, P303 + P361 + P353, P310, P363, P305 + P351 + P338, P405, P501",Master,,X,X,,,X,,,
KAO-QB00007,ASFIER 216 S/P,Mezcla,PELIGRO,+34 93 739 9445,"Provoca quemaduras graves en la piel y lesiones oculares graves. Puede provocar daños en los órganos tras exposiciones prolongadas o repetidas. (tracto gastrointestinal) Tóxico para los organismos acuáticos, con efectos nocivos duraderos.","PREVENCION: Llevar guantes de protección: > 8 horas (tiempo de detección): goma de butilo. Llevar prendas de protección: Recomendado: bata de laboratorio Traje de protección. Llevar gafas o máscara de protección: Recomendado: gafas anti-salpicaduras , gafas de seguridad con protección lateral. Evitar su liberación al medio ambiente. No respirar los vapores. Lavarse concienzudamente tras la manipulación. RESPUESTA: Consultar a un médico en caso de malestar. EN CASO DE INHALACIÓN: Transportar 
a la persona al aire libre y mantenerla en una posición que le facilite la respiración.
Llamar inmediatamente a un centro de información toxicológica o a un médico. EN 
CASO DE INGESTIÓN: Llamar inmediatamente a un centro de información 
toxicológica o a un médico. Enjuagarse la boca. NO provocar el vómito. EN CASO DE 
CONTACTO CON LA PIEL (o el pelo): Quitar inmediatamente todas las prendas contaminadas. Lave la piel contaminada con el de 3% de ácido acético o el agente que contiene Diphoterin (por ejemplo, Previn ®). Lavar las prendas contaminadas antes de volver a usarlas. Llamar inmediatamente a un centro de información toxicológica o a un médico. EN CASO DE CONTACTO CON LOS OJOS: Lavar inmediatamente con un agente que contenga Diphoterin (por ejemplo, Previn ®), levantando ocasionalmente  los párpados superior e inferior. Quitar las lentes de contacto, si lleva y resulta fácil. Seguir aclarando. Llamar inmediatamente a un centro de información toxicológica o a un médico.",Master,,,,,,,,,
KAO-QB00088,ASFIER 45T,68910-84-9,PELIGRO,+34 93 739 9445,Nocivo en caso de ingestión. Provoca graves quemaduras en la piel y lesiones oculares.,"PREVENCIÓN: Usar guantes de protección: > 8 horas (tiempo de saturación): caucho butílico. Usar 
protección para los ojos o la cara: Recomendado: lentes anti-salpicaduras , máscara. Usar ropa protectora: Recomendado: Traje de protección. No comer, beber o fumar 
mientras se manipula este producto. Lavarse cuidadosamente las manos después de 
la manipulación. INTERVENCIÓN: EN CASO DE INHALACIÓN: Transportar la víctima al aire libre y mantenerla en reposo 
en una posición que le facilite la respiración. Llamar inmediatamente a un CENTRO DE CONTROL DE ENVENENAMIENTO o a un médico. EN CASO DE INGESTIÓN:
Llamar inmediatamente a un CENTRO DE CONTROL DE ENVENENAMIENTO o a un  médico. Enjuagarse la boca. NO provocar el vómito. EN CASO DE CONTACTO CON 
LA PIEL (o el pelo): Quitar inmediatamente toda la ropa contaminada. Lave la piel 
contaminada con el de 3% de ácido acético o el agente que contiene Diphoterin Lavar la ropa contaminada antes de volverla a usar. Llamar 
inmediatamente a un CENTRO DE CONTROL DE ENVENENAMIENTO o a un médico. EN CASO DE CONTACTO CON LOS OJOS: Lavar inmediatamente con un agente 
que contenga Diphoterin (por ejemplo, Previn ®), levantando ocasionalmente los 
párpados superior e inferior. Quitar las lentes de contacto, cuando estén presentes y pueda hacerse con facilidad. Proseguir con el lavado. Llamar inmediatamente a un 
CENTRO DE CONTROL DE ENVENENAMIENTO o a un médico. ALMACENAMIENTO: Guardad bajo llave. ELIMINACIÓN: Eliminar el contenido y recipiente conforme a todas las reglamentaciones locales,
regionales, nacionales e internacionales.",Master,X,X,,,,,,,
KAO-QB00008,ASFIER 510,151661-99-3,PELIGRO,+34 93 739 9445,"H302, H314, H372, H410","P280, P273, P260, P270, P264, P391, P304+P310, P301+P310, P303+P361+P353, P310, P405, P501",Master,X,X,X,,,X,,,
KAO-QB00009,ASFIER 710,"7732-18-5, 130014-37-8",ATENCION,+34 93 739 9445,"H302, H315, H319, H410","PREVENCION: Llevar guantes de protección: > 8 horas (tiempo de detección): caucho natural (látex). Llevar gafas o máscara de protección: Recomendado: gafas anti-salpicaduras , gafas de seguridad con protección lateral. Evitar su liberación al medio ambiente. No comer, beber ni fumar durante su utilización. Lavarse concienzudamente tras la manipulación. RESPUESTA:  Recoger el vertido. EN CASO DE INGESTIÓN: Llamar a un CENTRO DE  INFORMACIÓN TOXICOLÓGICA o a un médico si la persona se encuentra mal. Enjuagarse la boca. Quitar las prendas contaminadas y lavarlas antes de volver a  usarlas. EN CASO DE CONTACTO CON LA PIEL: Lavar con abundante agua. En  caso de irritación cutánea: Consultar a un médico. EN CASO DE CONTACTO CON  LOS OJOS: Aclarar cuidadosamente con agua durante varios minutos. Quitar las lentes  de contacto, si lleva y resulta fácil. Seguir aclarando. Si persiste la irritación ocular: Consultar a un médico. ELIMINACIÓN: Eliminar el contenido y el recipiente de acuerdo con las normativas locales, regionales, nacionales e internacionales.",Master,X,,,,,X,,,
KAO-QB00010,ASFIER N480L,151661-99-3,PELIGRO,+34 93 739 9445,"H302, H314, H318, H400, H410","P280, P273, P270, P264, P391, P304+P310, P301+P310, P303+P361+P353, P310, P405, P501",Master,X,X,,,,X,,,
PRD-QB00006,BASE PARA DIFUSORES AMBIENTALES,Mezcla,ATENCION,01 800 002 1400,"H227, H320","P210, P264, P280, P305+P351+P338, P337+P313, P370+P378, P403+P235, P501",Master,X,,,,,,,,
IFF-QB00178,BEAUTY LIFE 894,Mezcla,ATENCION,01 800 002 1400,"H315, H317, H319","P280, P302 + P352, P305 + P351 + P338",Master,X,,,,,,,,
IFF-QB00221,BELLE FEM 6040,Mezcla,ATENCION,01 800 002 1400,"H315, H317, H319, H361","P280, P302 + P352, P305 + P351 + P338",Master,X,,X,,,,,,
ASH-QB00001,BENECEL,Mezcla,No Aplicable,1-800-274-5263,No Aplicable,Mantener las mezclas de polvo y aire lejos de fuentes de ignición,Master,,,,,,,,,
VAR-QB00028,BENZOATO DE SODIO S/P,CAS 532-32-1,ATENCION,01 800 002 1400,"H319, H402","P264, P280, P273, P305+P351+P338, P337+P313 , P501",Master,X,,,,,X,,,
IFF-QB00223,BERRY PUNCH 867 FV,Mezcla,ATENCION,01 800 002 1400,"H317, H319","P280, P302 + P352, P305 + P351 + P338, ",Master,X,,,,,,,,
VAR-QB00031,BETAINA QB TOTE,61789-40-0/263-058-8,ATENCION,01 800 002 1400,"H315, H318","P264, P280, P303+P361+P353, P314, P403+P233",Master,X,,,,,,,,
ASH-QB00057,BLANOSE CMC 9H4F 421930,9004-32-4,ATENCION,1-800-274-5263,No Aplicable,Mantener las mezclas de polvo y aire lejos de fuentes de ignición,Master,,,,,,,,,
IFF-QB00198,BLUE MICRO MEMORIES 320 AZUL,Mezcla,ATENCION,01 800 002 1400,"H315, H317, H319, H351, H361, H373","P260, P280, P302 + P352, P305 + P351 +P338, P308 + P313, P333 + P313, P337 + P313",Master,X,,X,,,,,,
IFF-QB00226,BLUE MOMENT 759 S/P,Mezcla,ATENCION,01 800 002 1400,"H227, H315, H317, H319, H361","P210, P280, P302 + P352, P305 + P351 + P338",Master,X,,X,,,,,,
IFF-QB00228,BOSQUE DE BAMBU,Mezcla,ATENCION,01 800 002 1400,"H227, H317, H319, H361","P210, P280, P302 + P352, P305 + P351 + P338",Master,X,,X,,,,,,
IFF-QB00229,BOSS 1363 FQ TANGO,Mezcla,PELIGRO,01 800 002 1400,"H227,H303,H315,H317,H318,H361,H411","P201,P202,P210,P261,P264,P272,P273,P280,P302+P352,P305+P351+P338,P312,P333+P313,P362+P364,P370+P378,P391,P403+P235, P405, P501",Master,X,X,X,,X,,,,
IFF-QB00180,BOSS 3023 ACQUA DI GIO,Mezcla,-,-,-,-,Master,1,1,1,1,,,,,
IFF-QB00076,BOSS 3117 NATURAL COCONUT,Mezcla,ATENCION,01 800 002 1400,H317,"P261, ,, P280, P302 + P352, P333 + P313, , P501",Master,X,,,,,,,,
IFF-QB00130,BOSS 3152 MOD,Mezcla,PELIGRO,01 800 002 1400,"H227, H315, H317, H318, H350, H361, H373","P210, P260, P280, P302 + P352, P305 + P351 + P338 + P310, P308 + P313, P370 + P378",Master,X,X,X,,,,,,
IFF-QB00077,BOSS 3156 TALK,Mezcla,PELIGRO,01 800 002 1400," H317, H319, H350","P261, ,, P280, P302 + P352, P305 + P351 + P338, P308 + P313, P333 + P313, P337 + P313",Master,X,,X,,,,,,
IFF-QB00001,BOTANIKA,Mezcla,ATENCION,01 800 002 1400,"H227, H315, H317, H319, H351, H361","P210, P261, P280, P302 + P352, P305 + P351 + P338, P308 + P313, P333 + P313, P337 + P313, P370 + P378",Master,X,,X,,,,,,
IFF-QB00001,BUENA NINA 979,Mezcla,ATENCION,01 800 002 1400,"H315, H317, H319, H361","P280, P302 + P352, P305 + P351 + P338",Master,X,,X,,,,,,
VAR-QB00180,"C.M.C. 10,000","2836-32-0, 7647-14-5, 9004-32-4",No Aplicable,01 800 002 1400,No Aplicable,No aplicable,Master,,,,,,,,,
IFF-QB00236,CALVAN GEL 8020,Mezcla,PELIGRO,01 800 002 1400,"H227, H304, H315, H317, H361","P210, P280, P301 +P310, P302 + P352, P331",Master,X,,X,,,,,,
IFF-QB00183,CANAL AZUL 921,Mezcla,ATENCION,01 800 002 1400,"H227, H315, H317, H319, H361, H373","P210, P260, P280, P302 + P352, P305 + P351 + P338 + P310, P308 + P313, P370 + P378",Master,X,,X,,,,,,
ASH-QB00002,CAPAUXEIN G2 BIOFUNTIONAL,Mezcla,No Aplicable,1-800-274-5263,No Aplicable,No Aplicable,Master,,,,,,,,,
LUB-QB00010,CARBOPOL 956,584-08-7,No Aplicable,01 800 002 1400,No Aplicable,No Aplicable,Master,,,,,,,,,
LUB-QB00020,CARBOPOL EZ4,Mezcla,ATENCION,01 800 002 1400,"H319, H402","P264,P273, P280, P305 + P351 + P338, P337 + P313, P501",Master,X,,,,,,,,
LUB-QB00023,CARBOPOL ULTREZ 10,Mezcla,No Aplicable,01 800 002 1400,Puede formar concentraciones de polvo combustible en el aire,,Master,,,,,,,,,
LUB-QB00024,CARBOPOL ULTREZ 20,Mezcla,ATENCION,01 800 002 1400,"H319, H402","P264, P273, P280, P305 + P351 + P338, P337 + P313, P501",Master,X,,,,,,,,
LUB-QB00026,CARBOPOL XTRA 11 S/P,Mezcla,No Aplicable,01 800 002 1400,No Aplicable,No Aplicable,Master,,,,,,,,,
IFF-QB00078,CEDARLOVE 443,Mezcla,ATENCION,01 800 002 1400,H317,"P261, P280, P302 + P352, P333 + P313, P501",Master,X,,,,,,,,
ASH-QB00004,CERAPHYL 230 S/P, 6938-94-9,No Aplicable,1-800-274-5263,No Aplicable,No Aplicable,Master,,,,,,,,,
ASH-QB00072,CERAPHYL 847,2002427-61-2,ATENCION,1-800-274-5263,H410,"P273, P391, P501",Master,,,,,,X,,,
ASH-QB00007,CERAPHYL SLK S/P, 60209-82-7,No Aplicable,1-800-274-5263,No Aplicable,No Aplicable,Master,,,,,,,,,
IFF-QB00323,CESCO LV40,-,-,-,-,-,Master,1,1,1,1,,,,,
KAO-QB00027,CETILICO KALCOL 6098,36653-82-4,No Aplicable,+34 93 739 9445,No Aplicable,No Aplicable,Master,,,,,,,,,
IFF-QB00131,CHAMOMILLE 398 MANZANILLA,Mezcla,ATENCION,01 800 002 1400,"H317, H361","P261, P280, P302 + P352, P308+ P313, P333 + P313, ",Master,X,,X,,,,,,
IFF-QB00132,CHAMP DE LA LAVAND 897,Mezcla,PELIGRO,01 800 002 1400,"H227, H315, H317, H318, H351, H361, H371","P210, P260, P280, P302 + P352, P305 + P351 + P338 HP310, P308 + P313, P333 + P313, P337 + P313, P370 + P378",Master,X,X,X,,,,,,
IFF-QB00080,CHAN 001-C MOD 1,Mezcla,ATENCION,01 800 002 1400,"H315, H317, H319, H351, H361","P261, P280, P302 + P352, P305 + P351 + P338, P308 + P313, P333 + P313, P337 + P313",Master,X,,X,,,,,,
IFF-QB00081,CHERRY 697 MOD 1,Mezcla,ATENCION,01 800 002 1400,"H226, H317, H319, H361","P210, P261, P280, P302 + P352, P305 + P351 + P338, P308 + P313, P333 + P313, P337 + P313, P370 + P378",Master,X,,X,,X,,,,
IFF-QB00002,CHERRY BERRY 921,Mezcla,ATENCION,01 800 002 1400,H317,"P261, P280, P302 + P352, P333 + P313, P362 + P3624, P501",Master,X,,,,,,,,
IFF-QB00233,CHICLE 001D,Mezcla,PELIGRO,01 800 002 1400,"H226, H304, H315, H317","P210, P261, P280, P301 + P310, P302 + P352, P331, P333 + P313, P370 + P378",Master,X,,X,,X,,,,
IFF-QB00082,CHIRSTMAS GINGERAPPLE 712 FV,Mezcla,-,-,-,-,Master,1,1,1,1,,,,,
IFF-QB00084,CHOCOLAT MOD,Mezcla,-,-,-,-,Master,1,1,1,1,,,,,
IFF-QB00083,CHRISTMAS VELAQUIM 53 MOD VAINILLA,Mezcla,ATENCION,01 800 002 1400,"H317, H361","P261, P280, P302 + P352, P308 + P313, P333 + P313, P362 + P364",Master,X,,X,,,,,,
ASH-QB00008,CHROMAFEN S/P,Mezcla,No Aplicable,1-800-274-5263,No Aplicable,No Aplicable,Master,,,,,,,,,
IFF-QB00234,CITRIC FRESH,Mezcla,PELIGRO,01 800 002 1400,"H227, H304, H315, H316, H317, H319, H411","P210, P233, P240, P241, P242, P243, P260, P264, P270, ,, P280, P301 + P310, P303 + P364, P370 + P378, P391, P403 + P235, P405, P501",Master,X,,X,,X,X,,,
IFF-QB00003,CITRIC TWIST 592,Mezcla,ATENCION,01 800 002 1400,"H227, H315, H317, H361","P210, P261, P280, P302 + P352, P308 + P313, P333 + P313, P370 + P378",Master,X,,X,,,,,,
IFF-QB00004,CITRUS BLEND 144 MOD,Mezcla,PELIGRO,01 800 002 1400,"H304, H315, H317, H318, H361","P261, P280, P301 + P310, P302 + P352, P305 + P351 + P338 + P310, P308 + P313, P331, P333 + P313",Master,X,X,X,,,,,,
IFF-QB00133,CITRUS SPLASH 690,Mezcla,ATENCION,01 800 002 1400,"H315, H317, H319","P280, P302+P352, P305+P351+P338",Master,X,,,,,,,,
IFF-QB00085,CLASSIC FLORAL 535,Mezcla,ATENCION,01 800 002 1400,"H315, H317, H361","P261, P264, P280, P302 + P352, P308 + P313, P333 + P313",Master,X,,X,,,,,,
IFF-QB00134,CLEAN SCENT 655,Mezcla,ATENCION,01 800 002 1400,"H227, H315, H317, H319","P210, P280, P302 + P352, P305 + P351 + P338",Master,X,,,,,,,,
IFF-QB00086,CLEANWOOD 860,Mezcla,ATENCION,01 800 002 1400,"H315, H317, H361","P280, P302 + P352",Master,X,,X,,,,,,
IFF-QB00042,CLEAR WHITE 709 MOD 1,Mezcla,ATENCION,01 800 002 1400,"H227, H315, H317, H319","P210, P261, P280, P302 + P352, P305 + P351 + P338, P308 + P313, P333 + P313, P337 + P313, P370 + P378",Master,X,,,,,,,,
IFF-QB00135,COCONUT AND ALOE 813,Mezcla,ATENCION,01 800 002 1400,H317,"P261, P280, P302 + P352, P333 + P313, P362 + P3624, P501",Master,X,,,,,,,,
VAR-QB00041,COLAGENO COLLATEIN N359,92113-31-0,No Aplicable,01 800 002 1400,No Aplicable,No Aplicable,Master,,,,,,,,,
VAR-QB00051,COLOR AZUL BASICO 200% S/P,3521-06-0,No aplicable,01 800 002 1400,No aplicable,No aplicable,Master,,,,,,,,,
VAR-QB00054,"COLOR NEGRO ACIDO 194 (SUAVIZANTE, JABON LIQ)",61931-02-0,ATENCION,01 800 002 1400,"H302, H318, H335, H313, H315","P261, P270, P271, P273, P280, P264, P234,  P305 + P351 + P338, P310, P303 + P361 + P353, P304 + P340, P301 + P330 + P331, P331, P391, P390, P403 + P233, P405, P406, P501",Master,X,,,,,X,,,
VAR-QB00056,"COLOR RODAMINA BASICA  (JABON LIQ,LIMPIADORES)",81-88-9,ATENCION,01 800 002 1400,"H302, H318, H335, H313, H315","P261, P270, P271, P273, P280, P264, P234,  P305 + P351 + P338, P310, P303 + P361 + P353, P304 + P340, P301 + P330 + P331, P331, P391, P390, P403 + P233, P405, P406, P501",Master,X,,,,,X,,,
VAR-QB00057,COLOR ROJO 114 s/p,2611-82-7,ATENCION,01 800 002 1400,"H302, H318, H335, H313, H315","P261, P270, P271, P273, P280, P264, P234,  P305 + P351 + P338, P310, P303 + P361 + P353, P304 + P340, P301 + P330 + P331, P331, P391, P390, P403 + P233, P405, P406, P501",Master,X,,,,,X,,,
VAR-QB00058,"COLOR ROJO ACIDO 52 (ROSA) (LIMPIADORES, QUITA SARRO) S/P",3520-42-1,ATENCION,01 800 002 1400,"H302, H318, H335, H313, H315","P261, P270, P271, P273, P280, P264, P234,  P305 + P351 + P338, P310, P303 + P361 + P353, P304 + P340, P301 + P330 + P331, P331, P391, P390, P403 + P233, P405, P406, P501",Master,X,,,,,X,,,
VAR-QB00061,COLOR ROJO NO.6 GEL S/P,-,ATENCION,01 800 002 1400,"H303, H320, H335","P102, P260, P264, P273, P280, P301 + P330 + P331 , P303 + P361 + P353, P304 + P340,  P305 + P351 + P338, P390, P391, P403 + P233, P405, P406, P501",Master,X,,,,,,,,
VAR-QB00193,COLOR VIOLETA D&C MATIZADOR,4430-18-6,ATENCION,01 800 002 1400,H318,"P280, P305 + P351 + P338, P310",Master,,X,,,,,,,
VAR-QB00066,COLOR VIOLETA MARTACYL S4BN 215%,1694-09-3,ATENCION,01 800 002 1400,H351,"P201, P202, P281, P308 + P313, P405, P501",Master,,,X,,,,,,
VAR-QB00067,COLOR VIOLETA REACTIVO XXV-VL (LIMPIADORES),56539-66-3,ATENCION,01 800 002 1400,"H303, H320, H335","P102, P260, P264, P273, P280, P301+P330+P331, P303+P361+P353, P304+P340, P305+P351+P338",Master,X,,,,,,,,
IFF-QB00136,COMPLETELY NUTS,Mezcla,ATENCION,01 800 002 1400,"H227, H315, H317","P210, P280, P302 + P352",Master,X,,,,,,,,
ASH-QB00064,COPOLYMER 937 LM-O,Mezcla,ATENCION,1-800-274-5263,H319,"P264, P280, P305 + P351 + P338",Master,X,,,,,,,,
IFF-QB00206,CRYSTAL HEALING,Mezcla,ATENCION,01 800 002 1400,"H227, H315, H317, H319, H361","P210, P261, P280, P302 + P352, P305 + P351 + P338, P308 + P313, P333 + P313, P337 + P313, P370 + P378",Master,X,,X,,,,,,
IFF-QB00137,CSH 983 MELON,Mezcla,ATENCION,01 800 002 1400,"H227, H315, H317, H319, H361","P210, P280, P302 + P352, P305 + P351 + P338",Master,X,,X,,,,,,
VAR-QB00172,CYTOBIOL-IRIS A2 S/P,Mezcla,ATENCION,01 800 002 1400,"H226, H412",P210,Master,,,,,X,,,,
IFF-QB00175,DAMOR DAMOR FFSMT1058,Mezcla,ATENCION,01 800 002 1400,"H315, H317, H361","P261, P264, P280, P302 + P352, P308 + P313, P333 + P313",Master,X,,X,,,,,,
VAR-QB00068,DANAGEL 9254,9000-07-1 / 9000-40-2,No Aplicable,01 800 002 1400,No Aplicable,No Aplicable,Master,,,,,,,,,
KAO-QB00029,DANOX 511-B,Mezcla,PELIGRO,+34 93 739 9445,"H302, H314, H318, H372, H400, H411","P280, P273, P260, P270, P264, P391, P304+P310, P301+P310, P330, P331, P303 + P361 + P353, P310, P363, P305 + P351 + P338, P405, P501",Master,X,X,X,,,X,,,
KAO-QB00097,DANOX BH-15 (DANOX TLC-24),Mezcla,PELIGRO,+34 93 739 9445,"H315, H318, H412","PREVENCION: Llevar guantes de protección: > 8 horas (tiempo de detección): goma de butilo. Llevar gafas o máscara de protección: Recomendado: gafas anti-salpicaduras. Evitar su liberación al medio ambiente. Lavarse concienzudamente tras la manipulación. RESPUESTA: Quitar las prendas contaminadas y lavarlas antes de volver a usarlas. EN CASO DE CONTACTO CON LA PIEL: Lavar con abundante agua. En caso de irritación cutánea: Consultar a un médico. EN CASO DE CONTACTO CON LOS OJOS: Aclarar cuidadosamente con agua durante varios minutos. Quitar las lentes de contacto, si lleva y resulta fácil. Seguir aclarando. Llamar inmediatamente a un CENTRO DE INFORMACION TOXICOLOGICA o a un médico. ELIMINACIÓN: Eliminar el contenido y el recipiente de acuerdo con las normativas locales, regionales, nacionales e internacionales.",Master,,X,,,,,,,
KAO-QB00030,DANOX BT60,"68424-95-3, 61789-71-7, 67-63-0",PELIGRO,+34 93 739 9445,"H226, H302 + H312, H314, H400","P280, P210, P273, P270, P264, P391, P304 + P340, P310, P301 + P310, P330, P331, P303 + P361 + P353, P310, P363, P305 + P351 + P338, P405, P501",Master,X,X,,,X,X,,,
KAO-QB00031,DANOX BT70,25988-97-0,ATENCION,+34 93 739 9445,"H319, H410","P280, P273, P264, P391, P305 + P351 + P338, P337 + P313, P501",Master,X,,,,,X,,,
KAO-QB00011,DANOX RAP 305,"61788-62-3, 1317-38-0, 13463-67-7",PELIGRO,+34 93 739 9445,"Provoca irritación cutánea.
Provoca lesiones oculares graves.
Muy tóxico para los organismos acuáticos.
Tóxico para los organismos acuáticos, con efectos nocivos duraderos.","PREVENCION: Llevar guantes de protección: > 8 horas (tiempo de detección): goma de butilo, Viton®, caucho nitrílico. Llevar gafas o máscara de protección: Recomendado: gafas anti salpicaduras. Evitar su liberación al medio ambiente. Lavarse concienzudamente tras la manipulación. RESPUESTA: Recoger el vertido. Quitar las prendas contaminadas y lavarlas antes de volver a usarlas. EN CASO DE CONTACTO CON LA PIEL: Lavar con abundante agua. En caso de irritación cutánea: Consultar a un médico. EN CASO DE CONTACTO CON  LOS OJOS: Aclarar cuidadosamente con agua durante varios minutos. Quitar las lentes  de contacto, si lleva y resulta fácil. Seguir aclarando. Llamar inmediatamente a un  CENTRO DE INFORMACION TOXICOLOGICA o a un médico. ALMACENAMIENTO:  No aplicable. ELIMINACION: Eliminar el contenido y el recipiente de acuerdo con las normativas locales, regionales, nacionales e internacionales.",Master,,X,,,,X,,,
VAR-QB00069,DBSS SNCH,Mezcla,ATENCION,01 800 002 1400,"H302, H315, H318","P264, P270, P261, P301+P312, P302+P352, P305+P351+P338, P321, P330, P332+P313, P501",Master,X,,,,,,,,
VAR-QB00071,DEAC. SOYA,No Aplicable,ATENCION,01 800 002 1400,H319,"P305 + P351 + P338, P313, P301 + P330 + P331, P303 + P352",Master,X,,,,,,,,
IFF-QB00138,DEATH BY CHOCOLATE,Mezcla,ATENCION,01 800 002 1400,H302,P301 + P312 + P330,Master,X,,,,,,,,
KAO-QB00037,DIAMIET 515 s/p, 61790-85-0,PELIGRO,+34 93 739 9445,"Nocivo en caso de ingestión.
Provoca lesiones oculares graves.
Provoca irritación cutánea.","PREVENCIÓN: Llevar guantes de protección: > 8 horas (tiempo de detección): goma de butilo. Llevar gafas o máscara de protección: Recomendado: gafas anti-salpicaduras. No comer,beber ni fumar durante su utilización. Lavarse las manos concienzudamente tras la manipulación. RESPUESTA: EN CASO DE INGESTIÓN: Llamar a un centro de información toxicológica o a un médico en caso de malestar. Enjuagarse la boca. EN CASO DE CONTACTO CON LA PIEL: Lave la piel contaminada con el de 3% de ácido acético o el agente que contiene Diphoterin (por ejemplo, Previn ®). Quitarse las prendas contaminadas. Lavar las prendas contaminadas antes de volver a usarlas. En caso de irritación cutánea: Consultar a un médico. EN CASO DE CONTACTO CON LOS OJOS: Aclarar cuidadosamente con agua durante varios minutos. Quitar las lentes de contacto, si lleva y resulta fácil. Seguir aclarando. Llamar inmediatamente a un centro de información toxicológica o a un médico. ELIMINACIÓN: Eliminar el contenido y el recipiente de acuerdo con las normativas locales, regionales, nacionales e internacionales.",Master,X,X,,,,,,,
KAO-QB00104,DIAMIN C,61791-63-7,PELIGRO,+34 93 739 9445,"H301, H314, H318, H372","PREVENCION: Llevar guantes de protección: > 8 horas (tiempo de detección): goma de butilo, Viton®.Llevar gafas o máscara de protección: Recomendado: gafas anti-salpicaduras. Llevar prendas de protección: Recomendado: Traje de protección, bata de laboratorio. No respirar los vapores. No comer, beber ni fumar durante su utilización. Lavarse las manos concienzudamente tras la manipulación. RESPUESTA: EN CASO DE INHALACIÓN: Transportar a la víctima al exterior y mantenerla en reposo en una posición confortable para respirar. Llamar inmediatamente a un centro de información toxicológica o a un médico. EN CASO DE INGESTIÓN: Llamar inmediatamente a un centro de información toxicológica o a un médico. Enjuagarse la boca. NO provocar el vómito. EN CASO DE CONTACTO CON LA PIEL (o el pelo):Quitar inmediatamente todas las prendas contaminadas. Lave la piel contaminada con el de 3% de ácido acético o el agente que contiene Diphoterin (por ejemplo, Previn ®).Lavar las prendas contaminadas antes de volver a usarlas. Llamar inmediatamente a un centro de información toxicológica o a un médico. EN CASO DE CONTACTO CON LOS OJOS: Lavar inmediatamente con un agente que contenga Diphoterin (por ejemplo, Previn ®), levantando ocasionalmente los párpados superior e inferior. Quitar las lentes de contacto, si lleva y resulta fácil. Seguir aclarando. Llamar inmediatamente a un centro de información toxicológica o a un médico. ALMACENAMIENTO: Guardar cerrrado. ELIMINACIÓN:  Eliminar el contenido y el recipiente de acuerdo con las normativas locales, regionales, nacionales e internacionales.",Master,,X,X,X,,,,,
KAO-QB00103,DIAMIN O,7173-62-8,PELIGRO,+34 93 739 9445,"H302, H314, H318, H372","PREVENCION: Llevar guantes de protección: > 8 horas (tiempo de detección): caucho nitrílico , goma de butilo. Llevar gafas o máscara de protección: Recomendado: gafas anti_x0002_salpicaduras , máscara. Llevar prendas de protección: Recomendado: Traje de protección , bata de laboratorio. No respirar los vapores. No comer, beber ni fumar durante su utilización. Lavarse las manos concienzudamente tras la manipulación. RESPUESTA: Consultar a un médico en caso de malestar. EN CASO DE INHALACIÓN: Transportar a la persona al aire libre y mantenerla en una posición que le facilite la respiración.Llamar inmediatamente a un centro de información toxicológica o a un médico. EN CASO DE INGESTIÓN: Llamar inmediatamente a un centro de información toxicológica o a un médico. Enjuagarse la boca. NO provocar el vómito. EN CASO DE CONTACTO CON LA PIEL (o el pelo): Quitar inmediatamente todas las prendas contaminadas. Lave la piel contaminada con el de 3% de ácido acético o el agente que contiene Diphoterin (por ejemplo, Previn ®). Lavar las prendas contaminadas antes de volver a usarlas. Llamar inmediatamente a un centro de información toxicológica o a un médico. EN CASO DE CONTACTO CON LOS OJOS: Lavar inmediatamente con un agente que contenga Diphoterin (por ejemplo, Previn ®), levantando ocasionalmente los párpados superior e inferior. ALMACENAMIENTO: Guardar cerrado. ELIMINACION: Eliminar el contenido y el recipiente de acuerdo con las normativas locales, regionales, nacionales e internacionales.",Master,X,X,X,,,,,,
KAO-QB00039,DIAMIN T S/P, 61791-55-7,PELIGRO,+34 93 739 9445,"H302, H314, H318, H372, H400, H410","PREVENCION: Llevar guantes de protección: > 8 horas (tiempo de detección): goma de butilo, caucho nitrílico. Llevar prendas de protección: Recomendado: Traje de protección, bata de laboratorio. Llevar gafas o máscara de protección: Recomendado: gafas anti_x0002_salpicaduras , gafas de seguridad con protección lateral. Evitar su liberación al medio ambiente. No respirar el polvo. No comer, beber ni fumar durante su utilización. Lavarse concienzudamente tras la manipulación. RESPUESTA: Recoger el vertido. EN CASO DE INHALACIÓN: Transportar a la persona al aire libre y mantenerla en una posición que le facilite la respiración. Llamar inmediatamente a un CENTRO DE INFORMACION TOXICOLOGICA o a un médico. EN CASO DE INGESTIÓN: Llamar inmediatamente a un CENTRO DE INFORMACION TOXICOLOGICA o a un médico. Enjuagarse la boca. NO provocar el vómito. EN CASO DE CONTACTO CON LA PIEL (o el pelo): Quitar inmediatamente todas las prendas contaminadas. Enjuagar la piel con agua. Llamar inmediatamente a un CENTRO DE INFORMACION TOXICOLOGICA o a un médico. Lavar las prendas contaminadas antes de volver a usarlas. EN CASO DE CONTACTO CON LOS OJOS: Aclarar cuidadosamente con agua durante varios minutos. Quitar las lentes de contacto,si lleva y resulta fácil. Seguir aclarando. Llamar inmediatamente a un CENTRO DE INFORMACION TOXICOLOGICA o a un médico. ALMACENAMIENTO: Guardar bajo llave. ELIMINACIÓN:  Eliminar el contenido y el recipiente de acuerdo con las normativas locales, regionales,nacionales e internacionales.",Master,X,X,X,,,X,,,
IFF-QB00088,DRAK BLACK 558 MOD 1,Mezcla,ATENCION,01 800 002 1400,"H227, H315, H317, H319, H336","P210, P261, P280, P302 + P352,  P304 + P340 + P312,P305 + P351 + P338, P333 + P313,  P337 + P313, P370 + P378, P391",Master,X,,,,,,,,
IFF-QB00140,DRIZZLE 691,Mezcla,ATENCION,01 800 002 1400,"H315, H317, H319, H361","P261, P280, P302 + P352, P305 + P351 + P338, P308 + P313, P333 + P313, P337 + P313",Master,X,,X,,,,,,
IFF-QB00045,DSM 1020 EXIT PRADE,Mezcla,ATENCION,01 800 002 1400,"H227, H315, H317, H319, H336.","P210, P261, P280, P302+P252, P304 + P340 + P312, P305+P351+P338, P333+P313, P337 + P313, P370 + P378",Master,X,,,,,,,,
IFF-QB00207,DSM 1063 ACE,Mezcla,PELIGRO,01 800 002 1400,"H315, H317, H319, H350, H361, H373","P260, P280, P302 + P352, P305 + P351 + P338, P308 + P313, P333 + P313, P337 + P313 ",Master,X,,X,,,,,,
IFF-QB00009,DSM 1068 EUCALIPTO,Mezcla,PELIGRO,01 800 002 1400,"H226, H302, H304, H315, H317, H318, H361, H371","P210, P260, P280, P301 + P310, P302 + P352, P305 + P351 + P338, P308 + P311, P331, P333 + P313, P370 + P378, P391",Master,X,X,X,,X,,,,
IFF-QB00239,DULCE NAVIDAD,Mezcla,PELIGRO,01 800 002 1400,"H227, H304, H315, H317, H318, H361","P210, P261, P280,  P301 + P310,  P302 + P352, P305 + P351 + P338 + P310, P308 + P313, P331,  P333 + P313, P370 + P378",Master,X,X,X,,,,,,
ASH-QB00012,DYNAGEN S7P,Mezcla,No Aplicable,1-800-274-5263,No Aplicable,No Aplicable,Master,,,,,,,,,
ASH-QB00013,EDERLINE S/P,Mezcla,No Aplicable,1-800-274-5263,No Aplicable,No Aplicable,Master,,,,,,,,,
VAR-QB00076,EDTA TETRASODICO,Mezcla,PELIGRO,01 800 002 1400,"H315, H319, H332, H351, H373","P260, P264, P270, P271, P280, P301+P312, P304+P340, P305+P361+P338, P501",Master,X,X,X,,,,,,
IFF-QB00141,ELDEBERRY ,Mezcla,ATENCION,01 800 002 1400,"H227, H315, H317, H319","P210, P261, P280, P302 + P352, P305 + P351 + P338, P333 + P313, P337 + P313, P370 + P378",Master,X,,,,,,,,
IFF-QB00047,ELEGANT 957 ELEGANCY,Mezcla,ATENCION,01 800 002 1400,"H227, H315, H317, H319, H361 ","P210, P261, P280, P302 + P352,  P305 + P351 + P338, P333 + P313, P337 + P313, P370 + P378",Master,X,,X,,,,,,
IFF-QB00199,ELEGANT MICRO SOFTNESS 957 AMARILLO,Mezcla,ATENCION,01 800 002 1400,"H315, H317, H319","P280, P302 + P352,  P305 + P351 + P338 ",Master,X,,,,,,,,
KAO-QB00041,EMAL 10 PHD S/P,73296-89-6,PELIGRO,+34 93 739 9445,"H302, H315, H318, H412","PREVENCIÓN: Llevar guantes de protección: > 8 horas (tiempo de detección): goma de butilo, Viton®,caucho nitrílico, neopreno. Llevar gafas o máscara de protección: Recomendado: gafas anti-salpicaduras. Evitar su liberación al medio ambiente. No comer, beber ni fumar durante su utilización. Lavarse concienzudamente tras la manipulación. RESPUESTA: EN CASO DE INGESTIÓN: Llamar a un CENTRO DE INFORMACIÓN TOXICOLÓGICA o a un médico si la persona se encuentra mal. Enjuagarse la boca. Quitar las prendas contaminadas y lavarlas antes de volver a usarlas. EN CASO DE CONTACTO CON LA PIEL: Lavar con abundante agua. En caso de irritación cutánea: Consultar a un médico.EN CASO DE CONTACTO CON LOS OJOS: Aclarar cuidadosamente con agua durante varios minutos. Quitar las lentes de contacto, si lleva y resulta fácil. Seguir aclarando. Llamar inmediatamente a un CENTRO DE INFORMACION TOXICOLOGICA o a un médico. ELIMINACION: Eliminar el contenido y el recipiente de acuerdo con las normativas locales, regionales, nacionales e internacionales",Master,X,X,,,,,,,
KAO-QB00042,EMAL 10-N LAURIL SULFATO DE SODIO,73296-89-6,PELIGRO,+34 93 739 9445," Nocivo en caso de ingestión.
Provoca irritación cutánea.
Provoca lesiones oculares graves.
Nocivo para los organismos acuáticos, con efectos nocivos duraderos.","PREVENCIÓN: Llevar guantes de protección: > 8 horas (tiempo de detección): goma de butilo, Viton®,caucho nitrílico, neopreno. Llevar gafas o máscara de protección: Recomendado: gafas anti-salpicaduras. Evitar su liberación al medio ambiente. No comer, beber ni fumar durante su utilización. Lavarse concienzudamente tras la manipulación. RESPUESTA: EN CASO DE INGESTIÓN: Llamar a un CENTRO DE INFORMACIÓN TOXICOLÓGICA o a un médico si la persona se encuentra mal. Enjuagarse la boca. Quitar las prendas contaminadas y lavarlas antes de volver a usarlas. EN CASO DE CONTACTO CON LA PIEL: Lavar con abundante agua. En caso de irritación cutánea: Consultar a un médico.EN CASO DE CONTACTO CON LOS OJOS: Aclarar cuidadosamente con agua durante varios minutos. Quitar las lentes de contacto, si lleva y resulta fácil. Seguir aclarando. Llamar inmediatamente a un CENTRO DE INFORMACION TOXICOLOGICA o a un médico. ELIMINACIÓN: Eliminar el contenido y el recipiente de acuerdo con las normativas locales, regionales,nacionales e internacionales",Master,X,X,,,,,,,
KAO-QB00044,EMAL 227 LESS QKA, 68891-38-3,PELIGRO,+34 93 739 9445,"H315, H318, H412","P280, P273, P264, P302 + P352, P332 + P313, P362 + P364, P305 + P351 + P338, P310, P501",Master,,X,,,,,,,
KAO-QB00046,EMAL 30G,73296-89-6,PELIGRO,+34 93 739 9445,"H302, H315, H318, H412","P280, P273, P270, P264, P301 + P312, P330, P302 + P352, P332 + P313, P362 + P364, P305 + P351 + P338, P310, P501",Master,X,X,,,,,,,
KAO-QB00085,EMULREC,"72230-78-5, 64-19-7",PELIGRO,+34 93 739 9445,"H315, H318","P280, P264,  P362 + P364, P302 + P352, P332 + P313, P305 + P351 + P338, P310",Master,,X,,,,,,,
VAR-QB00079,EMULSION 37 ULTRA S/P,Mezcla,No Aplicable,01 800 002 1400,No Aplicable,No Aplicable,Master,,,,,,,,,
VAR-QB00081,ESPESANTE D150 ,"9005-08-7
",No aplicable,01 800 002 1400,No aplicable,No aplicable,Master,,,,,,,,,
VAR-QB00188,ESPESANTE GT-20,Mezcla,No Aplicable,01 800 002 1400,No Aplicable,No Aplicable,Master,,,,,,,,,
VAR-QB00187,ESPESANTE GT-21,Mezcla,No Aplicable,01 800 002 1400,No Aplicable,No Aplicable,Master,,,,,,,,,
VAR-QB00184,ESPESANTE GT-940,9007-20-9,No Aplicable,01 800 002 1400,No Aplicable,No Aplicable,Master,,,,,,,,,
VAR-QB00185,ESPESANTE GT-980,9007-20-9,No Aplicable,01 800 002 1400,No Aplicable,No Aplicable,Master,,,,,,,,,
VAR-QB00153,ESPESANTE HIDROSOLUBLE 8000,-,-,-,-,-,Master,,,,,,,,,
VAR-QB00082,ESTANATO DE SODIO,"12027-70-2, 497-19-8,  1310-73-2",PELIGRO,01 800 002 1400,"H290, H314, H335, H412","P260,  P273, P303 + P361 + P353, P304 + P340, P310, P305 + P351 + P338, P321, P405, P501",Master,X,X,,,,,,,
ASH-QB00016,EUXYL K100,Mezcla,PELIGRO,1-800-274-5263,"H303, H314, H317","P101, P102, P103, P261, P264, P272, P280, P301 + P330 + P331 , P303 + P361 + P353, P304 + P340 + P310, P305 + P351 + P338 + P310, P312 , P333 + P313, P362 + P364, P405, P501",Master,x,x,,,,,,,
ASH-QB00059,EUXYL K830,Mezcla,PELIGRO,1-800-274-5263,"H302, H318, H335","P101, P102, P103, P261, P264, P270, P271, P280, P301 + P312 + P330, P304 + P340 + P312, P305 + P351 + P338 + P310, P403 + P233 , P405, P501",Master,X,X,,,,,,,
ASH-QB00076,EUXYL K900,Mezcla,PELIGRO,1-800-274-5263,"H302, H317, H318","P101, P102, P103, P261, P264, P270, P272, P280, P301 + P312 + P330, P302 + P352, P305 + P351 + P338 + P310, P333 + P313, P362 + P364 , P501",Master,X,X,,,,,,,
ASH-QB00017,EUXYL PE 9010,Mezcla,PELIGRO,1-800-274-5263,"H302, H318, H335","P101, P102, P103, P261, P264, P270, P271, P280, P301 + P312 + P330, P304 + P340 + P312, P305 + P351 + P338 + P310, P403 + P233 , P405, P501",Master,X,X,,,,,,,
VAR-QB00083,EXFOLIANTE OLIVE 6,-,-,-,-,-,Master,,,,,,,,,
VAR-QB00085,EXTRACTO DE EUCALIPTO S/P,8000-48-4,PELIGRO,01 800 002 1400,"H315, H317, H411","P210, P261, P273, P280, P301 + P310 + P331, P302 + P352 + P333 + P313, P370 + P378, P391",Master,X,,X,,X,X,,,
VAR-QB00087,EXTRACTO DE JOJOBA ACUOSO,57-55-6,No Aplicable,01 800 002 1400,No Aplicable,No Aplicable,Master,,,,,,,,,
IFF-QB00173,FF SMT 1023 MOD 1 (212 MEN),Mezcla,ATENCION,01 800 002 1400,"H315, H317, H319, H361","P261, P280, P302 + P352, P305 + P351 + P338, P308 + P313, P333 + P313, P337 + P313",Master,X,,X,,,,,,
IFF-QB00190,FF SMT 1048 DKENZO F.,Mezcla,ATENCION,01 800 002 1400,"H317, H361","P261, P280, P302 + P352, P308 + P313, P333 + P313,  P501",Master,X,,X,,,,,,
IFF-QB00192,FFSMT1052 DPACIFIC P.,Mezcla,ATENCION,01 800 002 1400,"H227, H315, H317, H361","P210, P261,P280, P302 + P352, P308 + P313, P333 + P313, , P370 + P378",Master,X,,X,,,,,,
VAR-QB00092,FISION SKIN MOUSTURE S/P,Mezcla,No Aplicable,01 800 002 1400,No Aplicable,No Aplicable,Master,,,,,,,,,
LUB-QB00029,FIXATE MT FREESTYLE,No Aplicable,No Aplicable,01 800 002 1400,No Aplicable,No Aplicable,Master,,,,,,,,,
LUB-QB00033,FIXATE RSP (GOOD RITE),Mezcla,No Aplicable,01 800 002 1400,No Aplicable,No Aplicable,Master,,X,,,,,,,
VAR-QB00174,FIXATE SUPERHOLD,Sustancia,No Aplicable,01 800 002 1400,No Aplicable,No Aplicable,Master,,,,,,,,,
IFF-QB00048,FLORAL CREAMY 275,Mezcla,ATENCION,01 800 002 1400,"H315, H317, H319, H351, H361","P280, P302 + P352, P305 + P351 + P338 + P310",Master,X,,X,,,,,,
IFF-QB00010,FLORAL PICCOLO 727,Mezcla,ATENCION,01 800 002 1400,"H315, H317, H319, H351, H361","P261, P280, P302 + P352, P305 + P351 + P338, P308 + P313, P333 + P313, P333 + P313, P337 + P313",Master,X,,X,,,,,,
IFF-QB00050,FLORAL ROSS FS 6596 MOD,Mezcla,PELIGRO,01 800 002 1400,"H315, H317, H318, H351, H361","P261, P280, P302 + P352, P305 + P351 + P338 + P310, P308 + P313, P333 + P313",Master,X,X,X,,,,,,
IFF-QB00259,FLORALIS 830,Mezcla,ATENCION,01 800 002 1400,"H303, H315, H317, H319, H351, H411.","P201, P202, P261, P264, ,, P280, P302 + P352, P305 + P351 + P338, P312, P333 + P313, P337 + P313, , P391, P405, P501",Master,X,,X,,,X,,,
IFF-QB00208,FLOWERCLEAN 384,Mezcla,ATENCION,01 800 002 1400,"H227, H315, H317, H319, H361","P210, P280, P302+P352, P305+P351+P338",Master,X,,X,,,,,,
VAR-QB00152,FORMOL PR,,,,,,Master,,,,,,,,,
KAO-QB00048,FORMOX DM40,Mezcla,PELIGRO,+34 93 739 9445,"H315, H318, H400, H411","PREVENCIÓN: Llevar guantes de protección: > 8 horas (tiempo de detección): goma de butilo. Llevar gafas o máscara de protección: Recomendado: gafas anti-salpicaduras. Evitar su liberación al medio ambiente. Lavarse concienzudamente tras la manipulación. RESPUESTA: Recoger el vertido. Quitar las prendas contaminadas y lavarlas antes de volver a usarlas. EN CASO DE CONTACTO CON LA PIEL: Lavar con abundante agua. En caso de irritación cutánea: Consultar a un médico. EN CASO DE CONTACTO CON LOS OJOS: Aclarar cuidadosamente con agua durante varios minutos. Quitar las lentes de contacto, si lleva y resulta fácil. Seguir aclarando. Llamar inmediatamente a un CENTRO DE INFORMACION TOXICOLOGICA o a un médico. ELIMINACIÓN: Eliminar el contenido y el recipiente de acuerdo con las normativas locales, regionales, nacionales e internacionales.",Master,,X,,,,X,,,
KAO-QB00049,FORMOX DMCD E,Mezcla,PELIGRO,+34 93 739 9445,"H315, H318, H400, H411","P280, P273, P264, P391,  P302 + P352, P332 + P313, P362 + P364, P305 + P351 + P338, P310, P501",Master,,X,,,,X,,,
KAO-QB00052,FORMOX L75 PC,68155-09-9,PELIGRO,+34 93 739 9445,H318,"P280, P305 + P351 + P338, P310",Master,,X,,,,,,,
IFF-QB00091,FOUGERE 087 DRAKKAR,Mezcla,ATENCION,01 800 002 1400,"H227, H315, H317, H319, H651, H361","P210, P261, P280, P302 + P352, P305 + P351 + P338, P308 + P313, P333 + P313, P337 + P313, P370 + P378",Master,X,,X,,,,,,
IFF-QB00092,FOUGERE 959-A DRAKKAR,Mezcla,PELIGRO,01 800 002 1400,"H227, H315, H317, H319, H336, H350, H361","P210, P261, P280, P302 + P352, P304 + P340 + P312, P305 + P351 + P338, P308 + P313, P333 + P313, P337 + P313, P370 + P378, P403 + P233",Master,X,,X,,,,,,
IFF-QB00244,FRESH BREEZE,Mezcla,ATENCION,01 800 002 1400,"H226, H315, H317, H361","P210, P240, P280, P302 + P352, P403 + P235",Master,X,,X,,X,,,,
IFF-QB00145,FROSTED WHITE CITRON,Mezcla,PELIGRO,01 800 002 1400,"H227, H304, H317, H361","P210, P261, P280, P301 + P310, P302 + P352, P331, P308 + P313, P331, P333 + P313, P370 + P378",Master,X,,X,,,,,,
IFF-QB00124,GAV 1171 SH MOD 1,Mezcla,ATENCION,01 800 002 1400,"H315, H317, H319, H361","P261, P280, P302 + P352, P305 + P351 + P338, P308 + P313, P333 + P313, P337 + P313",Master,X,,X,,,,,,
IFF-QB00015,GINGER ESSCENCE 375,Mezcla,ATENCION,01 800 002 1400,"H227, H315, H317, H319","P210, P280, P302 + P352, P305 + P351 + P338",Master,X,,,,,,,,
IFF-QB00147,GINGER TOUCH 917,Mezcla,ATENCION,01 800 002 1400,"H227, H315, H317, H319, H361","P210, P280, P302 + P352, P305 + P351 + P338",Master,X,,X,,,,,,
LUB-QB00039,GLUCAMATE SSE20 s/p,72175-38-4,No Aplicable,01 800 002 1400,No Aplicable,No Aplicable,Master,,,,,,,,,
LUB-QB00040,GLUCATE SS,Sustancia,No Aplicable,01 800 002 1400,No Aplicable,No Aplicable,Master,,,,,,,,,
VAR-QB00102,GLUCOPON 425 S/P,Mezcla,PELIGRO,01 800 002 1400,"H318, H402","P280, P273, P305 + P351 + P338, P310, P501",Master,,X,,,,X,,,
VAR-QB00103,GLUCOPON 625 S/P,110615-47-9,PELIGRO,01 800 002 1400,"H318, H315, H401","P280, P273, P264, P305 + P351 + P338, P310, P303 + P352, P332 + P313, P362 + P364, P501",Master,,X,,,,,,,
VAR-QB00104,GLUTARALDEHIDO,111-30-8,PELIGRO,01 800 002 1400,"H301, H314, H317, H318, H330, H334, H335, H400, H411","P260, P264, P270, P271, P272, P273, P280, P284, P301 + P310, P321, P330, P301 + P330 + P331, P303 + P361 + P353, P333 + P313, P362 + P364, P304 + P340, P305 + P351 + P338, P310, P342 + P311, P391, P403 + P233, P405, P501",Master,X,X,X,X,,X,,,
ASH-QB00021,GP4G S/P,Mezcla ,No Aplicable,1-800-274-5263,No Aplicable,No Aplicable,Master,,,,,,,,,
IFF-QB00246,GREEN APPLE 1082,Mezcla,ATENCION,01 800 002 1400,H317,"P280, P302 + P352",Master,X,,,,,,,,
KAO-QB00012,GRIPER X2,12645-31-7,PELIGRO,+34 93 739 9445,Provoca quemaduras graves en la piel y lesiones oculares graves.,"PREVENCIÓN: Llevar guantes de protección: > 8 horas (tiempo de detección): goma de butilo. Llevar gafas o máscara de protección: Recomendado: gafas anti-salpicaduras , máscara. Llevar prendas de protección: Recomendado: Traje de protección. Lavarse las manos concienzudamente tras la manipulación. RESPUESTA: EN CASO DE INHALACIÓN: Transportar a la persona al aire libre y mantenerla en una posición que le facilite la respiración. Llamar inmediatamente a un centro de información toxicológica o a un médico. EN CASO DE INGESTIÓN: Llamar inmediatamente a un centro de información toxicológica o a un médico. Enjuagarse la boca. NO provocar el vómito. EN CASO DE CONTACTO CON LA PIEL (o el pelo): Quitar inmediatamente todas las prendas contaminadas. Aclararse la piel con agua o ducharse. Lavar las prendas contaminadas antes de volver a usarlas. Llamar inmediatamente a un centro de información toxicológica o a un médico. EN CASO DE CONTACTO CON LOS OJOS: Aclarar cuidadosamente con agua durante varios minutos. Quitar las lentes de contacto, si lleva y resulta fácil. Seguir aclarando. Llamar  inmediatamente a un centro de información toxicológica o a un médico. ELIMINACIÓN: Eliminar el contenido y el recipiente de acuerdo con las normativas locales, regionales, nacionales e internacionales",Master,,X,,,,,,,
KAO-QB00013,GRIPPER 67,Mezcla,PELIGRO,+34 93 739 9445,"H314, H318","P280, P264,  P304 + P340, P310, P301 + P310, P330, P331, P303 + P361 + P353, P310, P363, P305 + P351 + P338, P310, P405, P501",Master,,X,,,,,,,
IFF-QB00200,HAPPY MICRO SUNSHINE 312 AZUL,Mezcla,ATENCION,01 800 002 1400,"H315, H317, H361","P261, P264, P280, P302 + P352, P308 + P313, P333 + P313",Master,X,,X,,,,,,
LUB-QB00042,HIDRAMOL PGPL s/p,Sustancia,No Aplicable,01 800 002 1400,No Aplicable,No Aplicable,Master,,,,,,,,,
IFF-QB00188,HOMBRE MILLON 330,Mezcla,ATENCION,01 800 002 1400,"H227, H302, H315, H317, H319, H361","P210, P280, P301 + P312 + P330, P302 + P352, P305 + P351 + P338",Master,X,,X,,,,,,
KAO-QB00083,HRB-1 S/P, 110-30-5,ATENCION,+34 93 739 9445,Puede formar concentraciones de polvo explosivas en el aire.,No Aplicable,Master,,,,,,,,,
KAO-QB00086,HRB-2 S/P,Mezcla,PELIGRO,+34 93 739 9445,"H302, H314, H318, H373, H304","PREVENCIÓN:  Llevar guantes de protección: > 8 horas (tiempo de detección): goma de butilo. Llevar gafas o máscara de protección: Recomendado: Gafas anti-salpicaduras. , máscara.Llevar prendas de protección: Recomendado: Bata de laboratorio.,Traje de protección.No respirar el polvo. No comer, beber ni fumar durante su utilización. Lavarse las manos concienzudamente tras la manipulación. RESPUESTA:  Consultar a un médico en caso de malestar. EN CASO DE INHALACIÓN: Transportar a la persona al aire libre y mantenerla en una posición que le facilite la respiración. Llamar inmediatamente a un centro de información toxicológica o a un médico. EN CASO DE INGESTIÓN: Llamar inmediatamente a un centro de información toxicológica o a un médico. Enjuagarse la boca. NO provocar el vómito. EN CASO DE CONTACTO CON LA PIEL (o el pelo): Quitar inmediatamente todas las prendas contaminadas. Lave la piel contaminada con el de 3% de ácido acético o el agente que contiene Diphoterin (por ejemplo, Previn ®). Lavar las prendas contaminadas antes de volver a usarlas. Llamar inmediatamente a un centro de información toxicológica o a un médico. EN CASO DE CONTACTO CON LOS OJOS: Lavar inmediatamente con un agente que contenga Diphoterin (por ejemplo, Previn ®), levantando ocasionalmente los párpados superior e inferior. Quitar las lentes de contacto, si lleva y resulta fácil. Seguir aclarando. Llamar inmediatamente a un centro de información toxicológica o a un médico. ALMACENAMIENTO: Guardar cerrado. ELIMINACIÓN: Eliminar el contenido y el recipiente de acuerdo con las normativas locales, regionales, nacionales e internacionales.",Master,X,X,X,,,,,,
IFF-QB00188,INDULGENT TOUCH 268,Mezcla,ATENCION,01 800 002 1400,"H315, H317","P280, P302 + P352, P305 + P351, P338",Master,X,,,,,,,,
ASH-QB00061,INTEGRA 22,Mezcla,ATENCION,1-800-274-5263,"H303, H319","P264, P280, P305 + P351 + P338, P312",Master,X,,,,,,,,
VAR-QB00105,IPA,67-63-0,PELIGRO,01 800 002 1400,"H225, H319, H336","P210, P264, P280, P303 + P361 + P353, P304 + P340, P305 + P351 + P338, P337 + P313, P370 + P378, P403 + P233, P405",Master,X,,,,,,X,,
VAR-QB00106,JABON POTASICO S/P,Mezcla,ATENCION,01 800 002 1400,H315,"P301+ P310, P302+ P352, P331",Master,X,,,,,,,,
IFF-QB00016,JASMIN STRAWBERRY 120,Mezcla,ATENCION,01 800 002 1400,"H317, H361","P261, P280, P302 + P352, P308 + P313, P333 + P313, P501",Master,X,,X,,,,,,
IFF-QB00017,JASMINE GREEN 263,Mezcla,ATENCION,01 800 002 1400,"H227, H317","P210, P261, P280, P302 + P352, P333 + P313, P370 + P378",Master,X,,,,,,,,
IFF-QB00249,JUICY FRESH CITRUS 120,Mezcla,ATENCION,01 800 002 1400,"H227, H315, H317, H319,  H361","P210, P261, P280, P302 + P352, P305 + P351 + P338, P308 + P313, P333 + P313, P337 + P313, P370 + P378",Master,X,,X,,,,,,
IFF-QB00249,JUNGLE FRESH,Mezcla,ATENCION,01 800 002 1400,"H227, H315, H317, H319, H361","P210, P261, P280, P302 + P352, P305 + P351 + P338, P308 + P313, P333 + P313, P337 + P313, P370 + P378",Master,X,,X,,,,,,
IFF-QB00150,JUNGLE MELON,Mezcla,ATENCION,01 800 002 1400,H227,P210,Master,,,,,,,,,
KAO-QB00084,KAOAMIN 12,Mezcla,PELIGRO,+34 93 739 9445,"H302, H314, H318, H318, H400, H410","PREVENCION: Llevar guantes de protección: > 8 horas (tiempo de detección): goma de butilo. Llevar prendas de protección: Recomendado: Traje de protección. Llevar gafas o máscara de protección: Recomendado: gafas de seguridad con protección lateral máscara. Evitar su liberación al medio ambiente. No comer, beber ni fumar durante su utilización. Lavarse concienzudamente tras la manipulación. RESPUESTA: EN CASO DE INHALACIÓN: Transportar a la víctima al exterior y mantenerla en reposo en una posición confortable para respirar. Llamar inmediatamente a un centro de información toxicológica o a un médico. EN CASO DE INGESTIÓN: Llamar inmediatamente a un centro de información toxicológica o a un médico. Enjuagarse la boca. NO provocar el vómito. EN CASO DE CONTACTO CON LA PIEL (o el pelo):Quitar inmediatamente todas las prendas contaminadas. Lave la piel contaminada con el de 3% de ácido acético o el agente que contiene Diphoterin (por ejemplo, Previn ®).Lavar las prendas contaminadas antes de volver a usarlas. Llamar inmediatamente a un centro de información toxicológica o a un médico. EN CASO DE CONTACTO CON LOS OJOS: Lavar inmediatamente con un agente que contenga Diphoterin (por ejemplo, Previn ®), levantando ocasionalmente los párpados superior e inferior. Quitar las lentes de contacto, si lleva y resulta fácil. Seguir aclarando. Llamar inmediatamente a un centro de información toxicológica o a un médico. ALMACENAMIENTO: Guardar bajo llave. ELIMINACION: Eliminar el contenido y el recipiente de acuerdo con las normativas locales, regionales, nacionales e internacionales.",Master,X,X,,,,X,,,
KAO-QB00014,KAOAMIN 14 L,Mezcla,PELIGRO,+34 93 739 9445,"H302, H314, H318, H351, H373, H400, H410","P201, P202, P280, P273, P260, P270, P264, P391, P304 + P310, P301 + P310, P330, P331, P303 + P361 + P353, P310, P363, P305 + P351 + P338, P310, P405, P501",Master,X,X,X,,,X,,,
KAO-QB00057,KAOSOFCARE  GP1,29117-02-0,No Aplicable,+34 93 739 9445,No Aplicable,No Aplicable,Master,,,,,,,,,
IFF-QB00324,LAVANDER 479,Mezcla,ATENCION,01 800 002 1400,"H315, H317, H319, H361","P261, P280, P302 + P352, P305 + P351 + P338, P308 + P313, P333 + P313, P337 + P313",Master,X,,X,,,,,,
IFF-QB00251,LAVENDER MISTICA,Mezcla,ATENCION,01 800 002 1400,"H227, H315, H317, H319, H336","P210, P280, P302 + P352, P304 + P340 + P312, P305 + P351 + P338",Master,X,,,,,,,,
ASH-QB00084,LIFTYL,Mezcla ,No Aplicable,1-800-274-5263,No Aplicable,No Aplicable,Master,,,,,,,,,
IFF-QB00052,LOVE AND AFFECTION 2541,Mezcla,ATENCION,01 800 002 1400,"H317, H361","P261, P280, P302 + P352, P308 + P313, P333 + P313, ",Master,X,,X,,,,,,
ASH-QB00074,LUBRAGEL MARINE,Mezcla,No Aplicable,1-800-274-5263,No Aplicable,No Aplicable,Master,,,,,,,,,
ASH-QB00066,LUBRAGEL OIL FREE,Mezcla,ATENCION,1-800-274-5263,Provoca irritación ocular grave.,"Si se necesita consejo médica, tener a mano al envase o la etiqueta. Mantener fuera del alcance de los niños. Leer la etiqueta antes del uso. PREVENCIÓN: Lavarse la piel concienzudamente tras la manipulación. Llevar equipo de protección para los ojos/ la cara. INTERVENCIÓN: En caso de contacto con los ojos: Enjuagar con agua cuidadosamente durante varios minutos. Quitar las lentes de contacto cuando estén presentes y pueda hacerse con facilidad. Proseguir con el lavado. Si persiste la irritación ocular. Consultar a un médico.",Master,X,,,,,,,,
ASH-QB00022,LUBRAJEL 0IL S/P,Mezcla,No Aplicable,1-800-274-5263,No Aplicable,No Aplicable,Master,,,,,,,,,
ASH-QB00080,LUBRAJEL DV,Mezcla ,No Aplicable,1-800-274-5263,No Aplicable,No Aplicable,Master,,,,,,,,,
ASH-QB00067,LUBRAJEL NP,Mezcla,ATENCION,1-800-274-5263,H319,"P101, P102, P103, P264, P280, P305 + P351 + P338",Master,X,,,,,,,,
IFF-QB00202,LUXEL 149 MOD 20,Mezcla,ATENCION,01 800 002 1400,"H317, H361","P261, P280, P302 + P352, P308 + P313, P333 + P313, P501, P362 + P364",Master,X,,X,,,,,,
IFF-QB00056,MAGIC DELIGHT 759,Mezcla,ATENCION,01 800 002 1400,"H227, H315, H317, H319, H361","P210, P261, P280, P302 + P352, P305 + P351 + P338, P308 + P313, P333 + P313, P337 + P313, P370 + P378",Master,X,,X,,,,,,
IFF-QB00036,MANGOSTEEN MELODY,Mezcla,ATENCION,01 800 002 1400,"H227, H315, H317, H319, H361","P210, P261, P280, P302 + P352, P305 + P351 + P338, P308 + P313, P333 + P313, P337 + P313, P370 + P378",Master,X,,X,,,,,,
LUB-QB00043,MATRIFUSSE s/p,Mezcla,No aplicable,01 800 002 1400,No Aplicable,No aplicable,Master,,,,,,,,,
IFF-QB00254,MAX FLOWER 77 S/P,Mezcla,ATENCION,01 800 002 1400,"H227, H315, H317, H319, H361","P210, P280, P302 + P352, P305 + P351 + P338",Master,X,,X,,,,,,
IFF-QB00209,MAX FRESCURA 777,Mezcla,PELIGRO,01 800 002 1400,"H227, H304, H315, H317, H318, H361, H371","P210, P260, P280, P301 + P310, P302 + P352, P305 + P351 + P338 + P310,  P308 + P311, P308 + P313, P331, P333 + P313, P370 + P378",Master,X,X,X,,,,,,
VAR-QB00112,MENTA DE BRASIL S/P,68917-18-0,ATENCION,01 800 002 1400,"H227, H303, H315, H317, H411","P210, P261, P273, P280, P302+P352+P333+P313, P312, P370+P378, P391 ",Master,X,,,,,X,,,
LUB-QB00045,MERQUAT 550PR (POLIQUATERNIUM 7),Mezcla,No Aplicable,01 800 002 1400,No Aplicable,No Aplicable,Master,,,,,,,,,
VAR-QB00115,MIT QB (CONSERVADOR LIBRE DE FORMOL) S/P,MEZCLA,PELIGRO,01 800 002 1400,"H314, H317, H410","P273, P280, P303 + P361 + P353, P305 + P351 + P338, P333 + P313, P391",Master,X,X,,,,X,,,
ASH-QB00029,NATRIANCE BRIGHTENER S/P,Mezcla,No Aplicable,1-800-274-5263,No Aplicable,No Aplicable,Master,,,,,,,,,
ASH-QB00030,NATRIANCE SELF HYDRATE,Mezcla,No Aplicable,1-800-274-5263,No Aplicable,No Aplicable,Master,,,,,,,,,
ASH-QB00031,NATRIANCE WRINKLE LESS,Mezcla,No Aplicable,1-800-274-5263,No Aplicable,No Aplicable,Master,,,,,,,,,
ASH-QB00026,N-DURHANCE A1000,Mezcla,No Aplicable,1-800-274-5263,No Aplicable,No Aplicable,Master,,,,,,,,,
VAR-QB00119,NF-1000 QB,127087-87-0 / 9016-45-9,PELIGRO,01 800 002 1400,"H302 + H312, H318, H411","P264, P270, P273, P280, P301+P312, P302 + P352, P305 + P351 + P338, P301 + P330 + P331, P332 + P313, P337 + P313, P362 + P364, P391, P501",Master,X,X,,,,X,,,
ASH-QB00056,N-HANCE CCG 45,Mezcla,ATENCION,1-800-274-5263,H319,"P264, P280, P305 + P351 + P338",Master,X,,,,,,,,
ASH-QB00062,N-HANCE HP40,Mezcla,ATENCION,1-800-274-5263,Puede formar concentraciones de polvo combustible en el aire.,Puede formarse una mezcla de polvo y aire explosiva si se dispersa,Master,,,,,,,,,
ASH-QB00028,N-HANCE SP100, Mezcla,No Aplicable,1-800-274-5263,No Aplicable,No Aplicable,Master,,,,,,,,,
LUB-QB00048,NOVERITE 100,Mezcla,ATENCION,01 800 002 1400,"H316, H317, H412","P261, P272, P273, P280",Master,X,,,,,X,,,
LUB-QB00050,NOVETHIX HC200,No Aplicable,No Aplicable,01 800 002 1400,No Aplicable,No Aplicable,Master,,,,,,,,,
VAR-QB00125,OCTOPIROX S/P,68890-66-4,PELIGRO,01 800 002 1400,"H315, H318","P264, P280, P210, P233, P243, P302+P352, P305+P351+P338+P310",Master,,X,,,,,,,
ASH-QB00033,OPACIFICANTE A-430 (ANTARA 430 POLYMER),Mezcla,No Aplicable,1-800-274-5263,No Aplicable,No Aplicable,Master,,,,,,,,,
ASH-QB00034,OPTIPHEN,Mezcla,ATENCION,1-800-274-5263,"H303, H317, H319","P101, P102, P103, P261, P264, P272, P280, P302 + P352, P305 + P351 + P338, P312, P333 + P313, P362 + P364, P501",Master,X,,,,,,,,
ASH-QB00053,OPTIPHEN BSB-W,Mezcla,ATENCION,1-800-274-5263,"H303, H317, H319","P101, P102, P103, P261, P264, P272, P280, P302 + P352, P305 + P351 + P338, P312, P333 + P313, P362 + P364, P501",Master,X,,,,,,,,
ASH-QB00036,P.V.P.K 30,9003-39-8,No Aplicable,1-800-274-5263,No Aplicable,No Aplicable,Master,,,,,,,,,
IFF-QB00309,PALOMA BLANCA 98,Mezcla,ATENCION,01 800 002 1400,"H227, H304, H315, H317, H319, H361","P210, P280, P301 + P310, P302+ P352, P305 + P351 + P338,  P331",Master,X,,X,,,,,,
IFF-QB00156,PAMPERING TOUCH 927,Mezcla,ATENCION,01 800 002 1400,"H227, H315, H317, H319","P210, P280, P302 + P352, P305 + P351 + P338",Master,X,,,,,,,,
IFF-QB00259,PASION FLORAL 821,Mezcla,ATENCION,01 800 002 1400,"H315, H317, H319, H351, H361","P280,  P302 + P352,  P305 + P351 + P338 ",Master,X,,X,,,,,,
ASH-QB00082,PERFECTYL,Mezcla ,No Aplicable,1-800-274-5263,No Aplicable,No Aplicable,Master,,,,,,,,,
VAR-QB00127,PHANTENOL D,599-04-2,No Aplicable,01 800 002 1400,No Aplicable,No Aplicable,Master,,,,,,,,,
IFF-QB00010,PICCOLO 727,Mezcla,ATENCION,01 800 002 1400,"H315,H317,H319,H351,H361.","P261, P280, P302 + P352, P305 + P351 + P338, P308 + 313, P333 + P313, P337 + P313",Master,X,,X,,,,,,
IFF-QB00157,PINEAPPLE PARADISE,Mezcla,ATENCION,01 800 002 1400,"H227, H302, H317","P210, P280, P301 + P310, P302+ P352",Master,X,,,,,,,,
IFF-QB00105,PINK LADY 819,Mezcla,ATENCION,01 800 002 1400,"H227, H315, H317","P210, P261, P280, P302 + P352, P333 + P313, P370 + P378",Master,X,,,,,,,,
VAR-QB00177,PLANCHA FACIL MOD.1,Mezcla,No Aplicable,01 800 002 1400,No Aplicable,No Aplicable,Master,,,,,,,,,
KAO-QB00060,POIZ 535,Mezcla,No Aplicable,+34 93 739 9445,No Aplicable,No Aplicable,Master,,,,,,,,,
VAR-QB00191,POLYQUATERNIUM 10,81859-24-7,ATENCION,01 800 002 1400,H411,P273,Master,,,,,,X,,,
IFF-QB00231,POTPURRI FRUIT 755 S/P,Mezcla,ATENCION,01 800 002 1400,"H227, H315, H317, H351, H361","P210, P280, P302 + P352",Master,X,,X,,,,,,
VAR-QB00173,P-QUAT 37,Mezcla,No Aplicable,01 800 002 1400,No Aplicable,No Aplicable,Master,,,,,,,,,
IFF-QB00231,PRECIOUS CARE 828,Mezcla,ATENCION,01 800 002 1400,"H227, H315, H317, H319, H361","P210, P261, P280, P302 + P352, P305 + P351 + P338, P308 + P313, P333 + P313, P337 + P313, P370 + P378",Master,X,,X,,,,,,
ASH-QB00037,PROLIPID 151 S/P,Mezcla,ATENCION,1-800-274-5263,H319,"P264, P280, P305 + P351 + P338",Master,X,,,,,,,,
ASH-QB00038,PROTECTAGEN S/P,Mezcla,No Aplicable,1-800-274-5263,No Aplicable,No Aplicable,Master,,,,,,,,,
VAR-QB00131,PULIMENTO S-N82 S/P,1020665- 14- 8,No Aplicable,01 800 002 1400,No Aplicable,No Aplicable,Master,,,,,,,,,
VAR-QB00132,PULIMENTO S-N85 s/p,1020665-14-8,No Aplicable,01 800 002 1400,No Aplicable,No Aplicable,Master,,,,,,,,,
IFF-QB00058,PURPLE MYSTERY,Mezcla,ATENCION,01 800 002 1400,"H227, H317, H361","P210, P261, P280, P302 + P352, P308 + P313, P333 + P313, P370 + P378",Master,X,,X,,,,,,
ASH-QB00039,PVP K90 S/P,9003-39-8,No Aplicable,1-800-274-5263,No Aplicable,No Aplicable,Master,,,,,,,,,
ASH-QB00040,PVP/VA S-630 S/P,25086-89-9,No Aplicable,1-800-274-5263,No Aplicable,No Aplicable,Master,,,,,,,,,
KAO-QB00063,QUARTAMIN 60 S/P (TOTE),Mezcla,PELIGRO,+34 93 739 9445," Provoca irritación cutánea.
Provoca lesiones oculares graves.
Muy tóxico para los organismos acuáticos, con efectos nocivos duraderos.","PREVENCION:  Llevar guantes de protección: > 8 horas (tiempo de detección): goma de butilo, neopreno. Llevar gafas o máscara de protección: Recomendado: gafas anti_x0002_salpicaduras. Evitar su liberación al medio ambiente. Lavarse concienzudamente tras 
la manipulación. RESPUESTA: Recoger el vertido. Quitar las prendas contaminadas y lavarlas antes de volver a usarlas. EN CASO DE CONTACTO CON LA PIEL: Lavar con abundante agua. En 
caso de irritación cutánea: Consultar a un médico. EN CASO DE CONTACTO CON 
LOS OJOS: Aclarar cuidadosamente con agua durante varios minutos. Quitar las lentes de contacto, si lleva y resulta fácil. Seguir aclarando. Llamar inmediatamente a un CENTRO DE INFORMACION TOXICOLOGICA o a un médico. ELIMINACION:  Eliminar el contenido y el recipiente de acuerdo con las normativas locales, regionales,
nacionales e internacionales.",Master,,X,,,,X,,,
KAO-QB00065,QUARTAMIN AB,Mezcla,PELIGRO,+34 93 739 9445," Provoca irritación cutánea.
Provoca lesiones oculares graves.
Puede provocar daños en los órganos tras exposiciones prolongadas o repetidas. (tracto gastrointestinal)
Muy tóxico para los organismos acuáticos.
Tóxico para los organismos acuáticos, con efectos nocivos duraderos","PREVENCION: Llevar guantes de protección: > 8 horas (tiempo de detección): caucho nitrílico. Llevar gafas o máscara de protección: Recomendado: gafas anti-salpicaduras , gafas de seguridad con protección lateral. Evitar su liberación al medio ambiente. No respirar el polvo. Lavarse concienzudamente tras la manipulación. RESPUESTA: Recoger el vertido.Consultar a un médico en caso de malestar. Quitar las prendas contaminadas y lavarlas antes de volver a usarlas. EN CASO DE CONTACTO CON LA PIEL: Lavar con abundante agua. En caso de irritación cutánea: Consultar a un médico.EN CASO DE CONTACTO CON LOS OJOS: Aclarar cuidadosamente con agua durante varios minutos. Quitar las lentes de contacto, si lleva y resulta fácil. Seguir aclarando.Llamar inmediatamente a un CENTRO DE INFORMACION TOXICOLOGICA o a un médico. ELIMINACION: Eliminar el contenido y el recipiente de acuerdo con las normativas locales, regionales, nacionales e internacionales.",Master,,X,X,,,X,,,
KAO-QB00066,QUARTAMIN B18,No Aplica,PELIGRO,+34 93 739 9445,"H226, H302, H312, H314, H318","PREVENCIÓN: Llevar guantes de protección: > 8 horas (tiempo de detección): goma de butilo. Llevar gafas o máscara de protección: Recomendado: gafas anti-salpicaduras , máscara. Llevar prendas de protección: Recomendado: traje protector resistente a los químicos.Mantener alejado del calor, de superficies calientes, de chispas, de llamas abiertas y de cualquier otra fuente de ignición. No fumar. Utilizar un material eléctrico, de ventilación,de iluminación y todos los equipos de manipulación de materiales antideflagrantes.Utilizar únicamente herramientas que no produzcan chispas. Tomar medidas de precaución contra descargas electrostáticas. Mantener el recipiente herméticamente cerrado. No comer, beber ni fumar durante su utilización. Lavarse las manos concienzudamente tras la manipulación. RESPUESTA: EN CASO DE INHALACIÓN: Transportar a la persona al aire libre y mantenerla en una posición que le facilite la respiración. Llamar inmediatamente a un centro de información toxicológica o a un médico. EN CASO DE INGESTIÓN: Llamar inmediatamente a un centro de información toxicológica o a un médico. Enjuagarse la boca. NO provocar el vómito. EN CASO DE CONTACTO CON LA PIEL (o el pelo): Quitar inmediatamente todas las prendas contaminadas. Aclararse la piel con agua o ducharse. Lavar las prendas contaminadas antes de volver a usarlas. Llamar inmediatamente a un centro de información toxicológica o a un médico. EN CASO DE CONTACTO CON LA PIEL: Lavar con agua y jabón abundantes. Llamar a un centro de información toxicológica o a un médico en caso de malestar. Quitar las prendas contaminadas y lavarlas antes de volver a usarlas. EN CASO DE CONTACTO CON LOS OJOS: Aclarar cuidadosamente con agua durante varios minutos. Quitar las lentes de contacto, si lleva y resulta fácil. Seguir aclarando. Llamar inmediatamente a un centro de información toxicológica o a un médico. ALMACENAMIENTO: Guardar cerrado. Almacenar en un lugar ventilado. Mantener en un lugar fresco. ELIMINACIÓN: Eliminar el contenido y el recipiente de acuerdo con las normativas locales, regionales, nacionales e internacionales.",Master,X,X,,,X,,,,
KAO-QB00067,QUARTAMIN D081 S/P,Mezcla,PELIGRO,+34 93 739 9445,"H226, H302, H312, H314, H318, H400","PREVENCIÓN: Llevar guantes de protección: > 8 horas (tiempo de detección): goma de butilo. Llevar gafas o máscara de protección: Recomendado: gafas anti-salpicaduras , máscara. Llevar prendas de protección: Recomendado: traje protector resistente a los químicos.Mantener alejado del calor, de superficies calientes, de chispas, de llamas abiertas y de cualquier otra fuente de ignición. No fumar. Utilizar un material eléctrico, de ventilación,de iluminación y todos los equipos de manipulación de materiales antideflagrantes.Utilizar únicamente herramientas que no produzcan chispas. Tomar medidas de precaución contra descargas electrostáticas. Mantener el recipiente herméticamente cerrado. No comer, beber ni fumar durante su utilización. Lavarse las manos concienzudamente tras la manipulación. RESPUESTA: EN CASO DE INHALACIÓN: Transportar a la persona al aire libre y mantenerla en una posición que le facilite la respiración. Llamar inmediatamente a un centro de información toxicológica o a un médico. EN CASO DE INGESTIÓN: Llamar inmediatamente a un centro de información toxicológica o a un médico. Enjuagarse la boca. NO provocar el vómito. EN CASO DE CONTACTO CON LA PIEL (o el pelo): Quitar inmediatamente todas las prendas contaminadas. Aclararse la piel con agua o ducharse. Lavar las prendas contaminadas antes de volver a usarlas. Llamar inmediatamente a un centro de información toxicológica o a un médico. EN CASO DE CONTACTO CON LA PIEL: Lavar con agua y jabón abundantes. Llamar a un centro de información toxicológica o a un médico en caso de malestar. Quitar las prendas contaminadas y lavarlas antes de volver a usarlas. EN CASO DE CONTACTO CON LOS OJOS: Aclarar cuidadosamente con agua durante varios minutos. Quitar las lentes de contacto, si lleva y resulta fácil. Seguir aclarando. Llamar inmediatamente a un centro de información toxicológica o a un médico. ALMACENAMIENTO: Guardar cerrado. Almacenar en un lugar ventilado. Mantener en un lugar fresco. ELIMINACIÓN: Eliminar el contenido y el recipiente de acuerdo con las normativas locales, regionales, nacionales e internacionales.",Master,X,X,,,X,X,,,
IFF-QB00158,QUIM 1300 PASION FRUIT,Mezcla,ATENCION,01 800 002 1400,"H227, H315, H317, H361","P210, P261, P280, P302 + P352, P308 + P313, P333 + P313, P370 + P378 ",Master,X,,X,,,,,,
IFF-QB00261,QUIM BLUE 629,Mezcla,ATENCION,01 800 002 1400,"H227, H303, H315, H317, H319, H361, H411","P201,P202,P261,P264,P272,P273,P280,P302,P305+P351+P338, P308+P3013, P333+P303, P337 + P313, P362 + P364, P391, P405, P501",Master,X,,X,,,X,,,
IFF-QB00262,QUIM HIDRA 759,Mezcla,ATENCION,01 800 002 1400,"H227, H315, H317, H319, H361","P210, P280, P302 + P352, P305 + P351 + P338",Master,X,,X,,,,,,
IFF-QB00263,QUIM SH MOD,Mezcla,PELIGRO,01 800 002 1400,"H227, H303, H304, H315, H317, H319, H361, H400, H361","P201, P202, P210, P261, P264, ,, P280, P301 + P310, P302 + P352, P305 + P351 + P338, P312, P331, P333 + P313, P337 + P313, , P370 + P378, P391, P403 + P235, P405, P501",Master,g,1,h,1,,,,,
ASH-QB00041,RAPITIX A-100 S/P,Mezcla,No Aplicable,1-800-274-5263,No Aplicable,No Aplicable,Master,,,,,,,,,
VAR-QB00133,REPELENTE PARA INSECTOS,52304-36-6,ATENCION,01 800 002 1400,H319,P305 + P351 + P338,Master,X,,,,,,,,
VAR-QB00192,RESINA SUPER STYLE 30H,25035-69-2,No Aplicable,01 800 002 1400,No Aplicable,No Aplicable,Master,,,,,,,,,
IFF-QB00264,REVIVAL 006 A NATTURA,MEZCLA,ATENCION,01 800 002 1400,"H227, H303, H315, H317, H319, H361","P210, P261, P280, P302 + P352, P305 + P351 + P338, P308 + P313,  P333 + P313, P337 + P313 , P370 + P378",Master,x,,x,,,,,,
IFF-QB00321,RIVOLI 912 M2,Mezcla,ATENCION,01 800 002 1400,"H317, H319, H351, H361","P261, P280, P302 + P352, P305 + P351 + P338, P308 + P313, P333 + P313, P337 + P313",Master,X,,X,,,,,,
ASH-QB00079,ROSALISS,Mezcla,No Aplicable,1-800-274-5263,No Aplicable,No Aplicable,Master,,,,,,,,,
IFF-QB00106,SANDALWOOD 019,Mezcla,ATENCION,01 800 002 1400,"H317, H319, H361","P261, P280, P302 + P352, P305 + P351 + P338, P308 + P313, P333 + P313, P337 + P313",Master,X,,X,,,,,,
LUB-QB00058,SCHERCEMOL 318 S/P,68171-33-5,No Aplicable,01 800 002 1400,No Aplicable,No Aplicable,Master,,,,,,,,,
LUB-QB00060,SCHERCEMOL IDO,59231-34-4,No Aplicable,01 800 002 1400,No Aplicable,No Aplicable,Master,,,,,,,,,
IFF-QB00032,SEA FRESH 820 MARINE 667-W,Mezcla,ATENCION,01 800 002 1400,"H227, H315, H317, H361","P210, P261, P280, P302 + P352,  P305 + P351 + P338, P308 + P313, P333 + P313, P370 + P378",Master,X,,X,,,,,,
IFF-QB00163,SENSE OF NATURE,Mezcla,ATENCION,01 800 002 1400,"H315, H317, H319, H361","P261, P280, P302 + P352, P305 + P351 + P338, P308 + P313,  P333 + P313, P337 + P313",Master,X,,X,,,,,,
ASH-QB00075,SENSIDIN PURE,Mezcla,ATENCION,1-800-274-5263,"H303, H317, H319","P101, P102, P103, P264, P280, P302 + P352, P305 + P351 + P338, P312, P333 + P313, P362 + P364",Master,X,,,,,,,,
ASH-QB00068,SENSIVA SC 83,Mezcla,ATENCION,1-800-274-5263,H319,"P264, P280, P305 + P351 + P338",Master,X,,,,,,,,
LUB-QB00064,SENSOMER 10M POLYQUATERNIUM 10,No Aplicable,ATENCION,01 800 002 1400,"H315, H319","P264, P280, P305 + P351 + P338, P337+P313, P302+P352, P332+P313, P321, P362",Master,X,,,,,,,,
IFF-QB00107,SENSUAL BREEZE 873,Mezcla,ATENCION,01 800 002 1400,"H227, H315, H317, H319, H361","P210, P280, P302 + P352, P305 + P351 + P338",Master,X,,X,,,,,,
IFF-QB00033,SER 1002 PINO,Mezcla,PELIGRO,01 800 002 1400,"H226, H304, H315, H317, H319, H361","P210, P261, P280, P301 + P310, P302 + P352, P305 + P351 + P338, P308 + P313, P331, P333 + P313, P337 + P313, P370 + P378",Master,X,,X,,X,,,,
IFF-QB00302,SER 1011 LAVANDA,Mezcla,-,-,-,-,Master,1,1,1,1,,,,,
IFF-QB00164,SER 1013 (SHAMPOO FLORAL FRUTAL),Mezcla,PELIGRO,01 800 002 1400,"H227, H304, H315, H317, H319, H361","P210, P261, P280, P301 + P310, P302 + P352,  P305 + P351 + P338, P308 + P313, P331,  P333 + P313, P337 + P313, P370 + P378",Master,X,,X,,,,,,
IFF-QB00269,SER 1050 NSUENO,Mezcla,ATENCION,01 800 002 1400,"H227, H303, H315, H317, H319, H361, H411","P201, P202, P210, P261, P264, ,, P280, P301 + P310, P302 + P352, P305 + P351 + P338, P312, P331, P333 + P313, P337 + P313, , P370 + P378, P391, P403 + P235, P405, P501",Master,X,,X,,,X,,,
IFF-QB00214,SER 1054 DETERG. LIQ.,Mezcla,PELIGRO,01 800 002 1400,"H227, H315, H317, H318, H411","P210, P261, P264, P280, P302 + P352, P305 + P354 + P338 + P317, P333 + P317, P370 + P378, P391",Master,X,X,,,,X,,,
IFF-QB00190,SMT 1047 MOD (KENZO FLOWER),Mezcla,ATENCION,01 800 002 1400,"H317, H361","P261, P280, P302 + P352, P308 + P313, P333 + P313, P362 + P364",Master,X,,X,,,,,,
IFF-QB00034,SO FRESH,Mezcla,ATENCION,01 800 002 1400,"H227, H315, H317, H319, H351, H361, H373","P210, P260, P280, P302 + P352, P305 + P351 + P338, P314",Master,X,,X,,,,,,
IFF-QB00272,SOFT BLUE M 68,-,-,-,-,-,Master,1,1,1,1,,,,,
IFF-QB00199,SOFTENER ELEGANT 957 MOD,Mezcla,ATENCION,01 800 002 1400," H315, H317, H319, H361","P261, P280, P302 + P352, P305 + P351 + P338, P308 + P313, P333 + P313,  P337 + P313",Master,X,,X,,,,,,
VAR-QB00166,SORBATO DE POTASIO S/P,24634-61-5,ATENCION,01 800 002 1400,H319,"P264, P280, P305+P351+P338, P337+P313",Master,X,,,,,,,,
ASH-QB00044,SOREZ H5205,Mezcla,No Aplicable,1-800-274-5263,No Aplicable,No Aplicable,Master,,,,,,,,,
IFF-QB00193,SOY TU HOMBRE 070,Mezcla,ATENCION,01 800 002 1400,"H227, H315, H317, H361","P210, P261, P280, P302 + P352,  P308 + P313,  P333 + P313, P370 + P378",Master,X,,X,,,,,,
IFF-QB00108,SPICY AMBER 973,Mezcla,ATENCION,01 800 002 1400,"H317, H319","P261, P280, P302 + P352, P305 + P351 + P338, P333 + P313, P337 + P313",Master,X,,,,,,,,
IFF-QB00109,SPICY LOVE 456,Mezcla,ATENCION,01 800 002 1400,"H227, H315, H317, H319, H411","P210, P261, P264, P272, P273, P302 + P352, P305 + P351 + P338, P333 + P313, P337 + P313, P370 + P378, P391, P403 + P235, P501",Master,X,,,,,X,,,
IFF-QB00194,SPORTIVO 971,Mezcla,ATENCION,01 800 002 1400,"H227, H315, H317, H319, H361","P210, P280, P302 + P352, P305 + P351 + P338",Master,X,,X,,,,,,
ASH-QB00063,STYLEZE CC-10,Mezcla ,No Aplicable,1-800-274-5263,No Aplicable,No Aplicable,Master,,,,,,,,,
ASH-QB00086,STYLEZE ES-FORZA,Mezcla,No Aplicable,1-800-274-5263,No Aplicable,No Aplicable,Master,,,,,,,,,
ASH-QB00073,STYLIZE W-17,Mezcla ,No Aplicable,1-800-274-5263,No Aplicable,No Aplicable,Master,,,,,,,,,
IFF-QB00276,SUAVIAZUL M 75,Mezcla,ATENCION,01 800 002 1400,"H227, H303, H315, H317, H319, H361, H411","P201, P202, P210, P261, P264, P272, P273, P302 + P352, P305 + P351 + P338, P312, P337 + P313, P362 + P364, P370 + P378, P391, P403 + P235, P405, P501",Master,X,,X,,,X,,,
LUB-QB00069,SULFOCHEM TD3 S/P,Mezcla,ATENCION,01 800 002 1400,"H315, H319","P264, P280, P305 + P351 + P338, P337 + P313, P302 + P352, P332 + P313, P321, P362",Master,X,X,,,,,,,
IFF-QB00070,SUNSENSATION,Mezcla,ATENCION,01 800 002 1400,"H227, H315, H317, H319, , H351, H361","P210, P261, P280, P302 + P352,P305 + P351 + P338, P308 + P313,  P333 + P313, P337 + P313, P370 + P378",Master,X,,X,,,,,,
VAR-QB00137,SUPERHUMECTANTE S/P,308073-86-8 ,No Aplicable,01 800 002 1400,No Aplicable,No Aplicable,Master,,,,,,,,,
ASH-QB00047,SURFADONE LP100,2687-94-7,PELIGRO,1-800-274-5263,"H303 + P313, P314","P264, P280, P301 + P330 + P331, P303 + P361 + P353, P304 + P340 + P310, P305 + P351 + P338 + P310, P312, P363, P405, P501",Master,,X,,,,,,,
VAR-QB00138,SURFAGEL ES QB,9005-08-7,ATENCION,01 800 002 1400,"H303 + H333, H317, H320","P264, P273, P280, P303 + P361 + P353, P305 + P351 + P338, P314, P403 + P233",Master,X,,,,,,,,
ASH-QB00048,SUTTOCIDE-A,Mezcla,PELIGRO,1-800-274-5263,"H302, H3013 + H333, H315, H317, H319, H335, H341, H350","P101, P202, P261, P264, P270, P271, P272, P280, P301 + P312 + P330, P302 + P352, P304 + P340 + P312,  P305 + P351 + P338, P312, P333 + P313, P362 + P364, P403 + P233, P405, P501",Master,X,,X,,,,,,
IFF-QB00115,SWEET POWDER 361,Mezcla,PELIGRO,01 800 002 1400,"H226, H304, H315, H317, H319, H411","P210, P233, P240, P241, P242, P243, P261, P264, ,, P280, P301 + P310, P303 + P361 + P353, P305 + P351 + P338, P331, P333 + P313, P337 + P313, , P370 + P378, P391, P403 + P235, P405, P501",Master,X,,X,,X,X,,,
IFF-QB00116,TE VERDE MENTA SMT 1039,Mezcla,ATENCION,01 800 002 1400,"H227, H317, H319, H361","P210, P261, P280, P302+P352, P305 + P531 + P338, P308 + P313, P333 + P313, P337 + P313, P370 + P378",Master,X,,X,,,,,,
KAO-QB00070,TETRANYL AT7590 s/p,Mezcla,ATENCION,+34 93 739 9445,"Líquidos y vapores inflamables. Nocivo para los organismos acuáticos, con efectos nocivos duraderos.","P280, P210, P241, P242, P243, P233, P273, P303 + P361 + P353, P403 + P235, P501",Master,,,,,X,,,,
KAO-QB00076,TETRANYL BC80E S/P,MEZCLA,PELIGRO,+34 93 739 9445,"H226, H302, H312, H314, H318","P280, P210, P241, P242, P243, P233, P270, P264, P304 + P340, P310, P301 + P310, P330, P331, P303 + P361 + P353, P310, P363, P302 + P312, P352, P305 + P351 + P338, P405, P403 + P235, P501",Master,X,X,,,X,,,,
KAO-QB00078,TETRANYL BC-80T,"61789-71-7, 64-17-5",PELIGRO,+34 93 739 9445,"H226, H302 + H312, H314","P280, P210, P270, P264, P304 + P340, P310, P301 + P310, P330, P331, P303 + P361 + P353, P363, P305 + P351 + P338, P405, P501",Master,X,X,,,X,,,,
KAO-QB00079,TETRANYL L17-90E,Mezcla,ATENCION,+34 93 739 9445,"H226, H315, H319, H412","PREVENCION: Llevar guantes de protección: > 8 horas (tiempo de detección): goma de butilo,neopreno. Llevar prendas de protección: Recomendado: traje de protección desechable.Llevar gafas o máscara de protección: Recomendado: Gafas anti-salpicaduras..Mantener alejado del calor, de superficies calientes, de chispas, de llamas abiertas y de cualquier otra fuente de ignición. No fumar. Utilizar un material eléctrico, de ventilación o de iluminación a prueba de explosiones. No utilizar herramientas que produzcan chispas. Tomar medidas de precaución contra las descargas electrostáticas. Mantener el recipiente herméticamente cerrado. Evitar su liberación al medio ambiente. Lavarse concienzudamente tras la manipulación. RESPUESTA: EN CASO DE CONTACTO CON LA PIEL (o el pelo): Quitar inmediatamente todas las prendas contaminadas. Enjuagar la piel con agua. EN CASO DE CONTACTO CON LA PIEL: Lavar con abundante agua. En caso de irritación cutánea: Consultar a un médico. EN CASO DE CONTACTO CON LOS OJOS: Aclarar cuidadosamente con agua durante varios minutos. Quitar las lentes de contacto, si lleva y resulta fácil. Seguir aclarando. Si persiste la irritación ocular: Consultar a un médico. ALMACENAMIENTO:  Almacenar en un lugar bien ventilado. Mantener en lugar fresco. ELIMINACION: Eliminar el contenido y el recipiente de acuerdo con las normativas locales, regionales, nacionales e internacionales.",Master,X,X,,,,,,,
IFF-QB00195,TH NINA 245,Mezcla,PELIGRO,01 800 002 1400,"H315, H317, H318","P280, P302 + P352, P305 + P351 + P338",Master,X,X,,,,,,,
IFF-QB00117,TROPIC ICE M1210,Mezcla,ATENCION,01 800 002 1400,"H317, H361","P261, P280, P302 + P352, P308 + P313, P333 + P313, P362 + P364",Master,X,,X,,,,,,
VAR-QB00145,TWEEN 80 S/p,9005-65-6,No Aplicable,01 800 002 1400,No Aplicable,No Aplicable,Master,,,,,,,,,
IFF-QB00119,UVA AIR 814,Mezcla,-,-,-,-,Master,1,1,1,1,,,,,
IFF-QB00284,VCA FIESTA 4325,Mezcla,PELIGRO,01 800 002 1400,"H227, H304, H315, H317, H319, H411","P210, P261, P264, P272, P273, P280, P302 + P352, P305 + P351 + P338, P331, P333 + P313, P337 + P313, P370 + P378, P391, P403 + P235, P405, P501",Master,X,,X,,,X,,,
IFF-QB00120,VELAQUIM 4 CANELA FV,Mezcla,ATENCION,01 800 002 1400,"H227, H317, H319, H361","P210, P261, P280, P302 + P352, P305 + P351 + P338, P308 + P313, P333 + P313,  P337 + P313, P370 + P378",Master,X,,X,,,,,,
VAR-QB00179,VISCOSOL QB280,Mezcla,No Aplicable,01 800 002 1400,No Aplicable,No Aplicable,Master,,,,,,,,,
ASH-QB00050,VITAL ET S/P,Mezcla,ATENCION,1-800-274-5263,H303 + P313,P312,Master,X,,,,,,,,
ASH-QB00051,VITS PRIMASPONGES BLUE SS MICROESFERA,57455-37-5,No Aplicable,01 800 002 1400,No Aplicable,No Aplicable,Master,,,,,,,,,
VAR-QB00149,V-TONIC S/P,"90063-97-1, 84929-31-7, 84696-07-1, 91722-69-9, 89997-74-0
",PELIGRO,01 800 002 1400,"H304, H315, H319, H411","P264, P280, P301+P310+P331, P321, P337+P313, P391",Master,X,X,,,,X,,,
IFF-QB00288,WAIKIKI 204,Mezcla,ATENCION,01 800 002 1400,"H302, H317","P280, P301 + P310, P302 + P352",Master,X,,,,,,,,
IFF-QB00172,WASH OUT 560 S/P,Mezcla,ATENCION,01 800 002 1400,"H227, H315, H317, H319, H361","P210, P280, P302 + P352",Master,X,,X,,,,,,
IFF-QB00121,WATERY TIMBRE 939,Mezcla,ATENCION,01 800 002 1400,"H227, H315, H317, H351","P210, P280, P302 + P352",Master,X,,X,,,,,,
IFF-QB00291,WILD CITRONELLA 815,Mezcla,ATENCION,01 800 002 1400,"H317, H319","P261, P280, P302 + P352, P305 + P351 + P338, P333 + P313, P337 + P313",Master,X,,,,,,,,
IFF-QB00069,WONDERFUL LADY 195,Mezcla,ATENCION,01 800 002 1400,"H315, H317, H319, H361","P280, P302 + P352, P305 + P351 + P338",Master,X,,X,,,,,,
ASH-QB00052,X TEND 226 S/P,94-47-3,ATENCION,1-800-274-5263,H303,P312,Master,X,,,,,,,,
IFF-QB00007,DSM 1024 LAVANDA,Mezcla,ATENCION,1 800 002 1400,"H227, H315, H317,
H319, H411
","P210, P261, P264, P272, P273, P280, P302 + P352, P305 + P351 + P338, P333 + P313, P337 + P313, P362 + P364, P370 + P378, P391, P403 + P235, P501

",Warehouse1,X,,,,,X,,,
IFF-QB00133,CITRUS SPLASH 690 ,Mezcla,ATENCION,1 800 002 1400,"H315, H317, H319, H411","P261, P264, P272, P273, P280, P302+P352, P305+P351+P338, P333+P313, P337+P313, P362+P364, P391, P501",Warehouse1,X,,,,,X,,,
IFF-QB00008,DSM 1034 MAR FRESCO,Mezcla,ATENCION,1 800 002 1400,"H227, H303, H315,
H317, H319, H400,
H411","P210, P261, P264, P272, P273, P280, P302 + P352, P305 + P351 + P338, P312, P333 + P313, P337 + P313 P362 + P364, P370 + P378, P391 P403 + P235, P501",Warehouse1,X,,,,,X,,,
IFF-QB00009,DSM 1068 (EUCALIPTO),Mezcla,PELIGRO,1 800 002 1400,"H226, H302, H304,
H315, H317, H319,
H371, H410","P210, P233, P240, P241, P242, P243, P260, P264, P270, P272, P273, P280, P301 + P310, P303 + P361 + P353,  P305 + P351 + P338, P308 + P311, P331, P333 + P313,  337 + P313, P362 + P364, P370 + P378, P391, P403 + P235, P405, P501",Warehouse1,X,,X,,X,X,,,
,DSM 1023 LIMON,Mezcla, - , - , - , - ,Warehouse1,,,,,,,,,
IFF-QB00044,DSM 1007 TERSO BEBE,Mezcla,ATENCION,1 800 002 1400,"H316, H317, H411","P261, P272, P273, P280, P302 + P352, P333 + P313, P362 + P364, P391, P501",Warehouse1,X,,,,,X,,,
IFF-QB00045,DSM 1020 EXIT PRADE ,Mezcla,ATENCION,1 800 002 1400,"H227, H315, H317, H319, H411.","P210, P261, P264, P272, P273, P280, P302+P252, P305+P351+P338, P333+P313, P362+P364, P370+P378, P391, P403+P235, P501.",Warehouse1,X,,,,,X,,,
,MAGIC SUN,Mezcla, - , - , - , - ,Warehouse1,,,,,,,,,
IFF-QB00201,LITTLE BABY CAP 420,Mezcla,ATENCION,1 800 002 1400,"H315, H317, H319, H411","P261, P264, P272, P273, P280, P302 + P352, P305 + P351 + P338, P333 + P313,   337 + P313,  P362 + P364, P391,  P501",Warehouse1,X,,,,,X,,,
IFF-QB00040,CATERPILLAR 054,Mezcla,ATENCION,1 800 002 1400,"H227, H315, H317 H361, H410","P201, P202, P210, P261, P264, P272, P273, P280, P302 + P352, P308 + P313, P333 + P313, P362 + P364, P370 + P378, P391, P403 + P235, P405, P501",Warehouse1,X,,X,,,,,,
IFF-QB00055,HAPPY 360,Mezcla,ATENCION,1 800 002 1400,"H315, H317, H410","P261, P264, P272, P273, P280, P302 + P352, P333 + P313, P362 + P364, P391, P501",Warehouse1,X,,,,,X,,,
IFF-QB00038,BLUE SKY 270,Mezcla,ATENCION,1 800 002 1400,"H227, H303, H 315, H317, H319, H361, H411, ","P201, P202, P210, P261, P264, P272, P273, P280, P302 + P352, P305 + P351 + P338, P312, P333 + P313, P337 + P313, P362 + P364, P370 + P378, P391, P403 + P235, P405, P501",Warehouse1,X,,X,,,X,,,
,DSM 1017 (CARRO NUEVO) ,Mezcla, - , - , - , - ,Warehouse1,,X,X,,,X,,,
,DSM 1039 MENTA ,Mezcla, - , - , - , - ,Warehouse1,,,,,,,,,
IFF-QB00073,BAMBOO BOO 664,Mezcla,PELIGRO,1 800 002 1400,"H227, H303, H304, H315, H317, H319,  H361, H400, H411","P201, P202, P210, P261, P264, P272, P273, P280, P301 + P310, P302 + P352, P305 + P351 + P338, P312, P331, P333 + P313, P337 + P313, P362 + P364, P370 + P378, 391, P403 + P235, P405, P501",Warehouse1,X,,X,,,X,,,
,DSM 1037 (PALMOLIVE),Mezcla, - , - , - , - ,Warehouse1,,,,,,,,,
IFF-QB00207,DSM 1063 (ACE),Mezcla,ATENCION,1 800 002 1400,"H315, H317, H319, H361, H410
","P201, P202, P261, P264, P272, P273, P280, P302 + P352, P305 + P351 + P338, P308 + P313 P333 + P313, P337 + P313 P362 + P364, P391, P405, P501",Warehouse1,X,,X,,,X,,,
IFF-QB00290,DSM 1082 FAB PASION FRUTAL,Mezcla,ATENCION,1 800 002 1400,"H316, H317, H411","P261, P272, P273, P280 P302 + P352, P333 + P313 P362 + P364, P391, P501",Warehouse1,X,,,,,X,,,
IFF-QB00173,FF-SMT 1023 MEN,Mezcla,ATENCION,1 800 002 1400,"H227, H315, H317, H319, H361, H411","P201, P202, P210, P261, P264, P272, P273, P280, P302 + P352, P305 + P351 + P338, P333 + P313, P337 + P313, P362 + P364, P370 + P378, P391, P403 + P235, P501",Warehouse1,X,,X,,,X,,,
,SUSPIRO 991 ,Mezcla, - , - , - , - ,Warehouse1,,,,,,,,,
IFF-QB00182,CALVAN 1-150 ,Mezcla,PELIGRO,1 800 002 1400,"H227, H304, H315, H317, H411","P210, P261, P264, P272, P273, P280, P301 + P310, P302 + P352, P331, P333 + P313,  P362 + P364, P370 + P378, P391, P403 + P235, P405, P501
",Warehouse1,X,,X,,,X,,,
IFF-QB00180,BOSS 3023 (ACQUA DI GIO) ,Mezcla, - , - , - , - ,Warehouse1,,,,,,,,,
IFF-QB00189,FF SMT 1059 KA,Mezcla,ATENCION,1 800 002 1400,"H315, H317, H319,  H361, H410","P201, P202, P261, P264, P272, P273, P280, P302 + P352, P305 + P351 + P338, P308 + P313, P333 + P313, P337 + P313, P362 + P364, P391, P405, P501",Warehouse1,X,,X,,,X,,,
IFF-QB00185,FF SMT1055 DEUPHORIA BLOSS,Mezcla,ATENCION,1 800 002 1400,"H316, H317, H319, H411","P261, P264, P272, P273, P280, P302 + P352, P305 + P351 + P338, P333 + P313, P337 + P313, P362 + P364, P391, P501",Warehouse1,X,,,,,X,,,
IFF-QB00190,FF SMT 1047 DKENZO F.,Mezcla,ATENCION,1 800 002 1400,"H316, H317, H410","P261, P272, P273, P280, P302 + P352, P333 + P313, P362 + P364, P391, P501",Warehouse1,X,,,,,X,,,
IFF-QB00175,DAMOR DAMOR FFSMT1057,Mezcla,ATENCION,1 800 002 1400,"H315, H317, H411","P261, P264, P272, P273, P280, P302 + P352, P333 + P313, P362 + P364, P391, P501",Warehouse1,X,,,,,X,,,
,COOL WATER FFSMT1034 ,Mezcla, - , - , - , - ,Warehouse1,,,,,,,,,
IFF-QB00192,FFSMT1052  DPACIFIC P.,Mezcla,ATENCION,1 800 002 1400,"H227, H315, H317,
H361, H411","P201, P202, P210, P261, P264, P272, P273, P280, P302 + P352, P308 + P313, P333 + P313, P362 + P364, P370 + P378, P391, P403 + P235, P405, P501",Warehouse1,X,,X,,,X,,,
IFF-QB00184,CIC 0441 HB,Mezcla,ATENCION,1 800 002 1400,"H227, H315, H317,
H319, H411","P210, P261, P264, P272, P273, P280, P302 + P352, P305 + P351 + P338, P333 + P313, P337 + P313, P362 + P364, P370 + P378, P391, P403 + P235, P501",Warehouse1,X,,,,,X,,,
,COM 2047 CAROLINA HERRERA MUJER ,Mezcla, - , - , - , - ,Warehouse1,,,,,,,,,
IFF-QB00177,FF SMT 1028 HARMANY,Mezcla,ATENCION,1 800 002 1400,"H227, H315, H317,
H319, H411","P210, P261, P264, P272, P273, P280, P302 + P352, P305 + P351 + P338, P333 + P313, P337 + P313, P362 + P364, P370 + P378, P391, P403 + P235, P501",Warehouse1,X,,,,,X,,,
,L`EAU PAR KENZO FFSMT1018 ,Mezcla, - , - , - , - ,Warehouse1,,,,,,,,,
,HUGO BOSS DAMA,Mezcla, - , - , - , - ,Warehouse1,,,,,,,,,
,AMARIGE DAMA,Mezcla, - , - , - , - ,Warehouse1,,,,,,,,,
,CK ONE DAMA,Mezcla, - , - , - , - ,Warehouse1,,,,,,,,,
IFF-QB00194,SPORTIVO 971 ,Mezcla, - , - , - , - ,Warehouse1,,,,,,,,,
IFF-QB00191,MEN 500,Mezcla, - , - , - , - ,Warehouse1,,,,,,,,,
IFF-QB00186,FITNESS 248,Mezcla, - , - , - , - ,Warehouse1,,,,,,,,,
,PERFUME 60 ML ,Mezcla, - , - , - , - ,Warehouse1,,,,,,,,,
IFF-QB00021,LEMON 926,Mezcla,PELIGRO,1 800 002 1400,"H226, H304, H315,
H317, H319, H411","P210, P233, P240, P241, P242, P243, P261, P264, P272, P273, P280, P301 + P310,
P303 + P361 + P353,  P305 + P351 + P338, P331,  P333 + P313, P337 + P313, P362 + P364, P370 + P378, P391, P403 + P235, P405, P501",Warehouse1,X,,X,,X,,,,
IFF-QB00022,LIME 146,Mezcla,PELIGRO,1 800 002 1400,"H227, H304, H315, H317, H318, H410","P210, P261, P264, P272, P273, P280, P301 + P310, P302 + P352, P305 + P351 + P338, P331, P333 + P313, P337 + P313, P362 + P364, P370 + P378, P391, P403 + P235, P405, P501",Warehouse1,X,X,X,,,X,,,
IFF-QB00023,LIME 223,Mezcla,PELIGRO,1 800 002 1400,"H226, H304, H315,
H317, H318, H400,
H411","P210, P233, P240, P241, P242, P243, P261, P264, P272, P273, P280, P301 + P310, P303 + P361 + P353,  P305 + P351 + P338 + P310, P331, P333 + P313, P362 + P364,
P370 + P378, P391, P403 + P235, P405, P501 ",Warehouse1,X,,X,,,,,,
IFF-QB00014,FRUITY MIX 327,Mezcla,ATENCION,1 800 002 1400,"H303, H315, H317, H319, H411","P261, P264, P272, P273, P280, P302 + P352, P305 + P351 + P338, P312, P333 + P313, P337 + P313, P362 + P364, P391, P501",Warehouse1,X,,,,,X,,,
IFF-QB00024,LIMON 990,Mezcla,PELIGRO,1 800 002 1400,"H226, H304, H315, H317, H319, H411","P210, P233, P240, P241, P242, P243, P261, P264, P272, P273, P280, P301 + P310, P303 + P361 + P353,  P305 + P351 + P338, P331, P333 + P313,  P337 + P313, P362 + P364, P370 + P378, P391, P403 + P235, P405, P501",Warehouse1,X,,X,,X,,,,
IFF-QB00004,CITRUS BLEND 144 EXPPLOSION FRUTAL,Mezcla,PELIGRO,1 800 002 1400,"H303, H304, H315, H317, H318, H410","P261, P264, P272, P273, P280, P301 + P310, P302 + P352, P305 + P351 + P338 + P310, P312, P331, P333 + P313, P362 + P364, P391, P405, P501",Warehouse1,X,X,X,,,X,,,
IFF-QB00005,CITRUS FRESH 140,Mezcla,PELIGRO,1 800 002 1400,"H226, H304, H315, H317, H318, H410","P210, P233, P240, P241, P242, P243, P261, P264, P272, P273, P280, P301 + P310, P303 + P361 + P353, P305 + P351 + P338 + P310, P331, P333 + P313, P362 + P364,
P370 + P378, P391, P403 + P235, P405, P501",Warehouse1,X,X,X,,X,,,,
IFF-QB00026,NARANJA 336,Mezcla,PELIGRO,1 800 002 1400,"H226, H304, H315, H317, H319, H410","P210, P233, P240, P241, P242, 243, P261, P264, P272, P273, P280, P301 + P310, P303 + P361 + P353, P305 + P351 + P338, P331, P333 + P313, P337 + P313, P362 + P364, P370 + P378, P391, P403 + P235, P405, P501",Warehouse1,X,X,X,,X,,,,
,SPARK CITRUS 319 ,Mezcla, - , - , - , - ,Warehouse1,,,,,,,,,
IFF-QB00003,CITRIC TWIST 592 ,Mezcla,ATENCION,1 800 002 1400,"H227, H315, H317, H411","P210, P261, P264, P272, P273, P280, P302 + P352, P333 + P313, P362 + P364, P370 + P378, P391 P403 + P235, P501",Warehouse1,X,,X,,,,,,
IFF-QB00018,LAVANDA 347,Mezcla,PELIGRO,1 800 002 1400,"H227, H304, H315, H317, H319, H411","P210, P261, P264, P272, P273, P280, P301 + P310, P302 + P352, P305 + P351 + P338, P331,  P333 + P313, P337 + P313, P362 + P364, P370 + P378, P391, P403 + P235, P405, P501",Warehouse1,X,,X,,,X,,,
,LAVENDER SCORE 854,Mezcla,PELIGRO,1 800 002 1400,"H315, H317, H318, H401, H412","P261, P264, P272, P273, P280, P302 + P352, P305 + P351 + P338 + P310, P333 + P313, P362 + P364, P501",Warehouse1,X,X,,,,,,,
,FRESCURA DE DURAZNO 708 ,Mezcla, - , - , - , - ,Warehouse1,,,,,,,,,
IFF-QB00302,SER 1011 (LAVANDA) ,Mezcla, -  , -  , -  , -  ,Warehouse1,,,,,,,,,
IFF-QB00019,LAVENDER SKY 099 MOD,Mezcla,ATENCION,1 800 002 1400,"H227, H303, H315, H317, H319, H411","P210, P261, P264, P272, P273, P280, P302 + P352,  P305 + P351 + P338, P312,  P333 + P313, P337 + P313, P362 + P364, P370 + P378, P391, P403 + P235, P405, P501",Warehouse1,X,,,,,X,,,
IFF-QB00020,LAVENDER TOUCH 830,Mezcla,ATENCION,1 800 002 1400,"H227, H315, H317, H319, H411","P210, P261, P264, P272, P273, P280, P302 + P352, P305 + P351 + P338, P333 + P313, P337 + P313, P362 + P364, P370 + P378, P391, P403 + P235, P405, P501",Warehouse1,X,,,,,X,,,
IFF-QB00030,SEA FRESH 652,Mezcla,ATENCION,1 800 002 1400,"H227, H315, H317,
H319, H411","P210, P261, P264, P272, P273, P280, P302 + P352,  P305 + P351 + P338, P333 + P313, P337 + P313, P362 + P364, P370 + P378, P391, P403 + P235, P501",Warehouse1,X,,,,,X,,,
IFF-QB00032,SEA FRESH 820 (MARINE 667-W),Mezcla,ATENCION,1 800 002 1400,"H227, H315, H317,
H411","P210, P261, P264, P272, P273, P280, P302 + P352, P333 + P313, P362 + P364, P370 + P378, P391, P403 + P235, P501",Warehouse1,X,,,,,X,,,
IFF-QB00031,SEA FRESH 704,Mezcla,ATENCION,1 800 002 1400,"H227, H315, H317,
H319, H411","P210, P261, P264, P272, P273, P280, P302 + P352,  P305 + P351 + P338, P333 + P313, P337 + P313, P362 + P364, P370 + P378, P391, P403 + P235, P501",Warehouse1,X,,,,,X,,,
IFF-QB00033,SER 1002 (PINO),Mezcla,PELIGRO,1 800 002 1400,"H226, H304, H315, H317,
H319, H410","P210, P233, P240, P241, P242, P243, P261, P264, P272, P273, P280, P301 + P310,
P303 + P361 + P353, P305 + P351 + P338, P331, P333 + P313, P337 + P313, P362 + P364, P370 + P378, P391, P403 + P235, P405, P501",Warehouse1,X,,X,,X,X,,,
,TROPICAL SPLASH ,Mezcla, - , - , - , - ,Warehouse1,,,,,,,,,
IFF-QB00025,MARINE LOVE 818,Mezcla,ATENCION,1 800 002 1400,"H226, H316, H317,
H411","P210, P233, P240, P241, P242, P243, P261, P272, P273, P280, P303 + P361 + P353, P333 + P313, P362 + P364, P370 + P378, P391, P403 + P235, P501",Warehouse1,X,,X,,X,,,,
IFF-QB00011,FLORAL 001-E MOD,Mezcla,PELIGRO,1 800 002 1400,"H226, H315, H317,
H318, H361, H410","P201, P202, P210, P233, P240, P241, P242, P243, P261, P264, P272, P273, P280, P303 + P361 + P353, P305 + P351 + P338 + P310, P333 + P313,  P362 + P364, P391, P403 + P235, P405, P501
",Warehouse1,,X,X,,X,X,,,
IFF-QB00012,FLORAL 841,Mezcla,PELIGRO,1 800 002 1400,"H227, H315, H317,
H318, H361, H411","P201, P202, P261, P264, P272, P273, P280, P302 + P352, P305 + P351 + P338 + P310, P308 + P313, P333 + P313, P362 + P364, P370 + P378, P391, P403 + P235, P405, P501",Warehouse1,X,X,X,,,X,,,
IFF-QB00010,FLORAL (PICCOLO 727),Mezcla,ATENCION,1 800 002 1400,"H303, H315, H317,
H319, H351, H411","P201, P202, P261, P264, P272, P273, P280, P302 + P352, P305 + P351 + P338, P312, P333 + P313, P337 + P313, P362 + P364, P391, P405, P501",Warehouse1,X,,X,,,X,,,
IFF-QB00013,FLORAL P 0830,Mezcla,ATENCION,1 800 002 1400,"H315, H317, H319,
H411","P261, P264, P272, P273, P280, P302 + P352, P305 + P351 + P338, P333 + P313,  337 + P313,  P362 + P364, P391, P501",Warehouse1,X,,,,,X,,,
IFF-QB00214,SER 1054 (DETERG. LIQ.),Mezcla,PELIGRO,1 800 002 1400,"H227, H304, H315, H317, H319, H411","P210, P261, P264, P272, P273, P280, P301 + P310, P302 + P352, P305 + P351 + P338, P333 + P313, P337 + P313, P362 + P364,  P370 + P378, P391, P403 + P235, P405, P501",Warehouse1,X,,X,,,X,,,
IFF-QB00209,MAX FRESCURA 777 ,Mezcla,ATENCION,1 800 002 1400,"H227, H315, H317,
H361, H411","P201, P202, P210, P261, P264, P272, P273, P280, P302 + P352, P308 + P313, P333 + P313, P362 + P364, P370 + P378, P391, P403 + P235, P405, P501
",Warehouse1,X,,X,,,X,,,
IFF-QB00116,TE VERDE SMT 1039,Mezcla,ATENCION,1 800 002 1400,"H227, H316, H317,
H319, H411","P210, P261, P264, P272, P273, P280, P302 + P352, P333 + P313, P337 + P313, P362 + P364,  P370 + P378, P391, P403 + P235, P501",Warehouse1,X,,,,,X,,,
IFF-QB00109,SPICY LOVE 456 ,Mezcla,ATENCION,1 800 002 1400,"H227, H315, H317, H319, H411","P210, P261, P264, P272, P273, P280, P302 + P352, P305 + P351 + P338, P333 + P313, P337 + P313, P337 + P313, P362 + P364, P370 + P378, P391, P403 + P235, P501",Warehouse1,X,,,,,X,,,
,OCEAN FRESH 862 ,Mezcla,ATENCION,1 800 002 1400,"H226, H315, H317,
H318, H361, H411","P210, P233, P240, P241, P242, P243, P261, P264, P272, P273, P280, P303 + P361 +P353, P305 + P351 + P338, P333 + P313, P337 + P313, P362 + P364, P370 + P378, P391, P403 + P235, P501",Warehouse1,X,,,,X,X,,,
IFF-QB00075,BOSQUE 904-A,Mezcla,ATENCION,1 800 002 1400,"H227, H316, H317,
H411","P210, P261, P272, P273, P280, P302 + P352, P333 + P313 , P362 + P364, P370 + P378, P391, P403 + P235, P501",Warehouse1,X,,,,,X,,,
,FOUGERE 009-B ,Mezcla, - , - , - , - ,Warehouse1,,,,,,,,,
IFF-QB00091,FOUGERE 087 (DRAKKAR),Mezcla,ATENCION,1 800 002 1400,"H227, H315, H317,
H319, H411","P210, P261, P264, P272, P273, P280, P302 + P352 P305 + P351 + P338, P333 + P313, P337 + P313, P362 + P364, P370 + P378, P391, P403 + P235, P501",Warehouse1,X,,,,,X,,,
IFF-QB00092,FOUGERE 959-A (DRAKKAR),Mezcla,ATENCION,1 800 002 1400,"H227, H315, H317,
H319, H411","P210, P261, P264, P272, P273, P280, P302 + P352, P305 + P351 + P338, P333 + P313, P337 + P313, P362 + P364, P370 + P378,P391, P403 + P235, P501",Warehouse1,X,,,,,X,,,
IFF-QB00076,BOSS 3117 (NATURAL COCONUT),Mezcla,ATENCION,1 800 002 1400,"H316, H317, H402","P261, P272, P273, P280, P302 + P352, P333 + P313, P362 + P364, P501",Warehouse1,X,,X,,,X,,,
IFF-QB00077,BOSS 3156 (TALK),Mezcla,PELIGRO,1 800 002 1400,"H316, H317, H318,
H411","P261, P272, P273, P280, P302 + P352, P305 + P351 + P338 + P310, P333 + P313,
P362 + P364, P391, P501",Warehouse1,X,X,,,,X,,,
IFF-QB00079,CHA 251,Mezcla,ATENCION,1 800 002 1400,"H227, H315, H317,
H319, H411","P210, P261, P264, P272, P273, P280, P302 + P352,  P305 + P351 + P338, P333 + P313,  P337 + P313,  P362 + P364,  P370 + P378, P391, P403 + P235, P501  ",Warehouse1,X,,,,,X,,,
IFF-QB00089,ETERN 0021,Mezcla,ATENCION,1 800 002 1400,"H315, H317, H411","P261, P264, P272, P273, P280, P302 + P352, P333 + P313, P362 + P364, P391, P501",Warehouse1,X,,,,,X,,,
,RAB 015-K ,Mezcla, - , - , - , - ,Warehouse1,,,,,,,,,
IFF-QB00072,APPLE 930,Mezcla,ATENCION,1 800 002 1400,"H227, H316, H317,
H411","P210, P261, P272, P273, P280, P302 + P352, P333 + P313, P362 + P364, P370 + P378, P391, P403 + P235, P501
",Warehouse1,X,,,,,X,,,
IFF-QB00081,CHERRY 697,Mezcla,ATENCION,1 800 002 1400,"H226, H316, H317,
H319, H410","P210, P233, P240, P241, P242, P243, P261, P264, P272, P273, P280, P303 + P361 + P353, P305 + P351 + P338, P333 + P313, P337 + P313, P362 + P364, P370 + P378, P391, P403 + P235, P501",Warehouse1,X,,,,X,X,,,
IFF-QB00103,PEACH 299 MOD,Mezcla,ATENCION,1 800 002 1400,"H227, H316, H317,
H411","P210, P261, P272, P273, P280, P302 + P352, P333 + P313, P362 + P364, P370 + P378, P391, P403 + P235, P501",Warehouse1,X,,,,,X,,,
IFF-QB00093,FRESA 80,Mezcla,ATENCION,1 800 002 1400,"H227, H316, H317,
H411","P210, P261, P272, P273, P280, P302 + P352, P333 + P313, P362 + P364, P370 + P378, P391, P403 + P235, P501",Warehouse1,X,,,,,X,,,
IFF-QB00117,TROPIC ICE M1210 ,Mezcla, - , - , - , - ,Warehouse1,,,,,,,,,
,ROSAS VEL5020 ,Mezcla, - , - , - , - ,Warehouse1,,,,,,,,,
IFF-QB00071,SOFT BABY 611,Mezcla,PELIGRO,1 800 002 1400,"H226, H316, H317,
H318, H411","P210, P233, P240, P241, P242, P243, P261, P272, P273, P280, P303 + P361 + P353,
P305 + P351 + P338 + P310, P333 + P313, P362 + P364, P370 + P378, P391, P403 + P235, P501",Warehouse1,X,,X,,X,X,,,
,GREEN TEA FRESH 691 ,Mezcla, - , - , - , - ,Warehouse1,,,,,,,,,
,BOSS 3115 FV (VAINILLA CHOCOLATE) ,Mezcla, - , - , - , - ,Warehouse1,,,,,,,,,
IFF-QB00101,MNO-015G (CAR. HERR.),Mezcla,ATENCION,1 800 002 1400,"H316, H317, H411","P261, P272, P273, P280, P302+P352, P333+P313,
P362+ P364, P391, P501",Warehouse1,X,,,,,X,,,
IFF-QB00087,COCO 120-A,Mezcla,ATENCION,1 800 002 1400,"H316, H317","P261, P272, P280, P302+P352, 
P333+P313, P362+ P364, P501",Warehouse1,X,,,,,,,,
IFF-QB00119,UVA AIR 814 ,Mezcla, - , - , - , - ,Warehouse1,,,,,,,,,
IFF-QB00084,CHOCOLAT MOD ,Mezcla, - , - , - , - ,Warehouse1,,,,,,,,,
,COCO PARADISE 444 ,Mezcla, - , - , - , - ,Warehouse1,,,,,,,,,
,CHIRSTMAS APPLEDELICE 583 FV ,Mezcla, - , - , - , - ,Warehouse1,,,,,,,,,
IFF-QB00074,BELL CINNAMOND 575 FV,Mezcla,ATENCION,1 800 002 1400,"H227, H316, H317
H401, H412
","P210, P261, P272, P273, P280
P302 + P352, P333 + P313
P362 + P364, P370 + P378
P403 + P235, P501",Warehouse1,X,,,,,,,,
,CHIRSTMAS BAKERY LOVE 014 FV ,Mezcla, - , - , - , - ,Warehouse1,,,,,,,,,
,CHIRSTMAS FRUITY RED 400 FV ,Mezcla, - , - , - , - ,Warehouse1,,,,,,,,,
,MINT FRESH M 811 ,Mezcla, - , - , - , - ,Warehouse1,,,,,,,,,
IFF-QB00082,CHIRSTMAS GINGERAPPLE 712 FV ,Mezcla, - , - , - , - ,Warehouse1,,,,,,,,,
,CHIRSTMAS GARDEN 711 FV ,Mezcla, - , - , - , - ,Warehouse1,,,,,,,,,
IFF-QB00120,VELAQUIM 4 (CANELA) FV,Mezcla,PELIGRO,1 800 002 1400,"H227, H303, H316,
H317, H319, H350,
H411","P201, P202, P210, P261, P264, P272, P273, P280,
P302 + P352, P305 + P351 + P338, P312, P333 + P313,
P337 + P313,  P362 + P364, P370 + P378, P391, P403 + P235, P405, P501

",Warehouse1,X,,X,,,X,,,
IFF-QB00083,CHIRSTMAS VELAQUIM 53 (VAINILLA) FV,Mezcla, - , - , - , - ,Warehouse1,,,,,,,,,
IFF-QB00108,SPICY AMBER 973 ,Mezcla,PELIGRO,1 800 002 1400,"H303, H316, H317, H319, H350, H411","P201, P202, P261, P264, P272, P273, P280, P302 + P352, P305 + P351 + P338, P312, P333 + P313, P337 + P313, P362 + P364, P391, P405, P501",Warehouse1,X,,X,,,X,,,
,POTPOURRI 105,Mezcla, - ,1 800 002 1400, - , - ,Warehouse1,,,,,,,,,
IFF-QB00095,HERBAL 550,Mezcla,PELIGRO,1 800 002 1400,"H227, H304, H315,
H317, H318, H400,
H411","P210, P261, P264,
P272, P273, P280, 
P301 + P310, 
P302 + P352,
P305 + P351 + P338 + P310, P331, 
P333 + P313,
P362 + P364,
P370 + P378, P391,
P403 + P235, P405,
P501",Warehouse1,X,X,X,,,X,,,
,FLYING METHOD 555,Mezcla,ATENCION,1 800 002 1400,"H227, H316, H317, H319, H411","P210, P261, P264, P272, P273, P280, P302+P352, P305+P351+P338, P333+P313, P337+P313, P362+P364, P370+P378, P391, P403+P235, P501",Warehouse1,X,,,,,X,,,
,POTPURRY FLORAL (MILENIUM) ,Mezcla, -  ,1 800 002 1400, -  , -  ,Warehouse1,,,,,,,,,
,POTPURRI FLORAL  (mexico) ,Mezcla,ATENCION,1 800 002 1400,"H227, H315, H317, H410","P210, P261, P264, P272, P273, P280, P302 + P352, P333 + P313, P362 + P364, P370 + P378, P391, P403 + P235, P501",Warehouse1,X,,,,,X,,,
,HENO DE PRAVIA 216 ,Mezcla, - ,1 800 002 1400, - , - ,Warehouse1,,,,,,,,,
IFF-QB00099,MC QUEEN 557,Mezcla,ATENCION,1 800 002 1400,"H227, H303, H315, H317, H319, H361, H411","P201, P202, P210, P261, P264, P272, P273, P280, P302 + P352, P305 + P351 + P338, P312, P333 + P313, P337 + P313, P362 + P364, P370 + P378, P391, P403 + P235, P405, P501",Warehouse1,X,,X,,,X,,,
IFF-QB00088,DRAK BLACK 558 ,Mezcla,ATENCION,1 800 002 1400,"H227, H315, H317,
H319, H410","P210, P261, P264, P272, P273, P280, P302 + P352,  P305 + P351 + P338, P333 + P313,  P337 + P313, P362 + P364,  P370 + P378, P391, P403 + P235, P501 ",Warehouse1,X,,,,,,,,
IFF-QB00094,GREEN TEA & CHAI 202,Mezcla,PELIGRO,1 800 002 1400,"H227, H304, H315, H317, H318, H400, H411","P210, P261, P264, P272, P273, P280, P301 + P310, P302 + P352, P305 + P351 + P338 + P310, P331, P333 + P313, P362 + P364, P370 + P378, P391, P403 + P235, P405, P501",Warehouse1,X,X,X,,,X,,,
IFF-QB00090,FLORAL HOME 413,Mezcla,ATENCION,1 800 002 1400,"H227, H315, H317,
H319, H410","P261, P264, P272, P273, P280, P310, P302 + P352, P305 + P351 + P338, P312, P333 + P313, P337 + P313, P362 + P364, P392, P501",Warehouse1,X,,,,,X,,,
IFF-QB00113,SWEET ANIS 972,Mezcla,ATENCION,1 800 002 1400,"H316, H317, H411","P261, P272, P273, P302 + P352, P333 + P313, P362 + P364, P391, P501",Warehouse1,X,,,,,X,,,
IFF-QB00039,BOSS 86,Mezcla,ATENCION,1 800 002 1400,"H303, H315, H317, H319, H361, H411","P201, P202, P261, P264, P272, P273, P280, P302 + P352, P305 + P351 + P338, P312, P333 + P313, P337 + P313, P362 + P364, P391, P405, P501",Warehouse1,X,,X,,,X,,,
IFF-QB00050,FLORAL ROSS FS 6596,Mezcla,PELIGRO,1 800 002 1400,"H315, H317, H318,
H411","P261, P264, P272, P273, P280,
P302 + P352,
P305 + P351 + P338 + P310,
P333 + P313, P362 + P364, P391,
P501
",Warehouse1,X,X,,,,X,,,
IFF-QB00067,VCA BLUE 629 FLOR DE LUNA,Mezcla,ATENCION,1 800 002 1400,"H315, H317, H318,
H411","P261, P264, P272, P273, P280,
P302 + P352,
P305 + P351 + P338 + P310,
P333 + P313, P362 + P364, P391,
P501
",Warehouse1,X,,,,,X,,,
,ROSSO VERLO 739 ,Mezcla,ATENCION,1 800 002 1400,"H303, H315, H317, H319, H361, H400, H411","P201, P202, P261, P264, P272, P273, P280, P302 + P352, P305 + P351 + P338, P312, P333 + P313, P337 + P313, P362 + P364, P391, P405, P501",Warehouse1,X,,X,,,X,,,
IFF-QB00068,VCB BLUE 231,Mezcla,ATENCION,1 800 002 1400,"H227, H315, H317, H319, H361, H411","P201, P202, P210, P261, P264,
P272, P273, P280, P302 + P352,
P305 + P351 + P338, P308 + P313, 
P333 + P313, P337 + P313
P362 + P364, P370 + P378, P391
P403 + P235, P405, P501",Warehouse1,X,,X,,,X,,,
IFF-QB00041,CELESTIAL DREAMS 958,Mezcla,ATENCION,1 800 002 1400,"H227, H315, H317, H361, H411","P201, P202, P210, P261, P364, P272, P273, P280, P302 + P352, P308 + P313, P333 + P313, P362 + P364, P370 + P378, P391, P403 + P235, P405, P501",Warehouse1,X,,X,,,X,,,
IFF-QB00061,QUIM 1147 FS,Mezcla,ATENCION,1 800 002 1400,"H227, H315, H317, H319, H361, H410","P201, P202, P210, P261, P264,
P272, P273, P280, P302 + P352,
P305 + P351 + P338, P308 + P313, 
P333 + P313, P337 + P313
P362 + P364, P370 + P378, P391
P403 + P235, P405, P501",Warehouse1,X,,X,,,X,,,
IFF-QB00059,QUIM 1074 FS BLUE,Mezcla,ATENCION,1 800 002 1400,"H227, H303, H315,
H317, H319, H361,
H411","P201, P202, P210,
P261, P264, P272,
P273, P280,
P302 + P352,
P305 + P351 + P338,
P312, P333 + P313,
P337 + P313,
P362 + P364,
P370 + P378,
P391, P403 + P235,
P405, P501
",Warehouse1,X,,X,,,X,,,
IFF-QB00060,QUIM 1075 FSE F,Mezcla,ATENCION,1 800 002 1400,"H315, H317, H361,
H410","P201, P202, P261, P264, P272, P273, P280, P302 + P352,
P308 + P313, P333 + P313, 
P362 + P364, P391, P405, P501",Warehouse1,X,,X,,,X,,,
IFF-QB00062,SIMPLY BLUE 607,Mezcla,ATENCION,1 800 002 1400,"H227, H315, H317, H319, H361, H410","P201, P202, P210, P261, P264,
P272, P273, P280, P302 + P352,
P305 + P351 + P338, P308 + P313,
P333 + P313, P337 + P313,
P362 + P364, P370 + P378, P391
P403 + P235, P405, P501",Warehouse1,X,,X,,,X,,,
IFF-QB00046,DURAMAX 640,Mezcla,ATENCION,1 800 002 1400,"H227, H303, H315,
H317, H319, H411","P210, P261, P264,
P272, P273, P280, P302 + P352, 
P305 + P351 + P338, P312, P333 + P313, P337 + P313, 
P362 + P364, 
P370 + P378, P391,
P403 + P235, P501 ",Warehouse1,X,,,,,X,,,
IFF-QB00052,FREEDOM 639,Mezcla,PELIGRO,1 800 002 1400,"H227, H303, H315
H317, H318, H361
H411","P201, P202, P210, P261, P264,
P272, P273, P280, P302 + P352,
P305 + P351 + P338 + P310, P312,
P333 + P313, P362 + P364,
P370 + P378, P391, P403 + P235,
P501",Warehouse1,X,X,,,,X,,,
IFF-QB00047,ELEGANT 957 (ELEGANCY),Mezcla,ATENCION,1 800 002 1400,"H227, H303, H315, H317, H319, H361
H400, H411","P201, P202, P210, P261, P264,
P272, P273, P280, P302 + P352,
P305 + P351 + P338, P312,
P333 + P313, P337 + P313
P362 + P364, P370 + P378, P391
P403 + P235, P405, P501",Warehouse1,X,,X,,,X,,,
IFF-QB00056,MAGIC DELIGHT 759 ,Mezcla,ATENCION,1 800 002 1400,"H227, H315, H317,
H319, H411","P210, P261, P264, P272, P273, P280, P302 + P352, P305 + P351 + P338, P333 + P313, P337 + P313, P362 + P364, P370 + P378, P391, P403 + P235, P501",Warehouse1,X,,,,,X,,,
,CLOUD FLOWER 432,Mezcla,ATENCION,1 800 002 1400,"H227, H315, H317,
H319, H411","P210, P261, P264, P272, P273,
P280, P302 + P352,
P305 + P351 + P338, P333 + P313,
P337 + P313, P362 + P364,
P370 + P378, P391, P403 + P235, 
P501",Warehouse1,X,,,,,X,,,
IFF-QB00053,GLAM 359 GLAMUR,Mezcla,ATENCION,1 800 002 1400,"H227, H303, H315
H317, H319, H361
H410","P201, P202, P210, P261, P264
P272, P273, P280, P302 + P352, P305 + P351 + P338, P312, 
P333 + P313, P337 + P313
P362 + P364, P370 + P378, P391
P403 + P235, P405, P501",Warehouse1,X,,X,,,X,,,
,SOFT DELIGH 607,Mezcla,ATENCION,1 800 002 1400,"P316, P317, P411","P261, P272, P273, P280, P302 + P352, P333 + P313, P362 + P364, P391, P501",Warehouse1,X,,,,,X,,,
,QUIM HIDRA 743 ,Mezcla, - ,1 800 002 1400, - , - ,Warehouse1,,,,,,,,,
IFF-QB00063,SUAVE PRIMAVERA 958,Mezcla,ATENCION,1 800 002 1400,"H227, H315, H317
H361, H411","P201, P202, P210, P261, P264, P272, P273, P280, P302 + P352,
P308 + P313, P333 + P313,
P362 + P364, P370 + P378, P391, P403 + P235, P405, P501",Warehouse1,X,,X,,,X,,,
IFF-QB00051,FOUGERE FRESH 003-H,Mezcla,ATENCION,1 800 002 1400,"H227, H315, H317
H319, H410","P210, P261, P264, P272, P273,
P280, P302 + P352,
P305 + P351 + P338, P333 + P313,
P337 + P313, P362 + P364,
P370 + P378, P391, P403 + P235,
P501",Warehouse1,X,,,,,X,,,
IFF-QB00289,COUNTRY SOFT 239 NO USAR,Mezcla, - ,1 800 002 1400, - , - ,Warehouse1,,,,,,,,,
IFF-QB00049,FLORAL ROSE 001-B,Mezcla,ATENCION,1 800 002 1400,"H315, H317, H319
H351, H410","P201, P202, P261, P264, P272, P273, P280, P302 + P352,
P305 + P351 + P338, P308 + P313,
P333 + P313, P337 + P313,
P362 + P364, P391, P405, P501",Warehouse1,X,,X,,,X,,,
,BEBE AMOR (BABY LOVE 722) ,Mezcla, - ,1 800 002 1400, - , - ,Warehouse1,,,,,,,,,
IFF-QB00066,TUBEROSE 946,Mezcla,ATENCION,1 800 002 1400,"H227, H315, H317, H411","P210, P261, P264, P272, P273, P280, P302 + P352, P333 + P313,  P362 + P364, P370 + P378, P391, P403 + P235, P501",Warehouse1,X,,,,,X,,,
,VANILLE DOUCE VS5303 ,Mezcla, - ,1 800 002 1400, - , - ,Warehouse1,,,,,,,,,
IFF-QB00204,SPARK PETAL 318 MICROCAPSULAS,Mezcla,ATENCION,1 800 002 1400,"H315, H317, H411","P261, P264, P272, P273, P280, P302 + P352, P333 + P313, P362 + P364, P391, P501",Warehouse1,X,,,,,X,,,
IFF-QB00054,GREEN SENSE 842,Mezcla,ATENCION,1 800 002 1400,"H227, H315, H317, H319, H351, H361
H411","P201, P202, P210, P261, P264,P272, P273, P280, P302 + P352, P305 + P351 + P338, P308 + P313, P333 + P313, P337 + P313, P362 + P364, P370 + P378, P391, P403 + P235, P405, P501",Warehouse1,X,,X,,,X,,,
IFF-QB00037,BLUE COTTON 824,Mezcla,ATENCION,1 800 002 1400,"H315, H317, H411","P261, P264, P272, P273, P280,
P302 + P352, P333 + P313,
P362 + P364, P391, P501",Warehouse1,X,,,,,X,,,
IFF-QB00064,SUEÑOS DE ALGODON 707,Mezcla,ATENCION,1 800 002 1400,"H315, H317, H319, H351, H410","P201, P202, P261, P264, P272, P273, P280, P302 + P352, P305 + P351 + P338, P308 + P313, P333 + P313, P337 + P313, P362 + P364, P391, P405, P501",Warehouse1,X,,X,,,X,,,
IFF-QB00042,CLEAR WHITE 709,Mezcla, - ,1 800 002 1400, - , - ,Warehouse1,,,,,,,,,
IFF-QB00131,CHAMOMILLE 398 (MANZANILLA),Mezcla,ATENCION,1 800 002 1400,"H316, H317, H412","P261, P272, P273, P280, P302 + P352, P333 + P313, P362 + P364, P391, P501",Warehouse1,X,,,,,,,,
IFF-QB00125,APPLE 872 (MANZANA VERDE),Mezcla,ATENCION,1 800 002 1400,"H316, H317, H411","P261, P272, P273, P280, P302 + P352, P333 + P313, P362 + P364, P391, P501",Warehouse1,,,,,,,,,
IFF-QB00167,SER 1100 GRAPEFRUIT,Mezcla,PELIGRO,1 800 002 1400,"H226, H304, H315
H317, H319, H410","P210, P233, P240, P241, P242, P243, P261, P264, P272, P273, P280, P301 + P310, P303 + P361 + P353,  P305 + P351 + P338, P331, P333 + P313, P362 + P364, P370 + P378, P391, P403 + P235, P405, P501",Warehouse1,X,,X,,X,X,,,
,SER 1102 ALOE VERA ,Mezcla, - ,1 800 002 1400, - , - ,Warehouse1,,,,,,,,,
IFF-QB00171,SER 1114 TORONJA,Mezcla,PELIGRO,1 800 002 1400,"H226, H304, H315
H317, H319, H410","P210, P233, P240, P241, P242, P243, P261, P264, P272, P273, P280, P301 + P310, P303 + P361 + P353, P305 + P351 + P338, P331, P333 + P313, P337 + P313, P362 + P364, P370 + P378, P391, P403 + P235, P405, P501",Warehouse1,X,,X,,X,X,,,
IFF-QB00124,ALOE VERA GAV 1171 SH,Mezcla,ATENCION,1 800 002 1400,"H303, H315, H317, H319, H361, H411.","P201, P202, P261, P264, P272, P273,
P280, P302 + P352,
P305 + P351 + P338,
P312, P333 + P313,
P337 + P313, P362 + P364, P391, P405, P501
",Warehouse1,X,,X,,,X,,,
IFF-QB00170,SER 1110 PERA,Mezcla,ATENCION,1 800 002 1400,"H227, H315, H317, H319, H400, H411","P210, P261, P264, P272, P273, P280, P302 + P352, P305 + P351 + P338, P333 + P313, P362 + P364, P370 + P378, P391, P403 + P235, P501",Warehouse1,X,,,,,X,,,
IFF-QB00146,FRUITY SOFT 624,Mezcla,PELIGRO,1 800 002 1400,"H226, H304, H315, H317, H410","P210, P233, P240, P241, P242,P243, P261, P264, P272, P273, P280, P301, P333, P362+P364, P370+P378, P391, P403+P235, P405, P501",Warehouse1,X,,X,,X,X,,,
IFF-QB00151,KIWI FRESH 625,Mezcla,PELIGRO,1 800 002 1400,"H227, H304, H315
H317, H319, H411","P210, P261, P264, P272, P273, P280, P301 + P310, P302 + P352, P305 + P351 + P338, P331, P333 + P313, P337 + P313, P362 + P364, P370 + P378, P391, P403 + P235, P405, P501",Warehouse1,X,,X,,,X,,,
IFF-QB00165,SER 1057 UVA MORADA,Mezcla,ATENCION,1 800 002 1400,"H227, H303, H316, H317, H400, H411","P210, P261, P272, P273, P280, P302+P352, P312, P333+P313, P362+P364, P370+P378, P391, P403+P235, P501",Warehouse1,X,,,,,X,,,
IFF-QB00158,QUIM 1300(PASION FRUIT),Mezcla,ATENCION,1 800 002 1400,"H227, H315, H317,
H411","P210, P261, P264, P272, P273, P280, P302 + P352, P333 + P313, P362 + P364, P370 + P378, P391, P403 + P235, P501
",Warehouse1,X,,,,,X,,,
IFF-QB00164,SER 1013 (SHAMPOO PANTENE FLORAL FRUTAL),Mezcla,ATENCION,1 800 002 1400,"H227, H303, H315, H317, H319, H400, H411","P210, P261, P264, P272, P273, P280,  P302 + P352,  P305 + P351 + P338, P312,  P333 + P313, P337 + P313, P362 + P364, P370 + P378, P391, P403 + P235, P501",Warehouse1,X,,,,,X,,,
IFF-QB00122,1181-D (MENTA),Mezcla,PELIGRO,1 800 002 1400,"H227, H304, H315, 
H317, H410","P210, P261, P264, P272, P273, P280, P301 + P310, P302 + P352, P331, P333 + P313, P362 + P364, P370 + P378, P391, P403 + P235, P405, P501 ",Warehouse1,X,,X,,,X,,,
IFF-QB00122,ABRILLANTADOR OPTICO(LIQUIDO),16470-24-9,ATENCION, -  , - , - ,Warehouse1,,,,,,,,,
IFF-QB00123,ALMOND 339,Mezcla,ATENCION,1 800 002 1400,"H227, H316, H317,
H319, H411","P210, P261, P264, P272, P273,
P280, P302 + P352, 
P305 + P351 + P338, P333 + P313,
P337 + P313, P362 + P364,
P370 + P378, P391, P403 + P235, P501
",Warehouse1,X,,,,,X,,,
IFF-QB00130,BOSS 3152,Mezcla,PELIGRO,1 800 002 1400,"H227, H303, H315, H317, H318, H411","P210, P261, P264, P272, P273
P280, P302 + P352,
P305 + P351 + P338 + P310, P312
P333 + P313, P362 + P364
P370 + P378, P391, P403 + P235
P501
",Warehouse1,X,X,,,,X,,,
,FLORAL 386 , - , - ,1 800 002 1400, - , - ,Warehouse1,,,,,,,,,
,FLORIENTAL M969 , - , - , -  , - , - ,Warehouse1,,,,,,,,,
,BOSS 3157 (POT) ,Mezcla,PELIGRO,1 800 002 1400,"H226, H304, H315, H317, H411, ","P210, P233, P240, P241, P242, P243, P261, P264, P272, P273, P280, P301 + P310, P303 + P361 + P353, P331, P333 + P313, P362 + P364, P370 + P378, P391, P403 + P235, P405, P501",Warehouse1,X,,X,,X,X,,,
,CEREZA 2080GEL, - , - , -  , - , - ,Warehouse1,,,,,,,,,
IFF-QB00142,FASHION 180, - , - , -  , - , - ,Warehouse1,,,,,,,,,
,EXTREME 188 , - , - , -  , - , - ,Warehouse1,,,,,,,,,
IFF-QB00152,MANGIFF 188,,ATENCION,01 800 002 1400,"H316, H317, H411","P261, P272, P273, P280, P302+P352, P333+P313,
P362+ P364, P391, P501",Warehouse1,X,,,,,X,,,
,BOSS 3148 EP, - , - , -  , - , - ,Warehouse1,,,,,,,,,
,LOLO 996-L (POLO AROMATIZANTE), - , - , -  , - , - ,Warehouse1,,,,,,,,,
IFF-QB00166,SER 1098 ORQUIDEA JAZMIN,,ATENCION,01 800 002 1400,"H227, H303, H315, H317, H319, H361, H411","P201, P202, P210, P261, P264,
P272, P273, P280, P302 + P352, P305 + P351 + P338, P312, 
P333 + P313, P337 + P313, 
P362 + P364, P370 + P378, P391, P403 + P235, P405, P501",Warehouse1,X,,X,,,X,,,
IFF-QB00168,SER 1104 AGUACATE,Mezcla,ATENCION,1 800 002 1400,"H315, H317, H411","P261, P264, P272, P273, P280,
P302 + P352, P333 + P313,
P362 + P364, P391, P501",Warehouse1,X,,X,,,,,,
IFF-QB00126,AVEIA PLUS PONS CR,,ATENCION,01 800 002 1400,"H316, H317, H411","P261, P272, P273,
P280, P302 + P352,
P333 + P313,
P362 + P364, P391, P501",Warehouse1,X,,,,,X,,,
IFF-QB00128,BLAZING 185,,ATENCION,01 800 002 1400,"H315, H317, H319
H361, H411","P201, P202, P261, P264, P272,
P273, P280, P302 + P352,
P305 + P351 + P338, P308 + P313,
P333 + P313, P337 + P313,
P362 + P364, P391, P405, P501",Warehouse1,X,,X,,,X,,,
IFF-QB00160,RAINY WASH 530, - , - , -  , - , - ,Warehouse1,,,,,,,,,
IFF-QB00043,COCONUT DELICE 733,Mezcla,ATENCION,01 800 002 1400,"H227, H303, H315, H317, H361, H400, H411"," P201, P202, P210, P261, P264, P272, P273, P280, P302 + P352, P312, P333 + P313, P362 + P364, P370 + P378, P391, P403 + P235, P405, P501.",Warehouse1,X,,X,,,X,,,
IFF-QB00323,CESCO LV40 , - , - , -  , - , - ,Warehouse1,,,,,,,,,
IFF-QB00208,FLOWER CLEAN 384,Mezcla,ATENCION,01 800 002 1400,"H227, H315, H317, H319, H411","P210, P261, P264, P272, P273, P280, P302+P352, P305+P351+P338, P333+P313, P337+P313, P362+P364, P370+P378, P391, P403+P235, P501",Warehouse1,X,,,,,X,,,
IFF-QB00139,DELIRIOUS JABOTICABA 335,Mezcla,ATENCION,01 800 002 1400,"H227, H315, H317,
H319, H361, H411","P201, P202, P210, P261, P264, P272,
P273, P280,
P302 + P352,
P305 + P351 + P338, P308 + P313, P333 + P313,
P337 + P313, P362 + P364,
P370 + P378, P391, P403 + P235, P405
P501

",Warehouse1,X,,X,,,X,,,
IFF-QB00129,BLUE BREEZE 929, - , - , -  , - , - ,Warehouse1,,,,,,,,,
IFF-QB00143,FLORAL BOUQUET 981,Mezcla,PELIGRO,01 800 002 1400,"H227, H303, H304,
H315, H317, H319,
H361, H400, H411","P201, P202, P210, P261, P264,
P272, P273, P280, P301 + P310,
P302 + P352, P305 + P351 + P338,
P312, P331, P333 + P313,
P337 + P313, P362 + P364,
P370 + P378, P391, P403 + P235,
P405, P501",Warehouse1,X,,X,,,X,,,
IFF-QB00198,BLUE MICRO MEMORIES 320 (AZUL),Mezcla,ATENCION,01 800 002 1400,"H315, H317, H319,
H411","P261, P264, P272, P273, P280,
P302 + P352, P305 + P351 + P338,
P333 + P313, P337 + P313,
P362 + P364, P391, P501",Warehouse1,X,,,,,X,,,
IFF-QB00200,HAPPY MICRO SUNSHINE 312 (AZUL),Mezcla,ATENCION,01 800 002 1400,"H315, H317, H411","P261, P264, P272, P273, P280, P302 + P352, P333 + P313, P362 + P364, P391, P501",Warehouse1,X,,,,,X,,,
IFF-QB00199,ELEGANT MICRO SOFTNESS 957 ( AMARILLO),Mezcla,ATENCION,01 800 002 1400,"H315, H317, H361,
H411","P201, P202, P261, P264, P272, P273, P280, P302 + P352, 
P308 + P313, P333 + P313,
P362 + P364, P391, P405, P501",Warehouse1,X,,X,,,X,,,
IFF-QB00118,TUTTI 001,Mezcla,PELIGRO,01 800 002 1400,"H226, H304, H315, H317, H411","P210, P233, P240, P241, P242, P243, P261, P264, P272,P273,
P280, P301 + P310,
P303 + P361 + P353, P331,
P333 + P313, P362 + P364,
P370 + P378, P391, P403 + P235,
P405, P501",Warehouse1,X,,X,,X,X,,,
,HERBAL P 853 , - , - , -  , - , - ,Warehouse1,,,,,,,,,
IFF-QB00080,CHAN 001-C,Mezcla,ATENCION,01 800 002 1400,"H227, H315, H317,
H319, H411","P210, P261, P264, P272,P273,
P280, P302 + P352,
P305 + P351 + P338, P333 + P313,
P337 + P313, P362 + P364,
P370 + P378, P391, P403 + P235,
P501",Warehouse1,X,,,,,X,,,
,MULBERRY 773, - , - , -  , - , - ,Warehouse1,X,,,,,,,,
IFF-QB00236,CK ONE GL 8020 M, - , - , -  , - , - ,Warehouse1,X,,,,,,,,
IFF-QB00269,SER 1050 ENSUENO, - , - , -  , - , - ,Warehouse1,X,,,,,,,,
IFF-QB00286,VCA MOMENTOS 2321, - , - , -  , - , - ,Warehouse1,X,,,,,,,,
IFF-QB00284,VCA FIESTA 4325 , - , - , -  , - , - ,Warehouse1,X,,,,,,,,
IFF-QB00260,PETALOS DE ROSA, - , - , -  , - , - ,Warehouse1,X,,,,,,,,
IFF-QB00238,PALOMA 5052 CR, - , - , -  , - , - ,Warehouse1,X,,,,,,,,
IFF-QB00228,BOSQUE DE BAMBU , - , - , -  , - , - ,Warehouse1,X,,,,,,,,
IFF-QB00261,QUIM BLUE 629 , - , - , -  , - , - ,Warehouse1,X,,,,,,,,
IFF-QB00282,TROPIC FRUIT M 957,Mezcla,PELIGRO,01 800 002 1400,"H226, H304, H315, H317, H319, H410, H411","P210, P233, P240, P241, P242, P243, P261, P264, P272, P273, P280, P301 + P310, P303 + P361 + P353, P305 + P351 + P338, P331, P333 + P313, P337 + P313, P362 + P364, P370 + P378, P391, P403 + P235, P405, P501",Warehouse1,X,,X,,X,X,,,
IFF-QB00256,MINT MINT M BRM11,Mezcla,PELIGRO,01 800 002 1400,"H227, P261, P264, P272, P273, P280","P301 + P310, P302 + P352, P331, P333 + P313, P362 + P364, P370 + P378, P391, P403 + P235, P405, P501",Warehouse1,X,,X,,,X,,,
IFF-QB00229,BOSS 1363 FQ(TANGO), - , - , -  , - , - ,Warehouse1,,,,,,,,,
IFF-QB00240,EXPELL FRESH M 820,Mezcla,PELIGRO,01 800 002 1400,"H226, H227, H302, H304, H315, H317, H319, H410, ","P210, P233, P240, P241, P242, P243, P260, P264, P270, P272, P273, P280, P301 + P310, P303 + P364, P370 + P378, P391, P403 + P235, P405, P501",Warehouse1,X,,X,,X,X,,,
IFF-QB00234,CITRIC FRESH ,Mezcla, - , -  , - , - ,Warehouse1,X,,,,,,,,
IFF-QB00262,QUIM HIDRA 759 , - , - , -  , - , - ,Warehouse1,X,,,,,,,,
IFF-QB00273,SOFT LILY, - , - , -  , - , - ,Warehouse1,X,,,,,,,,
,LAVANDA FABULADA M , - , - , -  , - , - ,Warehouse1,X,,,,,,,,
IFF-QB00276,SUAVIAZUL M 75 , - , - , -  , - , - ,Warehouse1,X,,,,,,,,
IFF-QB00272,SOFT BLUE M 68 , - , - , -  , - , - ,Warehouse1,X,,,,,,,,
IFF-QB00246,GREEN APPLE 1082 , - , - , -  , - , - ,Warehouse1,X,,,,,,,,
,COUNTRY SOFT D 937 INOVA, - , - , -  , - , - ,Warehouse1,X,,,,,,,,
IFF-QB00257,NEW MAXI COLOR D7754, - , - , -  , - , - ,Warehouse1,X,,,,,,,,
IFF-QB00233,CHICLE 001D , - , - , -  , - , - ,Warehouse1,X,,,,,,,,
IFF-QB00288,WAIKIKI 204 , - , - , -  , - , - ,Warehouse1,X,,,,,,,,
IFF-QB00264,REVIVAL 006 A NATTURA ,,ATENCION,1 800 002 1400,"H227, H303, H315,
H317, H319, H411","P210, P261, P264,
P272, P273, P280, 
P302 + P352, 
P305 + P351 + P338,
P312, P333 + P313,
P337 + P313, P362 + P364, P370 + P378,
P391, P403 + P235,
P501",Warehouse1,X,,,,,X,,,
IFF-QB00223,BERRY PUNCH 867 FV , - , - , -  , - , - ,Warehouse1,X,,,,,,,,
IFF-QB00250,LAVENDER FRESH, - , - , -  , - , - ,Warehouse1,X,,,,,,,,
IFF-QB00227,BLUE MOON, - , - , -  , - , - ,Warehouse1,X,,,,,,,,
IFF-QB00268,SEA BREEZE, - , - , -  , - , - ,Warehouse1,X,,,,,,,,
IFF-QB00259,FLORALIS 830 , - , - , -  , - , - ,Warehouse1,X,,,,,,,,
IFF-QB00249,JUNGLE FRESH , - , - , -  , - , - ,Warehouse1,X,,,,,,,,
IFF-QB00230,CANELLE, - , - , -  , - , - ,Warehouse1,X,,,,,,,,
IFF-QB00287,VIOLET FLOWER, - , - , - , - , - ,Warehouse1,X,,,,,,,,
,BOSS 3148 AMENI , - , - , -  , - , - ,Warehouse1,X,,,,,,,,
IFF-QB00251,LAVENDER MISTICA , - , - , -  , - , - ,Warehouse1,X,,,,,,,,
IFF-QB00244,FRESH BREEZE  , - , - , -  , - , - ,Warehouse1,X,,,,,,,,
KAO-QB00001,ASFIER 100 ,61791-55-7,PELIGRO,+34 93 739 9445,,,Warehouse1,,,,,,,,,
KAO-QB00002,ASFIER 121,"61791-55-7,61788-45-2",PELIGRO,+34 93 739 9445, Nocivo en caso de ingestión. Provoca quemaduras graves en la piel y lesiones oculares graves. Provoca daños en los órganos tras exposiciones prolongadas o repetidas. ," Llevar guantes de protección: > 8 horas (tiempo de detección): goma de butilo.  Llevar gafas o máscara de protección: Recomendado: gafas anti-salpicaduras, máscara. Llevar prendas de protección: Recomendado: Traje de protección.  No respirar el polvo. No comer, beber ni fumar durante su utilización.  Lavarse las manos concienzudamente tras la manipulación.  EN CASO DE INHALACIÓN:  Transportar a la víctima al exterior y mantenerla en reposo en una posición confortable para respirar.  Llamar inmediatamente a un centro de información toxicológica o a un médico.  EN CASO DE INGESTIÓN:  Llamar inmediatamente a un centro de información toxicológica o a un médico.  Enjuagarse la boca.  NO provocar el vómito.  EN CASO DE CONTACTO CON LA PIEL (o el pelo): Quitar inmediatamente todas las prendas contaminadas.  Lave la piel contaminada con el de 3% de ácido acético o el agente que contiene Diphoterin (por ejemplo, Previn ®). Lavar las prendas contaminadas antes de volver a usarlas. Llamar  ediatamente a un centro de información toxicológica o a un médico. EN CASO DE CONTACTO CON LOS OJOS:  Lavar inmediatamente con un agente que contenga Diphoterin (por ejemplo, Previn ®), levantando ocasionalmente los párpados superior e inferior.  Quitar las lentes de contacto, si lleva y resulta fácil. Seguir aclarando.  Llamar inmediatamente a un centro de información toxicológica o a un médico. Guardar cerrado. Eliminar el contenido y el recipiente de acuerdo con las normativas locales, regionales, nacionales e internacionales. ",Warehouse1,,X,,,,,,,
,KAOAMIN 14 ,"151661-99-3, 61790-33-8, 68783-24-4",PELIGRO,+34 93 739 9445,"Nocivo en caso de ingestión. Provoca quemaduras graves en la piel y lesiones oculares graves. Puede provocar daños en los órganos tras exposiciones prolongadas o repetidas. (tracto gastrointestinal, sistema inmunológico, hígado)","Llevar guantes de protección: > 8 horas (tiempo de detección): goma de butilo. Llevar gafas o máscara de protección: Recomendado: gafas de seguridad con protección lateral máscara. Llevar prendas de protección: Recomendado: Traje de protección. No respirar los vapores. No comer, beber ni fumar durante su utilización. Lavarse las manos concienzudamente tras la manipulación.
EN CASO DE INHALACIÓN: Transportar a la víctima al exterior y mantenerla en
reposo en una posición confortable para respirar. Llamar inmediatamente a un centro de información toxicológica o a un médico. EN CASO DE INGESTIÓN: Llamar inmediatamente a un centro de información toxicológica o a un médico. Enjuagarse la boca. NO provocar el vómito. EN CASO DE CONTACTO CON LA PIEL (o el pelo): Quitar inmediatamente todas las prendas contaminadas. Lave la piel contaminada con el de 3% de ácido acético o el agente que contiene Diphoterin (por ejemplo, Previn ®). Lavar las prendas contaminadas antes de volver a usarlas. Llamar inmediatamente a un centro de información toxicológica o a un médico. EN CASO DE CONTACTO CON LOS OJOS: Lavar inmediatamente con un agente que contenga Diphoterin (por ejemplo, Previn ®), levantando ocasionalmente los párpados superior e inferior.  Quitar las lentes de contacto, si lleva y resulta fácil. Seguir aclarando. Llamar inmediatamente a un centro de información toxicológica o a un médico. Guardar cerrado. Eliminar el contenido y el recipiente de acuerdo con las normativas locales, regionales, nacionales e internacionales. No se conoce ninguno.",Warehouse1,X,X,X,,,,,,
,KAOAMIN 16 ,"72230-78-5, 151661-99-3",PELIGRO,+34 93 739 9445,Provoca graves quemaduras en la piel y lesiones oculares.,"Usar guantes de protección: > 8 horas (tiempo de saturación): caucho nitrílico. Usar protección para los ojos o la cara: Recomendado: lentes anti-salpicaduras , gafas de seguridad con protección lateral. Usar ropa protectora: Recomendado: Ropa de protección completa.. Lavarse cuidadosamente las manos después de la manipulación. EN CASO DE INHALACIÓN: Transportar la víctima al aire libre y mantenerla en reposo en una posición que le facilite la respiración. Llamar inmediatamente a un CENTRO DE CONTROL DE ENVENENAMIENTO o a un médico. EN CASO DE INGESTIÓN: Llamar inmediatamente a un CENTRO DE CONTROL DE ENVENENAMIENTO o a un médico. Enjuagarse la boca. NO provocar el vómito. EN CASO DE CONTACTO CON LA PIEL (o el pelo): Quitar inmediatamente toda la ropa contaminada. Lave la piel contaminada con el de 3% de ácido acético o el agente que contiene Diphoterin (por ejemplo, Previn ®). Lavar la ropa contaminada antes de volverla a usar. Llamar inmediatamente a un CENTRO DE CONTROL DE ENVENENAMIENTO o a un médico. EN CASO DE CONTACTO CON LOS OJOS: Enjuagar con agua cuidadosamente durante varios minutos. Quitar las lentes de contacto, cuando estén presentes y pueda hacerse con facilidad. Proseguir con el lavado. Llamar inmediatamente a un CENTRO DE CONTROL DE ENVENENAMIENTO o a un médico. ",Warehouse1,,X,X,,,X,,,
,KAOAMIN KW ,No aplicable,PELIGRO,+34 93 739 9445,Provoca graves quemaduras en la piel y lesiones oculares.,"Usar guantes de protección: > 8 horas (tiempo de saturación): caucho nitrílico. Usar protección para los ojos o la cara: Recomendado: lentes anti-salpicaduras , gafas de seguridad con protección lateral. Usar ropa protectora: Recomendado: Ropa de protección completa.. Lavarse cuidadosamente las manos después de la manipulación. : EN CASO DE INHALACIÓN: Transportar la víctima al aire libre y mantenerla en reposo en una posición que le facilite la respiración. Llamar inmediatamente a un CENTRO DE CONTROL DE ENVENENAMIENTO o a un médico. EN CASO DE INGESTIÓN: Llamar  nmediatamente a un CENTRO DE CONTROL DE ENVENENAMIENTO o a un médico. Enjuagarse la boca. NO provocar el vómito. EN CASO DE CONTACTO CON LA PIEL (o el pelo): Quitar inmediatamente toda la ropa contaminada. Lave la pielcontaminada con el de 3% de ácido acético o el agente que contiene Diphoterin (porejemplo, Previn ®). Lavar la ropa contaminada antes de volverla a usar. Llamar inmediatamente a un CENTRO DE CONTROL DE ENVENENAMIENTO o a un médico. EN CASO DE CONTACTO CON LOS OJOS: Enjuagar con agua cuidadosamente durante varios minutos. Quitar las lentes de contacto, cuando estén presentes y pueda hacerse con facilidad. Proseguir con el lavado. Llamar inmediatamente a un CENTRO DE CONTROL DE  NVENENAMIENTO o a un médico. : Guardar bajo llave. Eliminar el contenido y recipiente conforme a todas las reglamentaciones locales, regionales, nacionales e internacionales.",Warehouse1,,X,,,,,,,
,DANOX AP ,No Aplicable,PELIGRO,+34 93 739 9445,"Nocivo en caso de ingestión. Provoca quemaduras graves en la piel y lesiones oculares graves. Puede ser mortal en caso de ingestión y penetración en las vías respiratorias. Puede provocar daños en los órganos tras exposiciones prolongadas o repetidas. (tracto gastrointestinal, sistema inmunológico, hígado)","Llevar guantes de protección: > 8 horas (tiempo de detección): goma de butilo. Llevar gafas o máscara de protección: Recomendado: Gafas anti-salpicaduras. , máscara. Llevar prendas de protección: Recomendado: Bata de laboratorio.,Traje de protección. No  espirar el polvo. No comer, beber ni fumar durante su utilización. Lavarse las manos concienzudamente tras la manipulación.  Consultar a un médico en caso de malestar. EN CASO DE INHALACIÓN: Transportar a la persona al aire libre y mantenerla en una posición que le facilite la respiración. Llamar inmediatamente a un centro de información toxicológica o a un médico. EN CASO DE INGESTIÓN: Llamar  nmediatamente a un centro de información toxicológica o a un médico. Enjuagarse la boca. NO provocar el vómito. EN CASO DE CONTACTO CON LA PIEL (o el pelo): Quitar inmediatamente todas las prendas contaminadas. Lave la piel contaminada con el de 3% de ácido acético o el agente que contiene Diphoterin (por ejemplo, Previn ®). Lavar las prendas contaminadas antes de volver a usarlas. Llamar inmediatamente a un centro de información toxicológica o a un médico. EN CASO DE CONTACTO CON LOS OJOS: Lavar inmediatamente con un agente que contenga  iphoterin (por ejemplo, Previn ®), levantando ocasionalmente los párpados superior e inferior.  Quitar las lentes de contacto, si lleva y resulta fácil. Seguir aclarando. Llamar inmediatamente a un centro de información toxicológica o a un médico.",Warehouse1,X,X,X,,,,,,
KAO-QB00004,ASFIER 211 (GRANEL PIPA) ,-,-,-,-,-,Warehouse1,,,,,,,,,
KAO-QB00005,ASFIER 211 (TAMBOR),No Aplicable,PELIGRO,+34 93 739 9445,Provoca quemaduras graves en la piel y lesiones oculares graves. Puede provocar daños en los órganos tras exposiciones  rolongadas o repetidas. (tracto gastrointestinal),"Llevar guantes de protección: > 8 horas (tiempo de detección): caucho nitrílico. Llevar gafas o máscara de protección: Recomendado: máscara. Llevar prendas de protección: Recomendado: Traje de protección. No respirar los vapores. Lavarse las manos concienzudamente tras la manipulación. Consultar a un médico en caso de malestar. EN CASO DE INHALACIÓN: Transportar a la persona al aire libre y mantenerla en una posición que le facilite la respiración. Llamar inmediatamente a un centro de información toxicológica o a un médico. EN CASO DE INGESTIÓN: Llamar inmediatamente a un centro de información toxicológica o a un médico. Enjuagarse la boca. NO provocar el vómito. EN CASO DE CONTACTO CON LA PIEL (o el pelo): Quitar inmediatamente todas las prendas contaminadas. Aclararse la piel con agua o ducharse. Lavar las prendas contaminadas antes de volver a usarlas. Llamar inmediatamente a un centro de información toxicológica o a un médico. EN CASO DE CONTACTO CON LOS OJOS: Aclarar cuidadosamente con agua durante varios minutos. Quitar las lentes de contacto, si lleva y resulta fácil. Seguir aclarando. Llamar inmediatamente a un centro de información toxicológica o a un médico. ",Warehouse1,,X,X,,,,,,
KAO-QB00069,QUARTAMIN D86P,No Aplicable,PELIGRO,+34 93 739 9445,"Nocivo en caso de ingestión. Provoca quemaduras graves en la piel y lesiones oculares graves. Puede ser  ortal en caso de ingestión y penetración en las vías respiratorias. Puede provocar daños en los órganos tras exposiciones prolongadas o repetidas. (tracto gastrointestinal, sistema inmunológico, hígado)","Llevar guantes de protección: > 8 horas (tiempo de detección): goma de butilo. Llevar gafas o máscara de protección: Recomendado: Gafas anti-salpicaduras. , máscara. Llevar prendas de protección: Recomendado: Bata de  laboratorio. Traje de protección. No respirar el polvo. No comer, beber ni fumar durante su utilización. Lavarse las manos concienzudamente tras la manipulación. : Consultar a un médico en caso de malestar. EN CASO DE INHALACIÓN: Transportar a la persona al aire libre y mantenerla en una posición que le facilite la respiración. Llamar inmediatamente a un centro de información toxicológica o a un médico. EN CASO DE INGESTIÓN: Llamar inmediatamente a un centro de información toxicológica o a un médico. Enjuagarse la boca. NO provocar el vómito. EN CASO DE CONTACTO CON LA PIEL (o el pelo): Quitar inmediatamente todas las prendas contaminadas. Lave la piel contaminada con el de 3% de ácido acético o el agente que contiene Diphoterin (por ejemplo, Previn ®). Lavar las prendas contaminadas antes de volver a usarlas. Llamar inmediatamente a un centro de información toxicológica o a un médico. EN CASO DE CONTACTO CON LOS  JOS: Lavar inmediatamente con un agente que contenga Diphoterin (por ejemplo,  revin ®), levantando ocasionalmente los párpados superior e inferior.  Quitar las lentes de contacto, si lleva y resulta fácil. Seguir aclarando. Llamar  nmediatamente a un centro de información toxicológica o a un médico. Guardar cerrado. Eliminar el contenido y el recipiente de acuerdo con las normativas locales, regionales, nacionales e internacionales.",Warehouse1,,X,,,X,,,,
,TETRANYL FAV,No Aplicable,ATENCION,+34 93 739 9445,Líquido y vapores inflamables.,"Usar guantes de protección: > 8 horas (tiempo de saturación): caucho butílico , neopreno. Usar protección para los ojos o la cara:  ecomendado: lentes antisalpicaduras. Mantener alejado del calor, superficies calientes, chispas, llamas abiertas y otras fuentes de ignición. No fumar. Todos los equipos eléctricos, de ventilación, de iluminación y para la manipulación de materiales deben ser antideflagrantes. No utilizar herramientas que produzcan chispas. Tomar medidas de precaución contra las descargas  lectrostáticas. Mantener el recipiente herméticamente cerrado. EN CASO DE CONTACTO CON LA PIEL (o el pelo): Quitar inmediatamente toda la ropa contaminada. Lavar la piel con agua o tomar una ducha. Almacenar en un lugar bien ventilado. Mantener fresco. Eliminar el contenido y recipiente conforme a todas las reglamentaciones locales, regionales, nacionales e internacionales. ",Warehouse1,,,,,X,,,,
KAO-QB00061,POIZ 88,No Aplicable,No Aplicable,+34 93 739 9445,No Aplicable,No Aplicable,Warehouse1,,,,,,,,,
KAO-QB00072,TETRANYL AT7590E,No Aplicable,PELIGRO,+34 93 739 9445,Líquido y vapores muy inflamables.,"Usar guantes de protección: > 8 horas (tiempo de saturación): caucho butílico ,
neopreno. Usar protección para los ojos o la cara: Recomendado: lentes antisalpicaduras. Mantener alejado del calor, superficies calientes, chispas, llamas abiertas y otras fuentes de ignición. No fumar. Todos los equipos eléctricos, de ventilación, de iluminación y para la manipulación de materiales deben ser antideflagrantes. No utilizar herramientas que produzcan chispas. Tomar medidas de precaución contra las descargas electrostáticas. Mantener el recipiente herméticamente cerrado. EN CASO DE CONTACTO CON LA PIEL (o el pelo): Quitar inmediatamente toda la ropa contaminada. Lavar la piel con agua o tomar una ducha. Almacenar en un lugar bien ventilado. Mantener fresco. Eliminar el contenido y recipiente conforme a todas las  glamentaciones locales, regionales, nacionales e internacionales.",Warehouse1,,,,,X,,,,
KAO-QB00054,KAOSOFT AGL85,"157905-74-3, 64-17-5",ATENCION,+34 93 739 9445,Líquidos y vapores inflamables.,"Llevar guantes de protección: > 8 horas (tiempo de detección): goma de butilo , neopreno. Llevar gafas o máscara de protección: Recomendado: gafas antisalpicaduras. Mantener alejado del calor, de superficies calientes, de chispas, de llamas abiertas y de cualquier otra fuente de ignición. No fumar. Utilizar un material eléctrico, de ventilación, de iluminación y todos los equipos de manipulación de materiales  ntideflagrantes. Utilizar únicamente herramientas que no produzcan chispas. Tomar  edidas de precaución contra descargas electrostáticas. Mantener el recipiente herméticamente cerrado. EN CASO DE CONTACTO CON LA PIEL (o el pelo): Quitar inmediatamente todas las prendas contaminadas. Aclararse la piel con agua o ducharse. Almacenar en un lugar bien ventilado. Mantener en lugar fresco. Eliminar el contenido y el recipiente de acuerdo con las normativas locales, regionales, nacionales e internacionales.",Warehouse1,,,,,X,,,,
KAO-QB00057,KAO SOFCARE GP1,29117-02-0,ATENCION,+34 93 739 9445,No Aplicable,No Aplicable,Warehouse1,,,,,,,,,
KAO-QB00062,QUARTAMIN 60,112-02-7,PELIGRO,+34 93 739 9445,Provoca lesiones oculares graves. Provoca irritación cutánea,"Llevar guantes de protección: > 8 horas (tiempo de detección): goma de butilo, neopreno. Llevar gafas o máscara de protección: Recomendado: gafas antisalpicaduras. Lavarse las manos concienzudamente tras la manipulación. EN CASO DE CONTACTO CON LA PIEL: Lavar con agua y jabón abundantes. Quitar las prendas contaminadas y lavarlas antes de volver a usarlas. En caso de irritación cutánea: Consultar a un médico. EN CASO DE CONTACTO CON LOS OJOS: Aclarar cuidadosamente con agua durante varios minutos. Quitar las lentes de contacto, si lleva y resulta fácil. Seguir aclarando. Llamar inmediatamente a un centro de información toxicológica o a un médico.",Warehouse1,,X,,,,,,,
,QUARTAMIN S60,"61789-72-8, 112-02-7",PELIGRO,+34 93 739 9445,Provoca lesiones oculares graves. Provoca irritación cutánea.,"Llevar guantes de protección. Llevar gafas o máscara de protección. Lavarse las manos concienzudamente tras la manipulación. EN CASO DE CONTACTO CON LA PIEL: Lavar con agua y jabón abundantes. Quitar las prendas contaminadas y lavarlas antes de volver a usarlas. En caso de irritación cutánea: Consultar a un médico. EN CASO DE CONTACTO CON LOS OJOS: Aclarar cuidadosamente con agua durante varios minutos. Quitar las lentes de contacto, si lleva y resulta fácil. Seguir aclarando. Llamar inmediatamente a un centro de información toxicológica o a un médico.",Warehouse1,,X,,,,,,,
,BETADET HRG ,61789-40-0,PELIGRO,+34 93 739 9445,Provoca lesiones oculares graves.,"Llevar gafas o máscara de protección: Recomendado: gafas anti-salpicaduras. EN CASO DE CONTACTO CON LOS OJOS: Aclarar cuidadosamente con agua durante varios minutos. Quitar las lentes de contacto, si lleva y resulta fácil. Seguir aclarando. Llamar inmediatamente a un centro de información toxicológica o a un médico. ",Warehouse1,,X,,,,,,,
KAO-QB00025,BETADET HR2,61789-40-0,PELIGRO,+34 93 739 9445,Provoca lesiones oculares graves.,"Llevar gafas o máscara de protección: Recomendado: gafas anti-salpicaduras. EN CASO DE CONTACTO CON LOS OJOS: Aclarar cuidadosamente con agua durante varios minutos. Quitar las lentes de contacto, si lleva y resulta fácil. Seguir aclarando. Llamar inmediatamente a un centro de información toxicológica o a un médico. ",Warehouse1,,X,,,,,,,
KAO-QB00027,CETILICO KALKOL 6098,36653-82-4,No Aplicable,+34 93 739 9445,No Aplicable,No Aplicable,Warehouse1,,,,,,,,,
KAO-QB00018,ALCOHOL ESTEARILICO KALKOL 8098 ,112-92-5,No Aplicable,+34 93 739 9445,No Aplicable,No Aplicable,Warehouse1,,,,,,,,,
KAO-QB00021,AMIDET N  ,No Aplicable,ATENCION,+34 93 739 9445,"Provoca irritación cutánea. Nocivo para los organismos acuáticos, con efectos nocivos duraderos.","Llevar guantes de protección: 1 - 4 horas (tiempo de detección): goma de butilo,
Viton®?<1hora(tiempodedetección):neopreno,cauchonitrílico.Evitar su liberación al medio ambiente. Lavarse las manos concienzudamente tras la manipulación. EN CASO DE CONTACTO CON LA PIEL: Lavar con agua y jabón abundantes. En caso de irritación cutánea: Consultar a un médico. Eliminar el contenido y el recipiente de acuerdo con las normativas locales, regionales, nacionales e internacionales. ",Warehouse1,X,,,,,,,,
KAO-QB00075,TETRANYL BC- 50T,61789-71-7,PELIGRO,+34 93 739 9445,Nocivo en caso de ingestión. Provoca quemaduras graves en la piel y lesiones oculares graves.,"Llevar guantes de protección: > 8 horas (tiempo de detección): goma de butilo,
neopreno. Llevar gafas o máscara de protección: Recomendado: gafas de seguridad con protección lateral. Llevar prendas de protección: Recomendado: Traje de protección , bata de laboratorio. No comer, beber ni fumar durante su utilización. Lavarse las manos concienzudamente tras la manipulación. EN CASO DE INHALACIÓN: Transportar a la persona al aire libre y mantenerla en una
posición que le facilite la respiración. Llamar inmediatamente a un centro de
información toxicológica o a un médico. EN CASO DE INGESTIÓN: Llamar
inmediatamente a un centro de información toxicológica o a un médico. Enjuagarse la boca. NO provocar el vómito. EN CASO DE CONTACTO CON LA PIEL (o el pelo): Quitar inmediatamente todas las prendas contaminadas. Aclararse la piel con agua o ducharse. Lavar las prendas contaminadas antes de volver a usarlas. Llamar inmediatamente a un centro de información toxicológica o a un médico. EN CASO DE CONTACTO CON LOS OJOS: Aclarar cuidadosamente con agua durante varios minutos. Quitar las lentes de contacto, si lleva y resulta fácil. Seguir aclarando. Llamar inmediatamente a un centro de información toxicológica o a un médico. Guardar cerrado. Eliminar el contenido y el recipiente de acuerdo con las normativas locales, regionales, nacionales e internacionales.",Warehouse1,X,X,,,,,,,
KAO-QB00078,TETRANYL BC-80E,"61789-71-7, 67-63-0",PELIGRO,+34 93 739 9445,Líquidos y vapores inflamables. Nocivo en caso de ingestión o en contacto con la piel. Provoca quemaduras graves en la piel y lesiones oculares graves.,"Llevar guantes de protección: > 8 horas (tiempo de detección): goma de butilo,
neopreno. Llevar gafas o máscara de protección: Recomendado: gafas de seguridad con protección lateral. Llevar prendas de protección: Recomendado: Traje de protección , bata de laboratorio. Mantener alejado del calor, de superficies calientes, de chispas, de llamas abiertas y de cualquier otra fuente de ignición. No fumar. Utilizar un material eléctrico, de ventilación, de iluminación y todos los equipos de manipulación de materiales antideflagrantes. Utilizar únicamente herramientas que no produzcan chispas. Tomar medidas de precaución contra descargas electrostáticas. Mantener el recipiente herméticamente cerrado. No comer, beber ni fumar durante su utilización. Lavarse las manos concienzudamente tras la manipulación. EN CASO DE INHALACIÓN: Transportar a la persona al aire libre y mantenerla en una posición que le facilite la respiración. Llamar inmediatamente a un centro de información toxicológica o a un médico. EN CASO DE INGESTIÓN: Llamar inmediatamente a un centro de información toxicológica o a un médico. Enjuagarse la boca. NO provocar el vómito. EN CASO DE  CONTACTO CON LA PIEL (o el pelo): Quitar inmediatamente todas las prendas contaminadas. Aclararse la piel con agua o ducharse. Lavar las prendas contaminadas antes de volver a usarlas. Llamar inmediatamente a un centro de información toxicológica o a un médico. EN CASO DE CONTACTO CON LA PIEL: Lavar con agua y jabón abundantes. Llamar a un centro de información toxicológica o a un médico en caso de malestar. Quitar las prendas contaminadas y lavarlas antes de volver a usarlas. EN CASO DE CONTACTO CON  OJOS OJOS: Aclarar cuidadosamente con agua durante varios minutos. Quitar las lentes de contacto, si lleva y resulta fácil. Seguir aclarando. Llamar inmediatamente a un centro de información toxicológica o a un médico. Guardar cerrado. Almacenar en un lugar bien ventilado. Mantener en lugar fresco. : Eliminar el contenido y el recipiente de acuerdo con las normativas locales, regionales, nacionales e internacionales.",Warehouse1,X,X,,,X,,,,
KAO-QB00030,DANOX BT60 ,No Aplica,PELIGRO,+34 93 739 9445,Líquidos y vapores inflamables. Nocivo en caso de ingestión o en contacto con la piel. Provoca quemaduras graves en la piel y lesiones oculares graves.,"Llevar guantes de protección: > 8 horas (tiempo de detección): goma de butilo. Llevar gafas o máscara de protección: Recomendado: gafas anti-salpicaduras , máscara. Llevar prendas de protección: Recomendado: traje protector resistente a los químicos.  mantener alejado del calor, de superficies calientes, de chispas, de llamas abiertas y de cualquier otra fuente de ignición. No fumar. Utilizar un material eléctrico, de ventilación, de iluminación y todos los equipos de manipulación de materiales antideflagrantes. Utilizar únicamente herramientas que no produzcan chispas. Tomar medidas de precaución contra descargas electrostáticas. Mantener el recipiente herméticamente cerrado. No comer, beber ni fumar durante su utilización. Lavarse las manos concienzudamente tras la manipulación. EN CASO DE INHALACIÓN: Transportar a la persona al aire libre y mantenerla en una posición que le facilite la respiración. Llamar inmediatamente a un centro de información toxicológica o a un médico. EN CASO DE INGESTIÓN: Llamar
inmediatamente a un centro de información toxicológica o a un médico. Enjuagarse la boca. NO provocar el vómito. EN CASO DE CONTACTO CON LA PIEL (o el pelo): Quitar inmediatamente todas las prendas contaminadas. Aclararse la piel con agua o ducharse. Lavar las prendas contaminadas antes de volver a usarlas. Llamar inmediatamente a un centro de información toxicológica o a un médico. EN CASO DE CONTACTO CON LA PIEL: Lavar con agua y jabón abundantes. Llamar a un centro de información toxicológica o a un médico en caso de malestar. Quitar las prendas contaminadas y lavarlas antes de volver a usarlas. EN CASO DE CONTACTO CON LOS OJOS: Aclarar cuidadosamente con agua durante varios minutos. Quitar las lentes de contacto, si lleva y resulta fácil. Seguir aclarando. Llamar inmediatamente a
un centro de información toxicológica o a un médico. Guardar cerrado. Almacenar en un lugar bien ventilado. Mantener en lugar fresco. Eliminar el contenido y el recipiente de acuerdo con las normativas locales, regionales, nacionales e internacionales.",Warehouse1,X,X,,,X,,,,
KAO-QB00066,QUARTAMIN B18 , - , - , - , - , - ,Warehouse1,,,,,,,,,
KAO-QB00028,CORROMIN E-4,No aplicable,PELIGRO,+34 93 739 9445,Líquidos y vapores inflamables. Nocivo en caso de ingestión. Provoca quemaduras graves en la piel y  lesiones oculares graves. Puede provocar una reacción alérgica en la piel. Puede provocar somnolencia o vértigo. Provoca daños en los órganos tras exposiciones prolongadas o repetidas.,"Llevar guantes de protección: > 8 horas (tiempo de detección): goma de butilo , Viton®. Llevar gafas o máscara de protección: Recomendado: gafas anti-salpicaduras , máscara. Llevar prendas de protección: Recomendado: Traje de protección. Mantener alejado del calor, de superficies calientes, de chispas, de llamas abiertas y de cualquier otra fuente de ignición. No fumar. Utilizar un material eléctrico, de ventilación, de iluminación y todos los equipos de manipulación de materiales antideflagrantes. Utilizar únicamente herramientas que no produzcan chispas. Tomar medidas de precaución contra descargas electrostáticas. Mantener el recipiente herméticamente cerrado. Utilizar únicamente en exteriores o en un lugar bien ventilado. No respirar los vapores. No comer, beber ni fumar durante su utilización. Lavarse las manos concienzudamente tras la manipulación.  Consultar a un médico en caso de malestar. EN CASO DE INHALACIÓN: Transportar a la víctima al exterior y mantenerla en reposo en una posición confortable para respirar. Llamar inmediatamente a un centro de información toxicológica o a un médico. EN CASO DE INGESTIÓN: Llamar inmediatamente a un centro de información toxicológica o a un médico. Enjuagarse la boca. NO provocar el vómito. EN CASO DE CONTACTO CON LA PIEL (o el pelo): Quitar inmediatamente todas las prendas contaminadas. Aclararse la piel con agua o ducharse. Lavar las prendas contaminadas antes de volver a usarlas. Llamar inmediatamente a un centro de información toxicológica o a un médico. EN CASO DE CONTACTO CON LA PIEL: Lave la piel contaminada con el de 3% de ácido acético o el agente que contiene Diphoterin (por ejemplo, Previn ®). En caso de irritación o erupción cutánea: Consultar a un médico. EN CASO DE CONTACTO CON LOS OJOS: Lavar inmediatamente  con un agente que contenga Diphoterin (por ejemplo, Previn ®), levantando casionalmente los párpados superior e inferior.  Quitar las lentes de contacto, si lleva y resulta fácil. Seguir  aclarando. Llamar inmediatamente a un centro de información toxicológica o a un médico. Guardar cerrado. Almacenar en un lugar bien ventilado. Mantener en lugar fresco. Eliminar el contenido y el recipiente de acuerdo con las normativas locales, regionales, nacionales e internacionales.",Warehouse1,X,X,X,,X,,,,
KAO-QB00022,AMIET 502 TAMBOR 175 KGS,61791-26-2,PELIGRO,+34 93 739 9445,Nocivo en caso de ingestión. Provoca quemaduras graves en la piel y lesiones oculares graves.,"Llevar guantes de protección: > 8 horas (tiempo de detección): goma de butilo. Llevar gafas o máscara de protección: Recomendado: gafas anti-salpicaduras. Llevar prendas de protección: Recomendado: bata de laboratorio , Traje de protección. No comer, beber ni fumar durante su utilización. Lavarse las manos concienzudamente tras la manipulación. EN CASO DE INGESTIÓN: Llamar a un centro de información toxicológica o a un médico en caso de malestar. Enjuagarse la boca. EN CASO DE CONTACTO CON LA PIEL: Lave la piel contaminada con el de 3% de ácido acético o el agente que contiene Diphoterin (por ejemplo, Previn ®). Quitarse las prendas contaminadas. Lavar las prendas contaminadas antes de volver a usarlas. En caso de irritación cutánea: Consultar a un médico. EN CASO DE CONTACTO CON LOS OJOS: Lavar inmediatamente con un agente que contenga Diphoterin (por ejemplo, Previn ®), levantando ocasionalmente los párpados superior e inferior.  Quitar las lentes de contacto, si lleva y resulta fácil. Seguir aclarando. Llamar  nmediatamente a un centro de información toxicológica o a un médico. Guardar cerrado. Eliminar el contenido y el recipiente de acuerdo con las normativas locales, regionales, nacionales e internacionales.",Warehouse1,X,X,,,,,,,
KAO-QB00049,FORMOX DMCD (E),No aplicable,PELIGRO,+34 93 739 9445,Provoca lesiones oculares graves. Provoca irritación cutánea.,"Llevar guantes de protección: > 8 horas (tiempo de detección): goma de butilo. Llevar gafas o máscara de protección: Recomendado: gafas anti-salpicaduras. Lavarse las manos concienzudamente tras la manipulación. EN CASO DE CONTACTO CON LA PIEL: Lavar con agua y jabón abundantes. Quitar las prendas contaminadas y lavarlas antes de volver a usarlas. En caso de irritación cutánea: Consultar a un médico. EN CASO DE CONTACTO CON LOS OJOS: Aclarar cuidadosamente con agua durante varios minutos. Quitar las lentes de contacto, si lleva y resulta fácil. Seguir aclarando. Llamar inmediatamente a un centro de información toxicológica o a un médico. ",Warehouse1,,X,,,,,,,
,ACIDO GRASO TO (ACIDO OLEICO QK),61790-12-3,SIN PALABRA,+34 93 739 9445,No Aplicable,No Aplicable,Warehouse1,,,,,,,,,
KAO-QB00042,EMAL 10-N (LAURIL SULFATO DE SODIO) ,73296-89-6,PELIGRO,+34 93 739 9445,Nocivo en caso de ingestión. Provoca lesiones oculares graves. Provoca irritación cutánea.,"Llevar guantes de protección: > 8 horas (tiempo de detección): goma de butilo, Viton®, caucho nitrílico, neopreno. Llevar gafas o máscara de protección: Recomendado: gafas anti-salpicaduras. No comer, beber ni fumar durante su utilización. Lavarse las manos concienzudamente tras la manipulación.  EN CASO DE INGESTIÓN: Llamar a un centro de información toxicológica o a un médico en caso de malestar. Enjuagarse la boca. EN CASO DE CONTACTO CON LA PIEL: Lavar con agua y jabón abundantes. Quitar las prendas contaminadas y lavarlas antes de volver a usarlas. En caso de irritación cutánea: Consultar a un médico. EN CASO DE CONTACTO CON LOS OJOS: Aclarar cuidadosamente con agua durante varios minutos. Quitar las lentes de contacto, si lleva y resulta fácil. Seguir aclarrando. Llamar inmediatamente a un centro de información toxicológica o a un médico. Eliminar el contenido y el recipiente de acuerdo con las normativas locales, regionales, nacionales e internacionales.",Warehouse1,X,X,,,,,,,
KAO-QB00044,EMAL 227 (LESS QKA),No Aplicable,PELIGRO,+34 93 739 9445,Provoca lesiones oculares graves. Provoca irritación cutánea.,"Llevar guantes de protección. Llevar gafas o máscara de protección. Lavarse las manos concienzudamente tras la manipulación. EN CASO DE CONTACTO CON LA PIEL: Lavar con agua y jabón abundantes. Quitar las prendas contaminadas y lavarlas antes de volver a usarlas. En caso de irritación cutánea: Consultar a un médico. EN CASO DE CONTACTO CON LOS OJOS: Aclarar cuidadosamente con agua durante varios minutos. Quitar las lentes de contacto, si lleva y resulta fácil. Seguir aclarando. Llamar inmediatamente a un centro de información toxicológica o a un médico. ",Warehouse1,,X,,,,,,,
KAO-QB00019,ALFANOX 46 ,68439-57-6,PELIGRO,+34 93 739 9445,Provoca lesiones oculares graves. Provoca irritación cutánea.,"Llevar guantes de protección: > 8 horas (tiempo de detección): goma de butilo, Viton®, caucho nitrílico, neopreno. Llevar gafas o máscara de protección: Recomendado: gafas anti-salpicaduras , gafas de seguridad con protección lateral. Lavarse las manos concienzudamente tras la manipulación. EN CASO DE CONTACTO CON LA PIEL: Lavar con agua y jabón abundantes. Quitarse las prendas contaminadas. Lavar las prendas contaminadas antes de volver a usarlas. En caso de irritación cutánea: Consultar a un  médico. EN CASO DE CONTACTO CON LOS OJOS: Aclarar cuidadosamente con agua durante varios minutos. Quitar las lentes de contacto, si lleva y resulta fácil. Seguir aclarando. Llamar inmediatamente a un centro de información toxicológica o a un médico. ",Warehouse1,,X,,,,,,,
KAO-QB00029,DANOX 511-B ,"61791-14-8, 70592-80-2, 61790-85-0",PELIGRO,+34 93 739 9445,Nocivo en caso de ingestión. Provoca quemaduras graves en la piel y lesiones oculares graves. Provoca daños en los órganos tras exposiciones prolongadas o repetidas.,"Llevar guantes de protección: > 8 horas (tiempo de detección): goma de butilo. Llevar gafas o máscara de protección: Recomendado: gafas anti-salpicaduras , gafas de seguridad con protección lateral. Llevar prendas de protección:  ecomendado: Traje de protección , bata de laboratorio. No respirar los vapores. No comer, beber ni fumar durante su utilización. Lavarse las manos concienzudamente tras la manipulación. Consultar a un médico en caso de malestar. EN CASO DE INHALACIÓN: Transportar a la persona al aire libre y mantenerla en una posición que le facilite la respiración. Llamar inmediatamente a un centro de información toxicológica o a un médico. EN CASO DE INGESTIÓN: Llamar inmediatamente a un centro de información toxicológica o a un médico. Enjuagarse la boca. NO provocar el vómito. EN CASO DE CONTACTO CON LA PIEL (o el pelo): Quitar inmediatamente todas las prendas contaminadas. Aclararse la piel con agua o ducharse. Lavar las prendas contaminadas antes de volver a usarlas. Llamar inmediatamente a un centro de información toxicológica o a un médico. EN CASO DE CONTACTO CON LOS OJOS: Aclarar cuidadosamente con agua durante varios minutos. Quitar las lentes de contacto, si lleva y resulta fácil. Seguir aclarando. Llamar inmediatamente a un centro de información toxicológica o a un médico. Guardar cerrado. Eliminar el contenido y el recipiente de acuerdo con las normativas locales, regionales, nacionales e internacionales.",Warehouse1,X,X,X,,,,,,
KAO-QB00043,EMAL 10G,73296-89-6,PELIGRO,+34 93 739 9445,Nocivo en caso de ingestión. Provoca lesiones oculares graves. Provoca irritación cutánea.,"Llevar guantes de protección: > 8 horas (tiempo de detección): goma de butilo, Viton®, caucho nitrílico, neopreno. Llevar gafas o máscara de protección:  Recomendado: gafas anti-salpicaduras. No comer, beber ni fumar durante su  tilización. Lavarse las manos concienzudamente tras la manipulación.  EN CASO DE INGESTIÓN: Llamar a un centro de información toxicológica o a un médico en caso de malestar. Enjuagarse la boca. EN CASO DE CONTACTO CON LA PIEL: Lavar con agua y jabón abundantes. Quitar las prendas contaminadas y lavarlas antes de volver a usarlas. En caso de irritación cutánea: Consultar a un médico. EN CASO DE CONTACTO CON LOS OJOS: Aclarar cuidadosamente con agua durante varios minutos. Quitar las lentes de contacto, si lleva y resulta fácil. Seguir aclarando. Llamar inmediatamente a un centro de información toxicológica o a un médico. Eliminar el contenido y el recipiente de acuerdo con las normativas locales, regionales, nacionales e internacionales.",Warehouse1,X,X,,,,,,,
KAO-QB00060,POIZ 535 ,No Aplicable,Sin palabra de advertencia.,+34 93 739 9445,No Aplicable,No Aplicable,Warehouse1,,,,,,,,,
,DIAMIN OE ,No Aplicable,PELIGRO,+34 93 739 9445,Nocivo en caso de ingestión. Provoca quemaduras graves en la piel y lesiones oculares graves. Provoca daños en los órganos tras exposiciones prolongadas o repetidas.,"Llevar guantes de protección: > 8 horas (tiempo de detección): goma de butilo. Llevar gafas o máscara de protección: Recomendado: máscara. Llevar prendas de protección: Recomendado: Traje de protección , bata de laboratorio. No respirar los vapores. No comer, beber ni fumar durante su utilización. Lavarse las manos concienzudamente tras la manipulación. EN CASO DE INHALACIÓN: Transportar a la víctima al exterior y mantenerla en reposo en una posición confortable para respirar. Llamar inmediatamente a un centrode información toxicológica o a un médico. EN CASO DE INGESTIÓN: Llamar inmediatamente a un centro de información toxicológica o a un médico. Enjuagarse la boca. NO provocar el vómito. EN CASO DE CONTACTO CON LA PIEL (o el pelo): Quitar inmediatamente todas las prendas contaminadas. Lave la piel contaminada con el de 3% de ácido acético o el agente que contiene Diphoterin (por ejemplo, Previn ®). Lavar las prendas contaminadas antes de volver a usarlas. Llamar inmediatamente a un centro de información toxicológica o a un médico. EN CASO DE CONTACTO CON LOS OJOS: Lavar inmediatamente con un agente que contenga Diphoterin (por ejemplo, Previn ®), levantando ocasionalmente los párpados superior e inferior.  Quitar las lentes de contacto, si lleva y resulta fácil. Seguir aclarando. Llamar inmediatamente a un centro de información toxicológica o a un médico.",Warehouse1,X,X,X,,,,,,
,ACEITE DE PINO Y40,8002  9  3,ATENCION,+55 5831 7905 ,"H226: líquido y vapores inflamables. H334: puede provocar síntomas de alergia o asma o dificultades respiratorias si se inhala.  H400: no dispersar en el medio ambiente/no es
su uso destinado.
","P233: mantener alejado del calor/de chispas/de llamas al descubierto/de superficies calientes. No fumar. P235: mantener el recipiente herméticamente cerrado. P241: utilizar un material eléctrico/de ventilación/iluminación//antideflagrante. P242: no utilizar herramienta que produzca chispa. P243: tomar medidas de precaución contra las descargas electroestáticas. P280: usar guantes y equipo de protección personal para ojos/cara. P303, P361, y P353: en caso de contacto con la piel o el pelo: quitar inmediatamente la ropa contaminada. Enjuagar la piel con agua/ducharse. P370 y P378: en caso de incendio utilizar para la extinción: polvo químico seco (extintor de PQS) P391: recoger los vertidos.
P501: eliminar el contenido del recipiente conforme a la
reglamentación/local/nacional/internacional.
",Warehouse1,X,,X,,X,,,,
VAR-QB00005,ACEITE DE PINO Y55,8002  9  3,ATENCION,+55 5831 7905 ,"H226: líquido y vapores inflamables. H334: puede provocar síntomas de alergia o asma o dificultades respiratorias si se inhala.  H400: no dispersar en el medio ambiente/no es
su uso destinado.
","P233: mantener alejado del calor/de chispas/de llamas al descubierto/de superficies calientes. No fumar. P235: mantener el recipiente herméticamente cerrado. P241: utilizar un material eléctrico/de ventilación/iluminación//antideflagrante. P242: no utilizar herramienta que produzca chispa. P243: tomar medidas de precaución contra las descargas electroestáticas. P280: usar guantes y equipo de protección personal para ojos/cara. P303, P361, y P353: en caso de contacto con la piel o el pelo: quitar inmediatamente la ropa contaminada. Enjuagar la piel con agua/ducharse. P370 y P378: en caso de incendio utilizar para la extinción: polvo químico seco (extintor de PQS) P391: recoger los vertidos.
P501: eliminar el contenido del recipiente conforme a la
reglamentación/local/nacional/internacional.
",Warehouse1,X,,X,,X,,,,
VAR-QB00006,ACEITE MINERAL QB 85,8012-95-1; 8042-47-5,Sin palabra de advertencia.,01 800 00 21400,No Aplicable,No Aplicable,Warehouse1,,,,,,,,,
VAR-QB00159,ACEITE DE PINO V55 NO UTILIZAR, - , - , - ,  -   , - ,Warehouse1,,,,,,,,,
VAR-QB00015,ALCOHOL E. DESTUFADO , - , - , - ,  -   , - ,Warehouse1,,,,,,,,,
VAR-QB00018,ALCOHOL LAURICO 9 MOLES, - ,PELIGRO, - ,H302: Nocivo en caso de ingestión. H315: Provoca irritación cutánea. H313: Puede ser nocivo en contacto con la piel. H318: Provo lesiones oculares graves.,"P264: Lavarse concienzudamente tras la manipulación.P270: No comer, beber ni fumar durante su utilización. P280: Llevar guantes/prendas/gafas/mascara de protección. P301+ P312: EN CASO DE INGESTION: Llamar a un centro de
información toxicológica o a un médico si se encuentra mal. P302+ P352: EN CASO DE CONTACTO CON LA PIEL: Lavar con agua y jabón abundante.
P310: Llamar inmediatamente a un centro de información toxicológica o aun medico. P312: Llamar a un centro de toxicología o medico si la persona se
encuentra mal. P321: Tratamiento específico (ver sección 4 en esta FDS)
P330: Enjuagarse la boca. P332+ P313: En caso de irritación cutánea consultar a un medico. P362+ P364: Quitar la ropa contaminada y lavarla antes de volverla
a usar",Warehouse1,X,X,,,,,,,
VAR-QB00105,IPA , - , - , - ,  -   , - ,Warehouse1,,,,,,,,,
VAR-QB00008,ACIDO CITRICO,77- 92- 9,ATENCION, - ,H319: Provoca irritación ocular grave.,"P264: Lavarse las manos concienzudamente tras la manipulación. P280: Llevar guantes/prendas/gafas/mascara de protección. P305+ P351+ P338: EN CASO DE CONTACTO CON LOS OJOS, aclarar cuidadosamente con agua durante varios minutos. Quitar las lentes de contacto, si lleva y resulta fácil. Seguir aclarando. P337+ P313: Si persiste la irritación ocular consulte a un médico.",Warehouse1,X,,,,,,,,
VAR-QB00009,ACIDO ESTEARICO AE-5001 TRIPLE PRENSADO (COSMETICO),No Aplica,ATENCION,01 800 00 21400; 01 (55) 55 59 15 88,H413 puede causar efecto nocivos duraderos en la vida acuática,P273 evitar su liberación al medio ambiente,Warehouse1,X,,,,,,,,
VAR-QB00011,ADBS QB,27176-87-0,PELIGRO,SETIQ: 01800-00-214-00 HARMONY CHEM: 01-779-79-6-26-85,H301: Toxico en caso de ingestión H305: puede ser nocivo en caso de ingestión y de penetración en las vías respiratorias H314: provoca graves quemaduras en la piel y lesiones oculares H315: provoca irritación cutánea H318: provoca lesiones oculares graves H402: nocivo para los organismos acuáticos graves,"P207  no comer, beber ni fumar durante la utilización de este producto. P264  lavarse las manos concienzudamente tras la manipulación.  P301+P312  EN CASO DE INGESTION: si se siente mal, llame a un CENTRO DE INFORMACION TOXICOLOGICA/medico. P301+P330+P331  EN CASO DE INGESTION: enjuagar la boca. NO induzca el vómito. P303+P361+P353  EN CASO DE CONTACTO CON LA PIEL (o el pelo): quitar inmediatamente la ropa contaminada. Aclararse la piel con agua/ducharse. P304+P340+P311 - EN CASO DE INHALACION: transportar a la víctima al exterior y mantenerla en reposo en una posición confortable para respirar. Llamar inmediatamente a un centro de toxicología/medico, P305+P351+P338 - EN CASO DE CONTACTO CON LOS OJOS: enjuague bien con agua durante varios minutos. En el caso de las lentes de contacto, quitarlas, si es fácil. Continúe enjuagando. P501: eliminar el contenido/el recipiente en un punto de recogida de residuos especiales.",Warehouse1,X,X,,,,,,,
VAR-QB00069,DBSS,25155-30-0,ATENCION,01800- 00- 214- 00 / 01-779- 79- 6- 26- 85,"H302: Nocivo en caso de ingestión. H315: Irritación a la piel, corrosión/irritación. H318: Daño en los ojos, lesiones oculares graves/irritación.","P264: Lávese cuidadosamente después de la manipulación. P270: No coma, beba o fume cuando esté usando este producto. P280: Use guantes protectores ropa protección, lentes de protección y protección para la cara y los ojos. P261: Evite respirar el polvo, humo, gas, niebla, vapor o spray. P301+P312: SI SE INGIERE: Llamar a un centro de toxicología o al doctor si no se siente bien. P302+P352: SI SE ENCUENTRA EN LA PIEL: Lavar con abundante jabón y agua. P305+P351+P338: SI SE ENCUENTRA EN LOS OJOS: Enjuague cuidadosamente con agua por varios minutos, remueva los lentes de contacto. P321: Tratamiento específico. P330: Enjuagar la boca. P332+P313: Si hay  rritación en la piel: consiga atención médica. P501: Eliminar el contenedor de acuerdo a las regulaciones nacionales",Warehouse1,X,,,,,,,,
VAR-QB00111,LSA QH,2235- 54- 3,ATENCION,+52 5552 2955 55,H315: Provoca irritación cutánea. H319: Provoca irritación ocular grave,P264: Lavarse piel concienzudamente tras la manipulación. P280: Llevar uantes/gafas/mascara de protección.  P302+ P352 EN CASO DE CONTACTO CON LA PIEL: Lavar con abundante agua. P305+ P351+ P338: EN CASO DE CONTACTO CON LOS OJOS: Enjuagar con agua cuidadosamente durante varios minutos. Quitar los lentes de contacto cuando estén presentes y pueda hacerse. con facilidad. Proseguir con el lavado. P332+ P313 EN CASO DE IRRITACION CUTANEA: Consultar a un médico. P362+ P364: Quitar prendas contaminadas y lavarlas antes de volver a usarlas.,Warehouse1,X,,,,,,,,
VAR-QB00122,NF-600,No Aplica,PELIGRO,01-800-00-214,"H302: Nocivo en caso de ingestión. H313: Puede ser nocivo en contacto con la piel. H315: Provoca irritación cutánea. H318: Provoca lesiones oculares graves. H401: Toxico para los organismos acuáticos. H411: Toxico para los organismos acuáticos, con efectos nocivos duraderos.","P264: Lavarse las manos completamente después de su manipulación. P270: No comer, beber o fumar mientras se manipula este producto. P273: No dispersar en el medio  mbiente. P280: Usar guantes/ropa/lentes de protección. P301+P312: En caso de ingestión llamar a un centro de toxicología si la persona se encuentra mal. P302+P352: En caso de contacto con la piel lavar con abundante agua. P305+P351+P338: En caso de contacto con los ojos enjuagar con agua cuidadosamente durante varios minutos. Quitar los lentes de contacto cuando estén presentes y pueda hacerse con facilidad. Proseguir con el lavado. P310: Llamar inmediatamente a un centro de toxicología. P332+P313: En caso de irritación cutánea consultar a un médico. P330: Enjuagarse la boca P362+P364: Quitar la ropa contaminada y lavarla antes de volverla a usar. P391: Recoger el vertido. P401: Guardar con forme a lo indicado en la sección VII.  Eliminar el contenido/recipiente conforme a la reglamentación local.",Warehouse1,X,X,,,,X,,,
VAR-QB00030,BETAINA QB,61789-40-0,ATENCION,-,H319: Provoca irritación ocular grave,P305+ P351+ P338 EN CASO DE CONTACTO CON LOS OJOS: Enjaguar con agua cuidadosamente durante varios minutos. Quitar lentes de contacto cuando estén presentes y pueda hacerse con facilidad. Proseguir con el lavado. P313: Consultar a un médico. P301+ P330+ P331 EN CASO DE INGESTION: Enjuagar la boca. No provocar el vomito. P302+ P352 EN CASO DE CONTACTO CON LA PIEL: Lavar con abundante agua.,Warehouse1,X,,,,,,,,
VAR-QB00119,NF1000 QB,127087-87-0,ATENCION,01-800-00-214-00,H302: Nocivo en caso de ingestión. H313: puede ser nocivo en contacto con la piel. H315: provoca irritación cutánea. H319: provoca irritación ocular grave. H402: nocivo para los organismos acuáticos.,"P264: lavarse las manos y la cara completamente después de su manipulación. Báñese completamente al finalizar su jornada de trabajo. P270: no comer, beber o fumar mientras se manipula este producto. P273: no dispersar en el medio ambiente. P280: usar guantes, ropa de protección, equipo de protección para la cara y ojos. P301+P312: EN CASO DE INGESTION, llamar a un centro de toxicología o medico si la persona se encuentra mal. P330: enjuagarse la boca. P312: llamar a un centro de toxicología o medico si la persona se encuentra mal. P302+P352: EN CASO DE CONTACTO CON LA PIEL: lavar con abundante agua. P321: tratamiento específico (ver sección 4 en esta FDS). P332+P313: en caso de irritación cutánea, consultar un médico.
P362+P364: quitar la ropa contaminada y lavarla antes de volverla a usar.
P305+P351+P338: EN CASO DE CONTACTO CON LOS OJOS: enjuagar con agua  uidadosamente durante varios minutos. Quitar las lentes de contacto cuando estén presentes y pueda hacerse con facilidad. Proseguir el lavado. P501: eliminar el contenido y el recipiente de acuerdo con las normas nacionales o internacionales  igentes.",Warehouse1,X,,,,,,,,
VAR-QB00082,ESTANATO DE SODIO ,-,-,-,-,-,Warehouse1,,,,,,,,,
VAR-QB00099,GLICEPOL 160,"31566-31-1, 123-94-4, 11099-07-3, 85666-92-8, 85251-77-0",No Aplicable, -  ,No Aplicable,No Aplicable,Warehouse1,,,,,,,,,
VAR-QB00023,ANTIESPUMANTE,No Aplicable,No Aplicable, - ,No Aplicable,No Aplicable,Warehouse1,,,,,,,,,
VAR-QB00032,C.M.C.,9004-32-4,ATENCION, - ,Puede provocar irritación cutánea Puede formar concentraciones de polvo combustible en aire.,No Aplicable,Warehouse1,,,,,,,,,
VAR-QB00076,EDTA,MEZCLA,ATENCION,01 800 002 14/,H303- Puede ser nocivo en caso de ingestión. H315- Provoca irritación cutánea. H319- Provoca irritación ocular grave. H332- Nocivo si se inhala. H351- Susceptible de provocar cáncer. H373- Puede provocar daños en los órganos (tracto respiratorio) tras exposiciones prolongadas o repetidas si se inhala.,"P201: Procurar las instrucciones antes del uso. P202: No manipular antes de haber leído y comprendido todas las precauciones de seguridad. P260: No respirar polvos o nieblas. P264: Lavarse cuidadosamente después de la manipulación. P271: Utilizar solo al aire libre o en un lugar bien ventilado. P280: Usar guantes, ropa de protección y equipo de protección adecuados para ojos y cara. RESPUESTA P302+ P352: EN CASO DE CONTACTO CON LA PIEL lavar con abundante agua. P304+ P340+ P312: EN CASO DE INHALACION transportar la victima al aire libre y mantenerla en reposo en una posición que le facilite la respiración. Llamar un centro de toxicología o a un médico si la persona se encuentra mal. P305+ P351+ P338: EN CASO DE CONTACTO CON LOS OJOS enjuagar con agua cuidadosamente durante varios minutos. Quitar las lentes de contacto cuando estén presentes y pueda hacerse con facilidad. Proseguir con el lavado. P312: Llamar a un centro de toxicología o aun medico si la persona se encuentra mal. P332+ P313: En caso de irritación cutánea consultar a un médico. ALMACENAMIENTO P405: Guardar bajo llave. DISPOSICION P501: Eliminar el contenido/recipiente en un punto de recogida de residuos especiales. ____________________________________________________________________",Warehouse1,X,,X,,,,,,
VAR-QB00118,NACARANTE QB,"68585-34-2, 627-83-8, 68140-00-1",ATENCION,01 800 00 21400 ; 01 (55) 55 59 15 88,H319 Causa seria irritación ocular H315 Causa irritación en piel.,"P280 Utilizar equipo de protección personal (lentes, guantes mascarilla). P264 Lavarse bien después de manipularlo. P305+P351+P338 En caso de tener contacto con los ojos enjuagar con abundante agua, si es posible retirar los lentes y continuar enjuagando.",Warehouse1,X,,,,,,,,
VAR-QB00140,TEA USO INDUSTRIAL (TRIETANOLAMINA 85%),102-71-6,PELIGRO,01 800 00 21400,H302 Nocivo en caso de ingestión. H318 Provoca lesiones oculares graves. H315 Provoca irritación cutánea. H373 Puede provocar daños en los órganos tras exposiciones prolongadas o repetidas.,"P270 No comer, beber ni fumar durante la utilización. P302+P352 En caso de contacto con la piel: Lavar con agua y jabón abundantes. P305+P351+P338 En caso de contacto con los ojos: Aclarar cuidadosamente con agua durante varios minutos. Quitar los lentes de contacto, si lleva y resulta fácil. Seguir aclarando. P310 Llamar inmediatamente a un centro de toxicología o aun médico.
P321 Si necesita un tratamiento específico (acuda al médico con la ficha de seguridad de este producto). P362 Quitarse las prendas contaminadas y lavarlas antes de volver a usarlas.",Warehouse1,X,X,X,,,,,,
VAR-QB00102,GLUCOPON 425 ,110615-47-9 68515-73-1,PELIGRO, - ,H318: Provoca lesiones oculares graves. H402: Nocivo para los organismos acuáticos.,"P280: Llevar guantes, prendas, gafas, mascara de protección. P273: Evitar su liberación al medio ambiente. P305+P351+P338: En caso de contacto con los ojos: Aclarar
cuidadosamente con agua durante varios minutos. Quitar los lentes de contacto, si lleva y resulta fácil. Seguir aclarando. P310: Llamar inmediatamente a un centro de toxicología/medico. P501: Eliminar el contenido/el recipiente en un punto de recogida
de residuos especiales. ",Warehouse1,,X,,,,,,,
VAR-QB00037,CETEARETH-20,68439-49-6,No Aplicable, - ,No Aplicable,No Aplicable,Warehouse1,,,,,,,,,
VAR-QB00071,DEAC. SY,No Aplicable,ATENCION,5860-2196 / 5860- 2039,H319 provoca irritación ocular grave,"P305+P351+P338 EN CASO DE CONTACTO CON LOS OJOS, enjuagar con agua cuidadosamente durante varios minutos. Quitar lentes de contacto cuando estén presentes y pueda hacerse con facilidad. Proseguir con el lavado. P313 consular un médico. P301+P330+P331 EN CASO DE INGESTION, enjuagar la boca. No provocar el vómito. P303+P352 EN CASO DE CONTACTO CON LA PIEL, lavar con abundante agua. ",Warehouse1,X,,,,,,,,
VAR-QB00070,DEAC. DE COCO,"68603-42-9, 61791-31-9",ATENCION,5860-2196 / 5860- 2039,H319 provoca irritación ocular,"P305+P351+P338 EN CASO DE CONTACTO CON LOS OJOS, enjuagar con agua cuidadosamente durante varios minutos. Quitar lentes de contacto cuando estén presentes y pueda hacerse con facilidad. Proseguir el lavado. P313 Consultar un medico. P301+P330+P331 EN CASO DE INGESTION, enjuagar la boca. No provocar el vomito. P302+P352 EN CASO DE CONTACTO CON LA PIEL, lavar con agua abundante.",Warehouse1,X,,,,,,,,
VAR-QB00151,FORMOL,50-00-0,PELIGRO, - ,H301 Toxico en caso de ingestión. H311 Toxico en contacto con la piel. H314 Provoca quemaduras graves en la piel y lesiones oculares graves. H317 Puede provocar una reacción alérgica en la piel. H331 Toxico en caso de inhalación. H335 Puede irritar las vías respiratorias. H351 Se sospecha que provoca cáncer. H402 Nocivo para la vida acuática.,"P280 Llevar guanterendas/gafas/mascara de protección. Respuesta: P310 Llamar inmediatamente a un centro de información toxicológica o a un médico. P301+P330+P331 En caso de ingestión: Enjuagarse la boca. No provocar el vómito. P303+P361+P353 En caso de contacto con la piel (o el pelo): quitarse inmediatamente las prendas contaminadas. Aclararse la piel con agua o ducharse.
P304+P340 En caso de inhalación: Transportar a la víctima al exterior y mantenerla en reposo en una posición confortable para respirar. P305+P351+P338 En caso de contacto con los ojos: Aclarar cuidadosamente con agua durante varios minutos. Quitar las lentes de contacto, si lleva y resulta fácil. Seguir aclarando.
",Warehouse1,,X,X,X,,,,,
VAR-QB00093,FONGRABAC MG (CONSERVA GEL SHAMPOO),10377- 60- 3/ 26172- 55- 4 / 2682- 20- 4,PELIGRO,+ 52 55 52 29 55 55,H302: Nocivo en caso de ingestión. H314: Provoca quemaduras graves en la piel y lesiones oculares graves. H317: Puede provocar una reacción alérgica en la piel. H318: Provoca lesiones oculares graves.,"P261: Evitar respirar el polvo/el humo/el gas/la niebla/los vapores/el aerosol. P264: Lavarse la piel concienzudamente tras la manipulación. P270: No comer, beber ni fumar durante su utilización. P272: Las prendas de trabajo contaminadas no podrán sacarse del lugar de trabajo. P280: Llevar guanterendas/gafas/mascara de protección. P301+ P312+ P330 EN CASO DE INGESTION: Llamar a un centro de información
toxicológica o a un médico en caso de malestar. Enjuagarse la boca.
P301+ P330+ P331 EN CASO DE INGESTION: Enjuagarse la boca. No provocar el
vómito.
P303+ P361+ P353 EN CASO DE CONTACTO CON LA PIEL (o el pelo): Quitarse
inmediatamente las prendas contaminadas. Aclararse la piel con agua o ducharse.
P304+ P340+ P310 EN CASO DE INHALACION: Transportar a la víctima al exterior y
mantenerla en reposo en una posición confortable para respirar. Llamar
inmediatamente a un centro de información toxicológica o a un médico.
P305+ P351+ P338+ P310 EN CASO DE CONTACTO CON LOS OJOS: Aclarar cuidadosamente con agua durante varios minutos. Quitar las lentes de contacto, si
lleva y resulta fácil. Seguir aclarando. Llamar inmediatamente a un centro de
información toxicológica o a un médico. P333+ P313: En caso de irritación o erupción cutánea consultar a un médico. P363: Lavar las prendas contaminadas antes de volver a usarlas. P405: Guardar bajo llave. P501: Eliminar el contenido/el recipiente en una planta de eliminación de residuos autorizada.",Warehouse1,X,X,,,,,,,
VAR-QB00144,TRICLOSAN,3380-34-5,PELIGRO, - ,H303: Puede ser dañino si se ingiere. H315: Causa irritación en la piel. H319: Causa seria irritación en ojos. H410: Muy dañino en organismos acuáticos con efectos nocivos a largo plazo. ,"P273: Evitar su liberación al medio ambiente. P305+ P351+ P338: En caso de tener contacto con los ojos, lavar con agua cuidadosamente por varios minutos tratando de remover los lentes de contacto si se puede y es fácil de hacerlo, seguir lavando. P501: Eliminar en una planta tratadora de químicos autorizada. ",Warehouse1,X,,,,,X,,,
,CLORURO DE BENZALCONIO AL 80% , - , - , - , - , - ,Warehouse1,,,,,,,,,
,ESPESANTE LIQUIDO AL3645, - , - , - , - , - ,Warehouse1,,,,,,,,,
VAR-QB00153,ESPESANTE HIDROSOLUBLE 8000 , - , - , - , - , - ,Warehouse1,,,,,,,,,
VAR-QB00044,COLOR AMARILLO ACIDO 73 (LIMPIADORES) FOSFORECENTE, - , - , - , - , - ,Warehouse1,,,,,,,,,
VAR-QB00052,COLOR AZUL TURQUESA DIRECTO 86 (LIMPIADORES), - , - , - , - , - ,Warehouse1,,,,,,,,,
VAR-QB00051,COLOR AZUL BASICO, - , - , - , - , - ,Warehouse1,,,,,,,,,
VAR-QB00057,COLOR ROJO 114 , - , - , - , - , - ,Warehouse1,,,,,,,,,
VAR-QB00063,"COLOR VERDE 10 PAMACID (SUAVIZANTE, SHAMPOO) ", - , - , - , - , - ,Warehouse1,,,,,,,,,
VAR-QB00067,COLOR VIOLETA REACTIVO XXV-VL(LIMPIADORES), - , - , - , - , - ,Warehouse1,,,,,,,,,
VAR-QB00048,COLOR AMARILLO METANILO 36 (SUAVIZANTE), - , - , - , - , - ,Warehouse1,,,,,,,,,
VAR-QB00056,"COLOR RODAMINA BASICA ( JABON LIQ,LIMPIADORES)", - , - , - , - , - ,Warehouse1,,,,,,,,,
VAR-QB00043,COLOR AMARILLO 5 P/GEL, - , - , - , - , - ,Warehouse1,,,,,,,,,
VAR-QB00042,COLOR AMARILLO .6 P/GEL, - , - , - , - , - ,Warehouse1,,,,,,,,,
VAR-QB00064,COLOR VERDE LIMON GEL (ESMERALDA), - , - , - , - , - ,Warehouse1,,,,,,,,,
VAR-QB00065,COLOR VERDE PINO (LIMPIADOR DE PINO), - , - , - , - , - ,Warehouse1,,,,,,,,,
VAR-QB00053,COLOR DC GREEN No8 (GEL FOSFORECENTE), - , - , - , - , - ,Warehouse1,,,,,,,,,
VAR-QB00060,COLOR ROJO NO. 5 GEL, - , - , - , - , - ,Warehouse1,,,,,,,,,
,COLOR HA WOOL VIOLET CON,97404- 02- 9,ATENCION,52 5752 64 80,H319: Causa irritación severa a los ojos.,"P264: Lavarse cuidadosamente después de la manipulación. P280: Usar guantes, ropa de protección y equipo de protección adecuados para ojos y cara. P337+ P313: Si la irritación en los ojos persiste acudir a un médico. P305+ P351+ P338 SI ENTRA EN CONTACTO CON LOS OJOS: Enjuague cuidadosamente con agua durante
varios minutos, no usar chorros. ",Warehouse1,X,,,,,,,,
VAR-QB00054,COLOR NEGRO ACIDO 194, - , - , - , - , - ,Warehouse1,,,,,,,,,
VAR-QB00049,COLOR AZUL ACIDO 324 (SUAVIZANTE), - , - , - , - , - ,Warehouse1,,,,,,,,,
VAR-QB00154,DIETILEN GLICOL,111-46-6,ATENCION,01-800-00-21400,H302 Nocivo en caso de ingestión. H373 Puede provocar daños en los órganos tras exposiciones prolongadas o repetidas.,"P230 No respirar el polvo/el humo/el gas/los vapores/el aerosol. P264 Lavarse  oncienzudamente tras la manipulación. P270 No comer, beber ni fumar durante su utilización. P314 Consultar a un médico en caso de malestar. P330 Enjuagarse la boca. P501 Eliminar el contenido/el recipiente en las instalaciones industriales de combustión.",Warehouse1,X,,X,,,,,,
VAR-QB00074,DIPROPILEN GLICOL,25265-71-8,No Aplicable,01- 800- 00- 214- 00,No Aplicable,No Aplicable,Warehouse1,,,,,,,,,
VAR-QB00117,MONOPROPILEN GLICOL,57- 55- 6,No Aplicable,01- 800- 00- 214- 00,No Aplicable,No Aplicable,Warehouse1,,,,,,,,,
VAR-QB00116,MONOETANOLAMINA  TAMBO 200 KG,141- 43- 5,PELIGRO,01- 800- 00- 21400,"H227: Combustible liquido H302+ H312+ H332: Nocivo en caso de ingestión, contacto con la piel o inhalación. H314: Provoca quemaduras graves en la piel y lesiones oculares graves. H335: Puede irritar las vías  espiratorias.","P260: No respirar el polvo/el humo/el gas/la niebla/los vapores/el aerosol. P280: Llevar guanterendas/gafas/mascara de protección. P303+ P361+ P353: EN CASO DE  ONTACTO CON LA PIEL: Quitar inmediatamente todas las prendas contaminadas. Aclararse la piel con agua/ducharse. P305+ P351+ P338: EN CASO DE CONTACTO CON LOS OJOS: Enjuagar cuidadosamente con agua durante varios minutos. Quitar los lentes de contacto, si llega y resulta fácil. Seguir aclarando. P370+ P378: En caso de incendio utilizar arena, carbono, dióxido o extintor de polvo para la extinción. P403+ P233:  lmacenar en un lugar bien ventilado. Mantener el recipiente cerrado  erméticamente.",Warehouse1,X,X,,,,,,,
VAR-QB00146,TWEN 20 QE,9005-64-5,No Aplicable,01 800 00 21400  / 01 (55) 55 59 15 88,No Aplicable,No Aplicable,Warehouse1,,,,,,,,,
VAR-QB00004,ACEITE DE COCO ,8001- 31 - 8 ,No Aplicable,+55 5831 7905  SETIQ 01 800 00 214 00,No Aplicable,No Aplicable,Warehouse1,,,,,,,,,
VAR-QB00141,TERPENOS DE NARANJA,8028- 48- 6,PELIGRO,55 5873 6098,"H226: Líquidos y vapores inflamables. H304: Puede ser mortal en caso de ingestión y penetración en las vías respiratorias. H315: Provoca irritación cutánea. H317: Puede provocar una reacción alérgica en la piel.
H410: Muy toxico para los organismos acuáticos, con efectos nocivos duraderos. ","P210: Mantener alejado del calor, de superficies calientes, de chispas, de llamas abiertas y de cualquier otra fuente de ignición. No fumar. P261: Evitar respirar el polvo/el humo/el gas/la niebla/los vapores/el aerosol. P273: Evitar su liberación al medio ambiente. P280: Llevar guanterendas/gafas/mascara de protección. P301+ P310+ P331 EN CASO DE INGESTIÓN: Llamar inmediatamente a un centro de toxicología/medico. No provocar el vómito. P302+ P352+ P333+ P313 EN CASO DE CONTACTO CON LA PIEL: Lavar con agua y jabón abundantes. En caso de irritación o erupción cutánea. Consultar a un médico. P370+ P378 EN CASO DE INCENDIO: Utilizar dióxido de carbono, espuma, polvo seco o agua pulverizada para la extinción. P391:  Recoger el vertido.",Warehouse1,X,,X,,X,X,,,
VAR-QB00077,EMULBOSS 54, - , - , - , - , - ,Warehouse1,,,,,,,,,
VAR-QB00075,D-LIMONENO, - , - , - , - , - ,Warehouse1,,,,,,,,,
VAR-QB00078,EMULSION 37, - ,PELIGRO, - ,H319: Provoca irritación ocular grave,"P264: Lavarse la piel cuidadosamente después de la manipulación. P280: Usar equipo de protección para los ojos/cara. P305+P351+P338: En caso de contacto con los ojos enjuagar con agua durante varios minutos. Quitar lentes de contacto. P337+P313: Si la irritación ocular persiste, consultar a un médico.",Warehouse1,X,,,,,,,,
VAR-QB00039,CICLODIMETICONA 8014 SILIKA, - ,ATENCION, - ,H226: Liquido y vapores inflamables. H361: Susceptible de perjudicar la fertilidad.,"P201: Procurarse las instrucciones antes del uso. P202: No manipular antes de haber leído y comprendido todas las precauciones de seguridad. P210: Mantener alejado del calor/de chispas/ de llamas al descubierto/de superficies calientes. No fumar. P233: Mantener el recipiente herméticamente cerrado. P241: Utilizar material eléctrico, ventilación o de iluminación antideflagrante. P242: No utilizar herramientas que produzcan chispas. P243: Tomar medidas de precaución contra las descargas  lectrostáticas. P280: Usar guantes/ropa de protección/equipo de protección para los ojos/la cara. P303+P361+P353: En caso de contacto con la piel quitar inmediatamente toda la ropa contaminada. Enjuagar la piel con agua. P308+P313: En caso de exposición consultar a un Medico. P405: Guardar bajo llave. P501: Eliminar el contenido/recipiente con un proveedor autorizado.",Warehouse1,,,X,,X,,,,
VAR-QB00135,SILICON 1000,No Aplicable,No Aplicable, - ,No Aplicable,No Aplicable,Warehouse1,,,,,,,,,
VAR-QB00038,CICLODIMETICONA 8002 SILIKA,556-67-2/541-02-3,ATENCION, - ,H226 Liquido y vapores inflamables. H361 Susceptible de perjudicar la fertilidad.,"P201 Procurarse las instrucciones antes del uso P202 No manipular antes de haber leído y comprendido todas las precauciones de seguridad. P210 Mantener alejado del calor/de chipas/de llamas al descubierto/de superficies calientes. No fumar. P233 Mantener el recipiente herméticamente cerrado. P241 Utilizar material eléctrico, ventilación o de iluminación antideflagrante. P242 No utilizar herramientas que produzcan chispas. P243 Tomar medidas de precaución contra descargas electrónicas. P280 Usar guantes/ropa de protección/equipo de protección para los ojos/la cara. P303+P361+P353 En caso de contacto con la piel: quitar inmediatamente toda la ropa contaminada. Enjuagar la piel con agua. P308+P313 En caso de exposición: consultar un médico. P405 Guardar bajo llave. P501 Eliminar el contenido/recipiente con un proveedor autorizado.",Warehouse1,,,X,,X,,,,
,CICLODIMETICONA 8050 SILIKA , - , - , - , - , - ,Warehouse1,,,,,,,,,
,PRONALEN GUARANA , - , - , - , - , - ,Warehouse1,,,,,,,,,
,PRONALEN ADELAGAZANTE , - , - , - , - , - ,Warehouse1,,,,,,,,,
VAR-QB00107,KERATINA K100, - , - , - , - , - ,Warehouse1,,,,,,,,,
VAR-QB00083,EXFOLIANTE OLIVE 6 , - , - , - , - , - ,Warehouse1,,,,,,,,,
VAR-QB00100,GLICERINA USP,56- 81- 5,Atención,(01) (55) 54 49 63 91 (directo).,Toxicidad aguda por inhalacion,"P261- Evitar respirar nieblas, vapores o aerosoles. P271- Utilizar solo al aire libre o en un lugar bien ventilado. P304+ P340- En caso de inhalación: transportar a la persona al aire libre y mantenerla en una posición que le facilite la respiración. P312- Llamar a un centro de toxicología/medico si la persona se siente mal.",Warehouse1,X,,,,,,,,
VAR-QB00114,MIRISTATO DE ISOPROPILO, - , - , - , - , - ,Warehouse1,,,,,,,,,
VAR-QB00091,FISION HAIR MOISTURE,No Aplicable,No Aplicable,+1 (973) 298- 8850 +1 (800) 222- 1222,No Aplicable,No Aplicable,Warehouse1,,,,,,,,,
VAR-QB00041,COLAGENO (COLLATEIN N359, - , - , - , - , - ,Warehouse1,,,,,,,,,
VAR-QB00092,FISION SKIN MOUSTURE ,No Aplicable,No Aplicable,+1 (800) 424-9300,No Aplicable,No Aplicable,Warehouse1,,,,,,,,,
VAR-QB00026,BASE SARRIGEL QB, - , - , - , - , - ,Warehouse1,,,,,,,,,
PRD-QB00001,BASE AROMATIZANTE, - , - , - , - , - ,Warehouse1,,,,,,,,,
VAR-QB00036,CERABOSS 4048 BASE, - , - , - , - , - ,Warehouse1,,,,,,,,,
VAR-QB00034,CERA DE ABEJA BCA ,No Aplicable,-, - ,No Aplicable,No Aplicable,Warehouse1,,,,,,,,,
VAR-QB00001,ABRILLANTADOR OPTICO POLVO,13463- 67- 7,PELIGRO, - ,H320: Provoca irritación ocular H335: Puede irritar las vías respiratorias H371: Puede causar daños a los órganos H350: Puede causar cáncer,"P201: Procurar las instrucciones antes del uso. P202: No manipular antes de haber leído y comprendido todas.las precauciones de seguridad. P260: No respirar polvos o nieblas. P264: Lavarse cuidadosamente después de la manipulación
P270: No comer, beber o fumar mientras se manipula este producto. P271: Utilizar solo al aire libre o en un lugar bien ventilado. P273: No dispersar en el medio ambiente. P280: Usar guantes, ropa de protección y equipo de protección
adecuados para ojos y cara
",Warehouse1,X,,X,,,,,,
VAR-QB00163,ESTABILIZADOR DE PEROXIDO, - , - , - , - , - ,Warehouse1,,,,,,,,,
VAR-QB00073,DETERCL  30-12,No Aplicable,ATENCION,01800 00 214 00,"[H302] nocivo en caso de ingestión. [H318] provoca lesiones oculares graves. [H401] toxico para los organismos acuáticos. [H412] nocivo para los organismos acuáticos, con efectos nocivos duraderos."," [P264] lavarse las manos cuidadosamente después de la manipulación. [P270] no comer, beber o fumar mientras se manipula el producto. [P273] no dispersar al medio ambiente. [P280] usar guantes, mandil y lentes de seguridad. [P301+P312+P330]  en caso de ingestión: enjuáguese la boca. Llamar a un médico si la persona se encuentra mal. [P302+P352] en caso de contacto con la piel: lavar con abundante agua y jabón. [P362+P364] quitar la ropa contaminada y lavarla antes de volver a usar. [P332+P313] en caso de irritación cutánea consultar a un médico, preferentemente a un dermatólogo. [P305+P351+P338] en caso de contacto con los ojos: enjuagar con agua cuidadosamente durante varios minutos. Quitar los lentes de contacto cuando estén presentes y pueda hacerse con facilidad. Proseguir con el lavado; [P310] llamar inmediatamente a un médico, preferentemente a un oftalmólogo.",Warehouse1,,,,,,,,,
PRD-QB00008,BOSS DTO EUZKADI , - , - , - , - , - ,Warehouse1,,,,,,,,,
PRD-QB00002,BASE LIMPIADOR QB12, - , - , - , - , - ,Warehouse1,,,,,,,,,
PRD-QB00003,BASE SHAMPOO, - ,ATENCION,01800 00214 00,H315 Provoca irritación cutánea. H319 Provoca irritación ocular grave,"P280 Usar guantes/ropa de protección/equipo de protección para la cara/los ojos. P303+P351+P338 En caso de contacto con la piel o el pelo, quitar inmediatamente toda la ropa contaminada. Enjuagar la piel con agua o ducharse. P305+P351+P338 En caso de contacto con los ojos: Enjuagar con agua cuidadosamente durante varios minutos. Quitar los lentes de contacto cuando estén presentes y pueda hacerse con facilidad. Proseguir con el lavado. P314 Consultar a un médico si la persona se encuentra mal. P403+P233 Almacenar en un lugar bien ventilado. Mantener el recipiente herméticamente cerrado.",Warehouse1,X,,,,,,,,
VAR-QB00177,PLANCHA FACIL MOD 1,No Aplicable,No Aplicable, - ,No Aplicable,No Aplicable,Warehouse1,,,,,,,,,
VAR-QB00087,EXTRACTO DE JOJOBA , - , - , - , - , - ,Warehouse1,,,,,,,,,
VAR-QB00013,ALCANFOR ,76-22-2,ATENCION, - ,"H228  Solido inflamable, H302  Nocivo en caso de ingestión, H332  Nocivo en caso de inhalación, H371  Puede provocar daño en los órganos, H402  Nocivo para los organismos acuáticos.","P210  Mantener alejado del calor, de superficies calientes, de chispas, de llamas  biertas y de cualquier otra fuente de ignición. No fumar, P260  No respirar el polvo/el humo/ el gas/la niebla/los vapores/el aerosol, P273  Evitar su liberación al medio ambiente, P301+P312+P330  En caso de ingestión: Llamar a un centro de  toxicología/medico si la persona se encuentra mal. Enjuagarse la boca, P304+P340+P312  En caso de inhalación: transportar a la persona al aire libre y mantener en posición que le facilite la respiración. Llamar a un centro de toxicología/medico si la persona se encuentra mal, P370+P378  En caso de incendio: Utilizar dióxido de carbono, espuma, polvo seco o agua pulverizada para su extinción.",Warehouse1,X,,X,,X,,,,
VAR-QB00040,CITRONELLA ACEITE ES. 100,91771-61-8,PELIGRO, - ,"H303 Puede ser nocivo en caso de ingestión. H315 Provoca irritación cutánea. H317 Puede provocar una reacción alérgica en la piel. H318 Provoca lesiones oculares graves. H411 Toxico para los organismos acuáticos, con efectos nocivos duraderos","P261 Evitar respirar el polvo/el humo/el gas/la niebla/los vapores/el aerosol. P273 Evitar su liberación al medio ambiente P280 Llevar guanterendas/gafas/mascara de protección P302+P352+P333+P313 EN CASO DE CONTACTO CON LA PIEL Lavar con agua y jabón abundantes En caso de Irritación o erupción cutánea Consultar a un medico
P305+P351+P338+P337+P313 EN CASO DE CONTACTO CON LOS OJOS Aclarar cuidadosamente con agua durante varios minutos Quitar las lentes de contacto, si lleva y resulta fácil. Seguir aclarando. Si persiste la irritación ocular: Consultar a un médico. P31Z Llamar a un CENTRO DE TOXICOLOGÍA/médico si la persona se encuentra mal. P391 Recoger el vertido.",Warehouse1,X,X,,,,X,,,
VAR-QB00085,EXTRACTO DE EUCALIPTO ,8000- 48- 4,PELIGRO,55 5873 6098,"H226: Líquidos y vapores inflamables. H303: Puede ser nocivo en caso de ingestión. H304: Puede ser mortal en caso de ingestión y penetración en las vías respiratorias. H315: Provoca irritación cutánea. H317: Puede provocar una reacción alérgica en la piel. H411: Toxico para los organismos acuáticos, con efectos nocivos duraderos.","P210: Mantener alejado del calor, de superficies calientes, de chispas. de llamas abiertas y de cualquier otra fuente de ignición. No fumar. P261: Evitar respirar el polvo/el humo/el gas/la niebla/los vapores/el
aerosol. P273: Evitar su liberación al medio ambiente. P280: Llevar guanterendas/gafas/mascara de protección. P301+ P310+ P331 EN CASO DE INGESTION: Llamar inmediatamente a un centro de toxicología/medico. No provocar el vómito. P302+ P352+ P333+ P313 EN CASO DE CONTACTO CON LA PIEL: Lavar con agua y jabón abundantes. En caso de irritación o erupción cutánea consultar a un médico. P370+ P378: En caso de incendio utilizar dióxido de carbono, espuma, polvo seco o agua pulverizada para la extinción. P391: Recoger el vertido.",Warehouse1,,,,,,,,,
VAR-QB00112,MENTA DE BRASIL , - , - , - , - , - ,Warehouse1,,,,,,,,,
PRD-QB00005,CITRONELLA QBD09, - , - , - , - , - ,Warehouse1,,,,,,,,,
VAR-QB00133,REPELENTE PARA INSECTOS ,52304-36-6,ATENCION,(55)-21-22-16-59 /  01-800-00-214-00,H319 Provoca irritación ocular grave,P305 + P351 + P338 EN CASO DE CONTACTO CON LOS OJOS: ENJUAGAR CON AGUA CUIDADOSAMENTE DURANTE VARIOS MINUTOS. Quitar las lentes de contacto cuando estén presentes y puedan hacerse con facilidad. Proseguir con el lavado,Warehouse1,X,,,,,,,,
,BASE DETERGENTE,No Aplicable,ATENCION,01800 00214 00,H315 Provoca irritación cutánea. H319 Provoca irritación ocular grave,"P280 Usar guantes/ropa de protección/equipo de protección para la cara/los ojos.
P303+P351+P338 En caso de contacto con la piel o el pelo, quitar inmediatamente toda la ropa contaminada. Enjuagar la piel con agua o ducharse. P305+P351+P338 En caso de contacto con los ojos: Enjuagar con agua cuidadosamente durante varios minutos. Quitar los lentes de contacto cuando estén presentes y pueda hacerse con facilidad. Proseguir con el lavado. P314 Consultar a un médico si la persona se encuentra mal. P403+P233 Almacenar en un lugar bien ventilado. Mantener el recipiente herméticamente cerrado.",Warehouse1,X,,,,,,,,
LUB-QB00009,CARBOPOL 940,No Aplicable,No Aplicable,216-447-5000,No Aplicable,No Aplicable,Warehouse1,,,,,,,,,
LUB-QB00025,CARBOPOL ULTREZ 21,110-82-7,ATENCION,216-447-5000,H319: Provoca irritación ocular grave. H402: Nocivo para los organismos acuáticos,"P264: Lavarse cuidadosamente después de la manipulación. P280: Usar guantes/ropa de protección/equipo de protección para los ojos/la cara. P273: No dispersar en el medio ambiente. P305+P351+P338: En caso de contacto con los ojos: Enjuagar con agua cuidadosamente durante varios minutos. Quitar las lentes de contacto cuando estén presentes y pueda hacerse con facilidad. Proseguir con el lavado. P337+P313: Si la irritación ocular persiste, consultar a un médico. P501: Eliminar  el contenido/recipiente en una planta apropiada detratamiento y eliminación conforme a las leyes/reglamentaciones aplicables y las características del producto en el momento de la eliminación.",Warehouse1,X,,,,,,,,
LUB-QB00014,CARBOPOL AQUA SF1,No Aplicable,No Aplicable,216-447-5000,No Aplicable,No Aplicable,Warehouse1,,,,,,,,,
LUB-QB00022,CARBOPOL ULTREZ 10 NF ,No Aplicable,No Aplicable,216-447-5000,No Aplicable,No Aplicable,Warehouse1,,,,,,,,,
LUB-QB00013,CARBOPOL 99620,71-43-2,PELIGRO,216-447-5000,H340: Puede provocar defectos genéticos. H350: Puede provocar cáncer.,"P201: Procurarse las instrucciones antes del uso. P202: No manipular antes de haber leído y comprendido todas las precauciones de seguridad. P281: Utilizar un equipo de protección individual, según corresponda. P308+P313: EN CASO DE exposición demostrada o supuesta: consultar a un médico. P405: Guardar bajo llave. P501: Eliminar el contenido/recipiente en una planta apropiada de tratamiento y eliminación conforme a las leyes/reglamentaciones aplicables y las características del producto en el momento de la eliminación. ",Warehouse1,,,X,,,,,,
LUB-QB00008,CARBOPOL 934,No Aplicable,No Aplicable,216-447-5000,No Aplicable,No Aplicable,Warehouse1,,,,,,,,,
LUB-QB00030,FIXATE G100,No Aplicable,No Aplicable,216-447-5000,No Aplicable,No Aplicable,Warehouse1,,,,,,,,,
LUB-QB00033,FIXATE RSP( GOOD RITE),79-10-7,No Aplicable,216-447-5000,No Aplicable,No Aplicable,Warehouse1,,,,,,,,,
LUB-QB00034,FIXATE SUPER HOLD,No Aplicable,ATENCION,216-447-5000,H316: Provoca una leve irritación cutánea.,P332+P313: En caso de irritación cutánea: Consultar a un médico.,Warehouse1,,,,,,,,,
LUB-QB00029,FIXATE (MT) FREESTYLE,No Aplicable,No Aplicable,216-447-5000,No Aplicable,No Aplicable,Warehouse1,,,,,,,,,
LUB-QB00047,NOVEMER EC1,8042-47-5 / 79-10-7,ATENCION,216-447-5000,H316: Provoca una leve irritación cutánea,P332+P313: En caso de irritación cutánea: Consultar a un médico,Warehouse1,,,,,,,,,
LUB-QB00068,SILSENSE TM COPOLYOL-1 SILICONE,8042-47-5 / 79-10-7,ATENCION,216-447-5000,H316: Provoca una leve irritación cutánea,P332+P313: En caso de irritación cutánea: Consultar a un médico,Warehouse1,,,,,,,,,
LUB-QB00060,SCHERCEMOL IDO ,No Aplicable,No Aplicable,216-447-5000,No Aplicable,No Aplicable,Warehouse1,,,,,,,,,
LUB-QB00037,GLUCAM P20,No Aplicable,No Aplicable,216-447-5000,No Aplicable,No Aplicable,Warehouse1,,,,,,,,,
LUB-QB00038,GLUCAMATE LT,No Aplicable,No Aplicable,216-447-5000,No Aplicable,No Aplicable,Warehouse1,,,,,,,,,
LUB-QB00001,ACETULAN , - , - , - , - , - ,Warehouse1,,,,,,,,,
LUB-QB00061,SCHERCEMOL NGDO,No Aplicable,No Aplicable,216-447-5000,No Aplicable,No Aplicable,Warehouse1,,,,,,,,,
LUB-QB00040,GLUCATE SS ,No Aplicable,No Aplicable,216-447-5000,No Aplicable,No Aplicable,Warehouse1,,,,,,,,,
LUB-QB00053,PEMULEN TR-2 ,110-82-7,No Aplicable,216-447-5000,"H412: Nocivo para los organismos acuáticos, con efectos nocivos duraderos.",P273: No dispersar en el medio ambiente. P501: Eliminar el contenido/recipiente en una planta apropiada de tratamiento y eliminación conforme a las leyes/reglamentaciones aplicables y las características del producto en el momento de la eliminación.,Warehouse1,,,,,,,,,
LUB-QB00051,NOVETHIX L-10,No Aplicable,ATENCION,216-447-5000,H316: Provoca una leve irritación cutánea,P332+P313: En caso de irritación cutánea: Consultar a un médico,Warehouse1,,,,,,,,,
LUB-QB00064,SENSOMER 10M (POLYQUATERNIUM 10),68610-92-4,ATENCION,216-447-5000,H315: Provoca irritación cutánea. H319: Provoca irritación ocular grave.,"P264: Lavarse cuidadosamente después de la manipulación. P280: Usar guantes/ropa de protección/equipo de protección para los ojos/la cara. P305+P351+P338: En caso de contacto con los ojos: Enjuagar con agua cuidadosamente durante varios minutos. Quitar las lentes de contacto cuando estén presentes y pueda hacerse con facilidad. Proseguir con el lavado. P337+P313: Si la irritación ocular persiste, consultar a un médico. P302+P352: EN CASO DE CONTACTO CON LA PIEL: Lavar con agua y
jabón abundantes. P332+P313: En caso de irritación cutánea: Consultar a un médico. P321: Tratamiento específico (véase en esta etiqueta). P362: Quitar la ropa contaminada y lavarla antes de volverla a usar.",Warehouse1,X,,,,,,,,
LUB-QB00045,MERQUAT 550 (POLIQUATERNIUM 7),26590-05-6,No Aplicable,216-447-5000,H402: Nocivo para los organismos acuáticos.,P501: Eliminar el contenido/recipiente en una planta apropiada de tratamiento y eliminación conforme a las leyes/reglamentaciones aplicables y las características del producto en el momento de la eliminación.,Warehouse1,,,,,,,,,
LUB-QB00027,CHEMORYL SFB 10-SK,Mezcla,ATENCION,216-447-5000,H315: Provoca irritación cutánea. H319: Provoca irritación ocular grave. H402: Nocivo para los organismos acuáticos,"P264: Lavarse cuidadosamente después de la manipulación. P273: No dispersar en el medio ambiente. P280: Usar guantes/equipo de protección para los ojos/la cara. P302+P352: EN CASO DE CONTACTO CON LA PIEL: Lavar con abundante agua. P332+P313: En caso de irritación cutánea: Consultar a un médico. P321: Tratamiento específico (véase en esta etiqueta). P362+P364: Quitar la ropa contaminada y lavarla antes de volverla a usar. P305+P351+P338: En caso de contacto con los ojos: Enjuagar con agua cuidadosamente durante varios minutos. Quitar las lentes de contacto cuando estén presentes y pueda hacerse con facilidad. Proseguir con el lavado. P337+P313: Si la irritación ocular persiste, consultar a un médico. P501: Eliminar el contenido/recipiente en una planta apropiada de tratamiento y eliminación conforme a las leyes/reglamentaciones aplicables y las características del producto en el momento de la eliminación.",Warehouse1,X,,,,,,,,
LUB-QB00048,NOVERITE 100 , - , - , - , - , - ,Warehouse1,,,,,,,,,
BSF-QB00001,BUTONAL NX 4190,Mezcla,ATENCION,+55 12 3128-1590,"H319 Provoca irritación ocular grave. H315 Provoca irritación cutánea. H412 Nocivo para los organismos acuáticos, con efectos nocivos duraderos. H401 Tóxico para los organismos acuáticos.","P280 Llevar guantes/gafas/máscara de protección. P273 Evitar su liberación al medio ambiente. P264 Lavarse con agua y jabón concienzudamente tras la manipulación. P305 + P351 + P338 EN CASO DE CONTACTO CON LOS OJOS: Aclarar cuidadosamente con agua durante varios minutos. Quitar las lentes de contacto, si lleva y resulta fácil. Seguir aclarando. P303+ P352 EN CASO DE CONTACTO CON LA PIEL (o con el pelo): Lavar abudantemente con agua y jabón. P332 + P313 En caso de irritación cutánea: Consultar a un médico. P337 + P311 Si persiste la irritación ocular: Llamar a un CENTRO DE TOXICOLOGÍA/médico. P362 + P364 Quitar las prendas contaminadas y lavarlas antes de volver a usarlas.
",Warehouse1,X,,,,,,,,
VAR-QB00142,TRANSCUTOL CG,111-90-0,No Aplicable,NO,No Aplicable,No Aplicable,Warehouse1,,,,,,,,,
VAR-QB00068,DANAGEL 9254 ,9000-07-1; 9000-40-2  ,-,+1 (800) 424-9300,No Aplicable,No Aplicable,Warehouse1,,,,,,,,,
ASH-QB00033,OPACIFICANTE A-430,No Aplicable,No Aplicable,00-800-274-5263-3/001-859-357-3564,No Aplicable,No Aplicable,Warehouse1,,,,,,,,,
ASH-QB00030,NATRIANCE SELF HYDRATE ,No Aplicable,No Aplicable,00-800-274-5263-3/001-859-357-3564,,No Aplicable,Warehouse1,,,,,,,,,
ASH-QB00020,GERMALL PLUSS LIQ,78491-02-8;  55406-53-6 ,ATENCION,1-614-790-3333,H319 Provoca irritación ocular grave,"P264 Lavarse la piel cuidadosamente después de la manipulación. P280 Usar equipo de protección para los ojos/la cara. P305 + P351 + P338 EN CASO DE CONTACTO CON LOS OJOS: Enjuagar con agua cuidadosamente durante varios
minutos. Quitar las lentes de contacto cuando estén presentes y pueda hacerse con facilidad. Proseguir con el lavado.",Warehouse1,X,,,,,,,,
ASH-QB00032,NATROSOL HHR250,Mezcla,ATENCION,1-800-274-5263,Puede formar concentraciones de polvo combustible en el aire.,Mantener las mezclas de polvo y aire lejos de fuentes de ignición.,Warehouse1,,,,,,,,,
ASH-QB00040,PVP/VA S-630 , - , - , - , - , - ,Warehouse1,,,,,,,,,
ASH-QB00047,SURFADONE LP100 ,2687-94-7,PELIGRO,1-800-274-5263,Provoca quemaduras graves en la piel y lesiones oculares graves.,Lavarse la piel concienzudamente tras la manipulación.Llevar guantes/ prendas/ gafas/ máscara de protección. EN CASO DE INGESTIÓN: Enjuagar la boca. NO provocar el vómito. EN CASO DE CONTACTO CON LA PIEL (o el pelo): Quitar inmediatamente todas las prendas contaminadas. Aclararse la piel con  gua/ducharse. EN CASO DE INHALACIÓN: Transportar a la persona al aire libre y mantenerla en una posición que le facilite la respiración. Llamar inmediatamente a un CENTRO DE  OXICOLOGÍA/médico. EN CASO DE CONTACTO CON LOS OJOS: Enjuagar con agua cuidadosamente durante varios minutos. Quitar las lentes de contacto cuando estén presentes y pueda hacerse con facilidad. Proseguir con el lavado. Llamar inmediatamente a un CENTRO DE TOXICOLOG?A/médico. Lavar las prendas contaminadas antes de volver a usarlas. Guardar bajo llave. Eliminar el contenido/ el recipiente en una planta de eliminación de residuos autorizada.,Warehouse1,,X,,,,,,,
ASH-QB00026,N-DURHANCE , - , - , - , - , - ,Warehouse1,,,,,,,,,
ASH-QB00028,N-HANCE SP100 , - , - , - , - , - ,Warehouse1,,,,,,,,,
,CAPTIVATES HC001 MICROCAPSULAS ,Mezcla,No Aplicable,1-800-274-5263,No Aplicable,No Aplicable,Warehouse1,,,,,,,,,
ASH-QB00045,STYLIZE W20,Mezcla,No Aplicable,1-800-274-5263,No Aplicable,No Aplicable,Warehouse1,,,,,,,,,
ASH-QB00022,LUBRAGEL 0IL ,Mezcla,No Aplicable,1-800-274-5263,No Aplicable,No Aplicable,Warehouse1,,,,,,,,,
ASH-QB00012,DYNAGEN ,Mezcla,No Aplicable,1-800-274-5263,No Aplicable,No Aplicable,Warehouse1,,,,,,,,,
ASH-QB00038,PROTECTAGEN ,Mezcla,No Aplicable,1-800-274-5263,No Aplicable,No Aplicable,Warehouse1,,,,,,,,,
ASH-QB00005,CERAPHYL 70,Mezcla,No Aplicable,1-800-274-5263,No Aplicable,No Aplicable,Warehouse1,,,,,,,,,
ASH-QB00001,BENECEL ,254504001-5060,ATENCION,1-800-274-5263,Puede formar concentraciones de polvo combustible en el aire,Mantener las mezclas de polvo y aire lejos de fuentes de ignición.,Warehouse1,,,,,,,,,
ASH-QB00004,CERAPHYL 230 ,No Aplicable,No Aplicable,1-800-274-5263,No Aplicable,No Aplicable,Warehouse1,,,,,,,,,
ASH-QB00051,VITS PRIMASPONGES BLUE SS MICROESFERA , - , - , - , - , - ,Warehouse1,,,,,,,,,
ASH-QB00049,TOMASA SHEA BUTTER,No Aplicable,No Aplicable,1-800-274-5263,No Aplicable,No Aplicable,Warehouse1,,,,,,,,,
ASH-QB00043,SOREZ 100,Mezcla,No Aplicable,1-800-274-5263,No Aplicable,No Aplicable,Warehouse1,,,,,,,,,
ASH-QB00025,LUNAMATRIX,Mezcla,PELIGRO,1-800-274-5263,Puede provocar una reacción alérgica en la piel. Provoca lesiones oculares graves.,"Evitar respirar el polvo/ el humo/ el gas/ la niebla/ los vapores/el aerosol.
Las prendas de trabajo contaminadas no podrán sacarse del lugar de trabajo. Llevar guantes/ gafas/ máscara de protección. EN CASO DE CONTACTO CON LA PIEL: Lavar con agua y jabón abundantes. EN CASO DE CONTACTO CON LOS OJOS: Aclarar cuidadosamente con agua durante varios minutos. Quitar las lentes de contacto, si lleva y resulta fácil. Seguir aclarando. Llamar  nmediatamente a un CENTRO DE TOXICOLOG?A/médico. En caso de irritación o erupción cutánea: Consultar a un médico. Lavar las prendas contaminadas antes de volver a  sarlas.",Warehouse1,X,X,,,,X,,,
ASH-QB00024,LUMINI SYSTEM, - , -, -, -, -,Warehouse1,,,,,,,,,
ASH-QB00044,SOREZ H5205 ,Mezcla,No Aplicable,1-800-274-5263,No Aplicable,No Aplicable,Warehouse1,,,,,,,,,
ASH-QB00010,COSMEDIA GUAR N HANCE 3196,65497-29-2,ATENCION,1-800-274-5263,H319 Provoca irritación ocular grave,P264 Lavarse la piel cuidadosamente después de la manipulación. P280 Usar equipo de protección para los ojos/la cara. P305 + P351 + P338 EN CASO DE CONTACTO CON LOS OJOS: Enjuagar con agua cuidadosamente durante varios minutos. Quitar las lentes de contacto cuando estén presentes y pueda hacerse con facilidad. Proseguir con el lavado.,Warehouse1,X,,,,,,,,
,CONDITIONIZE 37 (JAYPOL),800986-5072P,No Aplicable,1-800-274-5263,No Aplicable,No Aplicable,Warehouse1,,,,,,,,,
VAR-QB00113,MENTHOL,2216-51-5,PELIGRO,-,H315 Provoca irritación cutánea. H318 Provoca lesiones oculares graves. H335 puede irritar las vias respiratorias,"P261: Evitar respirar el polvo/el humo/el gas/la niebla/los vapores/el aerosol. P280: Llevar proteccion /gafas de proteccion/mascara de proteccion. P305+p351+p338: quitar los lentes de contacto, si lleva y resulta facil. Seguir aclarando.",Warehouse1,X,X,,,,,,,
VAR-QB00106,JABON POTASICO,Mezcla,ATENCION,5558317905,H315: Provoca irritacion cutanea y ocular.,P301+310: EN CASO DE INGESTION: Llamar inmediatamente a un centro de informacion toxicologica o a un medico. P302+P352: EN CASO DE CONTACTO CON LA PIEL Y OCULAR: lavar con agua y jabon abundantes. P331: No provocar vomito.,Warehouse1,X,,,,,,,,
,GAV 1150 LP,Mezcla,,,,,Warehouse1,,,,,,,,,
,FLORAL 605,Mezcla,PELIGRO,,,,Warehouse1,X,X,,,,,,,
IFF-QB00100,MIRACLE 554,Mezcla,ATENCION,,,,Warehouse1,X,X,X,,,X,,,
IFF-QB00258,NIV KF001B CR M,Mezcla,ATENCION,,,,Warehouse1,X,,X,,,X,,,
IFF-QB00104,PEACH P757,Mezcla,ATENCION,,,,Warehouse1,X,,,,,,,,
VAR-QB00127,PANTHENOL-D,MEZCLA,,34915620420,,,Warehouse1,,,,,,,,,
KAO-QB00034,DANOX PL-10,"68585-34-2, 627-83-8, 68140-00-1",ATENCION,01 800 00 21400 ,H319 Causa seria irritación ocular H315 Causa irritación en piel.,"P280 Utilizar equipo de protección personal (lentes, guantes mascarilla). P264 Lavarse bien después de manipularlo. P305+P351+P338 En caso de tener contacto con los ojos enjuagar con abundante agua, si es posible retirar los lentes y continuar enjuagando.",Warehouse1,X,,,,,,,,
,ACIDO DODECIL BENCEN SULFONICO HSC,27176-87-0,PELIGRO,SETIQ: 01800-00-214-00 HARMONY CHEM: 01-779-79-6-26-85,H301: Toxico en caso de ingestión H305: puede ser nocivo en caso de ingestión y de penetración en las vías respiratorias H314: provoca graves quemaduras en la piel y lesiones oculares H315: provoca irritación cutánea H318: provoca lesiones oculares graves H402: nocivo para los organismos acuáticos graves,"P207  no comer, beber ni fumar durante la utilización de este producto. P264  lavarse las manos concienzudamente tras la manipulación.  P301+P312  EN CASO DE INGESTION: si se siente mal, llame a un CENTRO DE INFORMACION TOXICOLOGICA/medico. P301+P330+P331  EN CASO DE INGESTION: enjuagar la boca. NO induzca el vómito. P303+P361+P353  EN CASO DE CONTACTO CON LA PIEL (o el pelo): quitar inmediatamente la ropa contaminada. Aclararse la piel con agua/ducharse. P304+P340+P311 - EN CASO DE INHALACION: transportar a la víctima al exterior y mantenerla en reposo en una posición confortable para respirar. Llamar inmediatamente a un centro de toxicología/medico, P305+P351+P338 - EN CASO DE CONTACTO CON LOS OJOS: enjuague bien con agua durante varios minutos. En el caso de las lentes de contacto, quitarlas, si es fácil. Continúe enjuagando. P501: eliminar el contenido/el recipiente en un punto de recogida de residuos especiales.",Warehouse1,X,X,,,,,,,
LUB-QB00049,NOVERITE 301 S/P,No Aplicable,No Aplicable,216-447-5000,No Aplicable,No Aplicable,Warehouse1,,,,,,,,,
VAR-QB00108,LESS 70% S/P,No Aplicable,PELIGRO,+34 93 739 9445,Provoca lesiones oculares graves. Provoca irritación cutánea.,"Llevar guantes de protección. Llevar gafas o máscara de protección. Lavarse las manos concienzudamente tras la manipulación. EN CASO DE CONTACTO CON LA PIEL: Lavar con agua y jabón abundantes. Quitar las prendas contaminadas y lavarlas antes de volver a usarlas. En caso de irritación cutánea: Consultar a un médico. EN CASO DE CONTACTO CON LOS OJOS: Aclarar cuidadosamente con agua durante varios minutos. Quitar las lentes de contacto, si lleva y resulta fácil. Seguir aclarando. Llamar inmediatamente a un centro de información toxicológica o a un médico. ",Warehouse1,,X,,,,,,,
VAR-QB00138,SURFAGEL, - , - , - , - , - ,Warehouse1,X,,,,,,,,
IFF-QB00281,TANGO HIDRA, - , - , -  , - , - ,Warehouse1,,,,,,,,,
IFF-QB00172,WASH OUT 560,MEZCLA,ATENCION,1 800 002 1400,"H316, H317, H411","P261, P272, P273, P280 P302 + P352, P333 + P313 P362 + P364, P391, P501",Warehouse1,X,,,,,X,,,
VAR-QB00089,EXTRACTO DE SEMILLA DE TORONJA S/p, - , - , - , - , - ,Warehouse1,,,,,,,,,
VAR-QB00148,VITAMINA E, - , -, -, -, -,Warehouse1,,,,,,,,,
IFF-QB00086,CLEANWOOD 860 S/P,Mezcla,ATENCION,1 800 002 1400,"H227, H316, H317,
H411","P210, P261, P272, P273, P280, P302 + P352, P333 + P313, P362 + P364, P370 + P378, P391, P403 + P235, P501",Warehouse1,X,,,,,X,,,
IFF-QB00096,LIQUID FEEL 382,Mezcla,PELIGRO,01 800 002 1400,"H227, H303, H304,
H315, H317, H319,
H361, H400, H411","P201, P202, P210, P261, P264,
P272, P273, P280, P301 + P310,
P302 + P352, P305 + P351 + P338,
P312, P331, P333 + P313,
P337 + P313, P362 + P364,
P370 + P378, P391, P403 + P235,
P405, P501",Warehouse1,X,,X,,,X,,,
VAR-QB00134,SALICILATO DE METILO,Mezcla,ATENCION,,"H227, H316, H317,
H411","P210, P261, P272, P273, P280, P302 + P352, P333 + P313, P362 + P364, P370 + P378, P391, P403 + P235, P501",Warehouse1,X,,,,,X,,,
IFF-QB00242,FLORAL PLUS, - , - , -  , - , - ,Warehouse1,,,,,,,,,
IFF-QB00106,SANDALWOOD,Mezcla,ATENCION,1 800 002 1400,"H227, H316, H317,
H411","P210, P261, P272, P273, P280, P302 + P352, P333 + P313, P362 + P364, P370 + P378, P391, P403 + P235, P501",Warehouse1,X,,,,,X,,,
LUB-QB00067,SILSENSE DW-18,-,ATENCION,216-447-5000,H316: Provoca una leve irritación cutánea,P332+P313: En caso de irritación cutánea: Consultar a un médico,Warehouse1,,,,,,,,,
IFF-QB00097,LOVELY POSSION 504,Mezcla,ATENCION,1 800 002 1400,"H227, H316, H317,
H411","P210, P261, P272, P273, P280, P302 + P352, P333 + P313, P362 + P364, P370 + P378, P391, P403 + P235, P501",Warehouse1,X,,,,,X,,,
LUB-QB00042,HYDRAMOL PGPL S/P, - , -, -, -, -,Warehouse1,,,,,,,,,
IFF-QB00102,OLD WOOD 789 S/P,Mezcla,ATENCION,,,,Warehouse1,X,,,,,,,,
LUB-QB00016,CARBOPOL AQUA SF2 S/P,No Aplicable,No Aplicable,216-447-5000,No Aplicable,No Aplicable,Warehouse1,,,,,,,,,
KAO-QB00081,TETRANYL L6-30 S/P, - , -, -, -, -,Warehouse1,,,,,,,,,
LUB-QB00021,CARBOPOL STYLE 2.0 S/P,110-82-7,ATENCION,216-447-5000,H319: Provoca irritación ocular grave. H402: Nocivo para los organismos acuáticos,"P264: Lavarse cuidadosamente después de la manipulación. P280: Usar guantes/ropa de protección/equipo de protección para los ojos/la cara. P273: No dispersar en el medio ambiente. P305+P351+P338: En caso de contacto con los ojos: Enjuagar con agua cuidadosamente durante varios minutos. Quitar las lentes de contacto cuando estén presentes y pueda hacerse con facilidad. Proseguir con el lavado. P337+P313: Si la irritación ocular persiste, consultar a un médico. P501: Eliminar  el contenido/recipiente en una planta apropiada detratamiento y eliminación conforme a las leyes/reglamentaciones aplicables y las características del producto en el momento de la eliminación.",Warehouse1,X,,,,,,,,
IFF-QB00078,CEDARLOVE 443 S/P,,ATENCION,01 800 002 1400,"H315, H317, H319
H361, H411","P201, P202, P261, P264, P272,
P273, P280, P302 + P352,
P305 + P351 + P338, P308 + P313,
P333 + P313, P337 + P313,
P362 + P364, P391, P405, P501",Warehouse1,X,,X,,,X,,,
LUB-QB00010,CARBOPOL 956 S/P,No Aplicable,No Aplicable,216-447-5000,No Aplicable,No Aplicable,Warehouse1,,,,,,,,,
IFF-QB00292,GREEN HOUSE S/P,Mezcla,ATENCION,1 800 002 1400,"H227, H303, H315, H317, H319, H361
H400, H411","P201, P202, P210, P261, P264,
P272, P273, P280, P302 + P352,
P305 + P351 + P338, P312,
P333 + P313, P337 + P313
P362 + P364, P370 + P378, P391
P403 + P235, P405, P501",Warehouse1,X,,X,,,,,,
IFF-QB00001,BOTANIKA S/P,Mezcla,ATENCION,1 800 002 1400,"H227, H303, H315, H317, H319, H361
H400, H411","P201, P202, P210, P261, P264,
P272, P273, P280, P302 + P352,
P305 + P351 + P338, P312,
P333 + P313, P337 + P313
P362 + P364, P370 + P378, P391
P403 + P235, P405, P501",Warehouse1,X,,X,,,,,,
IFF-QB00034,SO FRESH S/P,Mezcla,ATENCION,1 800 002 1400,"H227, H303, H315, H317, H319, H361
H400, H411","P201, P202, P210, P261, P264,
P272, P273, P280, P302 + P352,
P305 + P351 + P338, P312,
P333 + P313, P337 + P313
P362 + P364, P370 + P378, P391
P403 + P235, P405, P501",Warehouse1,X,,X,,,,,,
IFF-QB00163,SENSE OF NATURE S/P,Mezcla,ATENCION,1 800 002 1400,"H227, H303, H315, H317, H319, H361
H400, H411","P201, P202, P210, P261, P264,
P272, P273, P280, P302 + P352,
P305 + P351 + P338, P312,
P333 + P313, P337 + P313
P362 + P364, P370 + P378, P391
P403 + P235, P405, P501",Warehouse1,X,,X,,,,,,
IFF-QB00206,CRYSTAL HEALING S/P,Mezcla,ATENCION,1 800 002 1400,"H227, H303, H315, H317, H319, H361
H400, H411","P201, P202, P210, P261, P264,
P272, P273, P280, P302 + P352,
P305 + P351 + P338, P312,
P333 + P313, P337 + P313
P362 + P364, P370 + P378, P391
P403 + P235, P405, P501",Warehouse1,X,,X,,,,,,
VAR-QB00014,ALCOHOL CETILICO S/P,36653-82-4,No Aplicable,+34 93 739 9445,No Aplicable,No Aplicable,Warehouse1,,,,,,,,,
IFF-QB00114,SWEET LOVE 591,Mezcla,ATENCION,1 800 002 1400,"H316, H317, H411","P261, P272, P273, P302 + P352, P333 + P313, P362 + P364, P391, P501",Warehouse1,X,,X,,,,,,
IFF-QB00111,STUNNING 507,Mezcla,ATENCION,1 800 002 1400,"H227, H316, H317,
H319, H411","P210, P261, P264, P272, P273,
P280, P302 + P352, 
P305 + P351 + P338, P333 + P313,
P337 + P313, P362 + P364,
P370 + P378, P391, P403 + P235, P501
",Warehouse1,X,,,,,X,,,
IFF-QB00222,BERRY BLOSSOM S/P, - , - , -  , - , - ,Warehouse1,,,,,,,,,
VAR-QB00081,ESPESANTE D150 S/P, - , - , - , - , - ,Warehouse1,X,,,,,,,,
KAO-QB00070,TETRANYL AT7590,No Aplicable,PELIGRO,+34 93 739 9445,Líquido y vapores muy inflamables.,"Usar guantes de protección: > 8 horas (tiempo de saturación): caucho butílico ,
neopreno. Usar protección para los ojos o la cara: Recomendado: lentes antisalpicaduras. Mantener alejado del calor, superficies calientes, chispas, llamas abiertas y otras fuentes de ignición. No fumar. Todos los equipos eléctricos, de ventilación, de iluminación y para la manipulación de materiales deben ser antideflagrantes. No utilizar herramientas que produzcan chispas. Tomar medidas de precaución contra las descargas electrostáticas. Mantener el recipiente herméticamente cerrado. EN CASO DE CONTACTO CON LA PIEL (o el pelo): Quitar inmediatamente toda la ropa contaminada. Lavar la piel con agua o tomar una ducha. Almacenar en un lugar bien ventilado. Mantener fresco. Eliminar el contenido y recipiente conforme a todas las  glamentaciones locales, regionales, nacionales e internacionales.",Warehouse1,,,,,X,,,,
IFF-QB00029,RUPERT 933 S/P,Mezcla,ATENCION,1 800 002 1400,"H227, H303, H315, H317, H319, H361
H400, H411","P201, P202, P210, P261, P264,
P272, P273, P280, P302 + P352,
P305 + P351 + P338, P312,
P333 + P313, P337 + P313
P362 + P364, P370 + P378, P391
P403 + P235, P405, P501",Warehouse1,X,,X,,,X,,,
LUB-QB00005,ARGIRELINA S/P,-,-,-,-,,Warehouse1,,,,,,,,,
IFF-QB00291,WILD CITRONELLA 815 S/P,Mezcla,ATENCION,1 800 002 1400,"H316, H317, H411","P261, P272, P273, P280 P302 + P352, P333 + P313 P362 + P364, P391, P501",Warehouse1,X,,,,,X,,,
VAR-QB00066,COLOR VIOLETA MARTACYL S4BN 215% S/P, - , - , - , - , - ,Warehouse1,,,,,,,,,
IFF-QB00085,CLASSIC FLORAL 535 S/P,Mezcla,ATENCION,1 800 002 1400,"H227, H315, H317 H361, H410","P201, P202, P210, P261, P264, P272, P273, P280, P302 + P352, P308 + P313, P333 + P313, P362 + P364, P370 + P378, P391, P403 + P235, P405, P501",Warehouse1,X,,X,,,,,,
VAR-QB00145,TWEN 80 S/P,9005-64-5,No Aplicable,01 800 00 21400  / 01 (55) 55 59 15 88,No Aplicable,No Aplicable,Warehouse1,,,,,,,,,
,KIWI 094 S/P,Mezcla,ATENCION,1 800 002 1400,"H227, H315, H317 H361, H410","P201, P202, P210, P261, P264, P272, P273, P280, P302 + P352, P308 + P313, P333 + P313, P362 + P364, P370 + P378, P391, P403 + P235, P405, P501",Warehouse1,X,,X,,,,,,
IFF-QB00283,VAINILLA CITRICO S/P,Mezcla,ATENCION,1 800 002 1400,"H227, H315, H317 H361, H410","P201, P202, P210, P261, P264, P272, P273, P280, P302 + P352, P308 + P313, P333 + P313, P362 + P364, P370 + P378, P391, P403 + P235, P405, P501",Warehouse1,X,,X,,,,,,
VAR-QB00047,COLOR AMARILLO BASICO PARA CLORO S/P, - , - , - , - , - ,Warehouse1,,,,,,,,,
IFF-QB00002,CHERRY BERRY,Mezcla,ATENCION,1 800 002 1400,"H316, H317, H411","P261, P272, P273, P280, P302 + P352, P333 + P313, P362 + P364, P391, P501",Warehouse1,X,,,,,,,,
IFF-QB00226,BLUE MOMENT 759,Mezcla,ATENCION,1 800 002 1400,"H316, H317, H411","P261, P272, P273, P280, P302 + P352, P333 + P313, P362 + P364, P391, P501",Warehouse1,X,,,,,,,,
IFF-QB00140,DRIZZLE 691 S/P,Mezcla,PELIGRO,1 800 002 1400,"H227, H304, H315, H317, H319, H411","P210, P261, P264, P272, P273, P280, P301 + P310, P302 + P352, P305 + P351 + P338, P331,  P333 + P313, P337 + P313, P362 + P364, P370 + P378, P391, P403 + P235, P405, P501",Warehouse1,X,,X,,,X,,,
LUB-QB00003,ALGAPUR HSHO S/P,No Aplicable,No Aplicable,216-447-5000,No Aplicable,No Aplicable,Warehouse1,,,,,,,,,
,CHEMONIC OE-20,No Aplicable,No Aplicable,216-447-5000,No Aplicable,No Aplicable,Warehouse1,,,,,,,,,
,WONDERFUL LADY 195 S/P,Mezcla,ATENCION,1 800 002 1400,"H316, H317, H411","P261, P272, P273, P280, P302 + P352, P333 + P313, P362 + P364, P391, P501",Warehouse1,X,,,,,,,,
VAR-QB00109,LESS QB,No Aplicable,PELIGRO,+34 93 739 9445,Provoca lesiones oculares graves. Provoca irritación cutánea.,"Llevar guantes de protección. Llevar gafas o máscara de protección. Lavarse las manos concienzudamente tras la manipulación. EN CASO DE CONTACTO CON LA PIEL: Lavar con agua y jabón abundantes. Quitar las prendas contaminadas y lavarlas antes de volver a usarlas. En caso de irritación cutánea: Consultar a un médico. EN CASO DE CONTACTO CON LOS OJOS: Aclarar cuidadosamente con agua durante varios minutos. Quitar las lentes de contacto, si lleva y resulta fácil. Seguir aclarando. Llamar inmediatamente a un centro de información toxicológica o a un médico. ",Warehouse1,,X,,,,,,,
IFF-QB00255,MINT BOSS 64,Mezcla,ATENCION,1 800 002 1400,"H316, H317, H411","P261, P272, P273, P280, P302 + P352, P333 + P313, P362 + P364, P391, P501",Warehouse1,X,,,,,,,,
IFF-QB00218,ARGAN MANDARINA SOFT 195,Mezcla,ATENCION,1 800 002 1400,"H316, H317, H411","P261, P272, P273, P280, P302 + P352, P333 + P313, P362 + P364, P391, P501",Warehouse1,X,,,,,,,,
IFF-QB00266,ROSETA 70,Mezcla,ATENCION,1 800 002 1400,"H316, H317, H411","P261, P272, P273, P280, P302 + P352, P333 + P313, P362 + P364, P391, P501",Warehouse1,X,,,,,,,,
,COLOR CAFÉ ACIDO 14 S/P, - , - , - , - , - ,Warehouse1,,,,,,,,,
IFF-QB00195,TH NINA 245 S/P,Mezcla,ATENCION,1 800 002 1400,"H316, H317, H411","P261, P272, P273, P280, P302 + P352, P333 + P313, P362 + P364, P391, P501",Warehouse1,X,,,,,,,,
IFF-QB00176,AMOR CON J 496 S/P,Mezcla,ATENCION,1 800 002 1400,"H316, H317, H411","P261, P272, P273, P280, P302 + P352, P333 + P313, P362 + P364, P391, P501",Warehouse1,X,,,,,,,,
IFF-QB00181,BUENA NINA 979 S/P,Mezcla,ATENCION,1 800 002 1400,"H316, H317, H411","P261, P272, P273, P280, P302 + P352, P333 + P313, P362 + P364, P391, P501",Warehouse1,X,,,,,,,,
IFF-QB00183,CANAL AZUL 921 S/P,Mezcla,ATENCION,1 800 002 1400,"H316, H317, H411","P261, P272, P273, P280, P302 + P352, P333 + P313, P362 + P364, P391, P501",Warehouse1,X,,,,,,,,
IFF-QB00245,GLAMOUR 50,Mezcla,ATENCION,1 800 002 1400,"H316, H317, H411","P261, P272, P273, P280, P302 + P352, P333 + P313, P362 + P364, P391, P501",Warehouse1,X,,,,,,,,
IFF-QB00015,GINGER ESSENCE 357 S/P,Mezcla,ATENCION,1 800 002 1400,"H316, H317, H411","P261, P272, P273, P280, P302 + P352, P333 + P313, P362 + P364, P391, P501",Warehouse1,X,,,,,,,,
VAR-QB00084,EXTRACTO DE CNS REDUCEL S/P, - , - , - , - , - ,Warehouse1,,,,,,,,,
VAR-QB00046,COLOR AMARILLO AL ACEITE, - , - , - , - , - ,Warehouse1,,,,,,,,,
VAR-QB00059,COLOR ROJO AL ACEITE, - , - , - , - , - ,Warehouse1,,,,,,,,,
IFF-QB00259,PASION FLORAL 821 S/P,Mezcla,ATENCION,1 800 002 1400,"H316, H317, H411","P261, P272, P273, P280, P302 + P352, P333 + P313, P362 + P364, P391, P501",Warehouse1,X,,,,,,,,
,COLOR NEGRO BRAXIME NNX S/P, - , - , - , - , - ,Warehouse1,,,,,,,,,
IFF-QB00220,BAMBOO SENSE 2150 S/P,Mezcla,PELIGRO,1 800 002 1400,"H227, H303, H304, H315, H317, H319,  H361, H400, H411","P201, P202, P210, P261, P264, P272, P273, P280, P301 + P310, P302 + P352, P305 + P351 + P338, P312, P331, P333 + P313, P337 + P313, P362 + P364, P370 + P378, 391, P403 + P235, P405, P501",Warehouse1,X,,X,,,X,,,
ASH-QB00009,CONDITIONIZE 37E,No Aplicable,1-800-274-5263,No Aplicable,No Aplicable,1,Warehouse1,,,,,,,,,
IFF-QB00193,SOY TU HOMBRE,Mezcla,ATENCION,1 800 002 1400,"H316, H317, H411","P261, P272, P273, P280, P302 + P352, P333 + P313, P362 + P364, P391, P501",Warehouse1,X,,,,,,,,
IFF-QB00188,HOMBRE MILLON ,Mezcla,ATENCION,1 800 002 1400,"H316, H317, H411","P261, P272, P273, P280, P302 + P352, P333 + P313, P362 + P364, P391, P501",Warehouse1,X,,,,,,,,
IFF-QB00027,NEVERLAND 700,,ATENCION,1 800 002 1400,"H316, H317, H411","P261, P272, P273, P280, P302 + P352, P333 + P313, P362 + P364, P391, P501",Warehouse1,X,,,,,,,,
IFF-QB00017,JAZMIN GREEN 263,Mezcla,ATENCION,1 800 002 1400,"H227, H316, H317,
H411","P210, P261, P272, P273, P280, P302 + P352, P333 + P313 , P362 + P364, P370 + P378, P391, P403 + P235, P501",Warehouse1,X,,,,,X,,,
,OILKEMIA 55 S/P, - , - , - , - , - ,Warehouse1,,,,,,,,,
VAR-QB00089,EXTRACTO DE SEMILLA DE TORONJA (GRADO ACUOSO INGERIBLE), - , - , - , - , - ,Warehouse1,,,,,,,,,
,JASMIN STRAWBERRY,,ATENCION,"1 800 002 14CH227, H316",,"P210, P261, FG",Warehouse1,X,,,,,,,,
IFF-QB00006,CITRUS SPARKLE 831 S/P,Mezcla,ATENCION,1 800 002 1400,"H315, H317, H319, H411","P261, P264, P272, P273, P280, P302+P352, P305+P351+P338, P333+P313, P337+P313, P362+P364, P391, P501",Warehouse1,X,,,,,X,,,
,CITRUS HERBAL 615 S/P,Mezcla,ATENCION,1 800 002 1400,"H315, H317, H319, H411","P261, P264, P272, P273, P280, P302+P352, P305+P351+P338, P333+P313, P337+P313, P362+P364, P391, P501",Warehouse1,X,,,,,X,,,
,PURPLE SKY 990 S/P,Mezcla,ATENCION,1 800 002 1400,"H227, H303, H315, H317, H319, H411","P210, P261, P264, P272, P273, P280, P302 + P352,  P305 + P351 + P338, P312,  P333 + P313, P337 + P313, P362 + P364, P370 + P378, P391, P403 + P235, P405, P501",Warehouse1,X,,,,,X,,,
VAR-QB00061,COLOR ROJO NO. 6 GEL, - , - , - , - , - ,Warehouse1,,,,,,,,,
ASH-QB00036,P.V.P. K 30, - , - , - , - , - ,Warehouse1,,,,,,,,,
IFF-QB00203,SPARK FRESH 317,,ATENCION,1 800 002 1400,"H316, H317, H411","P261, P272, P273, P280, P302 + P352, P333 + P313, P362 + P364, P391, P501",Warehouse1,X,,,,,,,,
IFF-QB00202,LUXEL 149,,ATENCION,1 800 002 1400,"H316, H317, H411","P261, P272, P273, P280, P302 + P352, P333 + P313, P362 + P364, P391, P501",Warehouse1,X,,,,,,,,
VAR-QB00045,COLOR AMARILLO AL ACEITE SOLVENTE S/P, - , - , - , - , - ,Warehouse1,,,,,,,,,
IFF-QB00277,SUN FLOWERS 1322 S/P, - , - , -  , - , - ,Warehouse1,X,,,,,,,,
IFF-QB00271,SMOOTH BABY 1566 S/P, - , - , -  , - , - ,Warehouse1,X,,,,,,,,
IFF-QB00274,SPARKLING CITRUS 355,,ATENCION,"1 800 002 14CH227, H316",,"P210, P261, FG",Warehouse1,X,,,,,,,,
IFF-QB00278,SUNSHINE FLOWERS 324,,ATENCION,"1 800 002 14CH227, H316",,"P210, P261, FG",Warehouse1,X,,,,,,,,
,MAX ELEGANCY 9021,,ATENCION,"1 800 002 14CH227, H316",,"P210, P261, FG",Warehouse1,X,,,,,,,,
IFF-QB00127,BABY HYPO 168,,ATENCION,"1 800 002 14CH227, H316",,"P210, P261, FG",Warehouse1,X,,,,,,,,
IFF-QB00132,CHAMP DE LAVAND 897,,ATENCION,"1 800 002 14CH227, H316",,"P210, P261, FG",Warehouse1,X,,,,,,,,
IFF-QB00135,COCONUT AND ALOE 813 S/P,Mezcla,ATENCION,01 800 002 1400,"H227, H303, H315, H317, H361, H400, H411"," P201, P202, P210, P261, P264, P272, P273, P280, P302 + P352, P312, P333 + P313, P362 + P364, P370 + P378, P391, P403 + P235, P405, P501.",Warehouse1,X,,X,,,X,,,
VAR-QB00050,COLOR AZUL AL ACEITE (ACEITE MOPS), - , - , - , - , - ,Warehouse1,,,,,,,,,
KAO-QB00059,KAOSOFT HW TAMBOR,No Aplicable,PELIGRO,+34 93 739 9445,Líquido y vapores muy inflamables.,"Usar guantes de protección: > 8 horas (tiempo de saturación): caucho butílico ,
neopreno. Usar protección para los ojos o la cara: Recomendado: lentes antisalpicaduras. Mantener alejado del calor, superficies calientes, chispas, llamas abiertas y otras fuentes de ignición. No fumar. Todos los equipos eléctricos, de ventilación, de iluminación y para la manipulación de materiales deben ser antideflagrantes. No utilizar herramientas que produzcan chispas. Tomar medidas de precaución contra las descargas electrostáticas. Mantener el recipiente herméticamente cerrado. EN CASO DE CONTACTO CON LA PIEL (o el pelo): Quitar inmediatamente toda la ropa contaminada. Lavar la piel con agua o tomar una ducha. Almacenar en un lugar bien ventilado. Mantener fresco. Eliminar el contenido y recipiente conforme a todas las  glamentaciones locales, regionales, nacionales e internacionales.",Warehouse1,,,,,X,,,,
,COLOR CAFÉ 95, - , - , - , - , - ,Warehouse1,,,,,,,,,
IFF-QB00196,VICTORY 225,,ATENCION,1 800 002 1400,"H315, H317, H319, H411","P261, P264, P272, P273, P280, P302+P352, P305+P351+P338, P333+P313, P337+P313, P362+P364, P391, P501",Warehouse1,X,,,,,X,,,
VAR-QB00115,MIT QB(CONSERVADOR LIBRE DE FORMOL) S/P,Mezcla,ATENCION,01 800 002 1400,,,Warehouse1,,,,,,,,,
IFF-QB00187,GHOST 081,,ATENCION,1 800 002 1400,"H315, H317, H319, H411","P261, P264, P272, P273, P280, P302+P352, P305+P351+P338, P333+P313, P337+P313, P362+P364, P391, P501",Warehouse1,X,,,,,X,,,
IFF-QB00150,JUNGLE MELON 836,,ATENCION,"1 800 002 14CH227, H316",,"P210, P261, FG",Warehouse1,X,,,,,,,,
IFF-QB00112,SUMMER SUNSET 066,,ATENCION,"1 800 002 14CH227, H316",,"P210, P261, FG",Warehouse1,X,,,,,,,,
IFF-QB00149,JUICY FRESH CITRUS 120,,ATENCION,"1 800 002 14CH227, H316",,"P210, P261, FG",Warehouse1,X,,,,,,,,
IFF-QB00231,POTPURRI FRUIT 755,MEZCLA,ATENCION,"1 800 002 14CH227, H316",,"P210, P261, FG",Warehouse1,X,,,,,,,,
IFF-QB00270,SIMPLE POSSION 383,MEZCLA,ATENCION,"1 800 002 14CH227, H316",,"P210, P261, FG",Warehouse1,X,,,,,,,,
IFF-QB00248,GREEN WATER 8225,MEZCLA,ATENCION,"1 800 002 14CH227, H316",,"P210, P261, FG",Warehouse1,X,,,,,,,,
VAR-QB00058,"COLOR ROJO ACIDO 52 (ROSA) (LIMPIADORES, QUITA SARRO)", - , - , - , - , - ,Warehouse1,,,,,,,,,
IFF-QB00179,BLACK FLORAL 842,MEZCLA,ATENCION,"1 800 002 14CH227, H316",,"P210, P261, FG",Warehouse1,X,,,,,,,,
IFF-QB00121,WATERY TIMBRE 939 S/P,Mezcla,ATENCION,1 800 002 1400,"H315, H317, H319,
H411","P261, P264, P272, P273, P280, P302 + P352, P305 + P351 + P338, P333 + P313,  337 + P313,  P362 + P364, P391, P501",Warehouse1,X,,,,,X,,,
IFF-QB00105,PINK LADY 819 S/P,MEZCLA,ATENCION,"1 800 002 14CH227, H316",,"P210, P261, FG",Warehouse1,X,,,,,,,,
VAR-QB00143,TRANSCUTOL HP,111-90-0,No Aplicable,NO,No Aplicable,No Aplicable,Warehouse1,,,,,,,,,
ASH-QB00041,RAPITHIX A-100 S/P, - , -, -, -, -,Warehouse1,,,,,,,,,
LUB-QB00004,ARBALON R-50 CELLULOSE LIQ, - , -, -, -, -,Warehouse1,,,,,,,,,
IFF-QB00107,SENSUAL BREEZE 873 S/P,Mezcla,ATENCION,1 800 002 1400,"H315, H317, H319,
H411","P261, P264, P272, P273, P280, P302 + P352, P305 + P351 + P338, P333 + P313,  337 + P313,  P362 + P364, P391, P501",Warehouse1,X,,,,,X,,,
IFF-QB00147,GINGER TOUCH 917 S/P,Mezcla,ATENCION,1 800 002 1400,"H227, H303, H315, H317, H319, H361
H400, H411","P201, P202, P210, P261, P264,
P272, P273, P280, P302 + P352,
P305 + P351 + P338, P312,
P333 + P313, P337 + P313
P362 + P364, P370 + P378, P391
P403 + P235, P405, P501",Warehouse1,X,,X,,,X,,,
IFF-QB00048,FLORAL CREAMY 275 S/P,Mezcla,ATENCION,1 800 002 1400,"H227, H303, H315, H317, H319, H361
H400, H411","P201, P202, P210, P261, P264,
P272, P273, P280, P302 + P352,
P305 + P351 + P338, P312,
P333 + P313, P337 + P313
P362 + P364, P370 + P378, P391
P403 + P235, P405, P501",Warehouse1,X,,X,,,X,,,
,EUXYL PE 9010, - , -, -, -, -,Warehouse1,,,,,,,,,
IFF-QB00134,CLEAN SCENT 655 S/P,Mezcla,ATENCION,1 800 002 1400,"H227, H316, H317
H401, H412
","P210, P261, P272, P273, P280
P302 + P352, P333 + P313
P362 + P364, P370 + P378
P403 + P235, P501",Warehouse1,X,,,,,,,,
IFF-QB00035,WOOD WICK 122,Mezcla,ATENCION,1 800 002 1400,"H227, H316, H317
H401, H412
","P210, P261, P272, P273, P280
P302 + P352, P333 + P313
P362 + P364, P370 + P378
P403 + P235, P501",Warehouse1,X,,,,,,,,
LUB-QB00049,NOVETHIX HC 200,No Aplicable,ATENCION,216-447-5000,H316: Provoca una leve irritación cutánea.,P332+P313: En caso de irritación cutánea: Consultar a un médico.,Warehouse1,,,,,,,,,
VAR-QB00010,ACIDO OLEICO QB S/P,-,SIN PALABRA,+34 93 739 9445,No Aplicable,No Aplicable,Warehouse1,,,,,,,,,
IFF-QB00235,CITRIC LEMON FRESH,,ATENCION,"1 800 002 14CH227, H316",,"P210, P261, FG",Warehouse1,X,,,,,,,,
IFF-QB00243,FOUGERE GREEN 3020 S/P,,ATENCION,"1 800 002 14CH227, H316",,"P210, P261, FG",Warehouse1,X,,,,,,,,
,EASY ADDICTION 186 S/P,,ATENCION,"1 800 002 14CH227, H316",,"P210, P261, FG",Warehouse1,X,,,,,,,,
IFF-QB00275,SPORTIVO MEN 2023,,ATENCION,"1 800 002 14CH227, H316",,"P210, P261, FG",Warehouse1,X,,,,,,,,
IFF-QB00221,BELLE FEMME 6040,,ATENCION,"1 800 002 14CH227, H316",,"P210, P261, FG",Warehouse1,X,,,,,,,,
IFF-QB00241,FEMME ROUSE 7525,,ATENCION,"1 800 002 14CH227, H316",,"P210, P261, FG",Warehouse1,X,,,,,,,,
,GREEN TUBEROSE 432,Mezcla,ATENCION,1 800 002 1400,"H227, H315, H317, H411","P210, P261, P264, P272, P273, P280, P302 + P352, P333 + P313,  P362 + P364, P370 + P378, P391, P403 + P235, P501",Warehouse1,X,,,,,X,,,
KAO-QB00032,DANOX HC30, - , -, -, -, -,Warehouse1,,,,,,,,,
VAR-QB00159,SORBATO DE POTASIO, - , -, -, -, -,Warehouse1,,,,,,,,,
IFF-QB00267,SB CHERRY,Mezcla,ATENCION,1 800 002 1400,"H227, H316, H317,
H411","P210, P261, P272, P273, P280, P302 + P352, P333 + P313, P362 + P364, P370 + P378, P391, P403 + P235, P501",Warehouse1,X,,,,,X,,,
LUB-QB00066,SILSENSE BIO5 S/P,8042-47-5 / 79-10-7,ATENCION,216-447-5000,H316: Provoca una leve irritación cutánea,P332+P313: En caso de irritación cutánea: Consultar a un médico,Warehouse1,,,,,,,,,
IFF-QB00138,DEATH BY CHOCOLATE S/P,Mezcla, - , - , - , - ,Warehouse1,,,,,,,,,
IFF-QB00141,ELDEBERRY S/P,Mezcla, - , - , - , - ,Warehouse1,,,,,,,,,
IFF-QB00145,FROSTED WHITE CITRON S/P,Mezcla,ATENCION,1 800 002 1400,"H303, H315, H317,
H319, H351, H411","P201, P202, P261, P264, P272, P273, P280, P302 + P352, P305 + P351 + P338, P312, P333 + P313, P337 + P313, P362 + P364, P391, P405, P501",Warehouse1,X,,X,,,,,,
IFF-QB00148,INDULGENT TOUCH 268,,ATENCION,"1 800 002 14CH303, H315    P201, P202",,,Warehouse1,,X,X,,,X,,,
IFF-QB00154,MUSK 377,,ATENCION,"1 800 002 14CH303, H315    P201, P202",,,Warehouse1,,X,X,,,X,,,
IFF-QB00057,MAJESTIC BLUE 935,Mezcla,ATENCION,1 800 002 1400,"H227, H303, H 315, H317, H319, H361, H411, ","P201, P202, P210, P261, P264, P272, P273, P280, P302 + P352, P305 + P351 + P338, P312, P333 + P313, P337 + P313, P362 + P364, P370 + P378, P391, P403 + P235, P405, P501",Warehouse1,X,,X,,,X,,,
IFF-QB00058,PURPLE MYSTERY S/P,Mezcla,ATENCION,1 800 002 1400,"H227, H316, H317,
H411","P210, P261, P272, P273, P280, P302 + P352, P333 + P313, P362 + P364, P370 + P378, P391, P403 + P235, P501
",Warehouse1,X,,,,,X,,,
IFF-QB00070,SUNSENSATION S/P,Mezcla,ATENCION,1 800 002 1400,"H227, H315, H317, H411","P210, P261, P264, P272, P273, P280, P302 + P352, P333 + P313, P362 + P364, P370 + P378, P391 P403 + P235, P501",Warehouse1,X,,,,,X,,,
IFF-QB00157,PINEAPPLE PARADISE S/P,Mezcla,ATENCION,1 800 002 1400,"H227, H315, H317, H411","P210, P261, P264, P272, P273, P280, P302 + P352, P333 + P313, P362 + P364, P370 + P378, P391 P403 + P235, P501",Warehouse1,X,,,,,X,,,
IFF-QB00028,PRECIOUS CARE 828 S/P,Mezcla,ATENCION,1 800 002 1400,"H227, H315, H317,
H319, H410","P210, P261, P264, P272, P273, P280, P302 + P352,  P305 + P351 + P338, P333 + P313,  P337 + P313, P362 + P364,  P370 + P378, P391, P403 + P235, P501 ",Warehouse1,X,,,,,,,,
KAO-QB00027,TETRANYL L9-90E,"157905-74-3, 64-17-5",ATENCION,+34 93 739 9445,Líquidos y vapores inflamables.,"Llevar guantes de protección: > 8 horas (tiempo de detección): goma de butilo , neopreno. Llevar gafas o máscara de protección: Recomendado: gafas antisalpicaduras. Mantener alejado del calor, de superficies calientes, de chispas, de llamas abiertas y de cualquier otra fuente de ignición. No fumar. Utilizar un material eléctrico, de ventilación, de iluminación y todos los equipos de manipulación de materiales  ntideflagrantes. Utilizar únicamente herramientas que no produzcan chispas. Tomar  edidas de precaución contra descargas electrostáticas. Mantener el recipiente herméticamente cerrado. EN CASO DE CONTACTO CON LA PIEL (o el pelo): Quitar inmediatamente todas las prendas contaminadas. Aclararse la piel con agua o ducharse. Almacenar en un lugar bien ventilado. Mantener en lugar fresco. Eliminar el contenido y el recipiente de acuerdo con las normativas locales, regionales, nacionales e internacionales.",Warehouse1,,,,,X,,,,
LUB-QB00056,RESULOOK S/P, - , -, -, -, -,Warehouse1,,,,,,,,,
IFF-QB00239,DOW YELLOW,,ATENCION,"1 800 002 14CH303, H315    P201, P202",,,Warehouse1,,,,,,X,,,
IFF-QB00216,SPRING TIME 289,Mezcla,ATENCION,1 800 002 1400,"H226, H316, H317,
H319, H410","P210, P233, P240, P241, P242, P243, P261, P264, P272, P273, P280, P303 + P361 + P353, P305 + P351 + P338, P333 + P313, P337 + P313, P362 + P364, P370 + P378, P391, P403 + P235, P501",Warehouse1,X,,,,X,X,,,
IFF-QB00215,SPRING BREAK 290,Mezcla,ATENCION,1 800 002 1400,"H226, H316, H317,
H319, H410","P210, P233, P240, P241, P242, P243, P261, P264, P272, P273, P280, P303 + P361 + P353, P305 + P351 + P338, P333 + P313, P337 + P313, P362 + P364, P370 + P378, P391, P403 + P235, P501",Warehouse1,X,,,,X,X,,,
IFF-QB00212,PREMIUM FABRIC 701,Mezcla,ATENCION,1 800 002 1400,"H226, H316, H317,
H319, H410","P210, P233, P240, P241, P242, P243, P261, P264, P272, P273, P280, P303 + P361 + P353, P305 + P351 + P338, P333 + P313, P337 + P313, P362 + P364, P370 + P378, P391, P403 + P235, P501",Warehouse1,X,,,,X,X,,,
VAR-QB00124,NS MICELLAR HYALURONIC, - , -, -, -, -,Warehouse1,,,,,,,,,
KAO-QB00024,AMIET 515,"61791-14-8, 70592-80-2, 61790-85-0",PELIGRO,+34 93 739 9445,Nocivo en caso de ingestión. Provoca quemaduras graves en la piel y lesiones oculares graves. Provoca daños en los órganos tras exposiciones prolongadas o repetidas.,"Llevar guantes de protección: > 8 horas (tiempo de detección): goma de butilo. Llevar gafas o máscara de protección: Recomendado: gafas anti-salpicaduras , gafas de seguridad con protección lateral. Llevar prendas de protección:  ecomendado: Traje de protección , bata de laboratorio. No respirar los vapores. No comer, beber ni fumar durante su utilización. Lavarse las manos concienzudamente tras la manipulación. Consultar a un médico en caso de malestar. EN CASO DE INHALACIÓN: Transportar a la persona al aire libre y mantenerla en una posición que le facilite la respiración. Llamar inmediatamente a un centro de información toxicológica o a un médico. EN CASO DE INGESTIÓN: Llamar inmediatamente a un centro de información toxicológica o a un médico. Enjuagarse la boca. NO provocar el vómito. EN CASO DE CONTACTO CON LA PIEL (o el pelo): Quitar inmediatamente todas las prendas contaminadas. Aclararse la piel con agua o ducharse. Lavar las prendas contaminadas antes de volver a usarlas. Llamar inmediatamente a un centro de información toxicológica o a un médico. EN CASO DE CONTACTO CON LOS OJOS: Aclarar cuidadosamente con agua durante varios minutos. Quitar las lentes de contacto, si lleva y resulta fácil. Seguir aclarando. Llamar inmediatamente a un centro de información toxicológica o a un médico. Guardar cerrado. Eliminar el contenido y el recipiente de acuerdo con las normativas locales, regionales, nacionales e internacionales.",Warehouse1,X,X,X,,,,,,
,DIAMIET 503,"61791-14-8, 70592-80-2, 61790-85-0",PELIGRO,+34 93 739 9445,Nocivo en caso de ingestión. Provoca quemaduras graves en la piel y lesiones oculares graves. Provoca daños en los órganos tras exposiciones prolongadas o repetidas.,"Llevar guantes de protección: > 8 horas (tiempo de detección): goma de butilo. Llevar gafas o máscara de protección: Recomendado: gafas anti-salpicaduras , gafas de seguridad con protección lateral. Llevar prendas de protección:  ecomendado: Traje de protección , bata de laboratorio. No respirar los vapores. No comer, beber ni fumar durante su utilización. Lavarse las manos concienzudamente tras la manipulación. Consultar a un médico en caso de malestar. EN CASO DE INHALACIÓN: Transportar a la persona al aire libre y mantenerla en una posición que le facilite la respiración. Llamar inmediatamente a un centro de información toxicológica o a un médico. EN CASO DE INGESTIÓN: Llamar inmediatamente a un centro de información toxicológica o a un médico. Enjuagarse la boca. NO provocar el vómito. EN CASO DE CONTACTO CON LA PIEL (o el pelo): Quitar inmediatamente todas las prendas contaminadas. Aclararse la piel con agua o ducharse. Lavar las prendas contaminadas antes de volver a usarlas. Llamar inmediatamente a un centro de información toxicológica o a un médico. EN CASO DE CONTACTO CON LOS OJOS: Aclarar cuidadosamente con agua durante varios minutos. Quitar las lentes de contacto, si lleva y resulta fácil. Seguir aclarando. Llamar inmediatamente a un centro de información toxicológica o a un médico. Guardar cerrado. Eliminar el contenido y el recipiente de acuerdo con las normativas locales, regionales, nacionales e internacionales.",Warehouse1,X,X,X,,,,,,
,CLORURO DE BENZALCONIO AL 80% (TETRANYL BC 80),"61789-71-7, 67-63-0",PELIGRO,+34 93 739 9445,Líquidos y vapores inflamables. Nocivo en caso de ingestión o en contacto con la piel. Provoca quemaduras graves en la piel y lesiones oculares graves.,"Llevar guantes de protección: > 8 horas (tiempo de detección): goma de butilo,
neopreno. Llevar gafas o máscara de protección: Recomendado: gafas de seguridad con protección lateral. Llevar prendas de protección: Recomendado: Traje de protección , bata de laboratorio. Mantener alejado del calor, de superficies calientes, de chispas, de llamas abiertas y de cualquier otra fuente de ignición. No fumar. Utilizar un material eléctrico, de ventilación, de iluminación y todos los equipos de manipulación de materiales antideflagrantes. Utilizar únicamente herramientas que no produzcan chispas. Tomar medidas de precaución contra descargas electrostáticas. Mantener el recipiente herméticamente cerrado. No comer, beber ni fumar durante su utilización. Lavarse las manos concienzudamente tras la manipulación. EN CASO DE INHALACIÓN: Transportar a la persona al aire libre y mantenerla en una posición que le facilite la respiración. Llamar inmediatamente a un centro de información toxicológica o a un médico. EN CASO DE INGESTIÓN: Llamar inmediatamente a un centro de información toxicológica o a un médico. Enjuagarse la boca. NO provocar el vómito. EN CASO DE  CONTACTO CON LA PIEL (o el pelo): Quitar inmediatamente todas las prendas contaminadas. Aclararse la piel con agua o ducharse. Lavar las prendas contaminadas antes de volver a usarlas. Llamar inmediatamente a un centro de información toxicológica o a un médico. EN CASO DE CONTACTO CON LA PIEL: Lavar con agua y jabón abundantes. Llamar a un centro de información toxicológica o a un médico en caso de malestar. Quitar las prendas contaminadas y lavarlas antes de volver a usarlas. EN CASO DE CONTACTO CON  OJOS OJOS: Aclarar cuidadosamente con agua durante varios minutos. Quitar las lentes de contacto, si lleva y resulta fácil. Seguir aclarando. Llamar inmediatamente a un centro de información toxicológica o a un médico. Guardar cerrado. Almacenar en un lugar bien ventilado. Mantener en lugar fresco. : Eliminar el contenido y el recipiente de acuerdo con las normativas locales, regionales, nacionales e internacionales.",Warehouse1,X,X,,,X,,,,
IFF-QB00205,CLEAN PLUS 049,Mezcla,ATENCION,1 800 002 1400,"H226, H316, H317,
H319, H410","P210, P233, P240, P241, P242, P243, P261, P264, P272, P273, P280, P303 + P361 + P353, P305 + P351 + P338, P333 + P313, P337 + P313, P362 + P364, P370 + P378, P391, P403 + P235, P501",Warehouse1,X,,,,X,X,,,
IFF-QB00211,PERFECT BRIGHT 056,Mezcla,ATENCION,1 800 002 1400,"H226, H316, H317,
H319, H410","P210, P233, P240, P241, P242, P243, P261, P264, P272, P273, P280, P303 + P361 + P353, P305 + P351 + P338, P333 + P313, P337 + P313, P362 + P364, P370 + P378, P391, P403 + P235, P501",Warehouse1,X,,,,X,X,,,
IFF-QB00213,PREMIUM FABRIC 992,,ATENCION,1 800 002 1400,"H226, H316,","P210, P233, P240, P241, P242, P243, P261, P264, P272, P273, P280, P303 + P361 + P353, P305 + P351 + P338, P333 + P313, P337 + P313, P362 + P364, P370 + P378, P391, P403 + P235, P501",Warehouse1,X,,,,,,,,
IFF-QB00197,BLOOM MEDLEY 420,Mezcla,ATENCION,1 800 002 1400,"H315, H317, H411","P261, P264, P272, P273, P280, P302 + P352, P333 + P313, P362 + P364, P391, P501",Warehouse1,X,,X,,,,,,
ASH-QB00046,SUBERLIFTT LIPOPHILE S/P, - , -, -, -, -,Warehouse1,,,,,,,,,
LUB-QB00065,SENSOMER TARA POLYMER S/P,68610-92-4,ATENCION,216-447-5000,H315: Provoca irritación cutánea. H319: Provoca irritación ocular grave.,"P264: Lavarse cuidadosamente después de la manipulación. P280: Usar guantes/ropa de protección/equipo de protección para los ojos/la cara. P305+P351+P338: En caso de contacto con los ojos: Enjuagar con agua cuidadosamente durante varios minutos. Quitar las lentes de contacto cuando estén presentes y pueda hacerse con facilidad. Proseguir con el lavado. P337+P313: Si la irritación ocular persiste, consultar a un médico. P302+P352: EN CASO DE CONTACTO CON LA PIEL: Lavar con agua y
jabón abundantes. P332+P313: En caso de irritación cutánea: Consultar a un médico. P321: Tratamiento específico (véase en esta etiqueta). P362: Quitar la ropa contaminada y lavarla antes de volverla a usar.",Warehouse1,X,,,,,,,,
LUB-QB00002,ACTIPHYTE BLUE AGAVE GL100NP,Mezcla,PELIGRO,1-800-274-5263,Puede provocar una reacción alérgica en la piel. Provoca lesiones oculares graves.,,Warehouse1,X,X,,,,,,,
IFF-QB00210,MY FLORAL 448,,ATENCION,01 800 002 1400,"H227, H315, ","P210, P261",Warehouse1,X,,,,,X,,,
IFF-QB00217,APPLE FRUITY 8230,Mezcla,ATENCION,1 800 002 1400,"H227, H316, H317,
H411","P210, P261, P272, P273, P280, P302 + P352, P333 + P313, P362 + P364, P370 + P378, P391, P403 + P235, P501
",Warehouse1,X,,,,,X,,,
,GINGER 295,Mezcla,ATENCION,1 800 002 1400,"H227, H316, H317,
H411","P210, P261, P272, P273, P280, P302 + P352, P333 + P313, P362 + P364, P370 + P378, P391, P403 + P235, P501
",Warehouse1,X,,,,,X,,,
IFF-QB00280,SUSPIRO DE AZAR 33,Mezcla,ATENCION,1 800 002 1400,"H315, H317, H411","P261, P264, P272, P273, P280, P302 + P352, P333 + P313, P362 + P364, P391, P501",Warehouse1,X,,X,,,,,,
LUB-QB00017,CARBOPOL CLEAR,No Aplicable,No Aplicable,216-447-5000,No Aplicable,No Aplicable,Warehouse1,,,,,,,,,
KAO-QB00056,KAOSOFT AT-50V,"157905-74-3, 64-17-5",ATENCION,+34 93 739 9445,Líquidos y vapores inflamables.,"Llevar guantes de protección: > 8 horas (tiempo de detección): goma de butilo , neopreno. Llevar gafas o máscara de protección: Recomendado: gafas antisalpicaduras. Mantener alejado del calor, de superficies calientes, de chispas, de llamas abiertas y de cualquier otra fuente de ignición. No fumar. Utilizar un material eléctrico, de ventilación, de iluminación y todos los equipos de manipulación de materiales  ntideflagrantes. Utilizar únicamente herramientas que no produzcan chispas. Tomar  edidas de precaución contra descargas electrostáticas. Mantener el recipiente herméticamente cerrado. EN CASO DE CONTACTO CON LA PIEL (o el pelo): Quitar inmediatamente todas las prendas contaminadas. Aclararse la piel con agua o ducharse. Almacenar en un lugar bien ventilado. Mantener en lugar fresco. Eliminar el contenido y el recipiente de acuerdo con las normativas locales, regionales, nacionales e internacionales.",Warehouse1,,,,,X,,,,
ASH-QB00014,ESCALOL 577, - , -, -, -, -,Warehouse1,,,,,,,,,
VAR-QB00103,GLUCOPON 625,110615-47-9 68515-73-1,PELIGRO, - ,H318: Provoca lesiones oculares graves. H402: Nocivo para los organismos acuáticos.,"P280: Llevar guantes, prendas, gafas, mascara de protección. P273: Evitar su liberación al medio ambiente. P305+P351+P338: En caso de contacto con los ojos: Aclarar
cuidadosamente con agua durante varios minutos. Quitar los lentes de contacto, si lleva y resulta fácil. Seguir aclarando. P310: Llamar inmediatamente a un centro de toxicología/medico. P501: Eliminar el contenido/el recipiente en un punto de recogida
de residuos especiales. ",Warehouse1,,X,,,,,,,
,FRAGANCIA COM 2284,Mezcla,ATENCION,1 800 002 1400,"H315, H317, H411","P261, P264, P272, P273, P280, P302 + P352, P333 + P313, P362 + P364, P391, P501",Warehouse1,X,,X,,,,,,
IFF-QB00144,FLORAL TOUCH 956,Mezcla,ATENCION,1 800 002 1400,"H227, H315, H317, H319, H411","P210, P261, P264, P272, P273, P280, P302 + P352, P305 + P351 + P338, P333 + P313, P337 + P313, P362 + P364, P370 + P378, P391, P403 + P235, P405, P501",Warehouse1,X,,,,,X,,,
,PALOMA BLANCA 98,,PELIGRO,1 800 002 1400,"H227, H304, H315, H317, H318, H400, H411","P210, P261, P264, P272, P273, P280, P301 + P310, P302 + P352, P305 + P351 + P338 + P310, P331, P333 + P313, P362 + P364, P370 + P378, P391, P403 + P235, P405, P501",Warehouse1,X,X,X,,,X,,,
KAO-QB00064,QUARTAMIN 60W30P,112-02-7,PELIGRO,+34 93 739 9445,Provoca lesiones oculares graves. Provoca irritación cutánea,"Llevar guantes de protección: > 8 horas (tiempo de detección): goma de butilo, neopreno. Llevar gafas o máscara de protección: Recomendado: gafas antisalpicaduras. Lavarse las manos concienzudamente tras la manipulación. EN CASO DE CONTACTO CON LA PIEL: Lavar con agua y jabón abundantes. Quitar las prendas contaminadas y lavarlas antes de volver a usarlas. En caso de irritación cutánea: Consultar a un médico. EN CASO DE CONTACTO CON LOS OJOS: Aclarar cuidadosamente con agua durante varios minutos. Quitar las lentes de contacto, si lleva y resulta fácil. Seguir aclarando. Llamar inmediatamente a un centro de información toxicológica o a un médico.",Warehouse1,,X,,,,,,,
VAR-QB00025,BASE PARA DIFUSORES AMBIENTALES, - , -, -, -, -,Warehouse1,,,,,,,,,
IFF-QB00252,LOVE & AFFECTION 2514,Mezcla,ATENCION,"1 800 002 14CH227, H316",,"P210, P261, FG",Warehouse1,X,,,,,,,,
IFF-QB00219,BAMBOO BLEND,Mezcla,PELIGRO,1 800 002 1400,"H227, H303, H304, H315, H317, H319,  H361, H400, H411","P201, P202, P210, P261, P264, P272, P273, P280, P301 + P310, P302 + P352, P305 + P351 + P338, P312, P331, P333 + P313, P337 + P313, P362 + P364, P370 + P378, 391, P403 + P235, P405, P501",Warehouse1,X,,X,,,X,,,
IFF-QB00237,DESTELLOS DE SOL,Mezcla,ATENCION,1 800 002 1400,"H227, H315, H317, H411","P210, P261, P264, P272, P273, P280, P302 + P352, P333 + P313, P362 + P364, P370 + P378, P391 P403 + P235, P501",Warehouse1,X,,,,,X,,,
IFF-QB00232,CARISMAS 2911,Mezcla,ATENCION,1 800 002 1400,"H315, H317, H318,
H411","P261, P264, P272, P273, P280,
P302 + P352,
P305 + P351 + P338 + P310,
P333 + P313, P362 + P364, P391,
P501
",Warehouse1,X,,,,,X,,,
IFF-QB00299,NOCHEBUENA 24,,ATENCION,"1 800 002 14CH227, H316",,"P210, P261, FG",Warehouse1,X,,,,,,,,
VAR-QB00171,EXTRACTO DE PEPINO, - , - , - , - , - ,Warehouse1,,,,,,,,,
,SOFT MUSK 310,Mezcla,ATENCION,01 800 002 1400,"H227, H315, H317,
H319, H411","P210, P261, P264, P272,P273,
P280, P302 + P352,
P305 + P351 + P338, P333 + P313,
P337 + P313, P362 + P364,
P370 + P378, P391, P403 + P235,
P501",Warehouse1,X,,,,,X,,,
,SELVA FRESCA 04,Mezcla,ATENCION,1 800 002 1400,"H227, H316, H317,
H411","P210, P261, P272, P273, P280, P302 + P352, P333 + P313 , P362 + P364, P370 + P378, P391, P403 + P235, P501",Warehouse1,X,,,,,X,,,
KAO-QB00017,AKYPO SUGAR LM-42, - , -, -, -, -,Warehouse1,,,,,,,,,
IFF-QB00136,COMPLETELY NUTS S/P,Mezcla,ATENCION,1 800 002 1400,"H315, H317, H318,
H411","P261, P264, P272, P273, P280,
P302 + P352,
P305 + P351 + P338 + P310,
P333 + P313, P362 + P364, P391,
P501
",Warehouse1,X,,,,,,,,
ASH-QB00070,GERMALL PLUS POLVO,78491-02-8;  55406-53-6 ,ATENCION,1-614-790-3333,H319 Provoca irritación ocular grave,"P264 Lavarse la piel cuidadosamente después de la manipulación. P280 Usar equipo de protección para los ojos/la cara. P305 + P351 + P338 EN CASO DE CONTACTO CON LOS OJOS: Enjuagar con agua cuidadosamente durante varios
minutos. Quitar las lentes de contacto cuando estén presentes y pueda hacerse con facilidad. Proseguir con el lavado.",Warehouse1,,,,,,,,,
IFF-QB00319,GREEN TEA CUCUMBER 956,Mezcla,PELIGRO,1 800 002 1400,"H227, H304, H315, H317, H318, H400, H411","P210, P261, P264, P272, P273, P280, P301 + P310, P302 + P352, P305 + P351 + P338 + P310, P331, P333 + P313, P362 + P364, P370 + P378, P391, P403 + P235, P405, P501",Warehouse1,X,X,X,,,X,,,
LUB-QB00058,SCHERCEMOL318 ESTER,No Aplicable,No Aplicable,216-447-5000,No Aplicable,No Aplicable,Warehouse1,,,,,,,,,
,TANGO PASION 900,Mezcla,PELIGRO,1 800 002 1400,"H227, H303, H315
H317, H318, H361
H411","P201, P202, P210, P261, P264,
P272, P273, P280, P302 + P352,
P305 + P351 + P338 + P310, P312,
P333 + P313, P362 + P364,
P370 + P378, P391, P403 + P235,
P501",Warehouse1,X,X,,,,X,,,
ASH-QB00007,CERAPYL SLK S/P, - , - , - , - , - ,Warehouse1,,,,,,,,,
,GREEN BLOSSOM 202,Mezcla,PELIGRO,1 800 002 1400,"H227, H304, H315, H317, H318, H400, H411","P210, P261, P264, P272, P273, P280, P301 + P310, P302 + P352, P305 + P351 + P338 + P310, P331, P333 + P313, P362 + P364, P370 + P378, P391, P403 + P235, P405, P501",Warehouse1,X,X,X,,,X,,,
IFF-QB00156,PAMPERING TOUCH 927 ,Mezcla,ATENCION,1 800 002 1400,"H227, H315, H317, H319, H411","P210, P261, P264, P272, P273, P280, P302 + P352, P305 + P351 + P338, P333 + P313, P337 + P313, P362 + P364, P370 + P378, P391, P403 + P235, P405, P501",Warehouse1,X,,,,,X,,,
IFF-QB00318,ACTIVE CARBON 423,Mezcla,ATENCION,1 800 002 1400,"H227, H315, H317, H319, H361, H411","P201, P202, P210, P261, P264, P272, P273, P280, P302 + P352, P305 + P351 + P338, P333 + P313, P337 + P313, P362 + P364, P370 + P378, P391, P403 + P235, P501",Warehouse1,X,,X,,,,,,
IFF-QB00322,FRESH CITRUS 580,Mezcla,ATENCION,1 800 002 1400,"H315, H317, H318,
H411","P261, P264, P272, P273, P280,
P302 + P352,
P305 + P351 + P338 + P310,
P333 + P313, P362 + P364, P391,
P501
",Warehouse1,X,,X,,,,,,
IFF-QB00324,LAVENDER 479,Mezcla,ATENCION,1 800 002 1400,"H227, H303, H315, H317, H319, H411","P210, P261, P264, P272, P273, P280, P302 + P352,  P305 + P351 + P338, P312,  P333 + P313, P337 + P313, P362 + P364, P370 + P378, P391, P403 + P235, P405, P501",Warehouse1,X,,,,,X,,,
ASH-QB00050,VITAL ET, - , - , - , - , - ,Warehouse1,,,,,,,,,
KAO-QB00061,DIAMIET 515,"61791-14-8, 70592-80-2, 61790-85-0",PELIGRO,+34 93 739 9445,Nocivo en caso de ingestión. Provoca quemaduras graves en la piel y lesiones oculares graves. Provoca daños en los órganos tras exposiciones prolongadas o repetidas.,"Llevar guantes de protección: > 8 horas (tiempo de detección): goma de butilo. Llevar gafas o máscara de protección: Recomendado: gafas anti-salpicaduras , gafas de seguridad con protección lateral. Llevar prendas de protección:  ecomendado: Traje de protección , bata de laboratorio. No respirar los vapores. No comer, beber ni fumar durante su utilización. Lavarse las manos concienzudamente tras la manipulación. Consultar a un médico en caso de malestar. EN CASO DE INHALACIÓN: Transportar a la persona al aire libre y mantenerla en una posición que le facilite la respiración. Llamar inmediatamente a un centro de información toxicológica o a un médico. EN CASO DE INGESTIÓN: Llamar inmediatamente a un centro de información toxicológica o a un médico. Enjuagarse la boca. NO provocar el vómito. EN CASO DE CONTACTO CON LA PIEL (o el pelo): Quitar inmediatamente todas las prendas contaminadas. Aclararse la piel con agua o ducharse. Lavar las prendas contaminadas antes de volver a usarlas. Llamar inmediatamente a un centro de información toxicológica o a un médico. EN CASO DE CONTACTO CON LOS OJOS: Aclarar cuidadosamente con agua durante varios minutos. Quitar las lentes de contacto, si lleva y resulta fácil. Seguir aclarando. Llamar inmediatamente a un centro de información toxicológica o a un médico. Guardar cerrado. Eliminar el contenido y el recipiente de acuerdo con las normativas locales, regionales, nacionales e internacionales.",Warehouse1,X,,,,,X,,,
ASH-QB00060,GERMALL 115,78491-02-8;  55406-53-6 ,ATENCION,1-614-790-3333,H319 Provoca irritación ocular grave,"P264 Lavarse la piel cuidadosamente después de la manipulación. P280 Usar equipo de protección para los ojos/la cara. P305 + P351 + P338 EN CASO DE CONTACTO CON LOS OJOS: Enjuagar con agua cuidadosamente durante varios
minutos. Quitar las lentes de contacto cuando estén presentes y pueda hacerse con facilidad. Proseguir con el lavado.",Warehouse1,,,,,,,,,
VAR-QB00182,FIJADOR X100, - , - ,1 800 002 1400,"H227, H315, H317, H319, H411","P210, P261, P264, P272, P273, P280, P302 + P352, P305 + P351 + P338, P333 + P313, P337 + P313, P362 + P364, P370 + P378, P391, P403 + P235, P405, P501",Warehouse1,,,,,,,,,
ASH-QB00058,EFFISIN PE5, - , - , - , - , - ,Warehouse1,,,,,,,,,
VAR-QB00183,FIJADOR LS,No Aplica,PELIGRO,01-800-00-214,"H302: Nocivo en caso de ingestión. H313: Puede ser nocivo en contacto con la piel. H315: Provoca irritación cutánea. H318: Provoca lesiones oculares graves. H401: Toxico para los organismos acuáticos. H411: Toxico para los organismos acuáticos, con efectos nocivos duraderos.","P264: Lavarse las manos completamente después de su manipulación. P270: No comer, beber o fumar mientras se manipula este producto. P273: No dispersar en el medio  mbiente. P280: Usar guantes/ropa/lentes de protección. P301+P312: En caso de ingestión llamar a un centro de toxicología si la persona se encuentra mal. P302+P352: En caso de contacto con la piel lavar con abundante agua. P305+P351+P338: En caso de contacto con los ojos enjuagar con agua cuidadosamente durante varios minutos. Quitar los lentes de contacto cuando estén presentes y pueda hacerse con facilidad. Proseguir con el lavado. P310: Llamar inmediatamente a un centro de toxicología. P332+P313: En caso de irritación cutánea consultar a un médico. P330: Enjuagarse la boca P362+P364: Quitar la ropa contaminada y lavarla antes de volverla a usar. P391: Recoger el vertido. P401: Guardar con forme a lo indicado en la sección VII.  Eliminar el contenido/recipiente conforme a la reglamentación local.",Warehouse1,X,X,,,,X,,,
LUB-QB00026,CARBOPOL XTRA 11,No Aplicable,No Aplicable,216-447-5000,No Aplicable,No Aplicable,Warehouse1,,,,,,,,,
VAR-QB00176,CARBOMER GBM 940,No Aplicable,No Aplicable,216-447-5000,No Aplicable,No Aplicable,Warehouse1,,,,,,,,,
VAR-QB00178,CARBOMER LIQUID QBW,No Aplicable,No Aplicable,216-447-5000,No Aplicable,No Aplicable,Warehouse1,,,,,,,,,
VAR-QB00193,COLOR VIOLETA D&C MATIZADO, - , - , - , - , - ,Warehouse1,,,,,,,,,
ASH-QB00054,SENSIVA SC50 (TOCPHEROL),Sustancia,Peligro,Tel.: +52 55 5276-6110Arturo Villagrana Phone: +52 55-5870-5134,H303 Puede ser nocivo en caso de ingestión. H318 Provoca lesiones oculares graves. H332 Nocivo si se inhala.,"P101 Si se necesita consultar a un médico, tener a mano el recipiente o la etiqueta del producto. P102 Mantener fuera del alcance de los niños. P103 Leer la etiqueta antes del uso. P261 , P271 , P280",Warehouse1,X,X,,,,,,,
ASH-QB00036,P.V.P.K30,-, - , - , - , - ,Warehouse1,,,,,,,,,
ASH-QB00069,CERAPHYL ODS, - , - , - , - , - ,Warehouse1,,,,,,,,,
VAR-QB00175,POLYQUATERNIUM 7,26590-05-6,No Aplicable,216-447-5000,H402: Nocivo para los organismos acuáticos.,P501: Eliminar el contenido/recipiente en una planta apropiada de tratamiento y eliminación conforme a las leyes/reglamentaciones aplicables y las características del producto en el momento de la eliminación.,Warehouse1,,,,,,,,,
IFF-QB00380,AQUA MARINE 25,Mezcla,ATENCION,1 800 002 1400,"H226, H316, H317,
H411","P210, P233, P240, P241, P242, P243, P261, P272, P273, P280, P303 + P361 + P353, P333 + P313, P362 + P364, P370 + P378, P391, P403 + P235, P501",Warehouse1,X,,X,,X,,,,
IFF-QB00381,OCEAN BLEU 02,Mezcla,ATENCION,1 800 002 1400,"H226, H316, H317,
H411","P210, P233, P240, P241, P242, P243, P261, P272, P273, P280, P303 + P361 + P353, P333 + P313, P362 + P364, P370 + P378, P391, P403 + P235, P501",Warehouse1,X,,X,,X,,,,
IFF-QB00346,SWEET WINTER 30,Mezcla,ATENCION,1 800 002 1400,"H316, H317, H411","P261, P272, P273, P302 + P352, P333 + P313, P362 + P364, P391, P501",Warehouse1,X,,,,,X,,,
IFF-QB00379,JUICY LEMON 09,Mezcla,PELIGRO,1 800 002 1400,"H226, H304, H315,
H317, H319, H411","P210, P233, P240, P241, P242, P243, P261, P264, P272, P273, P280, P301 + P310,
P303 + P361 + P353,  P305 + P351 + P338, P331,  P333 + P313, P337 + P313, P362 + P364, P370 + P378, P391, P403 + P235, P405, P501",Warehouse1,X,,X,,X,,,,
Prueba,Prueba,Prueba,No Aplicable,,Prueba,Prueba,,X,X,X,X,X,,,,
Prueba-01,Prueba,Prueba,No Aplicable,,,,,X,,,,,,,,
