product_id,chemical_name,cas_number,signal_word,emergency_phone,last_updated,needs_update,sap_matnr,sap_sync_date,is_active
AF00001,HINO/CHASIS CABINA 300-414,,,,2026-03-09 11:06:52,Y,AF00001,2026-03-09 11:15:47,Y
AF00002,HINO/CHASIS CABINA 300 514 LONG,,,,2026-03-09 11:06:52,Y,AF00002,2026-03-09 11:15:47,Y
AF00003,HINO 514 LONG,,,,2026-03-09 11:06:52,Y,AF00003,2026-03-09 11:15:47,Y
AF00004,HINO 300 LONG,,,,2026-03-09 11:06:52,Y,AF00004,2026-03-09 11:15:47,Y
AF00005,HINO 514 SEMI LONG,,,,2026-03-09 11:06:52,Y,AF00005,2026-03-09 11:15:47,Y
AF00006,HINO SERIE 300-816 LARGO,,,,2026-03-09 11:06:52,Y,AF00006,2026-03-09 11:15:47,Y
AF00007,HINO SERIE 300,,,,2026-03-09 11:06:52,Y,AF00007,2026-03-09 11:15:47,Y
AF00008,CR-V HONDA,,,,2026-03-09 11:06:52,Y,AF00008,2026-03-09 11:15:47,Y
AF00009,HONDA HRV,,,,2026-03-09 11:06:52,Y,AF00009,2026-03-09 11:15:47,Y
AF00010,RENAULT FLUENCE,,,,2026-03-09 11:06:52,Y,AF00010,2026-03-09 11:15:47,Y
AF00011,TOYOTA C-HR T. CVT,,,,2026-03-09 11:15:47,Y,AF00011,2026-03-09 11:15:47,Y
AF00012,YARIS BLANCO,,,,2026-03-09 11:15:47,Y,AF00012,2026-03-09 11:15:47,Y
AF00013,YARIS BLANCO,,,,2026-03-09 11:15:47,Y,AF00013,2026-03-09 11:15:47,Y
AF00014,YARIS BLANCO,,,,2026-03-09 11:15:47,Y,AF00014,2026-03-09 11:15:47,Y
AF00015,GOL BLANCO,,,,2026-03-09 11:15:47,Y,AF00015,2026-03-09 11:15:47,Y
AF00016,SAVEIRO ROBUST,,,,2026-03-09 11:15:47,Y,AF00016,2026-03-09 11:15:47,Y
AF00017,UP MOVE,,,,2026-03-09 11:15:47,Y,AF00017,2026-03-09 11:15:47,Y
AF00018,VENTO ROJO,,,,2026-03-09 11:15:47,Y,AF00018,2026-03-09 11:15:47,Y
AF00019,YAMAHA  ROJA,,,,2026-03-09 11:15:47,Y,AF00019,2026-03-09 11:15:47,Y
AF00020,YARIS SD CORE CVT,,,,2026-03-09 11:15:47,Y,AF00020,2026-03-09 11:15:47,Y
AF00021,YARIS SD CORE CVT,,,,2026-03-09 11:15:47,Y,AF00021,2026-03-09 11:15:47,Y
AF00022,YARIS,,,,2026-03-09 11:15:47,Y,AF00022,2026-03-09 11:15:47,Y
AF00023,HINO 514 LONG,,,,2026-03-09 11:15:47,Y,AF00023,2026-03-09 11:15:47,Y
AF00024,YARIS MONTERREY,,,,2026-03-09 11:15:47,Y,AF00024,2026-03-09 11:15:47,Y
AF00025,AIRE ACONDICIONADO,,,,2026-03-09 11:15:47,Y,AF00025,2026-03-09 11:15:47,Y
AF00026,AIRE ACONDICIONADO,,,,2026-03-09 11:15:47,Y,AF00026,2026-03-09 11:15:47,Y
AF00027,MINISPLIT YORK,,,,2026-03-09 11:15:47,Y,AF00027,2026-03-09 11:15:47,Y
AF00028,ARCHIVEROS  (10),,,,2026-03-09 11:15:47,Y,AF00028,2026-03-09 11:15:47,Y
AF00029,ARCHIVERO METALICO,,,,2026-03-09 11:15:47,Y,AF00029,2026-03-09 11:15:47,Y
AF00030,4 ANAQUELES 30X85X2 CAL 28 B GRIS,,,,2026-03-09 11:15:47,Y,AF00030,2026-03-09 11:15:47,Y
AF00031,RACKS PARA ALMACENAMTOI,,,,2026-03-09 11:15:47,Y,AF00031,2026-03-09 11:15:47,Y
AF00032,LOCKER 2 COPM 24 CON PORT,,,,2026-03-09 11:15:47,Y,AF00032,2026-03-09 11:15:47,Y
AF00033,INTERFON,,,,2026-03-09 11:15:47,Y,AF00033,2026-03-09 11:15:47,Y
AF00034,HORNO 410 CW,,,,2026-03-09 11:15:47,Y,AF00034,2026-03-09 11:15:47,Y
AF00035,MOBILIARIO MODULAR,,,,2026-03-09 11:15:47,Y,AF00035,2026-03-09 11:15:47,Y
AF00036,MOBILIARIO MODULAR,,,,2026-03-09 11:15:47,Y,AF00036,2026-03-09 11:15:47,Y
AF00037,ROTAFOLIO SUPER PINTARRON,,,,2026-03-09 11:15:47,Y,AF00037,2026-03-09 11:15:47,Y
AF00038,ROTAFOLIO SUPER PINTARRON,,,,2026-03-09 11:15:47,Y,AF00038,2026-03-09 11:15:47,Y
AF00039,COCINA INTEGRAL,,,,2026-03-09 11:15:47,Y,AF00039,2026-03-09 11:15:47,Y
AF00040,COCINA INTEGRAL,,,,2026-03-09 11:15:47,Y,AF00040,2026-03-09 11:15:47,Y
AF00041,REFRIGERADOR MABE RM04Y04B BCO.,,,,2026-03-09 11:15:47,Y,AF00041,2026-03-09 11:15:47,Y
AF00042,REFRIGERADOR 11 PIES,,,,2026-03-09 11:15:47,Y,AF00042,2026-03-09 11:15:47,Y
AF00043,TRITURADORA OD-150,,,,2026-03-09 11:15:47,Y,AF00043,2026-03-09 11:15:47,Y
AF00044,DISPENS DE AGUA 1 LLAVE,,,,2026-03-09 11:15:47,Y,AF00044,2026-03-09 11:15:47,Y
AF00045,MESAS,,,,2026-03-09 11:15:47,Y,AF00045,2026-03-09 11:15:47,Y
AF00046,SILLAS,,,,2026-03-09 11:15:47,Y,AF00046,2026-03-09 11:15:47,Y
AF00047,SILLA P/TRABAJO,,,,2026-03-09 11:15:47,Y,AF00047,2026-03-09 11:15:47,Y
AF00048,SILLA,,,,2026-03-09 11:15:47,Y,AF00048,2026-03-09 11:15:47,Y
AF00049,SILLA TRABAJO,,,,2026-03-09 11:15:47,Y,AF00049,2026-03-09 11:15:47,Y
AF00050,MUEBLE CAJA FUERTE,,,,2026-03-09 11:15:47,Y,AF00050,2026-03-09 11:15:47,Y
AF00051,APARADOR DE 0.90 X 1.80 X 0.45,,,,2026-03-09 11:15:47,Y,AF00051,2026-03-09 11:15:47,Y
AF00052,SILLA DE TRABAJO (11-11-2010),,,,2026-03-09 11:15:47,Y,AF00052,2026-03-09 11:15:47,Y
AF00053,SILLA DE TRABAJO,,,,2026-03-09 11:15:47,Y,AF00053,2026-03-09 11:15:47,Y
AF00054,RADIO NEXTEL,,,,2026-03-09 11:15:47,Y,AF00054,2026-03-09 11:15:47,Y
AF00055,RELOJ CHECADOR DIGITAL,,,,2026-03-09 11:15:47,Y,AF00055,2026-03-09 11:15:47,Y
AF00056,LIBREROS,,,,2026-03-09 11:15:47,Y,AF00056,2026-03-09 11:15:47,Y
AF00057,CUBICULO,,,,2026-03-09 11:15:47,Y,AF00057,2026-03-09 11:15:47,Y
AF00058,MUEBLE PARA IMPRESORAS,,,,2026-03-09 11:15:47,Y,AF00058,2026-03-09 11:15:47,Y
AF00059,SILLA DE TRABAJO,,,,2026-03-09 11:15:47,Y,AF00059,2026-03-09 11:15:47,Y
AF00060,[ZAF03] SILLA SECRETARIAL DE LUJO,,,,2026-03-09 11:15:47,Y,AF00060,2026-03-09 11:15:47,Y
AF00061,ARCHIVERO 3 GAVETAS,,,,2026-03-09 11:15:47,Y,AF00061,2026-03-09 11:15:47,Y
AF00062,MINISPLIT MIRAGE SOLO FRIO,,,,2026-03-09 11:15:47,Y,AF00062,2026-03-09 11:15:47,Y
AF00063,MULTIFUNCIONAL HP PRO M521DN,,,,2026-03-09 11:15:47,Y,AF00063,2026-03-09 11:15:47,Y
AF00064,PLANTA ELECTRICA DE EMERGENCIA,,,,2026-03-09 11:15:47,Y,AF00064,2026-03-09 11:15:47,Y
AF00065,PLANTA ELECTRICA DE EMERGENCIA,,,,2026-03-09 11:15:47,Y,AF00065,2026-03-09 11:15:47,Y
AF00066,CONMUTADOR IP PBX UCM6208,,,,2026-03-09 11:15:47,Y,AF00066,2026-03-09 11:15:47,Y
AF00067,MULTIFUNCIONAL LASERJET HP PRO M521DN,,,,2026-03-09 11:15:47,Y,AF00067,2026-03-09 11:15:47,Y
AF00068,PLANTA GENERAC MODELO 007035,,,,2026-03-09 11:15:47,Y,AF00068,2026-03-09 11:15:47,Y
AF00069,ESTACIONES DE TRABAJO MODULARES,,,,2026-03-09 11:15:47,Y,AF00069,2026-03-09 11:15:47,Y
AF00070,ESTACIONES DE TRABAJO MODULARES,,,,2026-03-09 11:15:47,Y,AF00070,2026-03-09 11:15:47,Y
AF00071,ZK SILKBIO100TCID CONTROL DE ACCESO SIMPLE CON RECONOCIMIENTO FACIAL 2000 HUELLAS,,,,2026-03-09 11:15:47,Y,AF00071,2026-03-09 11:15:47,Y
AF00072,DETECTOR DE TEMPERATURA PARA ASISTENCIA,,,,2026-03-09 11:15:47,Y,AF00072,2026-03-09 11:15:47,Y
AF00073,SILLA OHE-84 NEGRO MOUSE,,,,2026-03-09 11:15:47,Y,AF00073,2026-03-09 11:15:47,Y
AF00074,SILLA EJECUTIVA BREAK,,,,2026-03-09 11:15:47,Y,AF00074,2026-03-09 11:15:47,Y
AF00075,ESCRITORIOS MONTERREY,,,,2026-03-09 11:15:47,Y,AF00075,2026-03-09 11:15:47,Y
AF00076,BASCULA TORREY MOD. EQM 400/800,,,,2026-03-09 11:15:47,Y,AF00076,2026-03-09 11:15:47,Y
AF00077,CAMARA IP TIPO DOMO HEMMISFERICA,,,,2026-03-09 11:15:47,Y,AF00077,2026-03-09 11:15:47,Y
AF00078,SELLADORA MANUAL PARA SELLO,,,,2026-03-09 11:15:47,Y,AF00078,2026-03-09 11:15:47,Y
AF00079,2 TANQUES ROTOPLAS 22000,,,,2026-03-09 11:15:47,Y,AF00079,2026-03-09 11:15:47,Y
AF00080,RACKS OBS BODEGA 4,,,,2026-03-09 11:15:47,Y,AF00080,2026-03-09 11:15:47,Y
AF00081,RACKS OBS BODEGA 4,,,,2026-03-09 11:15:47,Y,AF00081,2026-03-09 11:15:47,Y
AF00082,CAMARA DE SEGURIDAD DOMO IP PTZ 4 MEGAPIXEL /PoE+/25X Zoom/100mts IR/Exterior IP66/ WDR,,,,2026-03-09 11:15:47,Y,AF00082,2026-03-09 11:15:47,Y
AF00083,RACK SELECTIVO BODEGA DE ENVASADO,,,,2026-03-09 11:15:47,Y,AF00083,2026-03-09 11:15:47,Y
AF00084,RACK SELECTIVO BODEGA DE ENVASADO,,,,2026-03-09 11:15:47,Y,AF00084,2026-03-09 11:15:47,Y
AF00085,RACK SELECTIVO MTY,,,,2026-03-09 11:15:47,Y,AF00085,2026-03-09 11:15:47,Y
AF00086,PATIN MULTIFUNCIONAL PERFIL BAJO 1.5 TON. LLANTAS,,,,2026-03-09 11:15:47,Y,AF00086,2026-03-09 11:15:47,Y
AF00087,RACK SELECTIVO MTY,,,,2026-03-09 11:15:47,Y,AF00087,2026-03-09 11:15:47,Y
AF00088,BOMBA DE ENGRANES MOD IR-25,,,,2026-03-09 11:15:47,Y,AF00088,2026-03-09 11:15:47,Y
AF00089,HIDROLIMPIADORA TQ100,,,,2026-03-09 11:15:47,Y,AF00089,2026-03-09 11:15:47,Y
AF00090,HIDROLIMPIPADORA TQ80,,,,2026-03-09 11:15:47,Y,AF00090,2026-03-09 11:15:47,Y
AF00091,BOMBA DE ENGRANES MAV,,,,2026-03-09 11:15:47,Y,AF00091,2026-03-09 11:15:47,Y
AF00092,COMPRESOR DE BANDA 110/220,,,,2026-03-09 11:15:47,Y,AF00092,2026-03-09 11:15:47,Y
AF00093,BOMBA MAV DE ENGRANES EN INOXIDABLE DE1,,,,2026-03-09 11:15:47,Y,AF00093,2026-03-09 11:15:47,Y
AF00094,BALANZA DE PRECISION PIONER CAPACIDAD 2200G,,,,2026-03-09 11:15:47,Y,AF00094,2026-03-09 11:15:47,Y
AF00095,BOMBA COMP L/A 2.0HP 10PCM,,,,2026-03-09 11:15:47,Y,AF00095,2026-03-09 11:15:47,Y
AF00096,BOMBA HUSKY 716A SS/PT/PT,,,,2026-03-09 11:15:47,Y,AF00096,2026-03-09 11:15:47,Y
AF00097,"MONTACARGAS TOYOTA MODELO 8FGU25, SERIE C6060",,,,2026-03-09 11:15:47,Y,AF00097,2026-03-09 11:15:47,Y
AF00098,MONTACARGAS MARCA TOYOTA,,,,2026-03-09 11:15:47,Y,AF00098,2026-03-09 11:15:47,Y
AF00099,DESBROZADORA HUSQVARNA,,,,2026-03-09 11:15:47,Y,AF00099,2026-03-09 11:15:47,Y
AF00100,ROTOPLAS TAN-22000 REF 40% NEUTRO TECNOLE,,,,2026-03-09 11:15:47,Y,AF00100,2026-03-09 11:15:47,Y
AF00101,ROTOPLAS TAN 10000 REF 40% NEUTRO,,,,2026-03-09 11:15:47,Y,AF00101,2026-03-09 11:15:47,Y
AF00102,CALENTADOR MCA FRANTOR GRAVEDAD TANQUE,,,,2026-03-09 11:15:47,Y,AF00102,2026-03-09 11:15:47,Y
AF00103,ENGARGOLADORA,,,,2026-03-09 11:15:47,Y,AF00103,2026-03-09 11:15:47,Y
AF00104,NVR 8 MEGAPIXEL(4K) 32 CANALES IP 16 PUERTOS PoE+ 4 BAHIAS DE DISCO DURO SWICH PoE 300MTS HDMI EN 4K,,,,2026-03-09 11:15:47,Y,AF00104,2026-03-09 11:15:47,Y
AF00105,BOMBA YAMADA DE DIAFRAGMA,,,,2026-03-09 11:15:47,Y,AF00105,2026-03-09 11:15:47,Y
AF00106,RB800 REFRIGERADOR VERTICAL DE DOS PUERTAS MARCA METALFRIO,,,,2026-03-09 11:15:47,Y,AF00106,2026-03-09 11:15:47,Y
AF00107,CPC25HCGM17 CONGELADOR HORIZONTAL CON TAPA DE COFRE MARCA METALFRIO,,,,2026-03-09 11:15:47,Y,AF00107,2026-03-09 11:15:47,Y
AF00108,EC-6-HG MASTER] ESTUFA DE 3 PARRILLAS CON 6 QUEMADORES,,,,2026-03-09 11:15:47,Y,AF00108,2026-03-09 11:15:47,Y
AF00109,ACTIVO FIJO MOBILIARIO LABORATORIO,,,,2026-03-09 11:15:47,Y,AF00109,2026-03-09 11:15:47,Y
AF00110,CAMPANA DE EXTRACCIÓN DE HUMOS,,,,2026-03-09 11:15:47,Y,AF00110,2026-03-09 11:15:47,Y
AF00111,BALANZA ANALÍTICA,,,,2026-03-09 11:15:47,Y,AF00111,2026-03-09 11:15:47,Y
AF00112,BALANZA ANALÍTICA 2,,,,2026-03-09 11:15:47,Y,AF00112,2026-03-09 11:15:47,Y
AF00113,AGITADOR ELÉCTRICO DIGITAL DE LABORATORIO DE ALTO TORQUE,,,,2026-03-09 11:15:47,Y,AF00113,2026-03-09 11:15:47,Y
AF00114,AGITADOR ELÉCTRICO DIGITAL DE LABORATORIO DE ALTO TORQUE 2,,,,2026-03-09 11:15:47,Y,AF00114,2026-03-09 11:15:47,Y
AF00115,ANALIZADOR DE HUMEDAD MB45 (TERMOBALANZA),,,,2026-03-09 11:15:47,Y,AF00115,2026-03-09 11:15:47,Y
AF00116,HORNO DE SECADO,,,,2026-03-09 11:15:47,Y,AF00116,2026-03-09 11:15:47,Y
AF00117,VISCOSÍMETRO,,,,2026-03-09 11:15:47,Y,AF00117,2026-03-09 11:15:47,Y
AF00118,POTENCIÓMETRO,,,,2026-03-09 11:15:47,Y,AF00118,2026-03-09 11:15:47,Y
AF00119,TERMO AGITADOR MAGNÉTICO,,,,2026-03-09 11:15:47,Y,AF00119,2026-03-09 11:15:47,Y
AF00120,SELLADORA DE PERFUMES,,,,2026-03-09 11:15:47,Y,AF00120,2026-03-09 11:15:47,Y
AF00121,14-CK209316,,,,2026-03-09 11:15:47,Y,AF00121,2026-03-09 11:15:47,Y
AF00122,Vostro 3401,,,,2026-03-09 11:15:47,Y,AF00122,2026-03-09 11:15:47,Y
AF00123,Spectre x360 Convertible,,,,2026-03-09 11:15:47,Y,AF00123,2026-03-09 11:15:47,Y
AF00124,TECRA A40-G,,,,2026-03-09 11:15:47,Y,AF00124,2026-03-09 11:15:47,Y
AF00125,1714 G3,,,,2026-03-09 11:15:47,Y,AF00125,2026-03-09 11:15:47,Y
AF00126,240 G8,,,,2026-03-09 11:15:47,Y,AF00126,2026-03-09 11:15:47,Y
AF00127,9470M,,,,2026-03-09 11:15:47,Y,AF00127,2026-03-09 11:15:47,Y
AF00128,Latitude 5420,,,,2026-03-09 11:15:47,Y,AF00128,2026-03-09 11:15:47,Y
AF00129,829S,,,,2026-03-09 11:15:47,Y,AF00129,2026-03-09 11:15:47,Y
AF00130,Vostro 3401,,,,2026-03-09 11:15:47,Y,AF00130,2026-03-09 11:15:47,Y
AF00131,240 G8,,,,2026-03-09 11:15:47,Y,AF00131,2026-03-09 11:15:47,Y
AF00132,LATITUDE 5420,,,,2026-03-09 11:15:47,Y,AF00132,2026-03-09 11:15:47,Y
AF00133,HP250G,,,,2026-03-09 11:15:47,Y,AF00133,2026-03-09 11:15:47,Y
AF00134,440 G6,,,,2026-03-09 11:15:47,Y,AF00134,2026-03-09 11:15:47,Y
AF00135,240 G8 NOTEBOOK,,,,2026-03-09 11:15:47,Y,AF00135,2026-03-09 11:15:47,Y
AF00136,440 G6,,,,2026-03-09 11:15:47,Y,AF00136,2026-03-09 11:15:47,Y
AF00137,Dell Inspiron 3511,,,,2026-03-09 11:15:47,Y,AF00137,2026-03-09 11:15:47,Y
AF00138,Vostro 3420,,,,2026-03-09 11:15:47,Y,AF00138,2026-03-09 11:15:47,Y
AF00139,Dell Inspiron 3511,,,,2026-03-09 11:15:47,Y,AF00139,2026-03-09 11:15:47,Y
AF00140,V14-IIL,,,,2026-03-09 11:15:47,Y,AF00140,2026-03-09 11:15:47,Y
AF00141,TPC5MTH,,,,2026-03-09 11:15:47,Y,AF00141,2026-03-09 11:15:47,Y
AF00142,ProBook 440 G3,,,,2026-03-09 11:15:47,Y,AF00142,2026-03-09 11:15:47,Y
AF00143,ProDesk 400 G6 Desktop Mini PC,,,,2026-03-09 11:15:47,Y,AF00143,2026-03-09 11:15:47,Y
AF00144,SFF 400 G9,,,,2026-03-09 11:15:47,Y,AF00144,2026-03-09 11:15:47,Y
AF00145,400G5 SFF,,,,2026-03-09 11:15:47,Y,AF00145,2026-03-09 11:15:47,Y
AF00146,A520M H,,,,2026-03-09 11:15:47,Y,AF00146,2026-03-09 11:15:47,Y
AF00147,280 G3 SFF BUSSNESS,,,,2026-03-09 11:15:47,Y,AF00147,2026-03-09 11:15:47,Y
AF00148,VOSTRO 3471,,,,2026-03-09 11:15:47,Y,AF00148,2026-03-09 11:15:47,Y
AF00149,A520M H,,,,2026-03-09 11:15:47,Y,AF00149,2026-03-09 11:15:47,Y
AF00150,VOSTRO 3471,,,,2026-03-09 11:15:47,Y,AF00150,2026-03-09 11:15:47,Y
AF00151,PRO 3500 SERIES MT,,,,2026-03-09 11:15:47,Y,AF00151,2026-03-09 11:15:47,Y
AF00152,Vostro 3471,,,,2026-03-09 11:15:47,Y,AF00152,2026-03-09 11:15:47,Y
AF00153,A520M H,,,,2026-03-09 11:15:47,Y,AF00153,2026-03-09 11:15:47,Y
AF00154,B550M DS3H AC,,,,2026-03-09 11:15:47,Y,AF00154,2026-03-09 11:15:47,Y
AF00155,A520M H,,,,2026-03-09 11:15:47,Y,AF00155,2026-03-09 11:15:47,Y
AF00156,280 G1,,,,2026-03-09 11:15:47,Y,AF00156,2026-03-09 11:15:47,Y
AF00157,VOSTRO,,,,2026-03-09 11:15:47,Y,AF00157,2026-03-09 11:15:47,Y
AF00158,SERVIDOR HP PROLIANT DL360 G10 INTEL XENON-S 4214R,,,,2026-03-09 11:15:47,Y,AF00158,2026-03-09 11:15:47,Y
AF00159,"LAPTOP HP 240 G8 14"" INTEL CORE I5 10210U 512GB SS",,,,2026-03-09 11:15:47,Y,AF00159,2026-03-09 11:15:47,Y
AF00160,"LAPTOP LENOVO V14IIL 14"" INTEL COREI7 1065G7 DD1T",,,,2026-03-09 11:15:47,Y,AF00160,2026-03-09 11:15:47,Y
AF00161,"""ACTIVO FIJO WINDOWS SERVER STD 201984 BITS 1PK DISP QEI DVD""",,,,2026-03-09 11:15:47,Y,AF00161,2026-03-09 11:15:47,Y
AF00162,"""ACTIVO FIJOFIREWALL FORTINET 1 AÑO DE LICENCIA""",,,,2026-03-09 11:15:47,Y,AF00162,2026-03-09 11:15:47,Y
AF00163,"""ACTIVO FIJOGWN7605LR PUNTO DE ACCESO 802.11AC MIMO 2X2 DUALBAND 1.27 GBPS""",,,,2026-03-09 11:15:47,Y,AF00163,2026-03-09 11:15:47,Y
AF00164,"""ACTIVO FIJO GWN7803P SWIRCH ADMINISTRABLE CAPA 2 24 X GIGAETH POE/POE Y 4X GIGA SFP 400W 30W MAX PUERTO""",,,,2026-03-09 11:15:47,Y,AF00164,2026-03-09 11:15:47,Y
AF00165,CONSTRUCCION SAN AGUSTIN NO.856,,,,2026-03-09 11:15:47,Y,AF00165,2026-03-09 11:15:47,Y
AF00166,TERRENO SAN AGUSTIN NO.856,,,,2026-03-09 11:15:47,Y,AF00166,2026-03-09 11:15:47,Y
AF00167,HINO SERIE 500 2628 T 6X2 2024 BLANCA 17 TONELADAS (N.9),,,,2026-03-09 11:15:47,Y,AF00167,2026-03-09 11:15:47,Y
AF00168,BUICK ENCORE SUV GX PAQ. AVENIR JINX METALIIC AUTOMATICA,,,,2026-03-09 11:15:47,Y,AF00168,2026-03-09 11:15:47,Y
AF00169,EQUIPOS DE COMPUTO F-512126201,,,,2026-03-09 11:15:47,Y,AF00169,2026-03-09 11:15:47,Y
AF00170,EQUIPOS DE COMPUTO F-747515902,,,,2026-03-09 11:15:47,Y,AF00170,2026-03-09 11:15:47,Y
ANTICIPO,ANTICIPO,,,,2026-03-09 11:15:47,Y,ANTICIPO,2026-03-09 11:15:47,Y
ASH-QB00001,BENECEL K200M,Mezcla,ATENCION,1-800-274-5263,2025-10-17 00:00:00,,ASH-QB00001,2026-07-16 12:21:38,Y
ASH-QB00002,CAPAUXEIN G2 BIOFUNTIONAL,Mezcla,No Aplicable,1-800-274-5263,2025-10-17 00:00:00,,ASH-QB00002,2026-07-16 12:21:38,Y
ASH-QB00003,CB2 S/P,,,,2026-03-09 11:15:47,Y,ASH-QB00003,2026-07-16 12:21:38,Y
ASH-QB00004,CERAPHYL 230 S/P, 6938-94-9,No Aplicable,1-800-274-5263,2025-12-04 00:00:00,,ASH-QB00004,2026-07-16 12:21:38,Y
ASH-QB00005,CERAPHYL 70,Mezcla,No Aplicable,1-800-274-5263,2025-10-17 00:00:00,,ASH-QB00005,2026-07-16 12:21:38,Y
ASH-QB00006,CERAPHYL RMT s/p,,,,2026-03-09 11:15:47,Y,ASH-QB00006,2026-07-16 12:21:38,Y
ASH-QB00007,CERAPHYL SLK S/P, 60209-82-7,No Aplicable,1-800-274-5263,2025-10-17 00:00:00,,ASH-QB00007,2026-07-16 12:21:38,Y
ASH-QB00008,CHROMAFEN S/P,Mezcla,No Aplicable,1-800-274-5263,2025-12-04 00:00:00,,ASH-QB00008,2026-07-16 12:21:38,Y
ASH-QB00009,CONDITIONIZE 37E,Mezcla,1-800-274-5263,1-800-274-5263,PENDIENTE,SOLICITAR HDS ACTUALIZADA A PROVEEDOR,ASH-QB00009,2026-07-16 12:21:38,Y
ASH-QB00010,COSMEDIA GUAR N HANCE 3196,Mezcla,ATENCION,1-800-274-5263,2025-10-21 00:00:00,,ASH-QB00010,2026-07-16 12:21:38,Y
ASH-QB00011,COTTOM BLOOM S/P,,,,2026-03-09 11:15:47,Y,ASH-QB00011,2026-07-16 12:21:38,Y
ASH-QB00012,DYNAGEN S7P,Mezcla,No Aplicable,1-800-274-5263,2025-10-17 00:00:00,,ASH-QB00012,2026-07-16 12:21:38,Y
ASH-QB00013,EDERLINE S/P,Mezcla,No Aplicable,1-800-274-5263,2025-10-28 00:00:00,,ASH-QB00013,2026-07-16 12:21:38,Y
ASH-QB00014,ESCALOL 577,4065-45-6,ATENCION,1-800-274-5263,2025-12-04 00:00:00,,ASH-QB00014,2026-07-16 12:21:38,Y
ASH-QB00015,ESCALOL BLOCK S/p,Mezcla,NO APLICABLE,,2026-03-09 11:15:47,Y,ASH-QB00015,2026-07-16 12:21:38,Y
ASH-QB00016,EUXYL K100,Mezcla,PELIGRO,1-800-274-5263,2025-10-17 00:00:00,,ASH-QB00016,2026-07-16 12:21:38,Y
ASH-QB00017,EUXYL PE 9010,Mezcla,PELIGRO,1-800-274-5263,2025-10-17 00:00:00,,ASH-QB00017,2026-07-16 12:21:38,Y
ASH-QB00018,GAFQUAT HS-100 S/P,,,,2026-03-09 11:15:47,Y,ASH-QB00018,2026-07-16 12:21:38,Y
ASH-QB00019,GERMABEN II,,,,2026-03-09 11:15:47,Y,ASH-QB00019,2026-07-16 12:21:38,Y
ASH-QB00020,GERMALL PLUSS LIQ,Mezcla,PELIGRO,1-800-274-5263,2025-10-17 00:00:00,,ASH-QB00020,2026-07-16 12:21:38,Y
ASH-QB00021,GP4G S/P,Mezcla ,No Aplicable,1-800-274-5263,2025-10-28 00:00:00,,ASH-QB00021,2026-07-16 12:21:38,Y
ASH-QB00022,LUBRAJEL 0IL S/P,Mezcla,No Aplicable,1-800-274-5263,2025-10-21 00:00:00,,ASH-QB00022,2026-07-16 12:21:38,Y
ASH-QB00023,LUBRAGEL CG,Mezcla,NO APLICABLE,,2026-03-09 11:15:47,Y,ASH-QB00023,2026-07-16 12:21:38,Y
ASH-QB00024,LUMINI SYSTEM,Mezcla,PELIGRO,1-800-274-5263,2025-10-21 00:00:00,,ASH-QB00024,2026-07-16 12:21:38,Y
ASH-QB00025,LUNAMATRIX,Mezcla,PELIGRO,1-800-274-5263,2025-10-21 00:00:00,,ASH-QB00025,2026-07-16 12:21:38,Y
ASH-QB00026,N-DURHANCE A1000,Mezcla,No Aplicable,1-800-274-5263,2025-10-21 00:00:00,,ASH-QB00026,2026-07-16 12:21:38,Y
ASH-QB00027,N-HANCE BF13,Secreto Comercial,ATENCIÓN,,2026-03-09 11:15:47,Y,ASH-QB00027,2026-07-16 12:21:38,Y
ASH-QB00028,N-HANCE SP100, Mezcla,No Aplicable,1-800-274-5263,2025-12-04 00:00:00,,ASH-QB00028,2026-07-16 12:21:38,Y
ASH-QB00029,NATRIANCE BRIGHTENER S/P,Mezcla,No Aplicable,1-800-274-5263,2025-12-04 00:00:00,,ASH-QB00029,2026-07-16 12:21:38,Y
ASH-QB00030,NATRIANCE SELF HYDRATE,Mezcla,No Aplicable,1-800-274-5263,2025-12-04 00:00:00,,ASH-QB00030,2026-07-16 12:21:38,Y
ASH-QB00031,NATRIANCE WRINKLE LESS,Mezcla,No Aplicable,1-800-274-5263,2025-12-04 00:00:00,,ASH-QB00031,2026-07-16 12:21:38,Y
ASH-QB00032,NATROSOL HHR250,Mezcla,ATENCION,1-800-274-5263,2025-10-21 00:00:00,,ASH-QB00032,2026-07-16 12:21:38,Y
ASH-QB00033,OPACIFICANTE A-430,Mezcla,No Aplicable,1-800-274-5263,2025-10-28 00:00:00,,ASH-QB00033,2026-07-16 12:21:38,Y
ASH-QB00034,OPTIPHEN,Mezcla,ATENCION,1-800-274-5263,2025-10-21 00:00:00,,ASH-QB00034,2026-07-16 12:21:38,Y
ASH-QB00035,OPTIPHEN MIT PLUS,,,,2026-03-09 11:15:47,Y,ASH-QB00035,2026-07-16 12:21:38,Y
ASH-QB00036,P.V.P.K 30,9003-39-8,No Aplicable,1-800-274-5263,2025-10-21 00:00:00,,ASH-QB00036,2026-07-16 12:21:38,Y
ASH-QB00037,PROLIPID 151 S/P,Mezcla,ATENCION,1-800-274-5263,2025-10-28 00:00:00,,ASH-QB00037,2026-07-16 12:21:38,Y
ASH-QB00038,PROTECTAGEN S/P,Mezcla,No Aplicable,1-800-274-5263,2025-10-21 00:00:00,,ASH-QB00038,2026-07-16 12:21:38,Y
ASH-QB00039,PVP K90 S/P,9003-39-8,No Aplicable,1-800-274-5263,2025-10-21 00:00:00,,ASH-QB00039,2026-07-16 12:21:38,Y
ASH-QB00040,PVP/VA S-630 S/P,25086-89-9,No Aplicable,1-800-274-5263,2025-10-21 00:00:00,,ASH-QB00040,2026-07-16 12:21:38,Y
ASH-QB00041,RAPITIX A-100 S/P,Mezcla,No Aplicable,1-800-274-5263,2025-10-21 00:00:00,,ASH-QB00041,2026-07-16 12:21:38,Y
ASH-QB00042,SANTALWOOD BIOFUNTIONAL,Mezcla,NO APLICABLE,,2026-03-09 11:15:47,Y,ASH-QB00042,2026-07-16 12:21:38,Y
ASH-QB00043,SOREZ 100,Sustancia,No Aplicable,1-800-274-5263,2025-10-21 00:00:00,,ASH-QB00043,2026-07-16 12:21:38,Y
ASH-QB00044,SOREZ H5205,Mezcla,No Aplicable,1-800-274-5263,2025-10-21 00:00:00,,ASH-QB00044,2026-07-16 12:21:38,Y
ASH-QB00045,STYLIZE W20,Mezcla,No Aplicable,1-800-274-5263,2025-10-21 00:00:00,,ASH-QB00045,2026-07-16 12:21:38,Y
ASH-QB00046,SUBERLIFTT LIPOPHILE S/P,Mezcla ,No Aplicable,1-800-274-5263,2025-10-28 00:00:00,,ASH-QB00046,2026-07-16 12:21:38,Y
ASH-QB00047,SURFADONE LP100,2687-94-7,PELIGRO,1-800-274-5263,2025-10-21 00:00:00,,ASH-QB00047,2026-07-16 12:21:38,Y
ASH-QB00048,SUTTOCIDE-A,Mezcla,PELIGRO,1-800-274-5263,2025-10-21 00:00:00,,ASH-QB00048,2026-07-16 12:21:38,Y
ASH-QB00049,TOMASA SHEA BUTTER,Sustancia,No Aplicable,1-800-274-5263,2025-10-21 00:00:00,,ASH-QB00049,2026-07-16 12:21:38,Y
ASH-QB00050,VITAL ET S/P,Mezcla,ATENCION,1-800-274-5263,2025-10-21 00:00:00,,ASH-QB00050,2026-07-16 12:21:38,Y
ASH-QB00051,VITS PRIMASPONGES BLUE SS MICROESFERA,57455-37-5,No Aplicable,01 800 002 1400,2025-12-04 00:00:00,,ASH-QB00051,2026-07-16 12:21:38,Y
ASH-QB00052,X TEND 226 S/P,94-47-3,ATENCION,1-800-274-5263,2025-10-21 00:00:00,,ASH-QB00052,2026-07-16 12:21:38,Y
ASH-QB00053,OPTIPHEN BSB-W,Mezcla,ATENCION,1-800-274-5263,2025-10-28 00:00:00,,ASH-QB00053,2026-07-16 12:21:38,Y
ASH-QB00054,SENSIVA SC50 (TOCPHEROL),70445-33-9,PELIGRO,1-800-274-5263,2025-10-21 00:00:00,,ASH-QB00054,2026-07-16 12:21:38,Y
ASH-QB00055,LUBRAJEL NP NO USAR,,,,2026-03-09 11:15:47,Y,ASH-QB00055,2026-07-16 12:21:38,Y
ASH-QB00056,N-HANCE CCG 45,Mezcla,ATENCION,1-800-274-5263,2025-10-28 00:00:00,,ASH-QB00056,2026-07-16 12:21:38,Y
ASH-QB00057,BLANOSE CMC 9H4F 421930,9004-32-4,ATENCION,1-800-274-5263,2025-10-21 00:00:00,,ASH-QB00057,2026-07-16 12:21:38,Y
ASH-QB00058,EFFISIN PE5,122-99-6,PELIGRO,1-800-274-5263,2025-10-17 00:00:00,,ASH-QB00058,2026-07-16 12:21:38,Y
ASH-QB00059,EUXYL K830,Mezcla,PELIGRO,1-800-274-5263,2025-10-17 00:00:00,,ASH-QB00059,2026-07-16 12:21:38,Y
ASH-QB00060,GERMALL 115,39236-46-9,ATENCION,1-800-274-5263,2025-10-17 00:00:00,,ASH-QB00060,2026-07-16 12:21:38,Y
ASH-QB00061,INTEGRA 22,Mezcla,ATENCION,1-800-274-5263,2025-10-28 00:00:00,,ASH-QB00061,2026-07-16 12:21:38,Y
ASH-QB00062,N-HANCE HP40,Mezcla,NO APLICABLE,1-800-274-5263,2025-10-21 00:00:00,,ASH-QB00062,2026-07-16 12:21:38,Y
ASH-QB00063,STYLEZE CC-10,Mezcla ,No Aplicable,1-800-274-5263,2025-10-28 00:00:00,,ASH-QB00063,2026-07-16 12:21:38,Y
ASH-QB00064,COPOLYMER 937 LM-O,Mezcla,ATENCION,1-800-274-5263,2025-10-28 00:00:00,,ASH-QB00064,2026-07-16 12:21:38,Y
ASH-QB00065,ANTARON V220F,28211-18-9,ATENCION,1-800-274-5263,2025-10-17 00:00:00,,ASH-QB00065,2026-07-16 12:21:38,Y
ASH-QB00066,LUBRAGEL OIL FREE,Mezcla,ATENCION,1-800-274-5263,2025-10-21 00:00:00,,ASH-QB00066,2026-07-16 12:21:38,Y
ASH-QB00067,LUBRAJEL NP,Mezcla,ATENCION,1-800-274-5263,2025-10-21 00:00:00,,ASH-QB00067,2026-07-16 12:21:38,Y
ASH-QB00068,SENSIVA SC 83,Mezcla,ATENCION,1-800-274-5263,2025-10-21 00:00:00,,ASH-QB00068,2026-07-16 12:21:38,Y
ASH-QB00069,CERAPHYL ODS,96690-38-9,No Aplicable,1-800-274-5263,2025-10-17 00:00:00,,ASH-QB00069,2026-07-16 12:21:38,Y
ASH-QB00070,GERMALL PLUS POLVO,Mezcla,PELIGRO,1-800-274-5263,2025-10-21 00:00:00,,ASH-QB00070,2026-07-16 12:21:38,Y
ASH-QB00071,AQUALON EC-N200 PC,9004-57-3,No Aplicable,1-800-274-5263,2025-10-17 00:00:00,,ASH-QB00071,2026-07-16 12:21:38,Y
ASH-QB00072,CERAPHYL 847,2002427-61-2,ATENCION,1-800-274-5263,2025-10-28 00:00:00,,ASH-QB00072,2026-07-16 12:21:38,Y
ASH-QB00073,STYLIZE W-17,Mezcla ,No Aplicable,1-800-274-5263,2025-10-28 00:00:00,,ASH-QB00073,2026-07-16 12:21:38,Y
ASH-QB00074,LUBRAGEL MARINE,Mezcla,No Aplicable,1-800-274-5263,2025-10-21 00:00:00,,ASH-QB00074,2026-07-16 12:21:38,Y
ASH-QB00075,SENSIDIN PURE,Mezcla,ATENCION,1-800-274-5263,2025-10-21 00:00:00,,ASH-QB00075,2026-07-16 12:21:38,Y
ASH-QB00076,EUXYL K900,Mezcla,PELIGRO,1-800-274-5263,2025-10-17 00:00:00,,ASH-QB00076,2026-07-16 12:21:38,Y
ASH-QB00077,EUXYL ECO,,,,2026-03-09 11:15:47,Y,ASH-QB00077,2026-07-16 12:21:38,Y
ASH-QB00078,ANTARON SOJA,56-81-5,No Aplicable,1-800-274-5263,2025-10-17 00:00:00,,ASH-QB00078,2026-07-16 12:21:38,Y
ASH-QB00079,ROSALISS,Mezcla,No Aplicable,1-800-274-5263,2025-10-21 00:00:00,,ASH-QB00079,2026-07-16 12:21:38,Y
ASH-QB00080,LUBRAJEL DV,Mezcla ,No Aplicable,1-800-274-5263,2025-10-28 00:00:00,,ASH-QB00080,2026-07-16 12:21:38,Y
ASH-QB00081,ALLIANZ OPT PAIL,Mezcla,No Aplicable,1-800-274-5263,2025-10-17 00:00:00,,ASH-QB00081,2026-07-16 12:21:38,Y
ASH-QB00082,PERFECTYL,Mezcla ,No Aplicable,1-800-274-5263,2025-10-28 00:00:00,,ASH-QB00082,2026-07-16 12:21:38,Y
ASH-QB00083,COLLAPEPTYL,,,,2026-03-09 11:15:47,Y,ASH-QB00083,2026-07-16 12:21:38,Y
ASH-QB00084,LIFTYL,Mezcla ,No Aplicable,1-800-274-5263,2025-10-28 00:00:00,,ASH-QB00084,2026-07-16 12:21:38,Y
ASH-QB00085,AQUAFLEX XL-30,Mezcla,ATENCION,1-800-274-5263,2025-10-21 00:00:00,,ASH-QB00085,2026-07-16 12:21:38,Y
ASH-QB00086,STYLEZE ES-FORZA,Mezcla,No Aplicable,1-800-274-5263,2025-10-28 00:00:00,,ASH-QB00086,2026-07-16 12:21:38,Y
ASH-QB00087,ANTARON ECO,,,,2026-03-09 11:15:47,Y,ASH-QB00087,2026-03-09 11:15:47,Y
ASH-QB00088,BENECEL K100M HPMC,9004-65-3,NO APLICABLE,,2026-03-09 11:15:47,Y,ASH-QB00088,2026-07-16 12:21:38,Y
ASH-QB00089,CERAPHYL 41,93925-36-1,ATENCIÓN,,2026-03-09 11:15:47,Y,ASH-QB00089,2026-07-16 12:21:38,Y
ASH-QB00090,EUXYL K703,Mezcla,PELIGRO,,2026-03-09 11:15:47,Y,ASH-QB00090,2026-07-16 12:21:38,Y
ASH-QB00091,NATRATHIX BIO,,,,2026-03-09 11:15:47,Y,ASH-QB00091,2026-07-16 12:21:38,Y
ASH-QB00092,CERAPHYL 60,Mezcla,NO APLICABLE,,2026-04-09 11:55:25,Y,ASH-QB00092,2026-07-16 12:21:38,Y
ASH-QB00093,GANTREZ AN-139,,None,,2026-04-09 11:55:25,Y,ASH-QB00093,2026-07-16 12:21:38,Y
ASH-QB00094,FIBERHANCE,Mezcla,NO APLICABLE,,2026-04-09 11:55:25,Y,ASH-QB00094,2026-07-16 12:21:38,Y
ASH-QB00095,NATROSOL 250 HHR CS,,None,,2026-05-13 07:49:51,Y,ASH-QB00095,2026-07-16 12:21:38,Y
ASH-QB00096,KLUCEL MF PHARM,,None,,2026-06-12 12:20:34,Y,ASH-QB00096,2026-07-16 12:21:38,Y
ASH-QB00097,GERMACCOUNT,,None,,2026-07-09 15:42:47,Y,ASH-QB00097,2026-07-16 12:21:38,Y
ASH-QB00098,AQUASTYLE 300N,,None,,2026-07-10 18:18:33,Y,ASH-QB00098,2026-07-16 12:21:38,Y
BSF-QB00001,BUTONAL NX 4190,No Aplicable,PELIGRO,01 800 002 1400,2025-10-28 00:00:00,,BSF-QB00001,2026-07-16 12:21:38,Y
BSF-QB00002,BUTONAL NX4190 (TOTES),,,,2026-03-09 11:15:47,Y,BSF-QB00002,2026-07-16 12:21:38,Y
IFF-QB00001,BOTANIKA,Compuestos de Perfumeria,ATENCION,01 800 002 1400,2025-10-14 00:00:00,,IFF-QB00001,2026-07-16 12:21:38,Y
IFF-QB00002,CHERRY BERRY 921,Compuestos de Perfumeria,ATENCION,01 800 002 1400,2025-10-14 00:00:00,,IFF-QB00002,2026-07-16 12:21:38,Y
IFF-QB00003,CITRIC TWIST 592,Compuestos de Perfumeria,ATENCION,01 800 002 1400,2025-10-14 00:00:00,,IFF-QB00003,2026-07-16 12:21:38,Y
IFF-QB00004,CITRUS BLEND 144 MOD,Compuestos de Perfumeria,PELIGRO,01 800 002 1400,2025-10-14 00:00:00,,IFF-QB00004,2026-07-16 12:21:38,Y
IFF-QB00005,CITRUS FRESH 140,Compuestos de Perfumeria,PELIGRO,01 800 002 1400,2025-10-14 00:00:00,,IFF-QB00005,2026-07-16 12:21:38,Y
IFF-QB00006,CITRUS SPARKLE 831 S/P,Compuestos de Perfumeria,,,2026-03-09 11:15:47,Y,IFF-QB00006,2026-07-16 12:21:38,Y
IFF-QB00007,DSM 1024 LAVANDA,Compuestos de Perfumeria,ATENCION,01 800 002 1400,2025-10-14 00:00:00,,IFF-QB00007,2026-07-16 12:21:38,Y
IFF-QB00008,DSM 1034 MAR FRESCO,Compuestos de Perfumeria,ATENCION,01 800 002 1400,2025-10-14 00:00:00,,IFF-QB00008,2026-07-16 12:21:38,Y
IFF-QB00009,DSM 1068 EUCALIPTO,Compuestos de Perfumeria,PELIGRO,01 800 002 1400,2025-10-14 00:00:00,,IFF-QB00009,2026-07-16 12:21:38,Y
IFF-QB00010,FLORAL PICCOLO 727,Compuestos de Perfumeria,ATENCION,01 800 002 1400,2025-10-16 00:00:00,,IFF-QB00010,2026-07-16 12:21:38,Y
IFF-QB00011,FLORAL 001-E MOD,Compuestos de Perfumeria,PELIGRO,01 800 002 1400,2025-10-14 00:00:00,,IFF-QB00011,2026-07-16 12:21:38,Y
IFF-QB00012,FLORAL 841,Compuestos de Perfumeria,PELIGRO,01 800 002 1400,2025-10-14 00:00:00,,IFF-QB00012,2026-07-16 12:21:38,Y
IFF-QB00013,FLORAL P 0830,Compuestos de Perfumeria,ATENCION,01 800 002 1400,2025-10-14 00:00:00,,IFF-QB00013,2026-07-16 12:21:38,Y
IFF-QB00014,FRUITY MIX 327,Compuestos de Perfumeria,ATENCION,01 800 002 1400,2025-10-14 00:00:00,,IFF-QB00014,2026-07-16 12:21:38,Y
IFF-QB00015,GINGER ESSCENCE 375,Compuestos de Perfumeria,ATENCION,01 800 002 1400,2025-10-17 00:00:00,,IFF-QB00015,2026-07-16 12:21:38,Y
IFF-QB00016,JASMIN STRAWBERRY 120,Compuestos de Perfumeria,ATENCION,01 800 002 1400,2025-10-17 00:00:00,,IFF-QB00016,2026-07-16 12:21:38,Y
IFF-QB00017,JASMINE GREEN 263,Compuestos de Perfumeria,ATENCION,01 800 002 1400,2025-10-14 00:00:00,,IFF-QB00017,2026-07-16 12:21:38,Y
IFF-QB00018,LAVANDA 347,Compuestos de Perfumeria,PELIGRO,01 800 002 1400,2025-10-14 00:00:00,,IFF-QB00018,2026-07-16 12:21:38,Y
IFF-QB00019,LAVENDER SKY 099 MOD,Compuestos de Perfumeria,ATENCION,01 800 002 1400,2025-10-14 00:00:00,,IFF-QB00019,2026-07-16 12:21:38,Y
IFF-QB00020,LAVENDER TOUCH 830,Compuestos de Perfumeria,ATENCION,01 800 002 1400,2025-10-14 00:00:00,,IFF-QB00020,2026-07-16 12:21:38,Y
IFF-QB00021,LEMON 926,Compuestos de Perfumeria,PELIGRO,01 800 002 1400,2025-10-14 00:00:00,,IFF-QB00021,2026-07-16 12:21:38,Y
IFF-QB00022,LIME 146,Compuestos de Perfumeria,PELIGRO,01 800 002 1400,2025-10-14 00:00:00,,IFF-QB00022,2026-07-16 12:21:38,Y
IFF-QB00023,LIME 223,Compuestos de Perfumeria,PELIGRO,01 800 002 1400,2025-10-14 00:00:00,,IFF-QB00023,2026-07-16 12:21:38,Y
IFF-QB00024,LIMON 990,Compuestos de Perfumeria,PELIGRO,01 800 002 1400,2025-10-14 00:00:00,,IFF-QB00024,2026-07-16 12:21:38,Y
IFF-QB00025,MARINE LOVE 818,Compuestos de Perfumeria,ATENCION,01 800 002 1400,2025-10-14 00:00:00,,IFF-QB00025,2026-07-16 12:21:38,Y
IFF-QB00026,NARANJA 336,Compuestos de Perfumeria,PELIGRO,01 800 002 1400,2025-10-14 00:00:00,,IFF-QB00026,2026-07-16 12:21:38,Y
IFF-QB00027,NEVERLAND 700,Compuestos de Perfumeria,ATENCION,01 800 002 1400,2025-10-14 00:00:00,,IFF-QB00027,2026-07-16 12:21:38,Y
IFF-QB00028,PRECIOUS CARE 828 S/P,Compuestos de Perfumeria,,,2026-03-09 11:15:47,Y,IFF-QB00028,2026-07-16 12:21:38,Y
IFF-QB00029,RUPERT 933 S/P,Compuestos de Perfumeria,ATENCION,01 800 002 1400,2025-10-14 00:00:00,,IFF-QB00029,2026-07-16 12:21:38,Y
IFF-QB00030,SEA FRESH 652,Compuestos de Perfumeria,ATENCION,01 800 002 1400,2025-10-14 00:00:00,,IFF-QB00030,2026-07-16 12:21:38,Y
IFF-QB00031,SEA FRESH 704,Compuestos de Perfumeria,ATENCION,01 800 002 1400,2025-10-14 00:00:00,,IFF-QB00031,2026-07-16 12:21:38,Y
IFF-QB00032,SEA FRESH 820 MARINE 667-W,Compuestos de Perfumeria,ATENCION,01 800 002 1400,2025-10-14 00:00:00,,IFF-QB00032,2026-07-16 12:21:38,Y
IFF-QB00033,SER 1002 PINO,Compuestos de Perfumeria,PELIGRO,01 800 002 1400,2025-10-16 00:00:00,,IFF-QB00033,2026-07-16 12:21:38,Y
IFF-QB00034,SO FRESH,Compuestos de Perfumeria,ATENCION,01 800 002 1400,2025-10-17 00:00:00,,IFF-QB00034,2026-07-16 12:21:38,Y
IFF-QB00035,WOOD WICK 122,Compuestos de Perfumeria,ATENCION,01 800 002 1400,2025-10-17 00:00:00,,IFF-QB00035,2026-07-16 12:21:38,Y
IFF-QB00036,MANGOSTEEN MELODY,Compuestos de Perfumeria,ATENCION,01 800 002 1400,2025-10-14 00:00:00,,IFF-QB00036,2026-07-16 12:21:38,Y
IFF-QB00037,BLUE COTTON 824,Compuestos de Perfumeria,ATENCION,01 800 002 1400,2025-10-14 00:00:00,,IFF-QB00037,2026-07-16 12:21:38,Y
IFF-QB00038,BLUE SKY 270,Compuestos de Perfumeria,ATENCION,01 800 002 1400,2025-10-14 00:00:00,,IFF-QB00038,2026-07-16 12:21:38,Y
IFF-QB00039,BOSS 86,Compuestos de Perfumeria,ATENCION,01 800 002 1400,2025-10-16 00:00:00,,IFF-QB00039,2026-07-16 12:21:38,Y
IFF-QB00040,CATERPILLAR 054,Compuestos de Perfumeria,ATENCION,01 800 002 1400,2025-10-14 00:00:00,,IFF-QB00040,2026-07-16 12:21:38,Y
IFF-QB00041,CELESTIAL DREAMS 958,Compuestos de Perfumeria,ATENCION,01 800 002 1400,2025-10-14 00:00:00,,IFF-QB00041,2026-07-16 12:21:38,Y
IFF-QB00042,CLEAR WHITE 709 MOD 1,Compuestos de Perfumeria,ATENCION,01 800 002 1400,2025-10-14 00:00:00,,IFF-QB00042,2026-07-16 12:21:38,Y
IFF-QB00043,COCONUT DELICE 733,Compuestos de Perfumeria,ATENCION,01 800 002 1400,2025-10-14 00:00:00,,IFF-QB00043,2026-07-16 12:21:38,Y
IFF-QB00044,DSM 1007 TERSO BEBE,Compuestos de Perfumeria,ATENCION,01 800 002 1400,2025-10-14 00:00:00,,IFF-QB00044,2026-07-16 12:21:38,Y
IFF-QB00045,DSM 1020 EXIT PRADE,Compuestos de Perfumeria,ATENCION,01 800 002 1400,2025-10-14 00:00:00,,IFF-QB00045,2026-07-16 12:21:38,Y
IFF-QB00046,DURAMAX 640,Compuestos de Perfumeria,PELIGRO,01 800 002 1400,2025-10-14 00:00:00,,IFF-QB00046,2026-07-16 12:21:38,Y
IFF-QB00047,ELEGANT 957 ELEGANCY,Compuestos de Perfumeria,ATENCION,01 800 002 1400,2025-10-14 00:00:00,,IFF-QB00047,2026-07-16 12:21:38,Y
IFF-QB00048,FLORAL CREAMY 275,Compuestos de Perfumeria,ATENCION,01 800 002 1400,2025-10-17 00:00:00,,IFF-QB00048,2026-07-16 12:21:38,Y
IFF-QB00049,FLORAL ROSE 001-B,Compuestos de Perfumeria,PELIGRO,01 800 002 1400,2025-10-14 00:00:00,,IFF-QB00049,2026-07-16 12:21:38,Y
IFF-QB00050,FLORAL ROSS FS 6596 MOD,Compuestos de Perfumeria,PELIGRO,01 800 002 1400,2025-10-14 00:00:00,,IFF-QB00050,2026-07-16 12:21:38,Y
IFF-QB00051,FOUGERE FRESH 003-H,Compuestos de Perfumeria,ATENCION,01 800 002 1400,2025-10-14 00:00:00,,IFF-QB00051,2026-07-16 12:21:38,Y
IFF-QB00052,FREEDOM 639,Compuestos de Perfumeria,PELIGRO,01 800 002 1400,2025-10-14 00:00:00,,IFF-QB00052,2026-07-16 12:21:38,Y
IFF-QB00053,GLAM 359 GLAMUR,Compuestos de Perfumeria,ATENCION,01 800 002 1400,2025-10-14 00:00:00,,IFF-QB00053,2026-07-16 12:21:38,Y
IFF-QB00054,GREEN SENSE 842,Compuestos de Perfumeria,ATENCION,01 800 002 1400,2025-10-14 00:00:00,,IFF-QB00054,2026-07-16 12:21:38,Y
IFF-QB00055,HAPPY 360,Compuestos de Perfumeria,ATENCION,01 800 002 1400,2025-10-14 00:00:00,,IFF-QB00055,2026-07-16 12:21:38,Y
IFF-QB00056,MAGIC DELIGHT 759,Compuestos de Perfumeria,ATENCION,01 800 002 1400,2025-10-14 00:00:00,,IFF-QB00056,2026-07-16 12:21:38,Y
IFF-QB00057,MAJESTIC BLUE 935,Compuestos de Perfumeria,ATENCION,01 800 002 1400,2025-10-14 00:00:00,,IFF-QB00057,2026-07-16 12:21:38,Y
IFF-QB00058,PURPLE MYSTERY,Compuestos de Perfumeria,ATENCION,01 800 002 1400,2025-10-14 00:00:00,,IFF-QB00058,2026-07-16 12:21:38,Y
IFF-QB00059,QUIM 1074 FS BLUE,Compuestos de Perfumeria,ATENCION,01 800 002 1400,2025-10-14 00:00:00,,IFF-QB00059,2026-07-16 12:21:38,Y
IFF-QB00060,QUIM 1075 FSE F,Compuestos de Perfumeria,ATENCION,01 800 002 1400,2025-10-14 00:00:00,,IFF-QB00060,2026-07-16 12:21:38,Y
IFF-QB00061,QUIM 1147 FS,Compuestos de Perfumeria,ATENCION,01 800 002 1400,2025-10-14 00:00:00,,IFF-QB00061,2026-07-16 12:21:38,Y
IFF-QB00062,SIMPLY BLUE 607,Compuestos de Perfumeria,ATENCION,01 800 002 1400,2025-10-14 00:00:00,,IFF-QB00062,2026-07-16 12:21:38,Y
IFF-QB00063,SUAVE PRIMAVERA 958,Compuestos de Perfumeria,ATENCION,01 800 002 1400,2025-10-16 00:00:00,,IFF-QB00063,2026-07-16 12:21:38,Y
IFF-QB00064,SUEÑOS DE ALGODON 707,Compuestos de Perfumeria,ATENCION,01 800 002 1400,2025-10-16 00:00:00,,IFF-QB00064,2026-07-16 12:21:38,Y
IFF-QB00065,SUNSENSATION S/P,Compuestos de Perfumeria,,,2026-03-09 11:15:47,Y,IFF-QB00065,2026-03-09 11:15:47,Y
IFF-QB00066,TUBEROSE 946,Compuestos de Perfumeria,ATENCIÓN,01 800 002 1400,2025-10-16 00:00:00,,IFF-QB00066,2026-07-16 12:21:38,Y
IFF-QB00067,VCA BLUE 629 FLOR DE LUNA,Compuestos de Perfumeria,ATENCION,01 800 002 1400,2025-10-16 00:00:00,,IFF-QB00067,2026-07-16 12:21:38,Y
IFF-QB00068,VCB BLUE 231,Compuestos de Perfumeria,ATENCION,01 800 002 1400,2025-10-16 00:00:00,,IFF-QB00068,2026-07-16 12:21:38,Y
IFF-QB00069,WONDERFUL LADY 195,Compuestos de Perfumeria,ATENCION,01 800 002 1400,2025-10-17 00:00:00,,IFF-QB00069,2026-07-16 12:21:38,Y
IFF-QB00070,SUNSENSATION,Compuestos de Perfumeria,ATENCION,01 800 002 1400,2025-10-17 00:00:00,,IFF-QB00070,2026-07-16 12:21:38,Y
IFF-QB00071,SOFT BABY 611,Compuestos de Perfumeria,PELIGRO,01 800 002 1400,2025-10-14 00:00:00,,IFF-QB00071,2026-07-16 12:21:38,Y
IFF-QB00072,APPLE 930,Compuestos de Perfumeria,ATENCION,01 800 002 1400,2025-10-14 00:00:00,,IFF-QB00072,2026-07-16 12:21:38,Y
IFF-QB00073,BAMBOO BOO 664,Compuestos de Perfumeria,PELIGRO,01 800 002 1400,2025-10-14 00:00:00,,IFF-QB00073,2026-07-16 12:21:38,Y
IFF-QB00074,BELL CINNAMOND 575 FV,Compuestos de Perfumeria,ATENCION,01 800 002 1400,2025-10-14 00:00:00,,IFF-QB00074,2026-07-16 12:21:38,Y
IFF-QB00075,BOSQUE 904-A,Compuestos de Perfumeria,ATENCION,01 800 002 1400,2025-10-14 00:00:00,,IFF-QB00075,2026-07-16 12:21:38,Y
IFF-QB00076,BOSS 3117 NATURAL COCONUT,Compuestos de Perfumeria,ATENCION,01 800 002 1400,2025-10-16 00:00:00,,IFF-QB00076,2026-07-16 12:21:38,Y
IFF-QB00077,BOSS 3156 TALK,Compuestos de Perfumeria,PELIGRO,01 800 002 1400,2025-10-16 00:00:00,,IFF-QB00077,2026-07-16 12:21:38,Y
IFF-QB00078,CEDARLOVE 443,Compuestos de Perfumeria,ATENCION,01 800 002 1400,2025-10-17 00:00:00,,IFF-QB00078,2026-07-16 12:21:38,Y
IFF-QB00079,CHA 251,Compuestos de Perfumeria,ATENCION,01 800 002 1400,2025-10-14 00:00:00,,IFF-QB00079,2026-07-16 12:21:38,Y
IFF-QB00080,CHAN 001-C MOD 1,Compuestos de Perfumeria,ATENCION,01 800 002 1400,2025-10-14 00:00:00,,IFF-QB00080,2026-07-16 12:21:38,Y
IFF-QB00081,CHERRY 697 MOD 1,Compuestos de Perfumeria,ATENCION,01 800 002 1400,2025-10-14 00:00:00,,IFF-QB00081,2026-07-16 12:21:38,Y
IFF-QB00082,CHIRSTMAS GINGERAPPLE 712 FV,Compuestos de Perfumeria,-,-,PENDIENTE,SOLICITAR HDS IFF,IFF-QB00082,2026-07-16 12:21:38,Y
IFF-QB00083,CHRISTMAS VELAQUIM 53 MOD VAINILLA,Compuestos de Perfumeria,ATENCION,01 800 002 1400,2025-10-16 00:00:00,,IFF-QB00083,2026-07-16 12:21:38,Y
IFF-QB00084,CHOCOLAT MOD,Compuestos de Perfumeria,-,-,PENDIENTE,SOLICITAR HDS IFF,IFF-QB00084,2026-07-16 12:21:38,Y
IFF-QB00085,CLASSIC FLORAL 535,Compuestos de Perfumeria,ATENCION,01 800 002 1400,2025-10-14 00:00:00,,IFF-QB00085,2026-07-16 12:21:38,Y
IFF-QB00086,CLEANWOOD 860,Compuestos de Perfumeria,ATENCION,01 800 002 1400,2025-10-17 00:00:00,,IFF-QB00086,2026-07-16 12:21:38,Y
IFF-QB00087,COCO 120-A,Compuestos de Perfumeria,ATENCION,01 800 002 1400,2025-10-14 00:00:00,,IFF-QB00087,2026-07-16 12:21:38,Y
IFF-QB00088,DRAK BLACK 558 MOD 1,Compuestos de Perfumeria,ATENCION,01 800 002 1400,2025-10-14 00:00:00,,IFF-QB00088,2026-07-16 12:21:38,Y
IFF-QB00089,ETERN 0021,Compuestos de Perfumeria,PELIGRO,01 800 002 1400,2025-10-14 00:00:00,,IFF-QB00089,2026-07-16 12:21:38,Y
IFF-QB00090,FLORAL HOME 413,Compuestos de Perfumeria,ATENCION,01 800 002 1400,2025-10-14 00:00:00,,IFF-QB00090,2026-07-16 12:21:38,Y
IFF-QB00091,FOUGERE 087 DRAKKAR,Compuestos de Perfumeria,ATENCION,01 800 002 1400,2025-10-14 00:00:00,,IFF-QB00091,2026-07-16 12:21:38,Y
IFF-QB00092,FOUGERE 959-A DRAKKAR,Compuestos de Perfumeria,PELIGRO,01 800 002 1400,2025-10-14 00:00:00,,IFF-QB00092,2026-07-16 12:21:38,Y
IFF-QB00093,FRESA 80,Compuestos de Perfumeria,ATENCION,01 800 002 1400,2025-10-14 00:00:00,,IFF-QB00093,2026-07-16 12:21:38,Y
IFF-QB00094,GREEN TEA & CHAI 202,Compuestos de Perfumeria,PELIGRO,01 800 002 1400,2025-10-14 00:00:00,,IFF-QB00094,2026-07-16 12:21:38,Y
IFF-QB00095,HERBAL 550,Compuestos de Perfumeria,PELIGRO,01 800 002 1400,2025-10-14 00:00:00,,IFF-QB00095,2026-07-16 12:21:38,Y
IFF-QB00096,LIQUID FEEL 382,Compuestos de Perfumeria,ATENCION,01 800 002 1400,2025-10-16 00:00:00,,IFF-QB00096,2026-07-16 12:21:38,Y
IFF-QB00097,LOVELY POSSION 504,Compuestos de Perfumeria,ATENCION,01 800 002 1400,2025-10-16 00:00:00,,IFF-QB00097,2026-07-16 12:21:38,Y
IFF-QB00098,MAGIC COFFEE M1,Compuestos de Perfumeria,,,2026-03-09 11:15:47,Y,IFF-QB00098,2026-07-16 12:21:38,Y
IFF-QB00099,MC QUEEN 557,Compuestos de Perfumeria,ATENCION,01 800 002 1400,2025-10-16 00:00:00,,IFF-QB00099,2026-07-16 12:21:38,Y
IFF-QB00100,MIRACLE 554,Compuestos de Perfumeria,ATENCION,01 800 002 1400,2025-10-17 00:00:00,,IFF-QB00100,2026-07-16 12:21:38,Y
IFF-QB00101,MNO-015G (CAR. HERR.),Compuestos de Perfumeria,ATENCION,01 800 002 1400,2025-10-14 00:00:00,,IFF-QB00101,2026-07-16 12:21:38,Y
IFF-QB00102,OLD WOOD 789 S/P,Compuestos de Perfumeria,ATENCION,01 800 002 1400,2025-10-16 00:00:00,,IFF-QB00102,2026-07-16 12:21:38,Y
IFF-QB00103,PEACH 299 MOD,Compuestos de Perfumeria,ATENCION,01 800 002 1400,2025-10-14 00:00:00,,IFF-QB00103,2026-07-16 12:21:38,Y
IFF-QB00104,PEACH P757,Compuestos de Perfumeria,ATENCION,01 800 002 1400,2025-10-17 00:00:00,,IFF-QB00104,2026-07-16 12:21:38,Y
IFF-QB00105,PINK LADY 819,Compuestos de Perfumeria,ATENCION,01 800 002 1400,2025-10-14 00:00:00,,IFF-QB00105,2026-07-16 12:21:38,Y
IFF-QB00106,SANDALWOOD 019,Compuestos de Perfumeria,ATENCION,01 800 002 1400,2025-10-14 00:00:00,,IFF-QB00106,2026-07-16 12:21:38,Y
IFF-QB00107,SENSUAL BREEZE 873,Compuestos de Perfumeria,ATENCION,01 800 002 1400,2025-10-17 00:00:00,,IFF-QB00107,2026-07-16 12:21:38,Y
IFF-QB00108,SPICE AMBER 973,Compuestos de Perfumeria,ATENCION,01 800 002 1400,2025-10-16 00:00:00,,IFF-QB00108,2026-07-16 12:21:38,Y
IFF-QB00109,SPICY LOVE 456,Compuestos de Perfumeria,ATENCION,01 800 002 1400,2025-10-16 00:00:00,,IFF-QB00109,2026-07-16 12:21:38,Y
IFF-QB00110,STOLEN ROSE 607,Compuestos de Perfumeria,,,2026-03-09 11:15:47,Y,IFF-QB00110,2026-07-16 12:21:38,Y
IFF-QB00111,STUNNING 507,Compuestos de Perfumeria,,,2026-03-09 11:15:47,Y,IFF-QB00111,2026-07-16 12:21:38,Y
IFF-QB00112,SUMMER SUNSET 066,Compuestos de Perfumeria,ATENCION,01 800 002 1400,2025-10-16 00:00:00,,IFF-QB00112,2026-07-16 12:21:38,Y
IFF-QB00113,SWEET ANIS 972,Compuestos de Perfumeria,ATENCION,01 800 002 1400,2025-10-16 00:00:00,,IFF-QB00113,2026-07-16 12:21:38,Y
IFF-QB00114,SWEET LOVE 591,Compuestos de Perfumeria,ATENCION,01 800 002 1400,2025-10-16 00:00:00,,IFF-QB00114,2026-07-16 12:21:38,Y
IFF-QB00115,SWEET POWDER 361,Compuestos de Perfumeria,PELIGRO,01 800 002 1400,2025-10-16 00:00:00,,IFF-QB00115,2026-07-16 12:21:38,Y
IFF-QB00116,TE VERDE SMT 1039,Compuestos de Perfumeria,ATENCIÓN,01 800 002 1400,2025-10-14 00:00:00,,IFF-QB00116,2026-07-16 12:21:38,Y
IFF-QB00117,TROPIC ICE M1210,Compuestos de Perfumeria,ATENCION,01 800 002 1400,2025-10-17 00:00:00,,IFF-QB00117,2026-07-16 12:21:38,Y
IFF-QB00118,TUTTI 001,Compuestos de Perfumeria,PELIGRO,01 800 002 1400,2025-10-16 00:00:00,,IFF-QB00118,2026-07-16 12:21:38,Y
IFF-QB00119,UVA AIR 814,Compuestos de Perfumeria,-,-,PENDIENTE,SOLICITAR HDS IFF,IFF-QB00119,2026-07-16 12:21:38,Y
IFF-QB00120,VELAQUIM 4 CANELA FV,Compuestos de Perfumeria,ATENCION,01 800 002 1400,2025-10-16 00:00:00,,IFF-QB00120,2026-07-16 12:21:38,Y
IFF-QB00121,WATERY TIMBRE 939,Compuestos de Perfumeria,ATENCION,01 800 002 1400,2025-10-17 00:00:00,,IFF-QB00121,2026-07-16 12:21:38,Y
IFF-QB00122,1181-D MENTA,Compuestos de Perfumeria,PELIGRO,01 800 002 1400,2025-10-14 00:00:00,,IFF-QB00122,2026-07-16 12:21:38,Y
IFF-QB00123,ALMOND 339 MOOD 2,Compuestos de Perfumeria,ATENCION,01 800 002 1400,2025-10-14 00:00:00,,IFF-QB00123,2026-07-16 12:21:38,Y
IFF-QB00124,ALOE VERA GAV 1171 SH,Compuestos de Perfumeria,ATENCION,01 800 002 1400,2025-10-16 00:00:00,,IFF-QB00124,2026-07-16 12:21:38,Y
IFF-QB00125,APPLE 872 MANZANA VERDE,Compuestos de Perfumeria,ATENCION,01 800 002 1400,2025-10-14 00:00:00,,IFF-QB00125,2026-07-16 12:21:38,Y
IFF-QB00126,AVEIA PLUS PONS CR,Compuestos de Perfumeria,ATENCION,01 800 002 1400,2025-10-16 00:00:00,,IFF-QB00126,2026-07-16 12:21:38,Y
IFF-QB00127,BABY HYPO 168,Compuestos de Perfumeria,ATENCION,01 800 002 1400,2025-10-14 00:00:00,,IFF-QB00127,2026-07-16 12:21:38,Y
IFF-QB00128,BLAZING 185,Compuestos de Perfumeria,ATENCION,01 800 002 1400,2025-10-14 00:00:00,,IFF-QB00128,2026-07-16 12:21:38,Y
IFF-QB00129,BLUE BREEZE 929,Compuestos de Perfumeria,ATENCION,01 800 002 1400,2025-10-16 00:00:00,,IFF-QB00129,2026-07-16 12:21:38,Y
IFF-QB00130,BOSS 3152 MOD,Compuestos de Perfumeria,PELIGRO,01 800 002 1400,2025-10-14 00:00:00,,IFF-QB00130,2026-07-16 12:21:38,Y
IFF-QB00131,CHAMOMILLE 398 MANZANILLA,Compuestos de Perfumeria,ATENCION,01 800 002 1400,2025-10-14 00:00:00,,IFF-QB00131,2026-07-16 12:21:38,Y
IFF-QB00132,CHAMP DE LA LAVAND 897,Compuestos de Perfumeria,PELIGRO,01 800 002 1400,2025-10-17 00:00:00,,IFF-QB00132,2026-07-16 12:21:38,Y
IFF-QB00133,CITRUS SPLASH 690,Compuestos de Perfumeria,ATENCION,01 800 002 1400,2025-10-16 00:00:00,,IFF-QB00133,2026-07-16 12:21:38,Y
IFF-QB00134,CLEAN SCENT 655,Compuestos de Perfumeria,ATENCION,01 800 002 1400,2025-10-17 00:00:00,,IFF-QB00134,2026-07-16 12:21:38,Y
IFF-QB00135,COCONUT AND ALOE 813,Compuestos de Perfumeria,ATENCION,01 800 002 1400,2025-10-14 00:00:00,,IFF-QB00135,2026-07-16 12:21:38,Y
IFF-QB00136,COMPLETELY NUTS,Compuestos de Perfumeria,ATENCION,01 800 002 1400,2025-10-17 00:00:00,,IFF-QB00136,2026-07-16 12:21:38,Y
IFF-QB00137,CSH 983 MELON,Compuestos de Perfumeria,ATENCION,01 800 002 1400,2025-10-17 00:00:00,,IFF-QB00137,2026-07-16 12:21:38,Y
IFF-QB00138,DEATH BY CHOCOLATE,Compuestos de Perfumeria,ATENCION,01 800 002 1400,2025-10-14 00:00:00,,IFF-QB00138,2026-07-16 12:21:38,Y
IFF-QB00139,DELIRIOUS JABOTICABA 335,Compuestos de Perfumeria,ATENCION,01 800 002 1400,2025-10-14 00:00:00,,IFF-QB00139,2026-07-16 12:21:38,Y
IFF-QB00140,DRIZZLE 691,Compuestos de Perfumeria,ATENCION,01 800 002 1400,2025-10-17 00:00:00,,IFF-QB00140,2026-07-16 12:21:38,Y
IFF-QB00141,ELDEBERRY ,Compuestos de Perfumeria,ATENCION,01 800 002 1400,2025-10-17 00:00:00,,IFF-QB00141,2026-07-16 12:21:38,Y
IFF-QB00142,FASHION 180,Compuestos de Perfumeria,ATENCION,01 800 002 1400,2025-10-17 00:00:00,,IFF-QB00142,2026-07-16 12:21:38,Y
IFF-QB00143,FLORAL BOUQUET 981,Compuestos de Perfumeria,PELIGRO,01 800 002 1400,2025-10-14 00:00:00,,IFF-QB00143,2026-07-16 12:21:38,Y
IFF-QB00144,FLORAL TOUCH 956,Compuestos de Perfumeria,PELIGRO,01 800 002 1400,2025-10-14 00:00:00,,IFF-QB00144,2026-07-16 12:21:38,Y
IFF-QB00145,FROSTED WHITE CITRON,Compuestos de Perfumeria,PELIGRO,01 800 002 1400,2025-10-14 00:00:00,,IFF-QB00145,2026-07-16 12:21:38,Y
IFF-QB00146,FRUITY SOFT 624,Compuestos de Perfumeria,PELIGRO,01 800 002 1400,2025-10-14 00:00:00,,IFF-QB00146,2026-07-16 12:21:38,Y
IFF-QB00147,GINGER TOUCH 917,Compuestos de Perfumeria,ATENCION,01 800 002 1400,2025-10-17 00:00:00,,IFF-QB00147,2026-07-16 12:21:38,Y
IFF-QB00148,INDULGENT TOUCH 268 S/P,Compuestos de Perfumeria,,,2026-03-09 11:15:47,Y,IFF-QB00148,2026-07-16 12:21:38,Y
IFF-QB00149,JUICY FRESH CITRUS 120 S/P,Compuestos de Perfumeria,,,2026-03-09 11:15:47,Y,IFF-QB00149,2026-07-16 12:21:38,Y
IFF-QB00150,JUNGLE MELON,Compuestos de Perfumeria,ATENCION,01 800 002 1400,2025-10-17 00:00:00,,IFF-QB00150,2026-07-16 12:21:38,Y
IFF-QB00151,KIWI FRESH 625,Compuestos de Perfumeria,PELIGRO,01 800 002 1400,2025-10-14 00:00:00,,IFF-QB00151,2026-07-16 12:21:38,Y
IFF-QB00152,MANGIFF 188,Compuestos de Perfumeria,ATENCION,01 800 002 1400,2025-10-16 00:00:00,,IFF-QB00152,2026-07-16 12:21:38,Y
IFF-QB00153,MANGOSTEEN MELODY NO USAR,Compuestos de Perfumeria,,,2026-03-09 11:15:47,Y,IFF-QB00153,2026-03-09 11:15:47,Y
IFF-QB00154,MUSK 377,Compuestos de Perfumeria,ATENCION,01 800 002 1400,2025-10-17 00:00:00,,IFF-QB00154,2026-07-16 12:21:38,Y
IFF-QB00155,MYSTICAL 151 S/P,Compuestos de Perfumeria,,,2026-03-09 11:15:47,Y,IFF-QB00155,2026-07-16 12:21:38,Y
IFF-QB00156,PAMPERING TOUCH 927,Compuestos de Perfumeria,ATENCION,01 800 002 1400,2025-10-14 00:00:00,,IFF-QB00156,2026-07-16 12:21:38,Y
IFF-QB00157,PINEAPPLE PARADISE,Compuestos de Perfumeria,ATENCION,01 800 002 1400,2025-10-17 00:00:00,,IFF-QB00157,2026-07-16 12:21:38,Y
IFF-QB00158,QUIM 1300 PASION FRUIT,Compuestos de Perfumeria,ATENCION,01 800 002 1400,2025-10-16 00:00:00,,IFF-QB00158,2026-07-16 12:21:38,Y
IFF-QB00159,QUIM 1383 SH MOD,Compuestos de Perfumeria,,,2026-03-09 11:15:47,Y,IFF-QB00159,2026-07-16 12:21:38,Y
IFF-QB00160,RAINY WASH 530,Compuestos de Perfumeria,ATENCION,01 800 002 1400,2025-10-14 00:00:00,,IFF-QB00160,2026-07-16 12:21:38,Y
IFF-QB00161,REVIVAL 006 A s/p,Compuestos de Perfumeria,,,2026-03-09 11:15:47,Y,IFF-QB00161,2026-07-16 12:21:38,Y
IFF-QB00162,REVIVAL 352 S/P,Compuestos de Perfumeria,,,2026-03-09 11:15:47,Y,IFF-QB00162,2026-07-16 12:21:38,Y
IFF-QB00163,SENSE OF NATURE,Compuestos de Perfumeria,ATENCION,01 800 002 1400,2025-10-17 00:00:00,,IFF-QB00163,2026-07-16 12:21:38,Y
IFF-QB00164,SER 1013 (SHAMPOO FLORAL FRUTAL),Compuestos de Perfumeria,PELIGRO,01 800 002 1400,2025-10-14 00:00:00,,IFF-QB00164,2026-07-16 12:21:38,Y
IFF-QB00165,SER 1057 UVA MORADA,Compuestos de Perfumeria,ATENCION,01 800 002 1400,2025-10-14 00:00:00,,IFF-QB00165,2026-07-16 12:21:38,Y
IFF-QB00166,SER 1098 ORQUIDEA JAZMIN,Compuestos de Perfumeria,ATENCION,01 800 002 1400,2025-10-14 00:00:00,,IFF-QB00166,2026-07-16 12:21:38,Y
IFF-QB00167,SER 1100 GRAPEFRUIT,Compuestos de Perfumeria,ATENCION,01 800 002 1400,2025-10-14 00:00:00,,IFF-QB00167,2026-07-16 12:21:38,Y
IFF-QB00168,SER 1104 AGUACATE,Compuestos de Perfumeria,ATENCION,01 800 002 1400,2025-10-14 00:00:00,,IFF-QB00168,2026-07-16 12:21:38,Y
IFF-QB00169,SER 1107  PEPINO  s/p,Compuestos de Perfumeria,,,2026-03-09 11:15:47,Y,IFF-QB00169,2026-07-16 12:21:38,Y
IFF-QB00170,SER 1110 PERA,Compuestos de Perfumeria,ATENCION,01 800 002 1400,2025-10-16 00:00:00,,IFF-QB00170,2026-07-16 12:21:38,Y
IFF-QB00171,SER 1114 TORONJA,Compuestos de Perfumeria,PELIGRO,01 800 002 1400,2025-10-14 00:00:00,,IFF-QB00171,2026-07-16 12:21:38,Y
IFF-QB00172,WASH OUT 560 S/P,Compuestos de Perfumeria,ATENCION,01 800 002 1400,2025-10-16 00:00:00,,IFF-QB00172,2026-07-16 12:21:38,Y
IFF-QB00173,FF SMT 1023 MOD 1 (212 MEN),Compuestos de Perfumeria,ATENCION,01 800 002 1400,2025-10-14 00:00:00,,IFF-QB00173,2026-07-16 12:21:38,Y
IFF-QB00174,AMARILLO 37  (AMARIGE)  s/p,Compuestos de Perfumeria,,,2026-03-09 11:15:47,Y,IFF-QB00174,2026-07-16 12:21:38,Y
IFF-QB00175,DAMOR DAMOR FFSMT1057,Compuestos de Perfumeria,ATENCION,01 800 002 1400,2025-10-14 00:00:00,,IFF-QB00175,2026-07-16 12:21:38,Y
IFF-QB00176,AMOR CON J,Compuestos de Perfumeria,ATENCION,01 800 002 1400,2025-10-17 00:00:00,,IFF-QB00176,2026-07-16 12:21:38,Y
IFF-QB00177,FF SMT 1028 HARMANY,Compuestos de Perfumeria,PELIGRO,01 800 002 1400,2025-10-14 00:00:00,,IFF-QB00177,2026-07-16 12:21:38,Y
IFF-QB00178,BEAUTY LIFE 894,Compuestos de Perfumeria,ATENCION,01 800 002 1400,2025-10-17 00:00:00,,IFF-QB00178,2026-07-16 12:21:38,Y
IFF-QB00179,BLACK FLORAL 842,Compuestos de Perfumeria,ATENCION,01 800 002 1400,2025-10-14 00:00:00,,IFF-QB00179,2026-07-16 12:21:38,Y
IFF-QB00180,BOSS 3023 ACQUA DI GIO,Compuestos de Perfumeria,-,-,PENDIENTE,SOLICITAR HDS IFF,IFF-QB00180,2026-07-16 12:21:38,Y
IFF-QB00181,BUENA NINA 979 S/P,Compuestos de Perfumeria,,,2026-03-09 11:15:47,Y,IFF-QB00181,2026-07-16 12:21:38,Y
IFF-QB00182,CALVAN 1-150 ,Compuestos de Perfumeria,PELIGRO,01 800 002 1400,2025-10-14 00:00:00,,IFF-QB00182,2026-07-16 12:21:38,Y
IFF-QB00183,CANAL AZUL 921,Compuestos de Perfumeria,ATENCION,01 800 002 1400,2025-10-14 00:00:00,,IFF-QB00183,2026-07-16 12:21:38,Y
IFF-QB00184,CIC 0441 HB,Compuestos de Perfumeria,ATENCION,01 800 002 1400,2025-10-14 00:00:00,,IFF-QB00184,2026-07-16 12:21:38,Y
IFF-QB00185,FF SMT1055 DEUPHORIA BLOSS,Compuestos de Perfumeria,ATENCION,01 800 002 1400,2025-10-16 00:00:00,,IFF-QB00185,2026-07-16 12:21:38,Y
IFF-QB00186,WATERY TIMBRE,Compuestos de Perfumeria,ATENCION,01 800 002 1400,2025-10-16 00:00:00,,IFF-QB00186,2026-07-16 12:21:38,Y
IFF-QB00187,GHOST 081,Compuestos de Perfumeria,ATENCION,01 800 002 1400,2025-10-14 00:00:00,,IFF-QB00187,2026-07-16 12:21:38,Y
IFF-QB00188,HOMBRE MILLON 330,Compuestos de Perfumeria,ATENCION,01 800 002 1400,2025-10-17 00:00:00,,IFF-QB00188,2026-07-16 12:21:38,Y
IFF-QB00189,FF SMT 1059 KA,Compuestos de Perfumeria,ATENCION,01 800 002 1400,2025-10-14 00:00:00,,IFF-QB00189,2026-07-16 12:21:38,Y
IFF-QB00190,FF SMT 1047 DKENZO F.,Compuestos de Perfumeria,ATENCION,01 800 002 1400,2025-10-16 00:00:00,,IFF-QB00190,2026-07-16 12:21:38,Y
IFF-QB00191,MEN 500,Compuestos de Perfumeria,-,-,PENDIENTE,SOLICITAR HDS IFF,IFF-QB00191,2026-07-16 12:21:38,Y
IFF-QB00192,FFSMT1052 DPACIFIC P.,Compuestos de Perfumeria,ATENCION,01 800 002 1400,2025-10-16 00:00:00,,IFF-QB00192,2026-07-16 12:21:38,Y
IFF-QB00193,SOY TU HOMBRE 070,Compuestos de Perfumeria,ATENCION,01 800 002 1400,2025-10-17 00:00:00,,IFF-QB00193,2026-07-16 12:21:38,Y
IFF-QB00194,SPORTIVO 971,Compuestos de Perfumeria,ATENCION,01 800 002 1400,2025-10-16 00:00:00,,IFF-QB00194,2026-07-16 12:21:38,Y
IFF-QB00195,TH NINA 245,Compuestos de Perfumeria,PELIGRO,01 800 002 1400,2025-10-17 00:00:00,,IFF-QB00195,2026-07-16 12:21:38,Y
IFF-QB00196,VICTORY 225,Compuestos de Perfumeria,ATENCION,01 800 002 1400,2025-10-17 00:00:00,,IFF-QB00196,2026-07-16 12:21:38,Y
IFF-QB00197,BLOOM MEDLEY 420,Compuestos de Perfumeria,ATENCION,01 800 002 1400,2025-10-14 00:00:00,,IFF-QB00197,2026-07-16 12:21:38,Y
IFF-QB00198,BLUE MICRO MEMORIES 320 AZUL,Compuestos de Perfumeria,ATENCION,01 800 002 1400,2025-10-14 00:00:00,,IFF-QB00198,2026-07-16 12:21:38,Y
IFF-QB00199,ELEGANT MICRO SOFTNESS 957 AMARILLO,Compuestos de Perfumeria,ATENCION,01 800 002 1400,2025-10-16 00:00:00,,IFF-QB00199,2026-07-16 12:21:38,Y
IFF-QB00200,HAPPY MICRO SUNSHINE 312 AZUL,Compuestos de Perfumeria,ATENCION,01 800 002 1400,2025-10-14 00:00:00,,IFF-QB00200,2026-07-16 12:21:38,Y
IFF-QB00201,LITTLE BABY CAP 420,Compuestos de Perfumeria,ATENCION,01 800 002 1400,2025-10-14 00:00:00,,IFF-QB00201,2026-07-16 12:21:38,Y
IFF-QB00202,LUXEL 149 MOD 20,Compuestos de Perfumeria,ATENCION,01 800 002 1400,2025-10-17 00:00:00,,IFF-QB00202,2026-07-16 12:21:38,Y
IFF-QB00203,SPARK FRESH 317,Compuestos de Perfumeria,ATENCION,01 800 002 1400,2025-10-17 00:00:00,,IFF-QB00203,2026-07-16 12:21:38,Y
IFF-QB00204,SPARK PETAL 318 MICROCAPSULAS,Compuestos de Perfumeria,PELIGRO,01 800 002 1400,2025-10-14 00:00:00,,IFF-QB00204,2026-07-16 12:21:38,Y
IFF-QB00205,CLEAN PLUS 049,Compuestos de Perfumeria,ATENCION,01 800 002 1400,2025-10-17 00:00:00,,IFF-QB00205,2026-07-16 12:21:38,Y
IFF-QB00206,CRYSTAL HEALING,Compuestos de Perfumeria,ATENCION,01 800 002 1400,2025-10-14 00:00:00,,IFF-QB00206,2026-07-16 12:21:38,Y
IFF-QB00207,DSM 1063 ACE,Compuestos de Perfumeria,PELIGRO,01 800 002 1400,2025-10-14 00:00:00,,IFF-QB00207,2026-07-16 12:21:38,Y
IFF-QB00208,FLOWERCLEAN 384,Compuestos de Perfumeria,ATENCION,01 800 002 1400,2025-10-16 00:00:00,,IFF-QB00208,2026-07-16 12:21:38,Y
IFF-QB00209,MAX FRESCURA 777,Compuestos de Perfumeria,PELIGRO,01 800 002 1400,2025-10-14 00:00:00,,IFF-QB00209,2026-07-16 12:21:38,Y
IFF-QB00210,MY FLORAL 448,Compuestos de Perfumeria,ATENCION,01 800 002 1400,2025-10-17 00:00:00,,IFF-QB00210,2026-07-16 12:21:38,Y
IFF-QB00211,PERFECT BRIGHT 056,Compuestos de Perfumeria,ATENCION,01 800 002 1400,2025-10-17 00:00:00,,IFF-QB00211,2026-07-16 12:21:38,Y
IFF-QB00212,PREMIUM FABRIC 701,Compuestos de Perfumeria,,,2026-03-09 11:15:47,Y,IFF-QB00212,2026-07-16 12:21:38,Y
IFF-QB00213,PREMIUM FABRIC 992,Compuestos de Perfumeria,ATENCION,01 800 002 1400,2025-10-17 00:00:00,,IFF-QB00213,2026-07-16 12:21:38,Y
IFF-QB00214,SER 1054 DETERG. LIQ.,Compuestos de Perfumeria,PELIGRO,01 800 002 1400,2025-10-14 00:00:00,,IFF-QB00214,2026-07-16 12:21:38,Y
IFF-QB00215,SPRING BREAK 290,Compuestos de Perfumeria,ATENCION,01 800 002 1400,2025-10-17 00:00:00,,IFF-QB00215,2026-07-16 12:21:38,Y
IFF-QB00216,SPRING TIME 289,Compuestos de Perfumeria,ATENCION,01 800 002 1400,2025-10-16 00:00:00,,IFF-QB00216,2026-07-16 12:21:38,Y
IFF-QB00217,APPLE FRUITY 8230,Compuestos de Perfumeria,,,2026-03-09 11:15:47,Y,IFF-QB00217,2026-07-16 12:21:38,Y
IFF-QB00218,ARGAN MANDARINA SOFT 195,Compuestos de Perfumeria,ATENCION,01 800 002 1400,2025-10-16 00:00:00,,IFF-QB00218,2026-07-16 12:21:38,Y
IFF-QB00219,BAMBOO BLEND,Compuestos de Perfumeria,,,2026-03-09 11:15:47,Y,IFF-QB00219,2026-07-16 12:21:38,Y
IFF-QB00220,BAMBOO SENSE 2150 S/P,Compuestos de Perfumeria,PELIGRO,01 800 002 1400,2025-10-16 00:00:00,,IFF-QB00220,2026-07-16 12:21:38,Y
IFF-QB00221,BELLE FEM 6040,Compuestos de Perfumeria,ATENCION,01 800 002 1400,2025-11-13 00:00:00,,IFF-QB00221,2026-07-16 12:21:38,Y
IFF-QB00222,BERRY BLOSSOM S/P,Compuestos de Perfumeria,ATENCION,01 800 002 1400,2025-10-16 00:00:00,,IFF-QB00222,2026-07-16 12:21:38,Y
IFF-QB00223,BERRY PUNCH 867 FV,Compuestos de Perfumeria,ATENCION,01 800 002 1400,2025-10-16 00:00:00,,IFF-QB00223,2026-07-16 12:21:38,Y
IFF-QB00224,BLUE DOW,Compuestos de Perfumeria,,,2026-03-09 11:15:47,Y,IFF-QB00224,2026-07-16 12:21:38,Y
IFF-QB00225,BLUE FANTASY SV S/P,Compuestos de Perfumeria,,,2026-03-09 11:15:47,Y,IFF-QB00225,2026-07-16 12:21:38,Y
IFF-QB00226,BLUE MOMENT 759 S/P,Compuestos de Perfumeria,ATENCION,01 800 002 1400,2025-10-16 00:00:00,,IFF-QB00226,2026-07-16 12:21:38,Y
IFF-QB00227,BLUE MOON,Compuestos de Perfumeria,ATENCION,01 800 002 1400,2025-10-16 00:00:00,,IFF-QB00227,2026-07-16 12:21:38,Y
IFF-QB00228,BOSQUE DE BAMBU,Compuestos de Perfumeria,ATENCION,01 800 002 1400,2025-10-16 00:00:00,,IFF-QB00228,2026-07-16 12:21:38,Y
IFF-QB00229,BOSS 1363 FQ TANGO,Compuestos de Perfumeria,PELIGRO,01 800 002 1400,2025-10-16 00:00:00,,IFF-QB00229,2026-07-16 12:21:38,Y
IFF-QB00230,CANELLE,Compuestos de Perfumeria,PELIGRO,01 800 002 1400,2025-10-16 00:00:00,,IFF-QB00230,2026-07-16 12:21:38,Y
IFF-QB00231,CARAMEL 376,Compuestos de Perfumeria,ATENCION,01 800 002 1400,2025-10-16 00:00:00,,IFF-QB00231,2026-07-16 12:21:38,Y
IFF-QB00232,CARISMAS 2911,Compuestos de Perfumeria,ATENCION,01 800 002 1400,2025-10-17 00:00:00,,IFF-QB00232,2026-07-16 12:21:38,Y
IFF-QB00233,CHICLE 001D,Compuestos de Perfumeria,PELIGRO,01 800 002 1400,2025-10-16 00:00:00,,IFF-QB00233,2026-07-16 12:21:38,Y
IFF-QB00234,CITRIC FRESH,Compuestos de Perfumeria,PELIGRO,01 800 002 1400,2025-10-16 00:00:00,,IFF-QB00234,2026-07-16 12:21:38,Y
IFF-QB00235,CITRIC LEMON FRESH 9026 S/P,Compuestos de Perfumeria,,,2026-03-09 11:15:47,Y,IFF-QB00235,2026-07-16 12:21:38,Y
IFF-QB00236,CALVAN GEL 8020,Compuestos de Perfumeria,PELIGRO,01 800 002 1400,2025-10-16 00:00:00,,IFF-QB00236,2026-07-16 12:21:38,Y
IFF-QB00237,DESTELLOS DE SOL.,Compuestos de Perfumeria,,,2026-03-09 11:15:47,Y,IFF-QB00237,2026-07-16 12:21:38,Y
IFF-QB00238,PALOMA 5052 CR,Compuestos de Perfumeria,PELIGRO,01 800 002 1400,2025-10-16 00:00:00,,IFF-QB00238,2026-07-16 12:21:38,Y
IFF-QB00239,DULCE NAVIDAD,Compuestos de Perfumeria,PELIGRO,01 800 002 1400,2025-10-17 00:00:00,,IFF-QB00239,2026-07-16 12:21:38,Y
IFF-QB00240,EXPELL FRESH M 820,Compuestos de Perfumeria,PELIGRO,01 800 002 1400,2025-10-16 00:00:00,,IFF-QB00240,2026-07-16 12:21:38,Y
IFF-QB00241,FEMME ROUSE 7525,Compuestos de Perfumeria,,,2026-03-09 11:15:47,Y,IFF-QB00241,2026-07-16 12:21:38,Y
IFF-QB00242,FLORAL PLUS S/P,Compuestos de Perfumeria,,,2026-03-09 11:15:47,Y,IFF-QB00242,2026-07-16 12:21:38,Y
IFF-QB00243,FOUGERE GREEN 3020 S/P,Compuestos de Perfumeria,PELIGRO,,2026-03-09 11:15:47,Y,IFF-QB00243,2026-07-16 12:21:38,Y
IFF-QB00244,FRESH BREEZE,Compuestos de Perfumeria,ATENCION,01 800 002 1400,2025-10-16 00:00:00,,IFF-QB00244,2026-07-16 12:21:38,Y
IFF-QB00245,GLAMOUR 50,Compuestos de Perfumeria,ATENCION,01 800 002 1400,2025-10-16 00:00:00,,IFF-QB00245,2026-07-16 12:21:38,Y
IFF-QB00246,GREEN APPLE 1082,Compuestos de Perfumeria,ATENCION,01 800 002 1400,2025-10-16 00:00:00,,IFF-QB00246,2026-07-16 12:21:38,Y
IFF-QB00247,PARADISE,Compuestos de Perfumeria,,,2026-03-09 11:15:47,Y,IFF-QB00247,2026-07-16 12:21:38,Y
IFF-QB00248,GREEN WATER 8225 S/P,Compuestos de Perfumeria,,,2026-03-09 11:15:47,Y,IFF-QB00248,2026-07-16 12:21:38,Y
IFF-QB00249,JUNGLE FRESH,Compuesto de Perfumeria,ATENCIÓN,,2026-04-10 12:53:42,,,2026-07-16 12:21:38,Y
IFF-QB00250,LAVENDER FRESH,Compuestos de Perfumeria,ATENCION,01 800 002 1400,2025-10-16 00:00:00,,IFF-QB00250,2026-07-16 12:21:38,Y
IFF-QB00251,LAVENDER MISTICA,Compuestos de Perfumeria,ATENCION,01 800 002 1400,2025-10-16 00:00:00,,IFF-QB00251,2026-07-16 12:21:38,Y
IFF-QB00252,LOVE & AFFECTION 2514,Compuestos de Perfumeria,,,2026-03-09 11:15:47,Y,IFF-QB00252,2026-07-16 12:21:38,Y
IFF-QB00253,MAGIC MOMENTS INOV 1012,Compuestos de Perfumeria,,,2026-03-09 11:15:47,Y,IFF-QB00253,2026-07-16 12:21:38,Y
IFF-QB00254,MAX FLOWER 77 S/P,Compuestos de Perfumeria,ATENCION,01 800 002 1400,2025-10-16 00:00:00,,IFF-QB00254,2026-07-16 12:21:38,Y
IFF-QB00255,MINT BOSS 64,Compuestos de Perfumeria,PELIGRO,01 800 002 1400,2025-10-17 00:00:00,,IFF-QB00255,2026-07-16 12:21:38,Y
IFF-QB00256,MINT MINT M BRM11,Compuestos de Perfumeria,PELIGRO,01 800 002 1400,2025-10-16 00:00:00,,IFF-QB00256,2026-07-16 12:21:38,Y
IFF-QB00257,NEW MAXI COLOR D7754,Compuestos de Perfumeria,ATENCION,01 800 002 1400,2025-10-16 00:00:00,,IFF-QB00257,2026-07-16 12:21:38,Y
IFF-QB00258,NIVEA KF001B CR M,Compuestos de Perfumeria,ATENCION,01 800 002 1400,2025-10-17 00:00:00,,IFF-QB00258,2026-07-16 12:21:38,Y
IFF-QB00259,PASION FLORAL 821,Compuestos de Perfumeria,ATENCION,01 800 002 1400,2025-10-16 00:00:00,,IFF-QB00259,2026-07-16 12:21:38,Y
IFF-QB00260,PETALOS DE ROSA,Compuestos de Perfumeria,ATENCION,01 800 002 1400,2025-10-16 00:00:00,,IFF-QB00260,2026-07-16 12:21:38,Y
IFF-QB00261,QUIM BLUE 629,Compuestos de Perfumeria,ATENCION,01 800 002 1400,2025-10-16 00:00:00,,IFF-QB00261,2026-07-16 12:21:38,Y
IFF-QB00262,QUIM HIDRA 759,Compuestos de Perfumeria,ATENCION,01 800 002 1400,2025-10-16 00:00:00,,IFF-QB00262,2026-07-16 12:21:38,Y
IFF-QB00263,QUIM SH MOD,Compuestos de Perfumeria,PELIGRO,01 800 002 1400,PENDIENTE,SOLICITAR HDS IFF,IFF-QB00263,2026-07-16 12:21:38,Y
IFF-QB00264,REVIVAL 006 A NATTURA,Compuestos de Perfumeria,ATENCION,01 800 002 1400,2025-10-14 00:00:00,,IFF-QB00264,2026-07-16 12:21:38,Y
IFF-QB00265,ROSAS  MK52 s/p,Compuestos de Perfumeria,,,2026-03-09 11:15:47,Y,IFF-QB00265,2026-07-16 12:21:38,Y
IFF-QB00266,ROSETA 70,Compuestos de Perfumeria,ATENCION,01 800 002 1400,2025-10-16 00:00:00,,IFF-QB00266,2026-07-16 12:21:38,Y
IFF-QB00267,SB CHERRY,Compuestos de Perfumeria,,,2026-03-09 11:15:47,Y,IFF-QB00267,2026-07-16 12:21:38,Y
IFF-QB00268,SEA BREEZE,Compuestos de Perfumeria,ATENCION,01 800 002 1400,2025-10-16 00:00:00,,IFF-QB00268,2026-07-16 12:21:38,Y
IFF-QB00269,SER 1050 NSUENO,Compuestos de Perfumeria,ATENCION,01 800 002 1400,2025-10-16 00:00:00,,IFF-QB00269,2026-07-16 12:21:38,Y
IFF-QB00270,SIMPLE POSSION 383,Compuestos de Perfumeria,ATENCION,01 800 002 1400,2025-10-17 00:00:00,,IFF-QB00270,2026-07-16 12:21:38,Y
IFF-QB00271,SMOOTH BABY 1566 S/P,Compuestos de Perfumeria,,,2026-03-09 11:15:47,Y,IFF-QB00271,2026-07-16 12:21:38,Y
IFF-QB00272,SOFT BLUE M 68,Compuestos de Perfumeria,-,-,PENDIENTE,SOLICITAR HDS IFF,IFF-QB00272,2026-07-16 12:21:38,Y
IFF-QB00273,SOFT LILY,Compuestos de Perfumeria,PELIGRO,01 800 002 1400,2025-10-16 00:00:00,,IFF-QB00273,2026-07-16 12:21:38,Y
IFF-QB00274,SPARKLING CITRUS 355 S/P,Compuestos de Perfumeria,,,2026-03-09 11:15:47,Y,IFF-QB00274,2026-07-16 12:21:38,Y
IFF-QB00275,SPORTIVO MEN 2023,Compuestos de Perfumeria,ATENCION,01 800 002 1400,2025-10-17 00:00:00,,IFF-QB00275,2026-07-16 12:21:38,Y
IFF-QB00276,SUAVIAZUL M 75,Compuestos de Perfumeria,ATENCION,01 800 002 1400,2025-10-16 00:00:00,,IFF-QB00276,2026-07-16 12:21:38,Y
IFF-QB00277,SUN FLOWERS 1322 S/P,Compuestos de Perfumeria,,,2026-03-09 11:15:47,Y,IFF-QB00277,2026-07-16 12:21:38,Y
IFF-QB00278,SUNSHINE FLOWERS 324 S/P,Compuestos de Perfumeria,,,2026-03-09 11:15:47,Y,IFF-QB00278,2026-07-16 12:21:38,Y
IFF-QB00279,SUPER FLORAL,Compuestos de Perfumeria,,,2026-03-09 11:15:47,Y,IFF-QB00279,2026-07-16 12:21:38,Y
IFF-QB00280,SUSPIRO DE AZAR 33,Compuestos de Perfumeria,,,2026-03-09 11:15:47,Y,IFF-QB00280,2026-07-16 12:21:38,Y
IFF-QB00281,TANGO HIDRA,Compuestos de Perfumeria,PELIGRO,01 800 002 1400,2025-10-16 00:00:00,,IFF-QB00281,2026-07-16 12:21:38,Y
IFF-QB00282,TROPIC FRUIT M 957,Compuestos de Perfumeria,PELIGRO,01 800 002 1400,2025-10-16 00:00:00,,IFF-QB00282,2026-07-16 12:21:38,Y
IFF-QB00283,VAINILLA CITRICO S/P,Compuestos de Perfumeria,ATENCIÓN,01 800 002 1400,2025-10-16 00:00:00,,IFF-QB00283,2026-07-16 12:21:38,Y
IFF-QB00284,VCA FIESTA 4325,Compuestos de Perfumeria,PELIGRO,01 800 002 1400,2025-10-16 00:00:00,,IFF-QB00284,2026-07-16 12:21:38,Y
IFF-QB00285,VCA HIDRA 869  s/p,Compuestos de Perfumeria,,,2026-03-09 11:15:47,Y,IFF-QB00285,2026-07-16 12:21:38,Y
IFF-QB00286,VCA MOMENTOS 2321,Compuestos de Perfumeria,PELIGRO,01 800 002 1400,2025-10-16 00:00:00,,IFF-QB00286,2026-07-16 12:21:38,Y
IFF-QB00287,VIOLET FLOWER,Compuestos de Perfumeria,ATENCION,01 800 002 1400,2025-10-16 00:00:00,,IFF-QB00287,2026-07-16 12:21:38,Y
IFF-QB00288,WAIKIKI 204,Compuestos de Perfumeria,ATENCION,01 800 002 1400,2025-10-16 00:00:00,,IFF-QB00288,2026-07-16 12:21:38,Y
IFF-QB00289,COUNTRY SOFT 239 NO USAR,Compuestos de Perfumeria,ATENCION,01 800 002 1400,2025-10-16 00:00:00,,IFF-QB00289,2026-07-16 12:21:38,Y
IFF-QB00290,DSM 1082 FAB PASION FRUTAL,Compuestos de Perfumeria,ATENCION,01 800 002 1400,2025-10-14 00:00:00,,IFF-QB00290,2026-07-16 12:21:38,Y
IFF-QB00291,WILD CITRONELLA 815,Compuestos de Perfumeria,ATENCION,01 800 002 1400,2025-10-16 00:00:00,,IFF-QB00291,2026-07-16 12:21:38,Y
IFF-QB00292,GREEN HOUSE S/P,Compuestos de Perfumeria,,,2026-03-09 11:15:47,Y,IFF-QB00292,2026-07-16 12:21:38,Y
IFF-QB00293,BOSS 3148 EP,Compuestos de Perfumeria,,,2026-03-09 11:15:47,Y,IFF-QB00293,2026-07-16 12:21:38,Y
IFF-QB00294,GAV 1150 LB S/P,Compuestos de Perfumeria,,,2026-03-09 11:15:47,Y,IFF-QB00294,2026-07-16 12:21:38,Y
IFF-QB00295,MINT FRESH M 811 NO USAR,Compuestos de Perfumeria,,,2026-03-09 11:15:47,Y,IFF-QB00295,2026-07-16 12:21:38,Y
IFF-QB00296,LITTLE ITALY 150 S/P,Compuestos de Perfumeria,,,2026-03-09 11:15:47,Y,IFF-QB00296,2026-07-16 12:21:38,Y
IFF-QB00297,GINGER 295 S/P,Compuestos de Perfumeria,,,2026-03-09 11:15:47,Y,IFF-QB00297,2026-07-16 12:21:38,Y
IFF-QB00298,LIMONCELLO 608 S/P,Compuestos de Perfumeria,,,2026-03-09 11:15:47,Y,IFF-QB00298,2026-07-16 12:21:38,Y
IFF-QB00299,NOCHE BUENA 24,Compuestos de Perfumeria,,,2026-03-09 11:15:47,Y,IFF-QB00299,2026-07-16 12:21:38,Y
IFF-QB00300,BOSS 3148 AMENI,Compuestos de Perfumeria,,,2026-03-09 11:15:47,Y,IFF-QB00300,2026-07-16 12:21:38,Y
IFF-QB00301,POTPURRI FRUIT 755 S/P,Compuestos de Perfumeria,,,2026-03-09 11:15:47,Y,IFF-QB00301,2026-07-16 12:21:38,Y
IFF-QB00302,SER 1011 LAVANDA,Compuestos de Perfumeria,-,-,PENDIENTE,SOLICITAR HDS IFF,IFF-QB00302,2026-07-16 12:21:38,Y
IFF-QB00303,SUSPIRO   991,Compuestos de Perfumeria,,,2026-03-09 11:15:47,Y,IFF-QB00303,2026-07-16 12:21:38,Y
IFF-QB00304,FLORAL 605,Compuestos de Perfumeria,,,2026-03-09 11:15:47,Y,IFF-QB00304,2026-07-16 12:21:38,Y
IFF-QB00305,COM 2284,Compuestos de Perfumeria,,,2026-03-09 11:15:47,Y,IFF-QB00305,2026-07-16 12:21:38,Y
IFF-QB00306,NOCHE BUENA 24 S/P,Compuestos de Perfumeria,,,2026-03-09 11:15:47,Y,IFF-QB00306,2026-07-16 12:21:38,Y
IFF-QB00307,COCONUT ARGAN 615,Compuestos de Perfumeria,,,2026-03-09 11:15:47,Y,IFF-QB00307,2026-07-16 12:21:38,Y
IFF-QB00308,DULCE RECUERDO,Compuestos de Perfumeria,,,2026-03-09 11:15:47,Y,IFF-QB00308,2026-07-16 12:21:38,Y
IFF-QB00309,PALOMA BLANCA 98,Compuestos de Perfumeria,ATENCION,01 800 002 1400,2025-10-17 00:00:00,,IFF-QB00309,2026-07-16 12:21:38,Y
IFF-QB00310,SOFT MUSK 310,Compuestos de Perfumeria,,,2026-03-09 11:15:47,Y,IFF-QB00310,2026-07-16 12:21:38,Y
IFF-QB00311,SELVA FRESCA 04,Compuestos de Perfumeria,,,2026-03-09 11:15:47,Y,IFF-QB00311,2026-07-16 12:21:38,Y
IFF-QB00312,PETUNIA 754 S/P,Compuestos de Perfumeria,,,2026-03-09 11:15:47,Y,IFF-QB00312,2026-07-16 12:21:38,Y
IFF-QB00313,APPLE CRISP 347 S/P,Compuestos de Perfumeria,,,2026-03-09 11:15:47,Y,IFF-QB00313,2026-07-16 12:21:38,Y
IFF-QB00314,CREDO AVENTUS 937 S/P,Compuestos de Perfumeria,,,2026-03-09 11:15:47,Y,IFF-QB00314,2026-07-16 12:21:38,Y
IFF-QB00315,Milemod 217,Compuestos de Perfumeria,,,2026-03-09 11:15:47,Y,IFF-QB00315,2026-07-16 12:21:38,Y
IFF-QB00316,Milemod 799,Compuestos de Perfumeria,,,2026-03-09 11:15:47,Y,IFF-QB00316,2026-07-16 12:21:38,Y
IFF-QB00317,FOREVERTY PERF.,Compuestos de Perfumeria,,,2026-03-09 11:15:47,Y,IFF-QB00317,2026-07-16 12:21:38,Y
IFF-QB00318,ACTIVE CARBON 423,Compuestos de Perfumeria,ATENCION,01 800 002 1400,2025-10-14 00:00:00,,IFF-QB00318,2026-07-16 12:21:38,Y
IFF-QB00319,GREEN TEA CUCUMBER 956,Compuestos de Perfumeria,ATENCION,01 800 002 1400,2025-10-14 00:00:00,,IFF-QB00319,2026-07-16 12:21:38,Y
IFF-QB00320,GREEN TEA FRESH 691,Compuestos de Perfumeria,,,2026-03-09 11:15:47,Y,IFF-QB00320,2026-07-16 12:21:38,Y
IFF-QB00321,RIVOLI 912 M2,Compuestos de Perfumeria,ATENCION,01 800 002 1400,2025-10-17 00:00:00,,IFF-QB00321,2026-07-16 12:21:38,Y
IFF-QB00322,FRESH CITRUS 580,Compuestos de Perfumeria,PELIGRO,01 800 002 1400,2025-10-14 00:00:00,,IFF-QB00322,2026-07-16 12:21:38,Y
IFF-QB00323,CESCO LV40,Compuestos de Perfumeria,-,-,PENDIENTE,SOLICITAR HDS IFF,IFF-QB00323,2026-07-16 12:21:38,Y
IFF-QB00324,LAVANDER 479,Compuestos de Perfumeria,ATENCION,01 800 002 1400,2025-10-14 00:00:00,,IFF-QB00324,2026-07-16 12:21:38,Y
IFF-QB00325,TANGO PASSION 900,Compuestos de Perfumeria,,,2026-03-09 11:15:47,Y,IFF-QB00325,2026-07-16 12:21:38,Y
IFF-QB00326,FRUTA DEL DRAGON,Compuestos de Perfumeria,,,2026-03-09 11:15:47,Y,IFF-QB00326,2026-07-16 12:21:38,Y
IFF-QB00327,BEBECITO HYPO 86,Compuestos de Perfumeria,,,2026-03-09 11:15:47,Y,IFF-QB00327,2026-07-16 12:21:38,Y
IFF-QB00328,CORE COLOR 07,Compuestos de Perfumeria,,,2026-03-09 11:15:47,Y,IFF-QB00328,2026-07-16 12:21:38,Y
IFF-QB00329,BLUE SOFT,Compuestos de Perfumeria,,,2026-03-09 11:15:47,Y,IFF-QB00329,2026-07-16 12:21:38,Y
IFF-QB00330,BLUE SOFT 03,Compuestos de Perfumeria,,,2026-03-09 11:15:47,Y,IFF-QB00330,2026-07-16 12:21:38,Y
IFF-QB00331,LEMON 01,Compuestos de Perfumeria,,,2026-03-09 11:15:47,Y,IFF-QB00331,2026-07-16 12:21:38,Y
IFF-QB00332,LEMOMN 03,Compuestos de Perfumeria,,,2026-03-09 11:15:47,Y,IFF-QB00332,2026-07-16 12:21:38,Y
IFF-QB00333,LEMON 05,Compuestos de Perfumeria,,,2026-03-09 11:15:47,Y,IFF-QB00333,2026-07-16 12:21:38,Y
IFF-QB00334,LEMON 03,Compuestos de Perfumeria,,,2026-03-09 11:15:47,Y,IFF-QB00334,2026-07-16 12:21:38,Y
IFF-QB00335,MARINO 02,Compuestos de Perfumeria,,,2026-03-09 11:15:47,Y,IFF-QB00335,2026-07-16 12:21:38,Y
IFF-QB00336,MARINO 03,Compuestos de Perfumeria,,,2026-03-09 11:15:47,Y,IFF-QB00336,2026-07-16 12:21:38,Y
IFF-QB00337,FLOWER LOVE 745,Compuestos de Perfumeria,,,2026-03-09 11:15:47,Y,IFF-QB00337,2026-07-16 12:21:38,Y
IFF-QB00338,FLORENCE,Compuestos de Perfumeria,,,2026-03-09 11:15:47,Y,IFF-QB00338,2026-07-16 12:21:38,Y
IFF-QB00339,LAVANDA 03,Compuestos de Perfumeria,,,2026-03-09 11:15:47,Y,IFF-QB00339,2026-07-16 12:21:38,Y
IFF-QB00340,LAVANDA 04,Compuestos de Perfumeria,,,2026-03-09 11:15:47,Y,IFF-QB00340,2026-07-16 12:21:38,Y
IFF-QB00341,SWEET HONEY,Compuestos de Perfumeria,,,2026-03-09 11:15:47,Y,IFF-QB00341,2026-07-16 12:21:38,Y
IFF-QB00342,SWEET WATERMELON,Compuestos de Perfumeria,,,2026-03-09 11:15:47,Y,IFF-QB00342,2026-07-16 12:21:38,Y
IFF-QB00343,SWEET VANILLA,Compuestos de Perfumeria,,,2026-03-09 11:15:47,Y,IFF-QB00343,2026-07-16 12:21:38,Y
IFF-QB00344,SWEET ALMOND,Compuestos de Perfumeria,,,2026-03-09 11:15:47,Y,IFF-QB00344,2026-07-16 12:21:38,Y
IFF-QB00345,SOUR LEMON 33,Compuestos de Perfumeria,,,2026-03-09 11:15:47,Y,IFF-QB00345,2026-07-16 12:21:38,Y
IFF-QB00346,SWEET WINTER 30,Compuestos de Perfumeria,,,2026-03-09 11:15:47,Y,IFF-QB00346,2026-07-16 12:21:38,Y
IFF-QB00347,FRUITY SWEET 902,Compuestos de Perfumeria,,,2026-03-09 11:15:47,Y,IFF-QB00347,2026-07-16 12:21:38,Y
IFF-QB00348,PLUS COLOR 555,Compuestos de Perfumeria,,,2026-03-09 11:15:47,Y,IFF-QB00348,2026-07-16 12:21:38,Y
IFF-QB00349,LAVANDA FIELD 10,Compuestos de Perfumeria,,,2026-03-09 11:15:47,Y,IFF-QB00349,2026-07-16 12:21:38,Y
IFF-QB00350,ROSE DE PARIS 55,Compuestos de Perfumeria,,,2026-03-09 11:15:47,Y,IFF-QB00350,2026-07-16 12:21:38,Y
IFF-QB00351,NUBE,Compuestos de Perfumeria,,,2026-03-09 11:15:47,Y,IFF-QB00351,2026-07-16 12:21:38,Y
IFF-QB00352,AQUA,Compuestos de Perfumeria,,,2026-03-09 11:15:47,Y,IFF-QB00352,2026-07-16 12:21:38,Y
IFF-QB00353,LEGENDARY,Compuestos de Perfumeria,,,2026-03-09 11:15:47,Y,IFF-QB00353,2026-07-16 12:21:38,Y
IFF-QB00354,FOR ALL,Compuestos de Perfumeria,,,2026-03-09 11:15:47,Y,IFF-QB00354,2026-07-16 12:21:38,Y
IFF-QB00355,PEPITA RED,Compuestos de Perfumeria,,,2026-03-09 11:15:47,Y,IFF-QB00355,2026-07-16 12:21:38,Y
IFF-QB00356,OLYMPO,Compuestos de Perfumeria,,,2026-03-09 11:15:47,Y,IFF-QB00356,2026-07-16 12:21:38,Y
IFF-QB00357,IRONIA,Compuestos de Perfumeria,,,2026-03-09 11:15:47,Y,IFF-QB00357,2026-07-16 12:21:38,Y
IFF-QB00358,URBAN CODE,Compuestos de Perfumeria,,,2026-03-09 11:15:47,Y,IFF-QB00358,2026-07-16 12:21:38,Y
IFF-QB00359,WILD,Compuestos de Perfumeria,,,2026-03-09 11:15:47,Y,IFF-QB00359,2026-07-16 12:21:38,Y
IFF-QB00360,CABALLO ROJO,Compuestos de Perfumeria,,,2026-03-09 11:15:47,Y,IFF-QB00360,2026-07-16 12:21:38,Y
IFF-QB00361,MUSE,Compuestos de Perfumeria,,,2026-03-09 11:15:47,Y,IFF-QB00361,2026-07-16 12:21:38,Y
IFF-QB00362,CREDO AVENTUS 937,Compuestos de Perfumeria,,,2026-03-09 11:15:47,Y,IFF-QB00362,2026-07-16 12:21:38,Y
IFF-QB00363,JEFE H 010,Compuestos de Perfumeria,,,2026-03-09 11:15:47,Y,IFF-QB00363,2026-07-16 12:21:38,Y
IFF-QB00364,DELICIOSA 884,Compuestos de Perfumeria,,,2026-03-09 11:15:47,Y,IFF-QB00364,2026-07-16 12:21:38,Y
IFF-QB00365,FANTASIA 930,Compuestos de Perfumeria,,,2026-03-09 11:15:47,Y,IFF-QB00365,2026-07-16 12:21:38,Y
IFF-QB00366,KING,Compuestos de Perfumeria,,,2026-03-09 11:15:47,Y,IFF-QB00366,2026-07-16 12:21:38,Y
IFF-QB00367,DESIRED,Compuestos de Perfumeria,,,2026-03-09 11:15:47,Y,IFF-QB00367,2026-07-16 12:21:38,Y
IFF-QB00368,GOODY,Compuestos de Perfumeria,,,2026-03-09 11:15:47,Y,IFF-QB00368,2026-07-16 12:21:38,Y
IFF-QB00369,HIGH LINE,Compuestos de Perfumeria,,,2026-03-09 11:15:47,Y,IFF-QB00369,2026-07-16 12:21:38,Y
IFF-QB00370,ADORATION,Compuestos de Perfumeria,,,2026-03-09 11:15:47,Y,IFF-QB00370,2026-07-16 12:21:38,Y
IFF-QB00371,BLUE,Compuestos de Perfumeria,,,2026-03-09 11:15:47,Y,IFF-QB00371,2026-07-16 12:21:38,Y
IFF-QB00372,BRIGHT,Compuestos de Perfumeria,,,2026-03-09 11:15:47,Y,IFF-QB00372,2026-07-16 12:21:38,Y
IFF-QB00373,KISS OF SUN,Compuestos de Perfumeria,,,2026-03-09 11:15:47,Y,IFF-QB00373,2026-07-16 12:21:38,Y
IFF-QB00374,BERRIES,Compuestos de Perfumeria,,,2026-03-09 11:15:47,Y,IFF-QB00374,2026-07-16 12:21:38,Y
IFF-QB00375,SWEET COFEE,Compuestos de Perfumeria,,,2026-03-09 11:15:47,Y,IFF-QB00375,2026-07-16 12:21:38,Y
IFF-QB00376,AZUL CLARO 865,Compuestos de Perfumeria,,,2026-03-09 11:15:47,Y,IFF-QB00376,2026-07-16 12:21:38,Y
IFF-QB00377,FREE 544,Compuestos de Perfumeria,,,2026-03-09 11:15:47,Y,IFF-QB00377,2026-07-16 12:21:38,Y
IFF-QB00378,DAMA MILLION 650,Compuestos de Perfumeria,,,2026-03-09 11:15:47,Y,IFF-QB00378,2026-07-16 12:21:38,Y
IFF-QB00379,JUICY LEMON 09,Compuestos de Perfumeria,,,2026-03-09 11:15:47,Y,IFF-QB00379,2026-07-16 12:21:38,Y
IFF-QB00380,AQUA MARINE 25,Compuestos de Perfumeria,,,2026-03-09 11:15:47,Y,IFF-QB00380,2026-07-16 12:21:38,Y
IFF-QB00381,OCEAN BLEU 02,Compuestos de Perfumeria,,,2026-03-09 11:15:47,Y,IFF-QB00381,2026-07-16 12:21:38,Y
IFF-QB00382,CAPRI 07,Compuestos de Perfumeria,,,2026-03-09 11:15:47,Y,IFF-QB00382,2026-07-16 12:21:38,Y
IFF-QB00383,LAVENDER AIR 0101,Compuestos de Perfumeria,,,2026-03-09 11:15:47,Y,IFF-QB00383,2026-07-16 12:21:38,Y
IFF-QB00384,CITRUS BERRY 44,Compuestos de Perfumeria,,,2026-03-09 11:15:47,Y,IFF-QB00384,2026-07-16 12:21:38,Y
IFF-QB00385,CITRUS BERRY 44,Compuestos de Perfumeria,,,2026-03-09 11:15:47,Y,IFF-QB00385,2026-03-09 11:15:47,Y
IFF-QB00386,SWEET BANANA MOTITAS,Compuestos de Perfumeria,,,2026-03-09 11:15:47,Y,IFF-QB00386,2026-07-16 12:21:38,Y
IFF-QB00387,OUR COFFEE,Compuestos de Perfumeria,,,2026-03-09 11:15:47,Y,IFF-QB00387,2026-07-16 12:21:38,Y
IFF-QB00388,FLORAL BANANA,Compuestos de Perfumeria,,,2026-03-09 11:15:47,Y,IFF-QB00388,2026-07-16 12:21:38,Y
IFF-QB00389,COTTON CANDY,Compuestos de Perfumeria,,,2026-03-09 11:15:47,Y,IFF-QB00389,2026-07-16 12:21:38,Y
IFF-QB00390,CITRIC FOUGERE 59,Compuestos de Perfumeria,PELIGRO,,2026-05-07 15:34:08,,,2026-07-16 12:21:38,Y
IFF-QB00391,BRIGHT NEW COLOR 81,Compuestos de Perfumeria,PELIGRO,,2026-05-07 11:48:54,,,2026-07-16 12:21:38,Y
IFF-QB00392,VERALUNA,,None,,2026-06-09 14:38:54,Y,IFF-QB00392,2026-07-16 12:21:38,Y
IFF-QB00393,VIBRANT COLOR 51,,None,,2026-07-07 15:38:23,Y,IFF-QB00393,2026-07-16 12:21:38,Y
IFF-QB00394,PERFECT BRIGHT 056,,None,,2026-07-07 15:38:23,Y,IFF-QB00394,2026-07-08 14:08:34,Y
IFF-QB00395,COACHELLE FF,,None,,2026-07-08 15:09:56,Y,IFF-QB00395,2026-07-16 12:21:38,Y
IFF-QB00396,PUCKETT FF,,None,,2026-07-08 15:09:56,Y,IFF-QB00396,2026-07-16 12:21:38,Y
IFF-QB00397,SENSORY BLEND,,None,,2026-07-13 14:50:43,Y,IFF-QB00397,2026-07-16 12:21:38,Y
IFF-QB00398,VELVET SAPPHIRE,,None,,2026-07-13 14:50:43,Y,IFF-QB00398,2026-07-16 12:21:38,Y
IFF-QB00399,CARIBEAN NIGT,,None,,2026-07-13 14:50:43,Y,IFF-QB00399,2026-07-16 12:21:38,Y
IFF-QB00400,LISBOA FF,,None,,2026-07-13 15:52:05,Y,IFF-QB00400,2026-07-16 12:21:38,Y
IFF-QB00401,BARCELONA FF,,None,,2026-07-13 15:52:05,Y,IFF-QB00401,2026-07-16 12:21:38,Y
KAO-QB00001,TETRAMIN 300,61791-55-7,PELIGRO,+34 93 739 9445,2025-11-28 00:00:00,,KAO-QB00001,2026-07-16 12:21:38,Y
KAO-QB00002,ASFIER 121,Mezcla,PELIGRO,+34 93 739 9445,2025-11-13 00:00:00,,KAO-QB00002,2026-07-16 12:21:38,Y
KAO-QB00003,ASFIER 208,Mezcla,PELIGRO,+34 93 739 9445,2025-11-13 00:00:00,,KAO-QB00003,2026-07-16 12:21:38,Y
KAO-QB00004,ASFIER 211 GRANEL PIPA,Mezcla,PELIGRO,+34 93 739 9445,2025-11-13 00:00:00,,KAO-QB00004,2026-07-16 12:21:38,Y
KAO-QB00005,Tetramin 400 ,Mezcla,PELIGRO,+34 93 739 9445,2025-11-13 00:00:00,,KAO-QB00005,2026-07-16 12:21:38,Y
KAO-QB00006,ASFIER 211 (TOTE),,,,2026-03-09 11:15:47,Y,KAO-QB00006,2026-07-16 12:21:38,Y
KAO-QB00007,ASFIER 216 S/P,Mezcla,PELIGRO,+34 93 739 9445,2025-10-28 00:00:00,,KAO-QB00007,2026-07-16 12:21:38,Y
KAO-QB00008,ASFIER 510,151661-99-3,PELIGRO,+34 93 739 9445,2025-11-13 00:00:00,,KAO-QB00008,2026-07-16 12:21:38,Y
KAO-QB00009,ASFIER 710,"7732-18-5, 130014-37-8",ATENCION,+34 93 739 9445,2025-11-28 00:00:00,,KAO-QB00009,2026-07-16 12:21:38,Y
KAO-QB00010,ASFIER N480L,151661-99-3,PELIGRO,+34 93 739 9445,2025-11-13 00:00:00,,KAO-QB00010,2026-07-16 12:21:38,Y
KAO-QB00011,DANOX RAP 305,"61788-62-3, 1317-38-0, 13463-67-7",PELIGRO,+34 93 739 9445,2025-11-25 00:00:00,,KAO-QB00011,2026-07-16 12:21:38,Y
KAO-QB00012,GRIPER X2,12645-31-7,PELIGRO,+34 93 739 9445,2025-11-13 00:00:00,,KAO-QB00012,2026-07-16 12:21:38,Y
KAO-QB00013,GRIPPER 67,Mezcla,PELIGRO,+34 93 739 9445,2025-11-13 00:00:00,,KAO-QB00013,2026-07-16 12:21:38,Y
KAO-QB00014,KAOAMIN 14 L,Mezcla,PELIGRO,+34 93 739 9445,2025-11-13 00:00:00,,KAO-QB00014,2026-07-16 12:21:38,Y
KAO-QB00015,AKYPO FOAM RL 40 S/P,33939-64-9,PELIGRO,+34 93 739 9445,2025-11-25 00:00:00,,KAO-QB00015,2026-07-16 12:21:38,Y
KAO-QB00016,AKYPO LM-40 S/P,Mezcla,PELIGRO,+34 93 739 9445,2025-10-28 00:00:00,,KAO-QB00016,2026-07-16 12:21:38,Y
KAO-QB00017,AKYPO SUGAR LM-42,Mezcla,ATENCION,+34 93 739 9445,2025-10-21 00:00:00,,KAO-QB00017,2026-07-16 12:21:38,Y
KAO-QB00018,ALCOHOL ESTEARILICO KALKOL 8098,112-92-5,No Aplicable,+34 93 739 9445,2025-11-25 00:00:00,,KAO-QB00018,2026-07-16 12:21:38,Y
KAO-QB00019,ALFANOX 46,Mezcla,PELIGRO,+34 93 739 9445,2025-10-21 00:00:00,,KAO-QB00019,2026-07-16 12:21:38,Y
KAO-QB00020,ALFANOX 46 TOTE S/P,,,,2026-03-09 11:15:47,Y,KAO-QB00020,2026-07-16 12:21:38,Y
KAO-QB00021,AMIDET N,Sustancia,ATENCION,+34 93 739 9445,2025-11-13 00:00:00,,KAO-QB00021,2026-07-16 12:21:38,Y
KAO-QB00022,AMIET 502 TAMBOR 175 KGS, 61791-26-2,PELIGRO,+34 93 739 9445,2025-10-21 00:00:00,,KAO-QB00022,2026-07-16 12:21:38,Y
KAO-QB00023,AMIET 505 S/P,,,,2026-03-09 11:15:47,Y,KAO-QB00023,2026-07-16 12:21:38,Y
KAO-QB00024,AMIET 515,61791-26-2,PELIGRO,+34 93 739 9445,2025-11-13 00:00:00,,KAO-QB00024,2026-07-16 12:21:38,Y
KAO-QB00025,BETADET HR2,Mezcla,PELIGRO,+34 93 739 9445,2025-10-21 00:00:00,,KAO-QB00025,2026-07-16 12:21:38,Y
KAO-QB00026,BETADET HR2 TOTES S/P,,,,2026-03-09 11:15:47,Y,KAO-QB00026,2026-07-16 12:21:38,Y
KAO-QB00027,CETILICO KALCOL 6098,36653-82-4,ATENCION,+34 93 739 9445,2025-11-13 00:00:00,,KAO-QB00027,2026-07-16 12:21:38,Y
KAO-QB00028,CORROMIN E-4,Mezcla,PELIGRO,+34 93 739 9445,2025-11-13 00:00:00,,KAO-QB00028,2026-07-16 12:21:38,Y
KAO-QB00029,DANOX 511-B,Mezcla,PELIGRO,+34 93 739 9445,2025-11-25 00:00:00,,KAO-QB00029,2026-07-16 12:21:38,Y
KAO-QB00030,DANOX BT60,"68424-95-3, 61789-71-7, 67-63-0",PELIGRO,+34 93 739 9445,2025-11-25 00:00:00,,KAO-QB00030,2026-07-16 12:21:38,Y
KAO-QB00031,DANOX BT70,25988-97-0,ATENCION,+34 93 739 9445,2025-11-25 00:00:00,,KAO-QB00031,2026-07-16 12:21:38,Y
KAO-QB00032,DANOX HC30,Mezcla,No Aplicable,+34 93 739 9445,2025-11-13 00:00:00,,KAO-QB00032,2026-07-16 12:21:38,Y
KAO-QB00033,DANOX LVT 480 (BASE LAVATRASTES) s/p,,,,2026-03-09 11:15:47,Y,KAO-QB00033,2026-07-16 12:21:38,Y
KAO-QB00034,DANOX PL-10,Mezcla,ATENCION,+34 93 739 9445,2025-11-13 00:00:00,,KAO-QB00034,2026-07-16 12:21:38,Y
KAO-QB00035,DIAMIET 505 s/p,,,,2026-03-09 11:15:47,Y,KAO-QB00035,2026-07-16 12:21:38,Y
KAO-QB00036,DIAMIET 510 S/P,,,,2026-03-09 11:15:47,Y,KAO-QB00036,2026-07-16 12:21:38,Y
KAO-QB00037,DIAMIET 515 s/p, 61790-85-0,PELIGRO,+34 93 739 9445,2025-11-13 00:00:00,,KAO-QB00037,2026-07-16 12:21:38,Y
KAO-QB00038,DIAMIN OL S/P,,,,2026-03-09 11:15:47,Y,KAO-QB00038,2026-07-16 12:21:38,Y
KAO-QB00039,DIAMIN T S/P, 61791-55-7,PELIGRO,+34 93 739 9445,2025-10-28 00:00:00,,KAO-QB00039,2026-07-16 12:21:38,Y
KAO-QB00040,DIAMIN TO(L) S/P,,,,2026-03-09 11:15:47,Y,KAO-QB00040,2026-07-16 12:21:38,Y
KAO-QB00041,EMAL 10 PHD S/P,73296-89-6,PELIGRO,+34 93 739 9445,2025-10-28 00:00:00,,KAO-QB00041,2026-07-16 12:21:38,Y
KAO-QB00042,EMAL 10-N LAURIL SULFATO DE SODIO,73296-89-6,PELIGRO,+34 93 739 9445,2025-10-21 00:00:00,,KAO-QB00042,2026-07-16 12:21:38,Y
KAO-QB00043,EMAL 10G,73296-89-6,PELIGRO,+34 93 739 9445,2025-10-21 00:00:00,,KAO-QB00043,2026-07-16 12:21:38,Y
KAO-QB00044,EMAL 227 LESS QKA, 68891-38-3,PELIGRO,+34 93 739 9445,2025-11-25 00:00:00,,KAO-QB00044,2026-07-16 12:21:38,Y
KAO-QB00045,EMAL 270D S/P,,,,2026-03-09 11:15:47,Y,KAO-QB00045,2026-07-16 12:21:38,Y
KAO-QB00046,EMAL 30G,73296-89-6,PELIGRO,+34 93 739 9445,2025-11-25 00:00:00,,KAO-QB00046,2026-07-16 12:21:38,Y
KAO-QB00047,FORMOX DM20D S/P,,,,2026-03-09 11:15:47,Y,KAO-QB00047,2026-07-16 12:21:38,Y
KAO-QB00048,FORMOX DM40,Mezcla,PELIGRO,+34 93 739 9445,2025-11-13 00:00:00,,KAO-QB00048,2026-07-16 12:21:38,Y
KAO-QB00049,FORMOX DMCD E,Mezcla,PELIGRO,+34 93 739 9445,2025-10-21 00:00:00,,KAO-QB00049,2026-07-16 12:21:38,Y
KAO-QB00050,FORMOX DMCD (E) (TOTE) S/P,,,,2026-03-09 11:15:47,Y,KAO-QB00050,2026-07-16 12:21:38,Y
KAO-QB00051,FORMOX DMCD (E) PIPA S/P,,,,2026-03-09 11:15:47,Y,KAO-QB00051,2026-07-16 12:21:38,Y
KAO-QB00052,FORMOX L75 PC,68155-09-9,PELIGRO,+34 93 739 9445,2025-10-28 00:00:00,,KAO-QB00052,2026-07-16 12:21:38,Y
KAO-QB00053,KAOSOFT 859 S/P,,,,2026-03-09 11:15:47,Y,KAO-QB00053,2026-07-16 12:21:38,Y
KAO-QB00054,KAOSOFT AGL85,Mezcla,ATENCION,+34 93 739 9445,2025-11-13 00:00:00,,KAO-QB00054,2026-07-16 12:21:38,Y
KAO-QB00055,KAOSOFT AGL85 (TOTE),,,,2026-03-09 11:15:47,Y,KAO-QB00055,2026-07-16 12:21:38,Y
KAO-QB00056,KAOSOFT AT-50V,Mezcla,PELIGRO,+34 93 739 9445,2025-10-21 00:00:00,,KAO-QB00056,2026-07-16 12:21:38,Y
KAO-QB00057,KAOSOFCARE  GP1,29117-02-0,ATENCION,+34 93 739 9445,2025-11-25 00:00:00,,KAO-QB00057,2026-07-16 12:21:38,Y
KAO-QB00058,KAOSOFT HW (granel PIPA),,,,2026-03-09 11:15:47,Y,KAO-QB00058,2026-07-16 12:21:38,Y
KAO-QB00059,KAOSOFT HW TAMBOR,Mezcla,ATENCION,+34 93 739 9445,2025-11-13 00:00:00,,KAO-QB00059,2026-07-16 12:21:38,Y
KAO-QB00060,POIZ 535,Mezcla,No Aplicable,+34 93 739 9445,2025-10-21 00:00:00,,KAO-QB00060,2026-07-16 12:21:38,Y
KAO-QB00061,POIZ 88,"57-55-6, 7732-18-5",PELIGRO,+34 93 739 9445,2025-11-25 00:00:00,,KAO-QB00061,2026-07-16 12:21:38,Y
KAO-QB00062,QUARTAMIN 60,Mezcla,PELIGRO,+34 93 739 9445,2025-10-21 00:00:00,,KAO-QB00062,2026-07-16 12:21:38,Y
KAO-QB00063,QUARTAMIN 60 S/P (TOTE),Mezcla,PELIGRO,+34 93 739 9445,2025-11-13 00:00:00,,KAO-QB00063,2026-07-16 12:21:38,Y
KAO-QB00064,QUARTAMIN 60W30P,Mezcla,PELIGRO,+34 93 739 9445,2025-11-13 00:00:00,,KAO-QB00064,2026-07-16 12:21:38,Y
KAO-QB00065,QUARTAMIN AB,Mezcla,PELIGRO,+34 93 739 9445,2025-10-28 00:00:00,,KAO-QB00065,2026-07-16 12:21:38,Y
KAO-QB00066,QUARTAMIN B18,No Aplica,PELIGRO,+34 93 739 9445,2025-10-21 00:00:00,,KAO-QB00066,2026-07-16 12:21:38,Y
KAO-QB00067,QUARTAMIN D081 S/P,Mezcla,PELIGRO,+34 93 739 9445,2025-11-13 00:00:00,,KAO-QB00067,2026-07-16 12:21:38,Y
KAO-QB00068,QUARTAMIN D86E,,,,2026-03-09 11:15:47,Y,KAO-QB00068,2026-07-16 12:21:38,Y
KAO-QB00069,QUARTAMIN D86P,Mezcla,PELIGRO,+34 93 739 9445,2025-11-13 00:00:00,,KAO-QB00069,2026-07-16 12:21:38,Y
KAO-QB00070,TETRANYL AT7590 s/p,Mezcla,ATENCION,+34 93 739 9445,2025-11-13 00:00:00,,KAO-QB00070,2026-07-16 12:21:38,Y
KAO-QB00071,TETRANYL AT7590 PIPA S/P,,,,2026-03-09 11:15:47,Y,KAO-QB00071,2026-07-16 12:21:38,Y
KAO-QB00072,TETRANYL AT7590E,Mezcla,PELIGRO,+34 93 739 9445,2025-11-13 00:00:00,,KAO-QB00072,2026-07-16 12:21:38,Y
KAO-QB00073,TETRANYL AT7590E PIPA S/P,,,,2026-03-09 11:15:47,Y,KAO-QB00073,2026-07-16 12:21:38,Y
KAO-QB00074,TETRANYL AT92 E S/P,,,,2026-03-09 11:15:47,Y,KAO-QB00074,2026-07-16 12:21:38,Y
KAO-QB00075,TETRANYL BC- 50T,Mezcla,PELIGRO,+34 93 739 9445,2025-11-13 00:00:00,,KAO-QB00075,2026-07-16 12:21:38,Y
KAO-QB00076,TETRANYL BC80E S/P,MEZCLA,PELIGRO,+34 93 739 9445,2025-11-13 00:00:00,,KAO-QB00076,2026-07-16 12:21:38,Y
KAO-QB00077,TETRANYL BC-80E  (TOTE) S/P,,,,2026-03-09 11:15:47,Y,KAO-QB00077,2026-07-16 12:21:38,Y
KAO-QB00078,TETRANYL BC-80T,"61789-71-7, 64-17-5",PELIGRO,+34 93 739 9445,2025-11-25 00:00:00,,KAO-QB00078,2026-07-16 12:21:38,Y
KAO-QB00079,TETRANYL L17-90E,Mezcla,ATENCION,+34 93 739 9445,2025-10-28 00:00:00,,KAO-QB00079,2026-07-16 12:21:38,Y
KAO-QB00080,TETRANYL L191A S/P,,,,2026-03-09 11:15:47,Y,KAO-QB00080,2026-07-16 12:21:38,Y
KAO-QB00081,TETRANYL L6-30 S/P,,,,2026-03-09 11:15:47,Y,KAO-QB00081,2026-07-16 12:21:38,Y
KAO-QB00082,TETRANYL L9-90E,,,,2026-03-09 11:15:47,Y,KAO-QB00082,2026-07-16 12:21:38,Y
KAO-QB00083,HRB-1 S/P, 110-30-5,ATENCION,+34 93 739 9445,2025-10-21 00:00:00,,KAO-QB00083,2026-07-16 12:21:38,Y
KAO-QB00084,KAOAMIN 12,Mezcla,PELIGRO,+34 93 739 9445,2025-11-13 00:00:00,,KAO-QB00084,2026-07-16 12:21:38,Y
KAO-QB00085,EMULREC,"72230-78-5, 64-19-7",PELIGRO,+34 93 739 9445,2025-11-28 00:00:00,,KAO-QB00085,2026-07-16 12:21:38,Y
KAO-QB00086,HRB-2 S/P,Mezcla,PELIGRO,+34 93 739 9445,2025-10-21 00:00:00,,KAO-QB00086,2026-07-16 12:21:38,Y
KAO-QB00087,DANOX AP S/P,,,,2026-03-09 11:15:47,Y,KAO-QB00087,2026-07-16 12:21:38,Y
KAO-QB00088,ASFIER 45T, 68910-84-9,PELIGRO,+34 93 739 9445,2025-11-13 00:00:00,,KAO-QB00088,2026-07-16 12:21:38,Y
KAO-QB00089,FARMIN T S/P,,,,2026-03-09 11:15:47,Y,KAO-QB00089,2026-07-16 12:21:38,Y
KAO-QB00090,KAOAMIN KW,,,,2026-03-09 11:15:47,Y,KAO-QB00090,2026-07-16 12:21:38,Y
KAO-QB00091,DIAMIET 503 s/p,,,,2026-03-09 11:15:47,Y,KAO-QB00091,2026-07-16 12:21:38,Y
KAO-QB00092,AMIET 502 cubeta 17 kg. S/P,,,,2026-03-09 11:15:47,Y,KAO-QB00092,2026-07-16 12:21:38,Y
KAO-QB00093,FARMIN CD S/P,,,,2026-03-09 11:15:47,Y,KAO-QB00093,2026-07-16 12:21:38,Y
KAO-QB00094,FARMIN DMCD S/P,,,,2026-03-09 11:15:47,Y,KAO-QB00094,2026-07-16 12:21:38,Y
KAO-QB00095,DIAMIN TO S/P,,,,2026-03-09 11:15:47,Y,KAO-QB00095,2026-07-16 12:21:38,Y
KAO-QB00096,ASFIER 130,,,,2026-03-09 11:15:47,Y,KAO-QB00096,2026-07-16 12:21:38,Y
KAO-QB00097,DANOX BH-15 (DANOX TLC-24),Mezcla,PELIGRO,+34 93 739 9445,2025-10-28 00:00:00,,KAO-QB00097,2026-07-16 12:21:38,Y
KAO-QB00098,BETADET SHR,,,,2026-03-09 11:15:47,Y,KAO-QB00098,2026-07-16 12:21:38,Y
KAO-QB00099,SANISOL CR80E S/P,,,,2026-03-09 11:15:47,Y,KAO-QB00099,2026-07-16 12:21:38,Y
KAO-QB00100,DANOX LRB,,,,2026-03-09 11:15:47,Y,KAO-QB00100,2026-07-16 12:21:38,Y
KAO-QB00101,HIPOCHEM DCL S/P,,,,2026-03-09 11:15:47,Y,KAO-QB00101,2026-07-16 12:21:38,Y
KAO-QB00102,ASFIER N100L,,,,2026-03-09 11:15:47,Y,KAO-QB00102,2026-07-16 12:21:38,Y
KAO-QB00103,DIAMIN O,7173-62-8,PELIGRO,+34 93 739 9445,2025-10-28 00:00:00,,KAO-QB00103,2026-07-16 12:21:38,Y
KAO-QB00104,DIAMIN C,61791-63-7,PELIGRO,+34 93 739 9445,2025-10-28 00:00:00,,KAO-QB00104,2026-07-16 12:21:38,Y
KAO-QB00105,AKYPO RO 90 VG S/P,,,,2026-03-09 11:15:47,Y,KAO-QB00105,2026-07-16 12:21:38,Y
KAO-QB00106,DANOX WM 600 S/P,,,,2026-03-09 11:15:47,Y,KAO-QB00106,2026-07-16 12:21:38,Y
KAO-QB00107,BETADET 28-AB,147170-44-3,PELIGRO,,2026-04-25 01:00:28,Y,KAO-QB00107,2026-07-16 12:21:38,Y
LUB-QB00001,ACETULAN S/P,,ADVERTENCIA,,2026-03-09 11:15:47,Y,LUB-QB00001,2026-07-16 12:21:38,Y
LUB-QB00002,ACTIPHYTE BLUE AGAVE GL100NP,Mezcla,PELIGRO,01 800 002 1400,2025-10-21 00:00:00,,LUB-QB00002,2026-07-16 12:21:38,Y
LUB-QB00003,ALGAPUR HSHO,Mezcla,No Aplicable,01 800 002 1400,2025-10-21 00:00:00,,LUB-QB00003,2026-07-16 12:21:38,Y
LUB-QB00004,ARBALON R-50 CELLULOSE LIQ,Mezcla,No Aplicable,01 800 002 1400,2025-10-21 00:00:00,,LUB-QB00004,2026-07-16 12:21:38,Y
LUB-QB00005,ARGIRELINA S/P,,NINGUN RIESGO...,,2026-03-09 11:15:47,Y,LUB-QB00005,2026-07-16 12:21:38,Y
LUB-QB00006,CARBOPOL 1342 S/P,,,,2026-03-09 11:15:47,Y,LUB-QB00006,2026-07-16 12:21:38,Y
LUB-QB00007,CARBOPOL 676 S/P,,,,2026-03-09 11:15:47,Y,LUB-QB00007,2026-07-16 12:21:38,Y
LUB-QB00008,CARBOPOL 934,9003-01-4,PELIGRO,01 800 002 1400,2025-10-21 00:00:00,,LUB-QB00008,2026-07-16 12:21:38,Y
LUB-QB00009,CARBOPOL 940,Sustancia,No Aplicable,01 800 002 1400,2025-10-21 00:00:00,,LUB-QB00009,2026-07-16 12:21:38,Y
LUB-QB00010,CARBOPOL 956,584-08-7,No Aplicable,01 800 002 1400,2025-10-21 00:00:00,,LUB-QB00010,2026-07-16 12:21:38,Y
LUB-QB000100,CARBOPOL 956 POLYMER,9003-01-4,ATENCIÓN,,2026-04-09 12:01:32,,,,Y
LUB-QB00011,CARBOPOL 980 S/P,,No Aplicable,,2026-03-09 11:15:47,Y,LUB-QB00011,2026-07-16 12:21:38,Y
LUB-QB00012,CARBOPOL 990 s/p,,,,2026-03-09 11:15:47,Y,LUB-QB00012,2026-07-16 12:21:38,Y
LUB-QB00013,CARBOPOL 99620,71-43-2,PELIGRO,01 800 002 1400,2025-10-21 00:00:00,,LUB-QB00013,2026-07-16 12:21:38,Y
LUB-QB00014,CARBOPOL AQUA SF1,Sustancia,No Aplicable,01 800 002 1400,2025-10-21 00:00:00,,LUB-QB00014,2026-07-16 12:21:38,Y
LUB-QB00015,CARBOPOL AQUA SF1 (TOTE) S/P,,,,2026-03-09 11:15:47,Y,LUB-QB00015,2026-07-16 12:21:38,Y
LUB-QB00016,CARBOPOL AQUA SF2 S/P S/P,,NINGUN RIESGO,,2026-03-09 11:15:47,Y,LUB-QB00016,2026-07-16 12:21:38,Y
LUB-QB00017,CARBOPOL CLEAR,110-82-7,ATENCION,01 800 002 1400,2025-10-21 00:00:00,,LUB-QB00017,2026-07-16 12:21:38,Y
LUB-QB00018,CARBOPOL EDT 2020 S/P,,,,2026-03-09 11:15:47,Y,LUB-QB00018,2026-07-16 12:21:38,Y
LUB-QB00019,CARBOPOL EZ3 S/P,,,,2026-03-09 11:15:47,Y,LUB-QB00019,2026-07-16 12:21:38,Y
LUB-QB00020,CARBOPOL EZ4,Mezcla,ATENCION,01 800 002 1400,2025-10-21 00:00:00,,LUB-QB00020,2026-07-16 12:21:38,Y
LUB-QB00021,CARBOPOL STYLE 2.0 S/P,,ATENCION,,2026-03-09 11:15:47,Y,LUB-QB00021,2026-07-16 12:21:38,Y
LUB-QB00022,CARBOPOL ULTREZ 10 NF S/P,,No Aplicable,,2026-03-09 11:15:47,Y,LUB-QB00022,2026-07-16 12:21:38,Y
LUB-QB00023,CARBOPOL ULTREZ 10,Mezcla,ATENCION,01 800 002 1400,2025-10-21 00:00:00,,LUB-QB00023,2026-07-16 12:21:38,Y
LUB-QB00024,CARBOPOL ULTREZ 20,Mezcla,ATENCION,01 800 002 1400,2025-10-21 00:00:00,,LUB-QB00024,2026-07-16 12:21:38,Y
LUB-QB00025,CARBOPOL ULTREZ 21,Mezcla,ATENCION,01 800 002 1400,2025-10-21 00:00:00,,LUB-QB00025,2026-07-16 12:21:38,Y
LUB-QB00026,CARBOPOL XTRA 11 S/P,Mezcla,No Aplicable,01 800 002 1400,2025-10-21 00:00:00,,LUB-QB00026,2026-07-16 12:21:38,Y
LUB-QB00027,CHEMORYL SFB 10-SK,Mezcla,ATENCION,01 800 002 1400,2025-10-21 00:00:00,,LUB-QB00027,2026-07-16 12:21:38,Y
LUB-QB00028,CHROMAPOL COLOR POP POLYMER S/P,,,,2026-03-09 11:15:47,Y,LUB-QB00028,2026-07-16 12:21:38,Y
LUB-QB00029,FIXATE MT FREESTYLE,No Aplicable,No Aplicable,01 800 002 1400,2025-10-21 00:00:00,,LUB-QB00029,2026-07-16 12:21:38,Y
LUB-QB00030,FIXATE G100,No Aplicable,No Aplicable,01 800 002 1400,2025-10-21 00:00:00,,LUB-QB00030,2026-07-16 12:21:38,Y
LUB-QB00031,FIXATE PLUS POLIMER S/P,,,,2026-03-09 11:15:47,Y,LUB-QB00031,2026-07-16 12:21:38,Y
LUB-QB00032,FIXATE RSP TOTES S/P,,,,2026-03-09 11:15:47,Y,LUB-QB00032,2026-07-16 12:21:38,Y
LUB-QB00033,FIXATE RSP (GOOD RITE),Mezcla,No Aplicable,01 800 002 1400,2025-10-21 00:00:00,,LUB-QB00033,2026-07-16 12:21:38,Y
LUB-QB00034,FIXATE SUPER HOLD,Mezcla,ATENCION,01 800 002 1400,2025-10-21 00:00:00,,LUB-QB00034,2026-07-16 12:21:38,Y
LUB-QB00035,GLUCAM E20 S/P,,No Aplicable,,2026-03-09 11:15:47,Y,LUB-QB00035,2026-07-16 12:21:38,Y
LUB-QB00036,GLUCAM P10,,,,2026-03-09 11:15:47,Y,LUB-QB00036,2026-07-16 12:21:38,Y
LUB-QB00037,GLUCAM P20,61849-72-7,No Aplicable,01 800 002 1400,2025-10-21 00:00:00,,LUB-QB00037,2026-07-16 12:21:38,Y
LUB-QB00038,GLUCAMATE LT,Mezcla,No Aplicable,01 800 002 1400,2025-10-21 00:00:00,,LUB-QB00038,2026-07-16 12:21:38,Y
LUB-QB00039,GLUCAMATE SSE20 s/p,72175-38-4,No Aplicable,01 800 002 1400,2025-10-21 00:00:00,,LUB-QB00039,2026-07-16 12:21:38,Y
LUB-QB00040,GLUCATE SS,Sustancia,No Aplicable,01 800 002 1400,2025-10-21 00:00:00,,LUB-QB00040,2026-07-16 12:21:38,Y
LUB-QB00041,HIDRAMOL PGPD S/P,,,,2026-03-09 11:15:47,Y,LUB-QB00041,2026-07-16 12:21:38,Y
LUB-QB00042,HIDRAMOL PGPL s/p,Sustancia,No Aplicable,01 800 002 1400,2025-10-21 00:00:00,,LUB-QB00042,2026-07-16 12:21:38,Y
LUB-QB00043,MATRIFUSSE s/p,Mezcla,No aplicable,01 800 002 1400,2025-10-21 00:00:00,,LUB-QB00043,2026-07-16 12:21:38,Y
LUB-QB00044,MERQUAT 280 S/P,,,,2026-03-09 11:15:47,Y,LUB-QB00044,2026-07-16 12:21:38,Y
LUB-QB00045,MERQUAT 550PR (POLIQUATERNIUM 7),Mezcla,ATENCION,01 800 002 1400,2025-10-21 00:00:00,,LUB-QB00045,2026-07-16 12:21:38,Y
LUB-QB00046,MERQUAT 550 PR (TOTE) S/P,,,,2026-03-09 11:15:47,Y,LUB-QB00046,2026-07-16 12:21:38,Y
LUB-QB00047,NOVEMER EC1,Mezcla,ATENCION,01 800 002 1400,2025-10-21 00:00:00,,LUB-QB00047,2026-07-16 12:21:38,Y
LUB-QB00048,NOVERITE 100,Mezcla,ATENCION,01 800 002 1400,2025-10-21 00:00:00,,LUB-QB00048,2026-07-16 12:21:38,Y
LUB-QB00049,NOVERITE 301 S/P,Mezcla,ATENCION,01 800 002 1400,2025-10-21 00:00:00,,LUB-QB00049,2026-07-16 12:21:38,Y
LUB-QB00050,NOVETHIX HC200,No Aplicable,No Aplicable,01 800 002 1400,2025-10-21 00:00:00,,LUB-QB00050,2026-07-16 12:21:38,Y
LUB-QB00051,NOVETHIX L-10,No Aplicable,ATENCION,01 800 002 1400,2025-10-21 00:00:00,,LUB-QB00051,2026-07-16 12:21:38,Y
LUB-QB00052,PEMULEN EZ4U S/P,,,,2026-03-09 11:15:47,Y,LUB-QB00052,2026-07-16 12:21:38,Y
LUB-QB00053,PEMULEN TR-2  S/P,,No Aplicable,,2026-03-09 11:15:47,Y,LUB-QB00053,2026-07-16 12:21:38,Y
LUB-QB00054,PEMULEN TR1 S/P,,,,2026-03-09 11:15:47,Y,LUB-QB00054,2026-07-16 12:21:38,Y
LUB-QB00055,PROMULGEN D S/P,,,,2026-03-09 11:15:47,Y,LUB-QB00055,2026-07-16 12:21:38,Y
LUB-QB00056,RESULOOK S/P,Mezcla,No Aplicable,01 800 002 1400,2025-10-21 00:00:00,,LUB-QB00056,2026-07-16 12:21:38,Y
LUB-QB00057,SCHERCEMOL 1818 S/P,,,,2026-03-09 11:15:47,Y,LUB-QB00057,2026-07-16 12:21:38,Y
LUB-QB00058,SCHERCEMOL 318 S/P,68171-33-5,No Aplicable,01 800 002 1400,2025-10-21 00:00:00,,LUB-QB00058,2026-07-16 12:21:38,Y
LUB-QB00059,SCHERCEMOL ICS S/P,,,,2026-03-09 11:15:47,Y,LUB-QB00059,2026-07-16 12:21:38,Y
LUB-QB00060,SCHERCEMOL IDO,59231-34-4,No Aplicable,01 800 002 1400,2025-10-21 00:00:00,,LUB-QB00060,2026-07-16 12:21:38,Y
LUB-QB00061,SCHERCEMOL NGDO,28510-23-8,No Aplicable,01 800 002 1400,2025-10-21 00:00:00,,LUB-QB00061,2026-07-16 12:21:38,Y
LUB-QB00062,SCHERCEMOL SHS S/P,,,,2026-03-09 11:15:47,Y,LUB-QB00062,2026-07-16 12:21:38,Y
LUB-QB00063,SCHERCEMOL TIST S/P,,,,2026-03-09 11:15:47,Y,LUB-QB00063,2026-07-16 12:21:38,Y
LUB-QB00064,SENSOMER 10M POLYQUATERNIUM 10,No Aplicable,ATENCION,01 800 002 1400,2025-10-21 00:00:00,,LUB-QB00064,2026-07-16 12:21:38,Y
LUB-QB00065,SENSOMER TARA POLYMER S/P,,,,2026-03-09 11:15:47,Y,LUB-QB00065,2026-07-16 12:21:38,Y
LUB-QB00066,SILSENSE BIO5 S/P,Mezcla,PELIGRO,01 800 002 1400,2025-10-21 00:00:00,,LUB-QB00066,2026-07-16 12:21:38,Y
LUB-QB00067,SILSENSE DW-18,No Aplicable,ATENCION,01 800 002 1400,2025-10-21 00:00:00,,LUB-QB00067,2026-07-16 12:21:38,Y
LUB-QB00068,SILSENSE TM COPOLYOL-1 SILICONE,Mezcla,ATENCION,01 800 002 1400,2025-10-21 00:00:00,,LUB-QB00068,2026-07-16 12:21:38,Y
LUB-QB00069,SULFOCHEM TD3 S/P,Mezcla,ATENCION,01 800 002 1400,2025-10-21 00:00:00,,LUB-QB00069,2026-07-16 12:21:38,Y
LUB-QB00070,SUNHANCER BOOSTER S/P,,,,2026-03-09 11:15:47,Y,LUB-QB00070,2026-07-16 12:21:38,Y
LUB-QB00071,SUNHANCER BOOSTER S/P,,,,2026-03-09 11:15:47,Y,LUB-QB00071,2026-07-16 12:21:38,Y
NC DESCUENTOS,NC DESCUENTOS,,,,2026-03-09 11:15:47,Y,NC DESCUENTOS,2026-07-16 12:21:38,Y
PRD-QB00001,BASE AROMATIZANTE,Mezcla,PELIGRO,01 800 002 1400,2025-10-28 00:00:00,,PRD-QB00001,2026-07-16 12:21:38,Y
PRD-QB00002,BASE LIMPIADOR QB12,Mezcla,ATENCION,01 800 002 1400,2025-10-28 00:00:00,,PRD-QB00002,2026-07-16 12:21:38,Y
PRD-QB00003,BASE SHAMPOO,Mezcla,ATENCION,01 800 002 1400,2025-10-28 00:00:00,,PRD-QB00003,2026-07-16 12:21:38,Y
PRD-QB00004,PERFUME 60 ML  s/p  PIEZA  NO USAR,,,,2026-03-09 11:15:47,Y,PRD-QB00004,2026-03-09 11:15:47,Y
PRD-QB00005,CITRONELLA QBD09,Mezcla,PELIGRO,01 800 002 1400,2025-10-28 00:00:00,,PRD-QB00005,2026-07-16 12:21:38,Y
PRD-QB00006,BASE PARA DIFUSORES AMBIENTALES,Mezcla,ATENCION,01 800 002 1400,2025-10-28 00:00:00,,PRD-QB00006,2026-07-16 12:21:38,Y
PRD-QB00007,MANIOBRAS,,,,2026-03-09 11:15:47,Y,PRD-QB00007,2026-07-16 12:21:38,Y
PRD-QB00008,BOSS DTO EUZKADI s/p,,,,2026-03-09 11:15:47,Y,PRD-QB00008,2026-07-16 12:21:38,Y
PRD-QB00009,TANGO PASSION 900,,,,2026-03-09 11:15:47,Y,PRD-QB00009,2026-07-16 12:21:38,Y
PRD-QB00010,GREEN BLOSSOM 202,,,,2026-03-09 11:15:47,Y,PRD-QB00010,2026-07-16 12:21:38,Y
PRD-QB00011,TROPIC ICE M1210 S/P,,,,2026-03-09 11:15:47,Y,PRD-QB00011,2026-03-09 11:15:47,Y
PRD-QB00012,TROPIC ICE M1210 S/P,,,,2026-03-09 11:15:47,Y,PRD-QB00012,2026-03-09 11:15:47,Y
PRD-QB00013,BASE AROMATIZANTE,,,,2026-03-09 11:15:47,Y,PRD-QB00013,2026-07-16 12:21:38,Y
PRUEBA-01,PRUEBAS,Pruebas,NO APLICABLE,,2026-04-14 09:18:16,,,,Y
SE00001,SUELDOS Y SALARIOS,,,,2026-03-09 11:15:47,Y,SE00001,2026-03-09 11:15:47,Y
SE00002,SEPTIMO DIA,,,,2026-03-09 11:15:47,Y,SE00002,2026-03-09 11:15:47,Y
SE00003,COMISIONES SOBRE VENTAS,,,,2026-03-09 11:15:47,Y,SE00003,2026-03-09 11:15:47,Y
SE00004,COMPENSACIONES,,,,2026-03-09 11:15:47,Y,SE00004,2026-03-09 11:15:47,Y
SE00005,TIEMPOS EXTRAS,,,,2026-03-09 11:15:47,Y,SE00005,2026-03-09 11:15:47,Y
SE00006,PREMIOS DE ASISTENCIA,,,,2026-03-09 11:15:47,Y,SE00006,2026-03-09 11:15:47,Y
SE00007,PREMIOS DE PUNTUALIDAD,,,,2026-03-09 11:15:47,Y,SE00007,2026-03-09 11:15:47,Y
SE00008,VACACIONES,,,,2026-03-09 11:15:47,Y,SE00008,2026-03-09 11:15:47,Y
SE00009,PRIMA VACACIONAL,,,,2026-03-09 11:15:47,Y,SE00009,2026-03-09 11:15:47,Y
SE00010,PRIMA DOMINICAL,,,,2026-03-09 11:15:47,Y,SE00010,2026-03-09 11:15:47,Y
SE00011,DÍAS FESTIVOS,,,,2026-03-09 11:15:47,Y,SE00011,2026-03-09 11:15:47,Y
SE00012,GRATIFICACIONES,,,,2026-03-09 11:15:47,Y,SE00012,2026-03-09 11:15:47,Y
SE00013,PRIMAS DE ANTIGÜEDAD,,,,2026-03-09 11:15:47,Y,SE00013,2026-03-09 11:15:47,Y
SE00014,AGUINALDO,,,,2026-03-09 11:15:47,Y,SE00014,2026-03-09 11:15:47,Y
SE00015,INDEMNIZACIONES,,,,2026-03-09 11:15:47,Y,SE00015,2026-03-09 11:15:47,Y
SE00016,DESPENSA,,,,2026-03-09 11:15:47,Y,SE00016,2026-03-09 11:15:47,Y
SE00017,TRANSPORTE,,,,2026-03-09 11:15:47,Y,SE00017,2026-03-09 11:15:47,Y
SE00018,SERVICIO MÉDICO,,,,2026-03-09 11:15:47,Y,SE00018,2026-03-09 11:15:47,Y
SE00019,FONDO DE AHORRO,,,,2026-03-09 11:15:47,Y,SE00019,2026-03-09 11:15:47,Y
SE00020,CUOTAS SINDICALES,,,,2026-03-09 11:15:47,Y,SE00020,2026-03-09 11:15:47,Y
SE00021,PTU,,,,2026-03-09 11:15:47,Y,SE00021,2026-03-09 11:15:47,Y
SE00022,ESTÍMULO AL PERSONAL,,,,2026-03-09 11:15:47,Y,SE00022,2026-03-09 11:15:47,Y
SE00023,VIAJE FORANEO,,,,2026-03-09 11:15:47,Y,SE00023,2026-03-09 11:15:47,Y
SE00024,CUOTAS AL IMSS,,,,2026-03-09 11:15:47,Y,SE00024,2026-03-09 11:15:47,Y
SE00025,APORTACIONES AL INFONAVIT,,,,2026-03-09 11:15:47,Y,SE00025,2026-03-09 11:15:47,Y
SE00026,APORTACIONES AL SAR,,,,2026-03-09 11:15:47,Y,SE00026,2026-03-09 11:15:47,Y
SE00027,IMPUESTO ESTATAL SOBRE NÓMINAS,,,,2026-03-09 11:15:47,Y,SE00027,2026-03-09 11:15:47,Y
SE00028,OTRAS APORTACIONES,,,,2026-03-09 11:15:47,Y,SE00028,2026-03-09 11:15:47,Y
SE00029,ASIMILADOS A SALARIOS,,,,2026-03-09 11:15:47,Y,SE00029,2026-03-09 11:15:47,Y
SE00030,SERVICIOS ADMINISTRATIVOS,,,,2026-03-09 11:15:47,Y,SE00030,2026-03-09 11:15:47,Y
SE00031,HONORARIOS A PERSONAS FÍSICAS RESIDENTES NACIONALES,,,,2026-03-09 11:15:47,Y,SE00031,2026-03-09 11:15:47,Y
SE00032,HONORARIOS A PERSONAS MORALES RESIDENTES NACIONALES,,,,2026-03-09 11:15:47,Y,SE00032,2026-03-09 11:15:47,Y
SE00033,HONORARIOS AL CONSEJO DE ADMINISTRACIÓN,,,,2026-03-09 11:15:47,Y,SE00033,2026-03-09 11:15:47,Y
SE00034,ARRENDAMIENTO DE PERSONAS FÍSICAS RESIDENTES NACIONALES,,,,2026-03-09 11:15:47,Y,SE00034,2026-03-09 11:15:47,Y
SE00035,ARRENDAMIENTO A PERSONAS MORALES RESIDENTES NACIONALES,,,,2026-03-09 11:15:47,Y,SE00035,2026-03-09 11:15:47,Y
SE00036,COMBUSTIBLES Y LUBRICANTES,,,,2026-03-09 11:15:47,Y,SE00036,2026-03-09 11:15:47,Y
SE00037,"TELÉFONO, INTERNET",,,,2026-03-09 11:15:47,Y,SE00037,2026-03-09 11:15:47,Y
SE00038,AGUA,,,,2026-03-09 11:15:47,Y,SE00038,2026-03-09 11:15:47,Y
SE00039,ENERGÍA ELÉCTRICA,,,,2026-03-09 11:15:47,Y,SE00039,2026-03-09 11:15:47,Y
SE00040,VIGILANCIA Y SEGURIDAD,,,,2026-03-09 11:15:47,Y,SE00040,2026-03-09 11:15:47,Y
SE00041,LIMPIEZA,,,,2026-03-09 11:15:47,Y,SE00041,2026-03-09 11:15:47,Y
SE00042,PAPELERÍA,,,,2026-03-09 11:15:47,Y,SE00042,2026-03-09 11:15:47,Y
SE00043,SEGUROS Y FIANZAS,,,,2026-03-09 11:15:47,Y,SE00043,2026-03-09 11:15:47,Y
SE00044,OTROS IMPUESTOS Y DERECHOS,,,,2026-03-09 11:15:47,Y,SE00044,2026-03-09 11:15:47,Y
SE00045,RECARGOS FISCALES,,,,2026-03-09 11:15:47,Y,SE00045,2026-03-09 11:15:47,Y
SE00046,CUOTAS Y SUSCRIPCIONES,,,,2026-03-09 11:15:47,Y,SE00046,2026-03-09 11:15:47,Y
SE00047,PROPAGANDA Y PUBLICIDAD,,,,2026-03-09 11:15:47,Y,SE00047,2026-03-09 11:15:47,Y
SE00048,CAPACITACIÓN AL PERSONAL,,,,2026-03-09 11:15:47,Y,SE00048,2026-03-09 11:15:47,Y
SE00049,ASISTENCIA TÉCNICA,,,,2026-03-09 11:15:47,Y,SE00049,2026-03-09 11:15:47,Y
SE00050,FLETES Y ACARREOS,,,,2026-03-09 11:15:47,Y,SE00050,2026-03-09 11:15:47,Y
SE00051,PATENTES Y MARCAS,,,,2026-03-09 11:15:47,Y,SE00051,2026-03-09 11:15:47,Y
SE00052,UNIFORMES,,,,2026-03-09 11:15:47,Y,SE00052,2026-03-09 11:15:47,Y
SE00053,PREDIALES,,,,2026-03-09 11:15:47,Y,SE00053,2026-03-09 11:15:47,Y
SE00054,ARTICULOS DE OFICINA,,,,2026-03-09 11:15:47,Y,SE00054,2026-03-09 11:15:47,Y
SE00055,ARTICULOS DE COMPUTO,,,,2026-03-09 11:15:47,Y,SE00055,2026-03-09 11:15:47,Y
SE00056,MATERIAL DE LABORATORIO,,,,2026-03-09 11:15:47,Y,SE00056,2026-03-09 11:15:47,Y
SE00057,GASTOS NO DEDUCIBLES (SIN REQUISITOS FISCALES),,,,2026-03-09 11:15:47,Y,SE00057,2026-03-09 11:15:47,Y
SE00058,OTROS GASTOS GENERALES DIVERSOS,,,,2026-03-09 11:15:47,Y,SE00058,2026-03-09 11:15:47,Y
SE00059,REDONDEOS,,,,2026-03-09 11:15:47,Y,SE00059,2026-03-09 11:15:47,Y
SE00060,ALIMENTOS VIATICOS,,,,2026-03-09 11:15:47,Y,SE00060,2026-03-09 11:15:47,Y
SE00061,HOSPEDAJE VIATICOS,,,,2026-03-09 11:15:47,Y,SE00061,2026-03-09 11:15:47,Y
SE00062,PEAJE VIATICOS,,,,2026-03-09 11:15:47,Y,SE00062,2026-03-09 11:15:47,Y
SE00063,GASOLINA VIATICOS,,,,2026-03-09 11:15:47,Y,SE00063,2026-03-09 11:15:47,Y
SE00064,TRANSPORTE VIATICOS,,,,2026-03-09 11:15:47,Y,SE00064,2026-03-09 11:15:47,Y
SE00065,OTROS GASTOS VIATICOS,,,,2026-03-09 11:15:47,Y,SE00065,2026-03-09 11:15:47,Y
SE00066,ALMACENAMIENTO IMPORTACION,,,,2026-03-09 11:15:47,Y,SE00066,2026-03-09 11:15:47,Y
SE00067,FLETE AEREO IMPORTACION,,,,2026-03-09 11:15:47,Y,SE00067,2026-03-09 11:15:47,Y
SE00068,FLETE MARITIMO IMPORTACION,,,,2026-03-09 11:15:47,Y,SE00068,2026-03-09 11:15:47,Y
SE00069,FLETE TERRESTRE IMPORTACION,,,,2026-03-09 11:15:47,Y,SE00069,2026-03-09 11:15:47,Y
SE00070,SEGUROS Y FIANZAS IMPORTACION,,,,2026-03-09 11:15:47,Y,SE00070,2026-03-09 11:15:47,Y
SE00071,MANIOBRAS IMPORTACION,,,,2026-03-09 11:15:47,Y,SE00071,2026-03-09 11:15:47,Y
SE00072,HONORARIOS IMPORTACION,,,,2026-03-09 11:15:47,Y,SE00072,2026-03-09 11:15:47,Y
SE00073,IMPUESTOS Y DERECHOS IMPORTACION,,,,2026-03-09 11:15:47,Y,SE00073,2026-03-09 11:15:47,Y
SE00074,INSPECCIONES IMPORTACION,,,,2026-03-09 11:15:47,Y,SE00074,2026-03-09 11:15:47,Y
SE00075,PAQUETERIA IMPORTACION,,,,2026-03-09 11:15:47,Y,SE00075,2026-03-09 11:15:47,Y
SE00076,OTROS GASTOS IMPORTACION,,,,2026-03-09 11:15:47,Y,SE00076,2026-03-09 11:15:47,Y
SE00077,GASTOS NO DEDUCIBLES IMPORTACION,,,,2026-03-09 11:15:47,Y,SE00077,2026-03-09 11:15:47,Y
SE00078,MANTENIMIENTO EDIFICIO,,,,2026-03-09 11:15:47,Y,SE00078,2026-03-09 11:15:47,Y
SE00079,MANTENIMIENTO MAQUINARIA Y EQUIPO,,,,2026-03-09 11:15:47,Y,SE00079,2026-03-09 11:15:47,Y
SE00080,MANTENIMIENTO EQUIPO DE TRANSPORTE,,,,2026-03-09 11:15:47,Y,SE00080,2026-03-09 11:15:47,Y
SE00081,MANTENIMIENTO MOBILIARIO Y EQUIPO,,,,2026-03-09 11:15:47,Y,SE00081,2026-03-09 11:15:47,Y
SE00082,MANTENIMIENTO EQUIPO DE COMPUTO,,,,2026-03-09 11:15:47,Y,SE00082,2026-03-09 11:15:47,Y
SE00083,MANTENIMIENTO EQUIPO DE ALMACEN,,,,2026-03-09 11:15:47,Y,SE00083,2026-03-09 11:15:47,Y
SE00084,MANTENIMIENTO EQUIPO DE LABORATORIO,,,,2026-03-09 11:15:47,Y,SE00084,2026-03-09 11:15:47,Y
SE00085,IMPLEMENTACION SOFTWARE,,,,2026-03-09 11:15:47,Y,SE00085,2026-03-09 11:15:47,Y
SE00086,DEPRECIACIÓN EDIFICIOS,,,,2026-03-09 11:15:47,Y,SE00086,2026-03-09 11:15:47,Y
SE00087,DEPRECIACIÓN MAQUINARIA Y EQUIPO,,,,2026-03-09 11:15:47,Y,SE00087,2026-03-09 11:15:47,Y
SE00088,DEPRECIACIÓN EQUIPO DE TRANSPORTE,,,,2026-03-09 11:15:47,Y,SE00088,2026-03-09 11:15:47,Y
SE00089,DEPRECIACIÓN MOBILIARIO Y EQUIPO DE OFICINA,,,,2026-03-09 11:15:47,Y,SE00089,2026-03-09 11:15:47,Y
SE00090,DEPRECIACIÓN EQUIPO DE CÓMPUTO,,,,2026-03-09 11:15:47,Y,SE00090,2026-03-09 11:15:47,Y
SE00091,DEPRECIACIÓN EQUIPO DE OTROS ACTIVOS FIJOS,,,,2026-03-09 11:15:47,Y,SE00091,2026-03-09 11:15:47,Y
SE00092,AMORTIZACIÓN ACUMULADA GASTOS DIFERIDOS,,,,2026-03-09 11:15:47,Y,SE00092,2026-03-09 11:15:47,Y
SE00093,AMORTIZACIÓN ACUMULADA GASTOS PRE OPERATIVOS,,,,2026-03-09 11:15:47,Y,SE00093,2026-03-09 11:15:47,Y
SE00094,AMORTIZACIÓN ACUMULADA GASTOS DE ORGANIZACIÓN,,,,2026-03-09 11:15:47,Y,SE00094,2026-03-09 11:15:47,Y
SE00095,AMORTIZACIÓN ACUMULADA MARCAS Y PATENTES,,,,2026-03-09 11:15:47,Y,SE00095,2026-03-09 11:15:47,Y
SE00096,AMORTIZACIÓN ACUMULADA GASTOS DE INSTALACIÓN,,,,2026-03-09 11:15:47,Y,SE00096,2026-03-09 11:15:47,Y
SE00097,PERDIDA CAMBIARIA REALIZADA,,,,2026-03-09 11:15:47,Y,SE00097,2026-03-09 11:15:47,Y
SE00098,PERDIDA CAMBIARIA NO REALIZADA,,,,2026-03-09 11:15:47,Y,SE00098,2026-03-09 11:15:47,Y
SE00099,COMISIONES BANCARIAS,,,,2026-03-09 11:15:47,Y,SE00099,2026-03-09 11:15:47,Y
SE00100,OTROS GASTOS FINANCIEROS,,,,2026-03-09 11:15:47,Y,SE00100,2026-03-09 11:15:47,Y
SE00101,EMPAQUES,,,,2026-03-09 11:15:47,Y,SE00101,2026-03-09 11:15:47,Y
SE00102,EQUIPO DE SEGURIDAD,,,,2026-03-09 11:15:47,Y,SE00102,2026-03-09 11:15:47,Y
SE00103,MATERIAL DE ENVASADO,,,,2026-03-09 11:15:47,Y,SE00103,2026-03-09 11:15:47,Y
SE00104,PAQUETERIA,,,,2026-03-09 11:15:47,Y,SE00104,2026-03-09 11:15:47,Y
SE00105,COMEDOR,,,,2026-03-09 11:15:47,Y,SE00105,2026-03-09 11:15:47,Y
SE00106,ENVASES,,,,2026-03-09 11:15:47,Y,SE00106,2026-03-09 11:15:47,Y
SE00107,SEGURIDAD PARA PRODUCTOS,,,,2026-03-09 11:15:47,Y,SE00107,2026-03-09 11:15:47,Y
SE00108,MANIOBRAS FLETES,,,,2026-03-09 11:15:47,Y,SE00108,2026-03-09 11:15:47,Y
SE00109,ASESORIAS PERSONA MORAL,,,,2026-03-09 11:15:47,Y,SE00109,2026-03-09 11:15:47,Y
SE00110,ASESORIAS PERSONAS FISICAS,,,,2026-03-09 11:15:47,Y,SE00110,2026-03-09 11:15:47,Y
SE00111,PERFUME 60 ML  s/p  PIEZA,,,,2026-03-09 11:15:47,Y,SE00111,2026-03-09 11:15:47,Y
SE00112,ESTUDIO RECURSOS HUMANOS,,,,2026-03-09 11:15:47,Y,SE00112,2026-03-09 11:15:47,Y
SE00113,AJUSTE COSTO,,,,2026-03-09 11:15:47,Y,SE00113,2026-03-09 11:15:47,Y
SE00114,MANIOBRAS,,,,2026-03-09 11:15:47,Y,SE00114,2026-03-09 11:15:47,Y
SE00115,IVA IMPORTACION,,,,2026-03-09 11:15:47,Y,SE00115,2026-03-09 11:15:47,Y
SE00116,ARRENDAMIENTO DE EQUIPOS,,,,2026-03-09 11:15:47,Y,SE00116,2026-03-09 11:15:47,Y
SE00117,AUTOMOVIL,,,,2026-03-09 11:15:47,Y,SE00117,2026-03-09 11:15:47,Y
VAR-QB00001,ABRILLANTADOR OPTICO POLVO,13463- 67- 7,PELIGRO,01 800 002 1400,,SOLICITAR HDS ACTUALIZADA MILLKEM,VAR-QB00001,2026-07-16 12:21:38,Y
VAR-QB00002,ABRILLANTADOR OPTICO LIQUIDO,No aplicable,ATENCION,01 800 002 1400,2025-12-02 00:00:00,,VAR-QB00002,2026-07-16 12:21:38,Y
VAR-QB00003,ACEITE DE CASTOR HIDROGENADO S/P,61788-85-0,No Aplicable,01 800 002 1400,2025-11-25 00:00:00,,VAR-QB00003,2026-07-16 12:21:38,Y
VAR-QB00004,ACEITE DE COCO RBD S/P,8001-31-8,No Aplicable,01 800 002 1400,2025-10-21 00:00:00,,VAR-QB00004,2026-07-16 12:21:38,Y
VAR-QB00005,ACEITE DE PINO Y55,Mezcla,PELIGRO,01 800 002 1400,2025-10-21 00:00:00,,VAR-QB00005,2026-07-16 12:21:38,Y
VAR-QB00006,ACEITE MINERAL QB 85,8042-47-5,ATENCION,01 800 002 1400,2025-11-25 00:00:00,,VAR-QB00006,2026-07-16 12:21:38,Y
VAR-QB00007,ACETATO DE ISOAMILO S/P,123-92-2,ATENCION,01 800 002 1400,2025-10-21 00:00:00,,VAR-QB00007,2026-06-25 09:37:01,Y
VAR-QB00008,ACIDO CITRICO,77-92-9,ATENCION,01 800 002 1400,2025-10-23 00:00:00,,VAR-QB00008,2026-07-16 12:21:38,Y
VAR-QB00009,ACIDO ESTEARICO AE-5001 TRIPLE PRENSADO (COSMETICO),No aplicable,ATENCION,01 800 002 1400,2025-11-25 00:00:00,,VAR-QB00009,2026-07-16 12:21:38,Y
VAR-QB00010,ACIDO OLEICO QB ,No Aplicable,No Aplicable,01 800 002 1400,2025-10-21 00:00:00,,VAR-QB00010,2026-07-16 12:21:38,Y
VAR-QB00011,ADBS QB,Mezcla,PELIGRO,01 800 002 1400,2025-10-24 00:00:00,,VAR-QB00011,2026-07-16 12:21:38,Y
VAR-QB00012,ADBS QB TOTE S/P,,,,2026-03-09 11:15:47,Y,VAR-QB00012,2026-07-16 12:21:38,Y
VAR-QB00013,ALCANFOR,76-22-2,ATENCION,01 800 002 1400,2025-10-23 00:00:00,,VAR-QB00013,2026-07-16 12:21:38,Y
VAR-QB00014,ALCOHOL CETILICO S/P,36653-82-4,No Aplicable,01 800 002 1400,2025-10-21 00:00:00,,VAR-QB00014,2026-07-16 12:21:38,Y
VAR-QB00015,ALCOHOL E. DESTUFADO s/p,,ADVERTENCIA,,2026-03-09 11:15:47,Y,VAR-QB00015,2026-07-16 12:21:38,Y
VAR-QB00016,ALCOHOL LAURICO 3 S/P,68439-50-9,PELIGRO,01 800 002 1400,2025-10-24 00:00:00,,VAR-QB00016,2026-07-16 12:21:38,Y
VAR-QB00017,ALCOHOL LAURICO 7 MOLES S/P,"3055-97-8, 7732-18-5",PELIGRO,01 800 002 1400,2025-12-02 00:00:00,,VAR-QB00017,2026-07-16 12:21:38,Y
VAR-QB00018,ALCOHOL LAURICO 9 MOLES,68551-12-2,PELIGRO,01 800 002 1400,2025-10-24 00:00:00,,VAR-QB00018,2026-07-16 12:21:38,Y
VAR-QB00019,ALCOHOL POLIVINILICO S/P,,No Aplicable,,2026-03-09 11:15:47,Y,VAR-QB00019,2026-07-16 12:21:38,Y
VAR-QB00020,ALCOHOL TRIDECILICO 6 MOLES S/P,78330-21-9,PELIGRO,01 800 002 1400,2025-11-25 00:00:00,,VAR-QB00020,2026-07-16 12:21:38,Y
VAR-QB00021,ALCOHOL TRIDECILICO 8 MOLES S/P,78330-21-9,PELIGRO,01 800 002 1400,2025-11-25 00:00:00,,VAR-QB00021,2026-07-16 12:21:38,Y
VAR-QB00022,AMP (AMINO METIL PROPANOL) S/P,,,,2026-03-09 11:15:47,Y,VAR-QB00022,2026-07-16 12:21:38,Y
VAR-QB00023,ANTIESPUMANTE,Mezcla,No Aplicable,01 800 002 1400,2025-10-21 00:00:00,,VAR-QB00023,2026-07-16 12:21:38,Y
VAR-QB00024,ANTIESPUMANTE AL 30%,,,,2026-03-09 11:15:47,Y,VAR-QB00024,2026-07-16 12:21:38,Y
VAR-QB00025,BASE PARA DIFUSORES AMBIENTALES,56539-66-3,ADVERTENCIA,01 800 002 1400,2025-10-23 00:00:00,,VAR-QB00025,2026-07-16 12:21:38,Y
VAR-QB00026,BASE SARRIGEL QB,"61791-26-2, 112-02-7",PELIGRO,01 800 002 1400,2025-11-25 00:00:00,,VAR-QB00026,2026-07-16 12:21:38,Y
VAR-QB00027,BASE SARRIGEL QB (TAMBO/180KG),,,,2026-03-09 11:15:47,Y,VAR-QB00027,2026-07-16 12:21:38,Y
VAR-QB00028,BENZOATO DE SODIO S/P,CAS 532-32-1,ATENCION,01 800 002 1400,PENDIENTE,SOLICITAR HDS ACTUALIZADA TIANJIN,VAR-QB00028,2026-07-16 12:21:38,Y
VAR-QB00029,BENZOFENONA 4 (ESCA 577) s/p,,ATENCION,,2026-03-09 11:15:47,Y,VAR-QB00029,2026-07-16 12:21:38,Y
VAR-QB00030,BETAINA QB,61789-40-0,ATENCION,01 800 002 1400,2025-10-23 00:00:00,,VAR-QB00030,2026-07-16 12:21:38,Y
VAR-QB00031,BETAINA QB TOTE,61789-40-0,ATENCION,01 800 002 1400,2025-10-23 00:00:00,,VAR-QB00031,2026-07-16 12:21:38,Y
VAR-QB00032,C.M.C.,"9004-32-4, 7647-14-5",ATENCION,01 800 002 1400,2025-12-02 00:00:00,,VAR-QB00032,2026-07-16 12:21:38,Y
VAR-QB00033,CASCARA DE NUEZ S/P,,NINGUN RIESGO,,2026-03-09 11:15:47,Y,VAR-QB00033,2026-07-16 12:21:38,Y
VAR-QB00034,CERA DE ABEJA BCA,,ADVERTENCIA,,2026-03-09 11:15:47,Y,VAR-QB00034,2026-07-16 12:21:38,Y
VAR-QB00035,CERA MICROCRISTALINA 89 s/p,,,,2026-03-09 11:15:47,Y,VAR-QB00035,2026-07-16 12:21:38,Y
VAR-QB00036,CERABOSS 4048 BASE,Mezcla,No aplicable,01 800 002 1400,2025-11-25 00:00:00,,VAR-QB00036,2026-07-16 12:21:38,Y
VAR-QB00037,CETEARETH-20,68439-49-6,ATENCION,01 800 002 1400,2025-11-18 00:00:00,,VAR-QB00037,2026-07-16 12:21:38,Y
VAR-QB00038,CICLODIMETICONA 8002 SILIKA,541-02-6,ATENCION,01 800 002 1400,2025-10-23 00:00:00,,VAR-QB00038,2026-07-16 12:21:38,Y
VAR-QB00039,CICLODIMETICONA 8014 SILIKA,Mezcla,ATENCION,01 800 002 1400,2025-10-23 00:00:00,,VAR-QB00039,2026-07-16 12:21:38,Y
VAR-QB00040,CITRONELLA ACEITE ES. 100,91771-61-8,PELIGRO,01 800 002 1400,2025-10-23 00:00:00,,VAR-QB00040,2026-07-16 12:21:38,Y
VAR-QB00041,COLAGENO COLLATEIN N359,92113-31-0,No Aplicable,01 800 002 1400,2025-10-24 00:00:00,,VAR-QB00041,2026-07-16 12:21:38,Y
VAR-QB00042,COLOR AMARILLO .6 P/GEL,633-96-5,ATENCION,01 800 002 1400,2025-11-07 00:00:00,,VAR-QB00042,2026-07-16 12:21:38,Y
VAR-QB00043,COLOR AMARILLO 5 P/GEL,-,-,-,PENDIENTE,SOLICITAR HDS A PROVEEDOR,VAR-QB00043,2026-07-16 12:21:38,Y
VAR-QB00044,COLOR AMARILLO ACIDO 73 (LIMPIADORES) FOSFORECENTE,518-47-8,ATENCION,01 800 002 1400,2025-11-28 00:00:00,,VAR-QB00044,2026-07-16 12:21:38,Y
VAR-QB00045,COLOR AMARILLO AL ACEITE SOLVENTE S/P,,,,PENDIENTE,SOLICITAR HDS A PROVEEDOR,VAR-QB00045,2026-07-16 12:21:38,Y
VAR-QB00046,COLOR AMARILLO AL ACEITE(ACEITE MOPS),,,,2026-03-09 11:15:47,Y,VAR-QB00046,2026-07-16 12:21:38,Y
VAR-QB00047,COLOR AMARILLO BASICO PARA CLORO S/P,10588 – 01 – 9,PELIGRO,01 800 002 1400,2025-11-07 00:00:00,,VAR-QB00047,2026-07-16 12:21:38,Y
VAR-QB00048,COLOR AMARILLO METANILO 36 (SUAVIZANTE),587-98-4,PELIGRO,01 800 002 1400,PENDIENTE,SOLICITAR HDS A PROVEEDOR,VAR-QB00048,2026-07-16 12:21:38,Y
VAR-QB00049,COLOR AZUL ACIDO 324 (SUAVIZANTE),4368-56-3,ATENCION,01 800 002 1400,PENDIENTE,SOLICITAR HDS A PROVEEDOR,VAR-QB00049,2026-07-16 12:21:38,Y
VAR-QB00050,COLOR AZUL AL ACEITE (ACEITE MOPS),14233-37-5,ATENCION,01 800 002 1400,PENDIENTE,SOLICITAR HDS A PROVEEDOR,VAR-QB00050,2026-07-16 12:21:38,Y
VAR-QB00051,COLOR AZUL BASICO 200% S/P,3521-06-0,No aplicable,01 800 002 1400,2025-12-02 00:00:00,,VAR-QB00051,2026-07-16 12:21:38,Y
VAR-QB00052,COLOR AZUL TURQUESA DIRECTO 86 (LIMPIADORES),1330-38-7,No Aplicable,01 800 002 1400,PENDIENTE,SOLICITAR HDS A PROVEEDOR,VAR-QB00052,2026-07-16 12:21:38,Y
VAR-QB00053,COLOR DC GREEN No8 (GEL FOSFORECENTE),6358-69-6,No Aplicable,01 800 002 1400,2025-11-28 00:00:00,,VAR-QB00053,2026-07-16 12:21:38,Y
VAR-QB00054,"COLOR NEGRO ACIDO 194 (SUAVIZANTE, JABON LIQ)",61931-02-0,ATENCION,01 800 002 1400,PENDIENTE,SOLICITAR HDS A PROVEEDOR,VAR-QB00054,2026-07-16 12:21:38,Y
VAR-QB00055,COLOR NEGRO DIRECTO 38 s/p,,,,2026-03-09 11:15:47,Y,VAR-QB00055,2026-07-16 12:21:38,Y
VAR-QB00056,"COLOR RODAMINA BASICA  (JABON LIQ,LIMPIADORES)",81-88-9,ATENCION,01 800 002 1400,PENDIENTE,SOLICITAR HDS A PROVEEDOR,VAR-QB00056,2026-07-16 12:21:38,Y
VAR-QB00057,COLOR ROJO 114 s/p,2611-82-7,ATENCION,01 800 002 1400,PENDIENTE,SOLICITAR HDS A PROVEEDOR,VAR-QB00057,2026-07-16 12:21:38,Y
VAR-QB00058,"COLOR ROJO ACIDO 52 (ROSA) (LIMPIADORES, QUITA SARRO) S/P",3520-42-1,ATENCION,01 800 002 1400,PENDIENTE,SOLICITAR HDS A PROVEEDOR,VAR-QB00058,2026-07-16 12:21:38,Y
VAR-QB00059,COLOR ROJO AL ACEITE,85-83-6,ATENCION,01 800 002 1400,PENDIENTE,SOLICITAR HDS A PROVEEDOR,VAR-QB00059,2026-07-16 12:21:38,Y
VAR-QB00060,COLOR ROJO NO. 5 GEL,-,-,-,PENDIENTE,SOLICITAR HDS A PROVEEDOR,VAR-QB00060,2026-07-16 12:21:38,Y
VAR-QB00061,COLOR ROJO NO.6 GEL S/P,-,ATENCION,01 800 002 1400,2025-11-07 00:00:00,,VAR-QB00061,2026-07-16 12:21:38,Y
VAR-QB00062,COLOR ROSA BASICO (LIMPIADORES) s/p,,,,2026-03-09 11:15:47,Y,VAR-QB00062,2026-07-16 12:21:38,Y
VAR-QB00063,"COLOR VERDE 10 PAMACID (SUAVIZANTE, SHAMPOO) S/P",,ADVERTENCIA,,2026-03-09 11:15:47,Y,VAR-QB00063,2026-07-16 12:21:38,Y
VAR-QB00064,COLOR VERDE LIMON GEL (ESMERALDA),2650-18-2,ATENCION,01 800 002 1400,2025-11-28 00:00:00,,VAR-QB00064,2026-07-16 12:21:38,Y
VAR-QB00065,COLOR VERDE PINO (LIMPIADOR DE PINO),8005-54-7 /1330-38-7,ATENCION,01 800 002 1400,2025-11-07 00:00:00,,VAR-QB00065,2026-07-16 12:21:38,Y
VAR-QB00066,COLOR VIOLETA MARTACYL S4BN 215%,1694-09-3,ATENCION,01 800 002 1400,PENDIENTE,SOLICITAR HDS A PROVEEDOR,VAR-QB00066,2026-07-16 12:21:38,Y
VAR-QB00067,COLOR VIOLETA REACTIVO XXV-VL (LIMPIADORES),56539-66-3,ATENCION,01 800 002 1400,2025-11-28 00:00:00,,VAR-QB00067,2026-07-16 12:21:38,Y
VAR-QB00068,DANAGEL 9254,9000-07-1 / 9000-40-2,No Aplicable,01 800 002 1400,2025-10-23 00:00:00,,VAR-QB00068,2026-07-16 12:21:38,Y
VAR-QB00069,DBSS SNCH,Mezcla,ATENCION,01 800 002 1400,2025-10-23 00:00:00,,VAR-QB00069,2026-07-16 12:21:38,Y
VAR-QB00070,DEAC. DE COCO,Mezcla,ATENCION,01 800 002 1400,2025-10-23 00:00:00,,VAR-QB00070,2026-07-16 12:21:38,Y
VAR-QB00071,DEAC. SOYA,No Aplicable,ATENCION,01 800 002 1400,2025-10-23 00:00:00,,VAR-QB00071,2026-07-16 12:21:38,Y
VAR-QB00072,DEET S/P,,NINGUN RIESGO...,,2026-03-09 11:15:47,Y,VAR-QB00072,2026-07-16 12:21:38,Y
VAR-QB00073,DETERCL  30-12,Mezcla,ATENCION,01 800 002 1400,2025-11-25 00:00:00,,VAR-QB00073,2026-07-16 12:21:38,Y
VAR-QB00074,DIPROPILEN GLICOL,Sustancia,No Aplicable,01 800 002 1400,2025-10-23 00:00:00,,VAR-QB00074,2026-07-16 12:21:38,Y
VAR-QB00075,D-LIMONENO,5989-27-5,PELIGRO,01 800 002 1400,2025-10-23 00:00:00,,VAR-QB00075,2026-07-16 12:21:38,Y
VAR-QB00076,EDTA TETRASODICO,Mezcla,PELIGRO,01 800 002 1400,2025-10-23 00:00:00,,VAR-QB00076,2026-07-16 12:21:38,Y
VAR-QB00077,EMULBOSS 54,143-18-0,ATENCIÓN,01 800 002 1400,2025-11-25 00:00:00,,VAR-QB00077,2026-07-16 12:21:38,Y
VAR-QB00078,EMULSION 37,Mezcla,PELIGRO,01 800 002 1400,2025-10-23 00:00:00,,VAR-QB00078,2026-07-16 12:21:38,Y
VAR-QB00079,EMULSION 37 ULTRA S/P,Mezcla,No Aplicable,01 800 002 1400,2025-10-24 00:00:00,,VAR-QB00079,2026-07-16 12:21:38,Y
VAR-QB00080,EMULSION 8037 S/P,,PELIGRO,,2026-03-09 11:15:47,Y,VAR-QB00080,2026-07-16 12:21:38,Y
VAR-QB00081,ESPESANTE D150 ,"9005-08-7
",No aplicable,01 800 002 1400,2025-11-25 00:00:00,,VAR-QB00081,2026-07-16 12:21:38,Y
VAR-QB00082,ESTANATO DE SODIO,"12027-70-2, 497-19-8,  1310-73-2",PELIGRO,01 800 002 1400,2025-11-25 00:00:00,,VAR-QB00082,2026-07-16 12:21:38,Y
VAR-QB00083,EXFOLIANTE OLIVE 6,-,-,-,PENDIENTE,SOLICITAR HDS A PROVEEDOR,VAR-QB00083,2026-07-16 12:21:38,Y
VAR-QB00084,EXTRACTO DE CNS REDUCEL s/p,,NINGUN RIESGO...,,2026-03-09 11:15:47,Y,VAR-QB00084,2026-07-16 12:21:38,Y
VAR-QB00085,EXTRACTO DE EUCALIPTO S/P,8000-48-4,PELIGRO,01 800 002 1400,2025-10-24 00:00:00,,VAR-QB00085,2026-07-16 12:21:38,Y
VAR-QB00086,EXTRACTO DE GERMEN DE TRIGO s/p,,,,2026-03-09 11:15:47,Y,VAR-QB00086,2026-07-16 12:21:38,Y
VAR-QB00087,EXTRACTO DE JOJOBA ACUOSO,57-55-6,No Aplicable,01 800 002 1400,2025-10-24 00:00:00,,VAR-QB00087,2026-07-16 12:21:38,Y
VAR-QB00088,EXTRACTO DE JOJOBA OLEOSO,,ADVERTENCIA,,2026-03-09 11:15:47,Y,VAR-QB00088,2026-07-16 12:21:38,Y
VAR-QB00089,EXTRACTO DE SEMILLA DE TORONJA (GRADO ACUOSO INGERIBLE),Mezcla,No Aplicable,01 800 002 1400,2025-10-24 00:00:00,,VAR-QB00089,2026-07-16 12:21:38,Y
VAR-QB00090,EXTRACTO DE TORONJA s/p,,,,2026-03-09 11:15:47,Y,VAR-QB00090,2026-07-16 12:21:38,Y
VAR-QB00091,FISION HAIR MOISTURE,Mezcla,No Aplicable,01 800 002 1400,2025-10-23 00:00:00,,VAR-QB00091,2026-07-16 12:21:38,Y
VAR-QB00092,FISION SKIN MOUSTURE S/P,Mezcla,No Aplicable,01 800 002 1400,2025-10-23 00:00:00,,VAR-QB00092,2026-07-16 12:21:38,Y
VAR-QB00093,FONGRABAC MG (CONSERVA GEL SHAMPOO),Mezcla,PELIGRO,01 800 002 1400,PENDIENTE,SOLICITAR HDS ACTUALIZADA CLARIANT,VAR-QB00093,2026-07-16 12:21:38,Y
VAR-QB00094,GATULINE AGE DEFENSE S/P,,,,2026-03-09 11:15:47,Y,VAR-QB00094,2026-07-16 12:21:38,Y
VAR-QB00095,GATULINE EXPRESSION S/P,,,,2026-03-09 11:15:47,Y,VAR-QB00095,2026-07-16 12:21:38,Y
VAR-QB00096,GATULINE IN-TENSE s/p,,,,2026-03-09 11:15:47,Y,VAR-QB00096,2026-07-16 12:21:38,Y
VAR-QB00097,GATULINE RADIANCE,,,,2026-03-09 11:15:47,Y,VAR-QB00097,2026-07-16 12:21:38,Y
VAR-QB00098,GATULINE RC S/P,,,,2026-03-09 11:15:47,Y,VAR-QB00098,2026-07-16 12:21:38,Y
VAR-QB00099,GLICEPOL 160,"31566-31-1, 123-94-4, 11099-07-3, 85666-92-8, 85251-77-0",No Aplicable,01 800 002 1400,2025-10-23 00:00:00,,VAR-QB00099,2026-07-16 12:21:38,Y
VAR-QB00100,GLICERINA USP,56-81-5,Atención,01 800 002 1400,2025-10-23 00:00:00,,VAR-QB00100,2026-07-16 12:21:38,Y
VAR-QB00101,GLUCOPON 215 UP S/P,,PELIGRO,,2026-03-09 11:15:47,Y,VAR-QB00101,2026-07-16 12:21:38,Y
VAR-QB00102,GLUCOPON 425 S/P,Mezcla,PELIGRO,01 800 002 1400,2025-10-23 00:00:00,,VAR-QB00102,2026-07-16 12:21:38,Y
VAR-QB00103,GLUCOPON 625 S/P,110615-47-9,PELIGRO,01 800 002 1400,2025-10-23 00:00:00,,VAR-QB00103,2026-07-16 12:21:38,Y
VAR-QB00104,GLUTARALDEHIDO,111-30-8,PELIGRO,01 800 002 1400,2025-10-24 00:00:00,,VAR-QB00104,2026-07-16 12:21:38,Y
VAR-QB00105,IPA,67-63-0,PELIGRO,01 800 002 1400,PENDIENTE,SOLICITAR HDS ACTUALIZADA A PROVEEDOR,VAR-QB00105,2026-07-16 12:21:38,Y
VAR-QB00106,JABON POTASICO S/P,Mezcla,ATENCION,01 800 002 1400,2025-10-23 00:00:00,,VAR-QB00106,2026-07-16 12:21:38,Y
VAR-QB00107,KERATINA K100,Mezcla,No Aplicable,01 800 002 1400,2025-10-23 00:00:00,,VAR-QB00107,2026-07-16 12:21:38,Y
VAR-QB00108,LESS 70% S/P,68891-38-3,PELIGRO,01 800 002 1400,2025-10-23 00:00:00,,VAR-QB00108,2026-07-16 12:21:38,Y
VAR-QB00109,LESS QB,68585-34-2,ATENCION,01 800 002 1400,2025-10-24 00:00:00,,VAR-QB00109,2026-07-16 12:21:38,Y
VAR-QB00110,LESS QB PIPA,,,,2026-03-09 11:15:47,Y,VAR-QB00110,2026-07-16 12:21:38,Y
VAR-QB00111,LSA QH,2235- 54- 3,PELIGRO,01 800 002 1400,PENDIENTE,SOLICITAR HDS ACTUALIZADA TENSOQUIMIA,VAR-QB00111,2026-07-16 12:21:38,Y
VAR-QB00112,MENTA DE BRASIL S/P,68917-18-0,ATENCION,01 800 002 1400,2025-10-23 00:00:00,,VAR-QB00112,2026-07-16 12:21:38,Y
VAR-QB00113,MENTHOL,2216-51-5,ATENCION,01 800 002 1400,2025-10-23 00:00:00,,VAR-QB00113,2026-07-16 12:21:38,Y
VAR-QB00114,MIRISTATO DE ISOPROPILO,110-27-0,ATENCION,01 800 002 1400,2025-11-25 00:00:00,,VAR-QB00114,2026-07-16 12:21:38,Y
VAR-QB00115,MIT QB (CONSERVADOR LIBRE DE FORMOL) S/P,MEZCLA,PELIGRO,01 800 002 1400,2025-11-25 00:00:00,,VAR-QB00115,2026-07-16 12:21:38,Y
VAR-QB00116,MONOETANOLAMINA S/P,,PELIGRO,,2026-03-09 11:15:47,Y,VAR-QB00116,2026-07-16 12:21:38,Y
VAR-QB00117,MONOPROPILEN GLICOL,57- 55- 6,No Aplicable,01 800 002 1400,2025-10-23 00:00:00,,VAR-QB00117,2026-07-16 12:21:38,Y
VAR-QB00118,NACARANTE QB,Mezcla,ATENCION,01 800 002 1400,2025-10-23 00:00:00,,VAR-QB00118,2026-07-16 12:21:38,Y
VAR-QB00119,NF-1000 QB,127087-87-0 / 9016-45-9,PELIGRO,01 800 002 1400,2025-10-23 00:00:00,,VAR-QB00119,2026-07-16 12:21:38,Y
VAR-QB00120,NF1000 QB PIPA,,,,2026-03-09 11:15:47,Y,VAR-QB00120,2026-07-16 12:21:38,Y
VAR-QB00121,NF1000 TOTE QB S/P,,,,2026-03-09 11:15:47,Y,VAR-QB00121,2026-07-16 12:21:38,Y
VAR-QB00122,NF-600,127087- 87- 0,ATENCION,01 800 002 1400,2025-10-23 00:00:00,,VAR-QB00122,2026-07-16 12:21:38,Y
VAR-QB00123,NF8 MOLES s/p,,,,2026-03-09 11:15:47,Y,VAR-QB00123,2026-07-16 12:21:38,Y
VAR-QB00124,NS MICELLAR HYALURONIC,-,-,-,PENDIENTE,SOLICITAR HDS NCARRYING,VAR-QB00124,2026-07-16 12:21:38,Y
VAR-QB00125,OCTOPIROX S/P,68890-66-4,PELIGRO,01 800 002 1400,PENDIENTE,SOLICITAR HDS ACTUALIZADA CLARIANT,VAR-QB00125,2026-07-16 12:21:38,Y
VAR-QB00126,OPTIVEGETOL WINE S/P,,,,2026-03-09 11:15:47,Y,VAR-QB00126,2026-07-16 12:21:38,Y
VAR-QB00127,PHANTENOL D,599-04-2,No Aplicable,01 800 002 1400,2025-10-23 00:00:00,,VAR-QB00127,2026-07-16 12:21:38,Y
VAR-QB00128,"PHENONIP (CONSERVADOR, CREMAS) s/p",,,,2026-03-09 11:15:47,Y,VAR-QB00128,2026-07-16 12:21:38,Y
VAR-QB00129,PHYLDERM VEGETAL C2 s/p,,,,2026-03-09 11:15:47,Y,VAR-QB00129,2026-07-16 12:21:38,Y
VAR-QB00130,POLIACRILATO DE SODIO (ALTO PESO MOLECULAR) S/P,,ATENCION,,2026-03-09 11:15:47,Y,VAR-QB00130,2026-07-16 12:21:38,Y
VAR-QB00131,PULIMENTO S-N82 S/P,1020665- 14- 8,No Aplicable,01 800 002 1400,PENDIENTE,SOLICITAR HDS ACTUALIZADA A PROVEEDOR,VAR-QB00131,2026-07-16 12:21:38,Y
VAR-QB00132,PULIMENTO S-N85 s/p,1020665-14-8,No Aplicable,01 800 002 1400,PENDIENTE,SOLICITAR HDS ACTUALIZADA A PROVEEDOR,VAR-QB00132,2026-07-16 12:21:38,Y
VAR-QB00133,REPELENTE PARA INSECTOS,52304-36-6,ATENCION,01 800 002 1400,PENDIENTE,SOLICITAR HDS ACTUALIZADA MERCK,VAR-QB00133,2026-07-16 12:21:38,Y
VAR-QB00134,SALICILATO DE METILO,119-36-8,ATENCION,01 800 002 1400,2025-10-23 00:00:00,,VAR-QB00134,2026-07-16 12:21:38,Y
VAR-QB00135,SILICON 1000,63148-62-9,No Aplicable,01 800 002 1400,2025-10-23 00:00:00,,VAR-QB00135,2026-07-16 12:21:38,Y
VAR-QB00136,SINERLIGHT LINE S/P,,,,2026-03-09 11:15:47,Y,VAR-QB00136,2026-07-16 12:21:38,Y
VAR-QB00137,SUPERHUMECTANTE S/P,308073-86-8 ,No Aplicable,01 800 002 1400,2025-10-23 00:00:00,,VAR-QB00137,2026-07-16 12:21:38,Y
VAR-QB00138,SURFAGEL ES QB,9005-08-7,ATENCION,01 800 002 1400,PENDIENTE,SOLICITAR HDS ACTUALIZADA TENSOQUIMIA,VAR-QB00138,2026-07-16 12:21:38,Y
VAR-QB00139,TAMBOR PLASTICO,,,,2026-03-09 11:15:47,Y,VAR-QB00139,2026-07-16 12:21:38,Y
VAR-QB00140,TEA USO INDUSTRIAL (TRIETANOLAMINA 85%),Mezcla,PELIGRO,01 800 002 1400,2025-10-23 00:00:00,,VAR-QB00140,2026-07-16 12:21:38,Y
VAR-QB00141,TERPENOS DE NARANJA,68647-72-3,PELIGRO,01 800 002 1400,2025-10-23 00:00:00,,VAR-QB00141,2026-07-16 12:21:38,Y
VAR-QB00142,TRANSCUTOL CG,111-90-0,No Aplicable,01 800 002 1400,PENDIENTE,SOLICITAR HDS ACTUALIZADA A PROVEEDOR,VAR-QB00142,2026-07-16 12:21:38,Y
VAR-QB00143,TRANSCUTOL HP,111-90-0,No Aplicable,01 800 002 1400,PENDIENTE,SOLICITAR HDS ACTUALIZADA A PROVEEDOR,VAR-QB00143,2026-07-16 12:21:38,Y
VAR-QB00144,TRICLOSAN,3380–34–5,PELIGRO,01 800 002 1400,2025-10-23 00:00:00,,VAR-QB00144,2026-07-16 12:21:38,Y
VAR-QB00145,TWEEN 80 S/p,9005-65-6,No Aplicable,01 800 002 1400,2025-11-25 00:00:00,,VAR-QB00145,2026-07-16 12:21:38,Y
VAR-QB00146,TWEN 20 QE,9005-64-5,No Aplicable,01 800 002 1400,2025-10-23 00:00:00,,VAR-QB00146,2026-07-16 12:21:38,Y
VAR-QB00147,VASELINA BLANCA S/P,,ATENCION,,2026-03-09 11:15:47,Y,VAR-QB00147,2026-07-16 12:21:38,Y
VAR-QB00148,VITAMINA E,Sustancia,No Aplicable,01 800 002 1400,2025-10-23 00:00:00,,VAR-QB00148,2026-07-16 12:21:38,Y
VAR-QB00149,V-TONIC S/P,"90063-97-1, 84929-31-7, 84696-07-1, 91722-69-9, 89997-74-0
",PELIGRO,01 800 002 1400,2025-12-04 00:00:00,,VAR-QB00149,2026-07-16 12:21:38,Y
VAR-QB00150,ZINCITE S/P,,,,2026-03-09 11:15:47,Y,VAR-QB00150,2026-07-16 12:21:38,Y
VAR-QB00151,FORMOL TB S/P,,,,2026-03-09 11:15:47,Y,VAR-QB00151,2026-07-16 12:21:38,Y
VAR-QB00152,FORMOL PR,,,,PENDIENTE,SOLICITAR HDS A PROVEEDOR,VAR-QB00152,2026-07-16 12:21:38,Y
VAR-QB00153,ESPESANTE HIDROSOLUBLE 8000,-,-,-,PENDIENTE,SOLICITAR HDS A PROVEEDOR,VAR-QB00153,2026-07-16 12:21:38,Y
VAR-QB00154,DIETILEN GLICOL,,,,2026-03-09 11:15:47,Y,VAR-QB00154,2026-07-16 12:21:38,Y
VAR-QB00155,PLANCHA FACIL LK,,,,2026-03-09 11:15:47,Y,VAR-QB00155,2026-07-16 12:21:38,Y
VAR-QB00156,GLOBALPRENE 3411 SBS PELETS s/p,,,,2026-03-09 11:15:47,Y,VAR-QB00156,2026-07-16 12:21:38,Y
VAR-QB00157,ACIDO POLIFOSFORICO 117% S/P,8017-16-1,PELIGRO,01 800 002 1400,2025-11-13 00:00:00,,VAR-QB00157,2026-07-16 12:21:38,Y
VAR-QB00158,ACIDO POLIFOSFORICO 115% S/P,8017-16-1,PELIGRO,01 800 002 1400,2025-11-13 00:00:00,,VAR-QB00158,2026-07-16 12:21:38,Y
VAR-QB00159,SORBATO DE POTASIO,,,,2026-03-09 11:15:47,Y,VAR-QB00159,2026-07-16 12:21:38,Y
VAR-QB00160,ACIDO GRASO TO (ACIDO OLEICO QK) S/P,,,,2026-03-09 11:15:47,Y,VAR-QB00160,2026-07-16 12:21:38,Y
VAR-QB00161,DODECIL BENCEN SULFONATO DE SODIO,,,,2026-03-09 11:15:47,Y,VAR-QB00161,2026-07-16 12:21:38,Y
VAR-QB00162,COLOR HA WOOL VIOLET CON,,,,2026-03-09 11:15:47,Y,VAR-QB00162,2026-07-16 12:21:38,Y
VAR-QB00163,ESTABILIZADOR DE PEROXIDO (DESCONTINUADO),,,,2026-03-09 11:15:47,Y,VAR-QB00163,2026-07-16 12:21:38,Y
VAR-QB00164,EXTRACTO DE BERGAMOTA s/p,,,,2026-03-09 11:15:47,Y,VAR-QB00164,2026-07-16 12:21:38,Y
VAR-QB00165,EXTRACTO DE SABILA ACUOSO,,,,2026-03-09 11:15:47,Y,VAR-QB00165,2026-07-16 12:21:38,Y
VAR-QB00166,SORBATO DE POTASIO S/P,24634-61-5,ATENCION,01 800 002 1400,2025-10-24 00:00:00,,VAR-QB00166,2026-07-16 12:21:38,Y
VAR-QB00167,ACIDO GRASO TO OLEICO,,,,2026-03-09 11:15:47,Y,VAR-QB00167,2026-07-16 12:21:38,Y
VAR-QB00168,EXTRACTO DE PEPINO,,,,2026-03-09 11:15:47,Y,VAR-QB00168,2026-07-16 12:21:38,Y
VAR-QB00169,PURESIL BSG-200,,,,2026-03-09 11:15:47,Y,VAR-QB00169,2026-07-16 12:21:38,Y
VAR-QB00170,SHEA BUTTER,,,,2026-03-09 11:15:47,Y,VAR-QB00170,2026-07-16 12:21:38,Y
VAR-QB00171,EXTRACTO DE PEPINO S/P,,,,2026-03-09 11:15:47,Y,VAR-QB00171,2026-07-16 12:21:38,Y
VAR-QB00172,CYTOBIOL-IRIS A2 S/P,Mezcla,ATENCION,01 800 002 1400,2025-10-23 00:00:00,,VAR-QB00172,2026-07-16 12:21:38,Y
VAR-QB00173,P-QUAT 37,Mezcla,No Aplicable,01 800 002 1400,2025-10-23 00:00:00,,VAR-QB00173,2026-07-16 12:21:38,Y
VAR-QB00174,FIXATE SUPERHOLD,Sustancia,No Aplicable,01 800 002 1400,2025-10-24 00:00:00,,VAR-QB00174,2026-07-16 12:21:38,Y
VAR-QB00175,POLYQUATERNIUM 7,26590-05-6,ATENCION,01 800 002 1400,2025-10-23 00:00:00,,VAR-QB00175,2026-07-16 12:21:38,Y
VAR-QB00176,CARBOMER GBM 940,9003-01-4,No Aplicable,01 800 002 1400,2025-10-23 00:00:00,,VAR-QB00176,2026-07-16 12:21:38,Y
VAR-QB00177,PLANCHA FACIL MOD.1,Mezcla,No Aplicable,01 800 002 1400,2025-10-23 00:00:00,,VAR-QB00177,2026-07-16 12:21:38,Y
VAR-QB00178,CARBOMER LIQUID QBW,25212-88-8 ,No Aplicable,01 800 002 1400,2025-10-23 00:00:00,,VAR-QB00178,2026-07-16 12:21:38,Y
VAR-QB00179,VISCOSOL QB280,Mezcla,No Aplicable,01 800 002 1400,2025-11-25 00:00:00,,VAR-QB00179,2026-07-16 12:21:38,Y
VAR-QB00180,"C.M.C. 10,000","2836-32-0, 7647-14-5, 9004-32-4",No Aplicable,01 800 002 1400,2025-12-02 00:00:00,,VAR-QB00180,2026-07-16 12:21:38,Y
VAR-QB00181,MICRO ESFERAS DE CARBON ACTIVADO,,,,2026-03-09 11:15:47,Y,VAR-QB00181,2026-07-16 12:21:38,Y
VAR-QB00182,FIJADOR X100,Mezcla,ATENCION,01 800 002 1400,2025-10-28 00:00:00,,VAR-QB00182,2026-07-16 12:21:38,Y
VAR-QB00183,FIJADOR LS,Mezcla,PELIGRO,01 800 002 1400,2025-10-28 00:00:00,,VAR-QB00183,2026-07-16 12:21:38,Y
VAR-QB00184,ESPESANTE GT-940,9007-20-9,No Aplicable,01 800 002 1400,2025-11-13 00:00:00,,VAR-QB00184,2026-07-16 12:21:38,Y
VAR-QB00185,ESPESANTE GT-980,9007-20-9,No Aplicable,01 800 002 1400,2025-11-13 00:00:00,,VAR-QB00185,2026-07-16 12:21:38,Y
VAR-QB00186,ESPESANTE GT-276,,,,2026-03-09 11:15:47,Y,VAR-QB00186,2026-03-09 11:15:47,Y
VAR-QB00187,ESPESANTE GT-21,Mezcla,No Aplicable,01 800 002 1400,2025-11-13 00:00:00,,VAR-QB00187,2026-07-16 12:21:38,Y
VAR-QB00188,ESPESANTE GT-20,Mezcla,No Aplicable,01 800 002 1400,2025-11-13 00:00:00,,VAR-QB00188,2026-07-16 12:21:38,Y
VAR-QB00189,ESPESANTE GT-10,,,,2026-03-09 11:15:47,Y,VAR-QB00189,2026-03-09 11:15:47,Y
VAR-QB00190,LIQUID CARBOMER 1,,,,2026-03-09 11:15:47,Y,VAR-QB00190,2026-03-09 11:15:47,Y
VAR-QB00191,POLYQUATERNIUM 10,81859-24-7,ATENCION,01 800 002 1400,2025-11-13 00:00:00,,VAR-QB00191,2026-07-16 12:21:38,Y
VAR-QB00192,RESINA SUPER STYLE 30H,25035-69-2,No Aplicable,01 800 002 1400,2025-11-13 00:00:00,,VAR-QB00192,2026-07-16 12:21:38,Y
VAR-QB00193,COLOR VIOLETA D&C MATIZADOR,4430-18-6,ATENCION,01 800 002 1400,2025-12-04 00:00:00,,VAR-QB00193,2026-07-16 12:21:38,Y
VAR-QB00194,Extracto de granada,,,,2026-03-09 11:15:47,Y,VAR-QB00194,2026-07-16 12:21:38,Y
VAR-QB00195,Extracto de algodón,,,,2026-03-09 11:15:47,Y,VAR-QB00195,2026-07-16 12:21:38,Y
VAR-QB00196,Extracto de ciprés,,,,2026-03-09 11:15:47,Y,VAR-QB00196,2026-07-16 12:21:38,Y
VAR-QB00197,GLUTAMATO DE COCOYLO DE SODIO,,,,2026-03-09 11:15:47,Y,VAR-QB00197,2026-07-16 12:21:38,Y
VAR-QB00198,AMINOACIDO COCOILADO DE SODIO,,,,2026-03-09 11:15:47,Y,VAR-QB00198,2026-07-16 12:21:38,Y
VAR-QB00199,CASHMERAN,,,,2026-03-09 11:15:47,Y,VAR-QB00199,2026-07-16 12:21:38,Y
VAR-QB00200,COLOR CAFE 95,,,,2026-03-09 11:15:47,Y,VAR-QB00200,2026-07-16 12:21:38,Y
VAR-QB00201,ANTIESPUMANTE AL 30%,,,,2026-03-09 11:15:47,Y,VAR-QB00201,2026-03-09 11:15:47,Y
VAR-QB00202,DEAC QB 180,Mezcla,ATENCIÓN,,2026-03-25 17:40:32,Y,VAR-QB00202,2026-07-16 12:21:38,Y
VAR-QB00203,CARBOMERO 940,9003-01-4,NO APLICABLE,,2026-05-13 07:49:51,Y,VAR-QB00203,2026-07-16 12:21:38,Y
VAR-QB00204,CERA CARNAUBA TIPO 3,,None,,2026-05-13 07:49:51,Y,VAR-QB00204,2026-07-16 12:21:38,Y
